<Annotations MicronsPerPixel="0.252200">
	<Annotation Id="1" Name="" ReadOnly="0" NameReadOnly="0" LineColorReadOnly="0" Incremental="0" Type="4" LineColor="65280" Visible="1" Selected="1" MarkupImagePath="" MacroName="">
		<Attributes/>
		<Regions>
			<RegionAttributeHeaders>
				<AttributeHeader Id="9999" Name="Region" ColumnWidth="-1"/>
				<AttributeHeader Id="9997" Name="Length" ColumnWidth="-1"/>
				<AttributeHeader Id="9996" Name="Area" ColumnWidth="-1"/>
				<AttributeHeader Id="9998" Name="Text" ColumnWidth="-1"/>
			</RegionAttributeHeaders>
			<Region Id="1" Type="0" Zoom="0.015581" Selected="1" ImageLocation="" ImageFocus="-1" Length="167024.3" Area="901631035.0" LengthMicrons="42123.5" AreaMicrons="57348097.7" Text="" NegativeROA="0" InputRegionId="0" Analyze="1" DisplayId="1">
				<Attributes/>
				<Vertices>
					<Vertex X="94538" Y="50577" Z="0"/>
					<Vertex X="89958" Y="48542" Z="0"/>
					<Vertex X="88813" Y="48478" Z="0"/>
					<Vertex X="88431" Y="48478" Z="0"/>
					<Vertex X="88113" Y="48478" Z="0"/>
					<Vertex X="87858" Y="48414" Z="0"/>
					<Vertex X="87604" Y="48414" Z="0"/>
					<Vertex X="87286" Y="48287" Z="0"/>
					<Vertex X="86904" Y="48287" Z="0"/>
					<Vertex X="86713" Y="48160" Z="0"/>
					<Vertex X="86522" Y="48160" Z="0"/>
					<Vertex X="86204" Y="48160" Z="0"/>
					<Vertex X="86013" Y="48096" Z="0"/>
					<Vertex X="85886" Y="48096" Z="0"/>
					<Vertex X="85568" Y="48096" Z="0"/>
					<Vertex X="85377" Y="48096" Z="0"/>
					<Vertex X="85186" Y="48096" Z="0"/>
					<Vertex X="84805" Y="47969" Z="0"/>
					<Vertex X="84614" Y="47969" Z="0"/>
					<Vertex X="84423" Y="48096" Z="0"/>
					<Vertex X="84168" Y="48096" Z="0"/>
					<Vertex X="83977" Y="48096" Z="0"/>
					<Vertex X="83659" Y="48096" Z="0"/>
					<Vertex X="83405" Y="48160" Z="0"/>
					<Vertex X="83214" Y="48160" Z="0"/>
					<Vertex X="82960" Y="48160" Z="0"/>
					<Vertex X="82705" Y="48160" Z="0"/>
					<Vertex X="82514" Y="48287" Z="0"/>
					<Vertex X="82323" Y="48287" Z="0"/>
					<Vertex X="82133" Y="48414" Z="0"/>
					<Vertex X="81942" Y="48414" Z="0"/>
					<Vertex X="81751" Y="48478" Z="0"/>
					<Vertex X="81560" Y="48478" Z="0"/>
					<Vertex X="81369" Y="48542" Z="0"/>
					<Vertex X="81242" Y="48669" Z="0"/>
					<Vertex X="81051" Y="48732" Z="0"/>
					<Vertex X="80860" Y="48860" Z="0"/>
					<Vertex X="80797" Y="48923" Z="0"/>
					<Vertex X="80733" Y="49051" Z="0"/>
					<Vertex X="80542" Y="49114" Z="0"/>
					<Vertex X="80288" Y="49369" Z="0"/>
					<Vertex X="80224" Y="49432" Z="0"/>
					<Vertex X="80160" Y="49496" Z="0"/>
					<Vertex X="80033" Y="49623" Z="0"/>
					<Vertex X="79969" Y="49687" Z="0"/>
					<Vertex X="79842" Y="49814" Z="0"/>
					<Vertex X="79779" Y="49814" Z="0"/>
					<Vertex X="79779" Y="49878" Z="0"/>
					<Vertex X="79779" Y="50005" Z="0"/>
					<Vertex X="79651" Y="50005" Z="0"/>
					<Vertex X="79524" Y="50068" Z="0"/>
					<Vertex X="79524" Y="50196" Z="0"/>
					<Vertex X="79524" Y="50259" Z="0"/>
					<Vertex X="79461" Y="50387" Z="0"/>
					<Vertex X="79461" Y="50450" Z="0"/>
					<Vertex X="79333" Y="50577" Z="0"/>
					<Vertex X="79333" Y="50641" Z="0"/>
					<Vertex X="79333" Y="50768" Z="0"/>
					<Vertex X="79333" Y="50832" Z="0"/>
					<Vertex X="79333" Y="51023" Z="0"/>
					<Vertex X="79333" Y="51150" Z="0"/>
					<Vertex X="79461" Y="51277" Z="0"/>
					<Vertex X="79461" Y="51341" Z="0"/>
					<Vertex X="79524" Y="51404" Z="0"/>
					<Vertex X="79524" Y="51532" Z="0"/>
					<Vertex X="79651" Y="51595" Z="0"/>
					<Vertex X="79779" Y="51723" Z="0"/>
					<Vertex X="79969" Y="51786" Z="0"/>
					<Vertex X="80033" Y="51913" Z="0"/>
					<Vertex X="80160" Y="51977" Z="0"/>
					<Vertex X="80224" Y="51977" Z="0"/>
					<Vertex X="80415" Y="52104" Z="0"/>
					<Vertex X="80542" Y="52232" Z="0"/>
					<Vertex X="80606" Y="52232" Z="0"/>
					<Vertex X="80733" Y="52295" Z="0"/>
					<Vertex X="80797" Y="52359" Z="0"/>
					<Vertex X="80860" Y="52359" Z="0"/>
					<Vertex X="81051" Y="52486" Z="0"/>
					<Vertex X="81178" Y="52550" Z="0"/>
					<Vertex X="81369" Y="52550" Z="0"/>
					<Vertex X="81496" Y="52677" Z="0"/>
					<Vertex X="81560" Y="52677" Z="0"/>
					<Vertex X="81560" Y="52740" Z="0"/>
					<Vertex X="81687" Y="52740" Z="0"/>
					<Vertex X="81751" Y="52868" Z="0"/>
					<Vertex X="81878" Y="52868" Z="0"/>
					<Vertex X="81878" Y="52931" Z="0"/>
					<Vertex X="81942" Y="52931" Z="0"/>
					<Vertex X="82005" Y="53059" Z="0"/>
					<Vertex X="82005" Y="53186" Z="0"/>
					<Vertex X="82133" Y="53186" Z="0"/>
					<Vertex X="82260" Y="53249" Z="0"/>
					<Vertex X="82260" Y="53440" Z="0"/>
					<Vertex X="82323" Y="53504" Z="0"/>
					<Vertex X="82451" Y="53631" Z="0"/>
					<Vertex X="82451" Y="53695" Z="0"/>
					<Vertex X="82514" Y="53822" Z="0"/>
					<Vertex X="82578" Y="53886" Z="0"/>
					<Vertex X="82578" Y="54013" Z="0"/>
					<Vertex X="82705" Y="54140" Z="0"/>
					<Vertex X="82769" Y="54204" Z="0"/>
					<Vertex X="82896" Y="54395" Z="0"/>
					<Vertex X="82896" Y="54458" Z="0"/>
					<Vertex X="82960" Y="54585" Z="0"/>
					<Vertex X="82989" Y="54639" Z="0"/>
					<Vertex X="83406" Y="55888" Z="0"/>
					<Vertex X="83465" Y="56106" Z="0"/>
					<Vertex X="83465" Y="56225" Z="0"/>
					<Vertex X="83505" Y="56344" Z="0"/>
					<Vertex X="83525" Y="56463" Z="0"/>
					<Vertex X="83564" Y="56542" Z="0"/>
					<Vertex X="83584" Y="56661" Z="0"/>
					<Vertex X="83584" Y="56721" Z="0"/>
					<Vertex X="83624" Y="56840" Z="0"/>
					<Vertex X="83644" Y="56939" Z="0"/>
					<Vertex X="83644" Y="57018" Z="0"/>
					<Vertex X="83644" Y="57137" Z="0"/>
					<Vertex X="83644" Y="57256" Z="0"/>
					<Vertex X="83644" Y="57375" Z="0"/>
					<Vertex X="83644" Y="57474" Z="0"/>
					<Vertex X="83644" Y="57553" Z="0"/>
					<Vertex X="83624" Y="57672" Z="0"/>
					<Vertex X="83624" Y="57791" Z="0"/>
					<Vertex X="83584" Y="57890" Z="0"/>
					<Vertex X="83564" Y="57970" Z="0"/>
					<Vertex X="83564" Y="58069" Z="0"/>
					<Vertex X="83525" Y="58148" Z="0"/>
					<Vertex X="83465" Y="58267" Z="0"/>
					<Vertex X="83406" Y="58327" Z="0"/>
					<Vertex X="83326" Y="58445" Z="0"/>
					<Vertex X="83227" Y="58564" Z="0"/>
					<Vertex X="83168" Y="58664" Z="0"/>
					<Vertex X="83088" Y="58743" Z="0"/>
					<Vertex X="82989" Y="58862" Z="0"/>
					<Vertex X="82930" Y="58921" Z="0"/>
					<Vertex X="82870" Y="59020" Z="0"/>
					<Vertex X="82791" Y="59080" Z="0"/>
					<Vertex X="82732" Y="59100" Z="0"/>
					<Vertex X="82632" Y="59139" Z="0"/>
					<Vertex X="82553" Y="59199" Z="0"/>
					<Vertex X="82494" Y="59219" Z="0"/>
					<Vertex X="82395" Y="59258" Z="0"/>
					<Vertex X="82315" Y="59318" Z="0"/>
					<Vertex X="82196" Y="59397" Z="0"/>
					<Vertex X="82077" Y="59457" Z="0"/>
					<Vertex X="81978" Y="59516" Z="0"/>
					<Vertex X="81859" Y="59576" Z="0"/>
					<Vertex X="81780" Y="59635" Z="0"/>
					<Vertex X="81681" Y="59695" Z="0"/>
					<Vertex X="81562" Y="59754" Z="0"/>
					<Vertex X="81483" Y="59794" Z="0"/>
					<Vertex X="81364" Y="59813" Z="0"/>
					<Vertex X="81245" Y="59873" Z="0"/>
					<Vertex X="81146" Y="59873" Z="0"/>
					<Vertex X="81066" Y="59913" Z="0"/>
					<Vertex X="80967" Y="59932" Z="0"/>
					<Vertex X="80908" Y="59932" Z="0"/>
					<Vertex X="80789" Y="59932" Z="0"/>
					<Vertex X="80709" Y="59932" Z="0"/>
					<Vertex X="80650" Y="59932" Z="0"/>
					<Vertex X="80551" Y="59913" Z="0"/>
					<Vertex X="80471" Y="59873" Z="0"/>
					<Vertex X="80412" Y="59873" Z="0"/>
					<Vertex X="80293" Y="59853" Z="0"/>
					<Vertex X="80194" Y="59853" Z="0"/>
					<Vertex X="80075" Y="59813" Z="0"/>
					<Vertex X="79956" Y="59794" Z="0"/>
					<Vertex X="79877" Y="59794" Z="0"/>
					<Vertex X="79758" Y="59794" Z="0"/>
					<Vertex X="79659" Y="59794" Z="0"/>
					<Vertex X="79520" Y="59794" Z="0"/>
					<Vertex X="79460" Y="59794" Z="0"/>
					<Vertex X="79341" Y="59794" Z="0"/>
					<Vertex X="79222" Y="59794" Z="0"/>
					<Vertex X="79123" Y="59794" Z="0"/>
					<Vertex X="79004" Y="59813" Z="0"/>
					<Vertex X="78925" Y="59813" Z="0"/>
					<Vertex X="78747" Y="59853" Z="0"/>
					<Vertex X="78647" Y="59873" Z="0"/>
					<Vertex X="78509" Y="59873" Z="0"/>
					<Vertex X="78330" Y="59913" Z="0"/>
					<Vertex X="78211" Y="59932" Z="0"/>
					<Vertex X="78053" Y="59932" Z="0"/>
					<Vertex X="77973" Y="59972" Z="0"/>
					<Vertex X="77815" Y="60012" Z="0"/>
					<Vertex X="77636" Y="60012" Z="0"/>
					<Vertex X="77557" Y="60032" Z="0"/>
					<Vertex X="77379" Y="60071" Z="0"/>
					<Vertex X="77220" Y="60091" Z="0"/>
					<Vertex X="77141" Y="60111" Z="0"/>
					<Vertex X="76982" Y="60190" Z="0"/>
					<Vertex X="76863" Y="60210" Z="0"/>
					<Vertex X="76784" Y="60269" Z="0"/>
					<Vertex X="76665" Y="60329" Z="0"/>
					<Vertex X="76566" Y="60388" Z="0"/>
					<Vertex X="76487" Y="60408" Z="0"/>
					<Vertex X="76368" Y="60507" Z="0"/>
					<Vertex X="76268" Y="60587" Z="0"/>
					<Vertex X="76189" Y="60646" Z="0"/>
					<Vertex X="76090" Y="60745" Z="0"/>
					<Vertex X="76031" Y="60805" Z="0"/>
					<Vertex X="75951" Y="60924" Z="0"/>
					<Vertex X="75852" Y="61043" Z="0"/>
					<Vertex X="75793" Y="61122" Z="0"/>
					<Vertex X="75733" Y="61181" Z="0"/>
					<Vertex X="75654" Y="61281" Z="0"/>
					<Vertex X="75594" Y="61360" Z="0"/>
					<Vertex X="75555" Y="61399" Z="0"/>
					<Vertex X="75495" Y="61459" Z="0"/>
					<Vertex X="75475" Y="61479" Z="0"/>
					<Vertex X="75436" Y="61518" Z="0"/>
					<Vertex X="75416" Y="61518" Z="0"/>
					<Vertex X="75376" Y="61518" Z="0"/>
					<Vertex X="75356" Y="61518" Z="0"/>
					<Vertex X="75317" Y="61518" Z="0"/>
					<Vertex X="75297" Y="61479" Z="0"/>
					<Vertex X="75198" Y="61419" Z="0"/>
					<Vertex X="75138" Y="61399" Z="0"/>
					<Vertex X="75079" Y="61340" Z="0"/>
					<Vertex X="75000" Y="61300" Z="0"/>
					<Vertex X="74940" Y="61281" Z="0"/>
					<Vertex X="74821" Y="61241" Z="0"/>
					<Vertex X="74762" Y="61241" Z="0"/>
					<Vertex X="74663" Y="61221" Z="0"/>
					<Vertex X="74583" Y="61221" Z="0"/>
					<Vertex X="74464" Y="61181" Z="0"/>
					<Vertex X="74365" Y="61181" Z="0"/>
					<Vertex X="74246" Y="61162" Z="0"/>
					<Vertex X="74127" Y="61162" Z="0"/>
					<Vertex X="74068" Y="61122" Z="0"/>
					<Vertex X="73949" Y="61102" Z="0"/>
					<Vertex X="73810" Y="61102" Z="0"/>
					<Vertex X="73711" Y="61082" Z="0"/>
					<Vertex X="73592" Y="61043" Z="0"/>
					<Vertex X="73453" Y="61043" Z="0"/>
					<Vertex X="73354" Y="61003" Z="0"/>
					<Vertex X="73215" Y="61003" Z="0"/>
					<Vertex X="73057" Y="60983" Z="0"/>
					<Vertex X="72977" Y="60983" Z="0"/>
					<Vertex X="72819" Y="60983" Z="0"/>
					<Vertex X="72700" Y="60983" Z="0"/>
					<Vertex X="72621" Y="60944" Z="0"/>
					<Vertex X="72462" Y="60944" Z="0"/>
					<Vertex X="72383" Y="60944" Z="0"/>
					<Vertex X="72264" Y="60944" Z="0"/>
					<Vertex X="72105" Y="60944" Z="0"/>
					<Vertex X="71986" Y="60983" Z="0"/>
					<Vertex X="71907" Y="61003" Z="0"/>
					<Vertex X="71808" Y="61043" Z="0"/>
					<Vertex X="71689" Y="61043" Z="0"/>
					<Vertex X="71629" Y="61082" Z="0"/>
					<Vertex X="71510" Y="61102" Z="0"/>
					<Vertex X="71451" Y="61102" Z="0"/>
					<Vertex X="71332" Y="61162" Z="0"/>
					<Vertex X="71213" Y="61181" Z="0"/>
					<Vertex X="71134" Y="61221" Z="0"/>
					<Vertex X="70975" Y="61241" Z="0"/>
					<Vertex X="70856" Y="61300" Z="0"/>
					<Vertex X="70777" Y="61340" Z="0"/>
					<Vertex X="70658" Y="61399" Z="0"/>
					<Vertex X="70539" Y="61459" Z="0"/>
					<Vertex X="70440" Y="61538" Z="0"/>
					<Vertex X="70360" Y="61637" Z="0"/>
					<Vertex X="70360" Y="61756" Z="0"/>
					<Vertex X="70360" Y="61875" Z="0"/>
					<Vertex X="70420" Y="62014" Z="0"/>
					<Vertex X="70499" Y="62173" Z="0"/>
					<Vertex X="70559" Y="62252" Z="0"/>
					<Vertex X="70658" Y="62371" Z="0"/>
					<Vertex X="70777" Y="62490" Z="0"/>
					<Vertex X="70856" Y="62609" Z="0"/>
					<Vertex X="70916" Y="62728" Z="0"/>
					<Vertex X="71015" Y="62847" Z="0"/>
					<Vertex X="71134" Y="63005" Z="0"/>
					<Vertex X="71193" Y="63085" Z="0"/>
					<Vertex X="71272" Y="63204" Z="0"/>
					<Vertex X="71372" Y="63323" Z="0"/>
					<Vertex X="71431" Y="63382" Z="0"/>
					<Vertex X="71550" Y="63541" Z="0"/>
					<Vertex X="71629" Y="63620" Z="0"/>
					<Vertex X="71728" Y="63719" Z="0"/>
					<Vertex X="71808" Y="63779" Z="0"/>
					<Vertex X="71927" Y="63838" Z="0"/>
					<Vertex X="72085" Y="63898" Z="0"/>
					<Vertex X="72204" Y="63917" Z="0"/>
					<Vertex X="72323" Y="63957" Z="0"/>
					<Vertex X="72402" Y="63977" Z="0"/>
					<Vertex X="72521" Y="63977" Z="0"/>
					<Vertex X="72621" Y="63977" Z="0"/>
					<Vertex X="72739" Y="63977" Z="0"/>
					<Vertex X="72878" Y="63977" Z="0"/>
					<Vertex X="72977" Y="63977" Z="0"/>
					<Vertex X="73116" Y="63977" Z="0"/>
					<Vertex X="73334" Y="63977" Z="0"/>
					<Vertex X="73453" Y="63977" Z="0"/>
					<Vertex X="73651" Y="63977" Z="0"/>
					<Vertex X="73870" Y="64016" Z="0"/>
					<Vertex X="74008" Y="64036" Z="0"/>
					<Vertex X="74226" Y="64036" Z="0"/>
					<Vertex X="74405" Y="64036" Z="0"/>
					<Vertex X="74603" Y="64036" Z="0"/>
					<Vertex X="74841" Y="64076" Z="0"/>
					<Vertex X="75059" Y="64076" Z="0"/>
					<Vertex X="75198" Y="64076" Z="0"/>
					<Vertex X="75416" Y="64076" Z="0"/>
					<Vertex X="75535" Y="64076" Z="0"/>
					<Vertex X="75773" Y="64076" Z="0"/>
					<Vertex X="75971" Y="64036" Z="0"/>
					<Vertex X="76209" Y="64036" Z="0"/>
					<Vertex X="76368" Y="64016" Z="0"/>
					<Vertex X="76605" Y="63977" Z="0"/>
					<Vertex X="76744" Y="63957" Z="0"/>
					<Vertex X="76982" Y="63917" Z="0"/>
					<Vertex X="77200" Y="63898" Z="0"/>
					<Vertex X="77339" Y="63898" Z="0"/>
					<Vertex X="77517" Y="63858" Z="0"/>
					<Vertex X="77736" Y="63838" Z="0"/>
					<Vertex X="77815" Y="63838" Z="0"/>
					<Vertex X="77973" Y="63838" Z="0"/>
					<Vertex X="78112" Y="63838" Z="0"/>
					<Vertex X="78271" Y="63798" Z="0"/>
					<Vertex X="78390" Y="63798" Z="0"/>
					<Vertex X="78529" Y="63779" Z="0"/>
					<Vertex X="78628" Y="63739" Z="0"/>
					<Vertex X="78766" Y="63739" Z="0"/>
					<Vertex X="78945" Y="63719" Z="0"/>
					<Vertex X="79103" Y="63679" Z="0"/>
					<Vertex X="79183" Y="63660" Z="0"/>
					<Vertex X="79302" Y="63660" Z="0"/>
					<Vertex X="79460" Y="63620" Z="0"/>
					<Vertex X="79579" Y="63600" Z="0"/>
					<Vertex X="79698" Y="63600" Z="0"/>
					<Vertex X="79837" Y="63560" Z="0"/>
					<Vertex X="79996" Y="63541" Z="0"/>
					<Vertex X="80134" Y="63541" Z="0"/>
					<Vertex X="80293" Y="63541" Z="0"/>
					<Vertex X="80432" Y="63541" Z="0"/>
					<Vertex X="80590" Y="63541" Z="0"/>
					<Vertex X="80729" Y="63560" Z="0"/>
					<Vertex X="80888" Y="63620" Z="0"/>
					<Vertex X="80967" Y="63679" Z="0"/>
					<Vertex X="81086" Y="63739" Z="0"/>
					<Vertex X="81205" Y="63838" Z="0"/>
					<Vertex X="81304" Y="63917" Z="0"/>
					<Vertex X="81383" Y="64036" Z="0"/>
					<Vertex X="81502" Y="64155" Z="0"/>
					<Vertex X="81602" Y="64274" Z="0"/>
					<Vertex X="81661" Y="64334" Z="0"/>
					<Vertex X="81720" Y="64433" Z="0"/>
					<Vertex X="81800" Y="64552" Z="0"/>
					<Vertex X="81859" Y="64671" Z="0"/>
					<Vertex X="81958" Y="64750" Z="0"/>
					<Vertex X="81978" Y="64849" Z="0"/>
					<Vertex X="82038" Y="64968" Z="0"/>
					<Vertex X="82097" Y="65087" Z="0"/>
					<Vertex X="82137" Y="65226" Z="0"/>
					<Vertex X="82157" Y="65325" Z="0"/>
					<Vertex X="82196" Y="65464" Z="0"/>
					<Vertex X="82216" Y="65622" Z="0"/>
					<Vertex X="82256" Y="65702" Z="0"/>
					<Vertex X="82276" Y="65821" Z="0"/>
					<Vertex X="82276" Y="65979" Z="0"/>
					<Vertex X="82335" Y="66118" Z="0"/>
					<Vertex X="82335" Y="66177" Z="0"/>
					<Vertex X="82375" Y="66296" Z="0"/>
					<Vertex X="82395" Y="66415" Z="0"/>
					<Vertex X="82395" Y="66574" Z="0"/>
					<Vertex X="82395" Y="66693" Z="0"/>
					<Vertex X="82375" Y="66832" Z="0"/>
					<Vertex X="82335" Y="67010" Z="0"/>
					<Vertex X="82335" Y="67189" Z="0"/>
					<Vertex X="82276" Y="67407" Z="0"/>
					<Vertex X="82216" Y="67605" Z="0"/>
					<Vertex X="82196" Y="67724" Z="0"/>
					<Vertex X="82137" Y="67902" Z="0"/>
					<Vertex X="82077" Y="68101" Z="0"/>
					<Vertex X="82018" Y="68259" Z="0"/>
					<Vertex X="81958" Y="68477" Z="0"/>
					<Vertex X="81899" Y="68616" Z="0"/>
					<Vertex X="81839" Y="68794" Z="0"/>
					<Vertex X="81800" Y="68973" Z="0"/>
					<Vertex X="81780" Y="69151" Z="0"/>
					<Vertex X="81740" Y="69290" Z="0"/>
					<Vertex X="81720" Y="69449" Z="0"/>
					<Vertex X="81661" Y="69667" Z="0"/>
					<Vertex X="81661" Y="69786" Z="0"/>
					<Vertex X="81621" Y="69924" Z="0"/>
					<Vertex X="81621" Y="70103" Z="0"/>
					<Vertex X="81621" Y="70301" Z="0"/>
					<Vertex X="81621" Y="70380" Z="0"/>
					<Vertex X="81602" Y="70559" Z="0"/>
					<Vertex X="81602" Y="70737" Z="0"/>
					<Vertex X="81602" Y="70916" Z="0"/>
					<Vertex X="81602" Y="71035" Z="0"/>
					<Vertex X="81602" Y="71253" Z="0"/>
					<Vertex X="81602" Y="71411" Z="0"/>
					<Vertex X="81602" Y="71550" Z="0"/>
					<Vertex X="81602" Y="71689" Z="0"/>
					<Vertex X="81621" Y="71828" Z="0"/>
					<Vertex X="81621" Y="71927" Z="0"/>
					<Vertex X="81661" Y="72085" Z="0"/>
					<Vertex X="81661" Y="72185" Z="0"/>
					<Vertex X="81681" Y="72284" Z="0"/>
					<Vertex X="81720" Y="72383" Z="0"/>
					<Vertex X="81720" Y="72462" Z="0"/>
					<Vertex X="81780" Y="72561" Z="0"/>
					<Vertex X="81800" Y="72680" Z="0"/>
					<Vertex X="81839" Y="72760" Z="0"/>
					<Vertex X="81899" Y="72819" Z="0"/>
					<Vertex X="81958" Y="72878" Z="0"/>
					<Vertex X="81978" Y="72938" Z="0"/>
					<Vertex X="82077" Y="72997" Z="0"/>
					<Vertex X="82137" Y="73057" Z="0"/>
					<Vertex X="82216" Y="73116" Z="0"/>
					<Vertex X="82315" Y="73176" Z="0"/>
					<Vertex X="82414" Y="73275" Z="0"/>
					<Vertex X="82434" Y="73315" Z="0"/>
					<Vertex X="82513" Y="73434" Z="0"/>
					<Vertex X="82613" Y="73572" Z="0"/>
					<Vertex X="82672" Y="73711" Z="0"/>
					<Vertex X="82732" Y="73790" Z="0"/>
					<Vertex X="82751" Y="73969" Z="0"/>
					<Vertex X="82791" Y="74068" Z="0"/>
					<Vertex X="82811" Y="74246" Z="0"/>
					<Vertex X="82811" Y="74385" Z="0"/>
					<Vertex X="82791" Y="74504" Z="0"/>
					<Vertex X="82732" Y="74663" Z="0"/>
					<Vertex X="82672" Y="74841" Z="0"/>
					<Vertex X="82573" Y="74980" Z="0"/>
					<Vertex X="82454" Y="75079" Z="0"/>
					<Vertex X="82375" Y="75158" Z="0"/>
					<Vertex X="82276" Y="75218" Z="0"/>
					<Vertex X="82157" Y="75317" Z="0"/>
					<Vertex X="82038" Y="75396" Z="0"/>
					<Vertex X="81958" Y="75436" Z="0"/>
					<Vertex X="81839" Y="75456" Z="0"/>
					<Vertex X="81720" Y="75436" Z="0"/>
					<Vertex X="81621" Y="75396" Z="0"/>
					<Vertex X="81502" Y="75317" Z="0"/>
					<Vertex X="81364" Y="75198" Z="0"/>
					<Vertex X="81304" Y="75099" Z="0"/>
					<Vertex X="81146" Y="74980" Z="0"/>
					<Vertex X="81046" Y="74841" Z="0"/>
					<Vertex X="80967" Y="74762" Z="0"/>
					<Vertex X="80888" Y="74623" Z="0"/>
					<Vertex X="80769" Y="74504" Z="0"/>
					<Vertex X="80650" Y="74465" Z="0"/>
					<Vertex X="80590" Y="74385" Z="0"/>
					<Vertex X="80471" Y="74306" Z="0"/>
					<Vertex X="80372" Y="74246" Z="0"/>
					<Vertex X="80293" Y="74187" Z="0"/>
					<Vertex X="80194" Y="74127" Z="0"/>
					<Vertex X="80075" Y="74088" Z="0"/>
					<Vertex X="79976" Y="74088" Z="0"/>
					<Vertex X="79877" Y="74088" Z="0"/>
					<Vertex X="79758" Y="74127" Z="0"/>
					<Vertex X="79639" Y="74187" Z="0"/>
					<Vertex X="79520" Y="74246" Z="0"/>
					<Vertex X="79401" Y="74326" Z="0"/>
					<Vertex X="79282" Y="74465" Z="0"/>
					<Vertex X="79222" Y="74544" Z="0"/>
					<Vertex X="79103" Y="74683" Z="0"/>
					<Vertex X="79004" Y="74841" Z="0"/>
					<Vertex X="78945" Y="74921" Z="0"/>
					<Vertex X="78905" Y="75079" Z="0"/>
					<Vertex X="78806" Y="75218" Z="0"/>
					<Vertex X="78747" Y="75377" Z="0"/>
					<Vertex X="78687" Y="75555" Z="0"/>
					<Vertex X="78667" Y="75733" Z="0"/>
					<Vertex X="78628" Y="75912" Z="0"/>
					<Vertex X="78588" Y="76031" Z="0"/>
					<Vertex X="78588" Y="76229" Z="0"/>
					<Vertex X="78628" Y="76407" Z="0"/>
					<Vertex X="78667" Y="76586" Z="0"/>
					<Vertex X="78687" Y="76705" Z="0"/>
					<Vertex X="78707" Y="76863" Z="0"/>
					<Vertex X="78766" Y="77002" Z="0"/>
					<Vertex X="78806" Y="77101" Z="0"/>
					<Vertex X="78905" Y="77220" Z="0"/>
					<Vertex X="78985" Y="77339" Z="0"/>
					<Vertex X="79044" Y="77438" Z="0"/>
					<Vertex X="79103" Y="77537" Z="0"/>
					<Vertex X="79203" Y="77656" Z="0"/>
					<Vertex X="79302" Y="77756" Z="0"/>
					<Vertex X="79401" Y="77835" Z="0"/>
					<Vertex X="79520" Y="77875" Z="0"/>
					<Vertex X="79639" Y="77894" Z="0"/>
					<Vertex X="79817" Y="77934" Z="0"/>
					<Vertex X="79897" Y="77894" Z="0"/>
					<Vertex X="80055" Y="77875" Z="0"/>
					<Vertex X="80234" Y="77815" Z="0"/>
					<Vertex X="80313" Y="77756" Z="0"/>
					<Vertex X="80471" Y="77656" Z="0"/>
					<Vertex X="80590" Y="77577" Z="0"/>
					<Vertex X="80670" Y="77537" Z="0"/>
					<Vertex X="80808" Y="77458" Z="0"/>
					<Vertex X="80947" Y="77359" Z="0"/>
					<Vertex X="81086" Y="77280" Z="0"/>
					<Vertex X="81146" Y="77240" Z="0"/>
					<Vertex X="81264" Y="77181" Z="0"/>
					<Vertex X="81364" Y="77161" Z="0"/>
					<Vertex X="81443" Y="77121" Z="0"/>
					<Vertex X="81502" Y="77121" Z="0"/>
					<Vertex X="81369" Y="77170" Z="0"/>
					<Vertex X="81560" Y="77298" Z="0"/>
					<Vertex X="81687" Y="77425" Z="0"/>
					<Vertex X="81751" Y="77488" Z="0"/>
					<Vertex X="81942" Y="77552" Z="0"/>
					<Vertex X="82005" Y="77679" Z="0"/>
					<Vertex X="82133" Y="77679" Z="0"/>
					<Vertex X="82260" Y="77743" Z="0"/>
					<Vertex X="82451" Y="77870" Z="0"/>
					<Vertex X="82514" Y="77870" Z="0"/>
					<Vertex X="82705" Y="77870" Z="0"/>
					<Vertex X="82896" Y="77870" Z="0"/>
					<Vertex X="83087" Y="77870" Z="0"/>
					<Vertex X="83278" Y="77743" Z="0"/>
					<Vertex X="83405" Y="77679" Z="0"/>
					<Vertex X="83596" Y="77552" Z="0"/>
					<Vertex X="83659" Y="77488" Z="0"/>
					<Vertex X="83850" Y="77425" Z="0"/>
					<Vertex X="84041" Y="77170" Z="0"/>
					<Vertex X="84232" Y="77107" Z="0"/>
					<Vertex X="84296" Y="76979" Z="0"/>
					<Vertex X="84486" Y="76789" Z="0"/>
					<Vertex X="84677" Y="76598" Z="0"/>
					<Vertex X="84805" Y="76470" Z="0"/>
					<Vertex X="84932" Y="76216" Z="0"/>
					<Vertex X="84932" Y="76152" Z="0"/>
					<Vertex X="84932" Y="76025" Z="0"/>
					<Vertex X="84932" Y="75834" Z="0"/>
					<Vertex X="84932" Y="75643" Z="0"/>
					<Vertex X="84805" Y="75580" Z="0"/>
					<Vertex X="84805" Y="75389" Z="0"/>
					<Vertex X="84805" Y="75262" Z="0"/>
					<Vertex X="84805" Y="75198" Z="0"/>
					<Vertex X="84805" Y="75007" Z="0"/>
					<Vertex X="84805" Y="74880" Z="0"/>
					<Vertex X="84932" Y="74816" Z="0"/>
					<Vertex X="84995" Y="74816" Z="0"/>
					<Vertex X="84995" Y="74689" Z="0"/>
					<Vertex X="85123" Y="74689" Z="0"/>
					<Vertex X="85186" Y="74689" Z="0"/>
					<Vertex X="85313" Y="74816" Z="0"/>
					<Vertex X="85377" Y="74816" Z="0"/>
					<Vertex X="85441" Y="74816" Z="0"/>
					<Vertex X="85568" Y="74880" Z="0"/>
					<Vertex X="85695" Y="74880" Z="0"/>
					<Vertex X="85759" Y="75007" Z="0"/>
					<Vertex X="85886" Y="75071" Z="0"/>
					<Vertex X="85886" Y="75198" Z="0"/>
					<Vertex X="85950" Y="75262" Z="0"/>
					<Vertex X="85950" Y="75389" Z="0"/>
					<Vertex X="85950" Y="75516" Z="0"/>
					<Vertex X="86013" Y="75643" Z="0"/>
					<Vertex X="85950" Y="75771" Z="0"/>
					<Vertex X="85950" Y="75834" Z="0"/>
					<Vertex X="85950" Y="76025" Z="0"/>
					<Vertex X="85886" Y="76152" Z="0"/>
					<Vertex X="85886" Y="76216" Z="0"/>
					<Vertex X="85759" Y="76343" Z="0"/>
					<Vertex X="85695" Y="76470" Z="0"/>
					<Vertex X="85695" Y="76534" Z="0"/>
					<Vertex X="85568" Y="76598" Z="0"/>
					<Vertex X="85441" Y="76789" Z="0"/>
					<Vertex X="85377" Y="76916" Z="0"/>
					<Vertex X="85313" Y="76979" Z="0"/>
					<Vertex X="85186" Y="77107" Z="0"/>
					<Vertex X="85123" Y="77170" Z="0"/>
					<Vertex X="84995" Y="77298" Z="0"/>
					<Vertex X="84805" Y="77488" Z="0"/>
					<Vertex X="84677" Y="77552" Z="0"/>
					<Vertex X="84486" Y="77679" Z="0"/>
					<Vertex X="84423" Y="77743" Z="0"/>
					<Vertex X="84296" Y="77870" Z="0"/>
					<Vertex X="84232" Y="78061" Z="0"/>
					<Vertex X="84168" Y="78125" Z="0"/>
					<Vertex X="84041" Y="78379" Z="0"/>
					<Vertex X="84041" Y="78443" Z="0"/>
					<Vertex X="83977" Y="78506" Z="0"/>
					<Vertex X="83977" Y="78634" Z="0"/>
					<Vertex X="83977" Y="78824" Z="0"/>
					<Vertex X="84041" Y="78888" Z="0"/>
					<Vertex X="84041" Y="79079" Z="0"/>
					<Vertex X="84168" Y="79206" Z="0"/>
					<Vertex X="84232" Y="79333" Z="0"/>
					<Vertex X="84423" Y="79397" Z="0"/>
					<Vertex X="84614" Y="79461" Z="0"/>
					<Vertex X="84677" Y="79461" Z="0"/>
					<Vertex X="84932" Y="79461" Z="0"/>
					<Vertex X="85123" Y="79461" Z="0"/>
					<Vertex X="85313" Y="79397" Z="0"/>
					<Vertex X="85441" Y="79333" Z="0"/>
					<Vertex X="85759" Y="79206" Z="0"/>
					<Vertex X="85886" Y="79206" Z="0"/>
					<Vertex X="85950" Y="79206" Z="0"/>
					<Vertex X="86013" Y="79206" Z="0"/>
					<Vertex X="86141" Y="79333" Z="0"/>
					<Vertex X="86204" Y="79397" Z="0"/>
					<Vertex X="86204" Y="79461" Z="0"/>
					<Vertex X="86331" Y="79588" Z="0"/>
					<Vertex X="86331" Y="79651" Z="0"/>
					<Vertex X="86331" Y="79842" Z="0"/>
					<Vertex X="86331" Y="79970" Z="0"/>
					<Vertex X="86204" Y="80160" Z="0"/>
					<Vertex X="86141" Y="80224" Z="0"/>
					<Vertex X="86013" Y="80351" Z="0"/>
					<Vertex X="86013" Y="80415" Z="0"/>
					<Vertex X="85886" Y="80542" Z="0"/>
					<Vertex X="85695" Y="80606" Z="0"/>
					<Vertex X="85568" Y="80733" Z="0"/>
					<Vertex X="85441" Y="80733" Z="0"/>
					<Vertex X="85377" Y="80797" Z="0"/>
					<Vertex X="85377" Y="80987" Z="0"/>
					<Vertex X="85313" Y="80987" Z="0"/>
					<Vertex X="85313" Y="81242" Z="0"/>
					<Vertex X="85186" Y="81306" Z="0"/>
					<Vertex X="85186" Y="81369" Z="0"/>
					<Vertex X="85313" Y="81496" Z="0"/>
					<Vertex X="85313" Y="81560" Z="0"/>
					<Vertex X="85377" Y="81687" Z="0"/>
					<Vertex X="85377" Y="81751" Z="0"/>
					<Vertex X="85568" Y="81878" Z="0"/>
					<Vertex X="85568" Y="81942" Z="0"/>
					<Vertex X="85759" Y="82069" Z="0"/>
					<Vertex X="85886" Y="82069" Z="0"/>
					<Vertex X="85950" Y="82069" Z="0"/>
					<Vertex X="86013" Y="82069" Z="0"/>
					<Vertex X="86141" Y="82069" Z="0"/>
					<Vertex X="86204" Y="82069" Z="0"/>
					<Vertex X="86331" Y="82069" Z="0"/>
					<Vertex X="86395" Y="82069" Z="0"/>
					<Vertex X="86522" Y="81942" Z="0"/>
					<Vertex X="86649" Y="81942" Z="0"/>
					<Vertex X="86840" Y="82069" Z="0"/>
					<Vertex X="87031" Y="82069" Z="0"/>
					<Vertex X="87222" Y="82133" Z="0"/>
					<Vertex X="87413" Y="82133" Z="0"/>
					<Vertex X="87477" Y="82260" Z="0"/>
					<Vertex X="87667" Y="82323" Z="0"/>
					<Vertex X="87731" Y="82323" Z="0"/>
					<Vertex X="87731" Y="82451" Z="0"/>
					<Vertex X="87858" Y="82514" Z="0"/>
					<Vertex X="87922" Y="82642" Z="0"/>
					<Vertex X="87922" Y="82705" Z="0"/>
					<Vertex X="88049" Y="82832" Z="0"/>
					<Vertex X="88113" Y="82896" Z="0"/>
					<Vertex X="88113" Y="83023" Z="0"/>
					<Vertex X="88240" Y="83087" Z="0"/>
					<Vertex X="88367" Y="83214" Z="0"/>
					<Vertex X="88558" Y="83214" Z="0"/>
					<Vertex X="88622" Y="83214" Z="0"/>
					<Vertex X="88813" Y="83214" Z="0"/>
					<Vertex X="88940" Y="83278" Z="0"/>
					<Vertex X="89067" Y="83278" Z="0"/>
					<Vertex X="89385" Y="83278" Z="0"/>
					<Vertex X="89449" Y="83278" Z="0"/>
					<Vertex X="89576" Y="83405" Z="0"/>
					<Vertex X="89830" Y="83405" Z="0"/>
					<Vertex X="89958" Y="83469" Z="0"/>
					<Vertex X="90149" Y="83469" Z="0"/>
					<Vertex X="90339" Y="83469" Z="0"/>
					<Vertex X="90467" Y="83596" Z="0"/>
					<Vertex X="90658" Y="83596" Z="0"/>
					<Vertex X="90785" Y="83596" Z="0"/>
					<Vertex X="91103" Y="83596" Z="0"/>
					<Vertex X="91357" Y="83596" Z="0"/>
					<Vertex X="91548" Y="83659" Z="0"/>
					<Vertex X="91866" Y="83659" Z="0"/>
					<Vertex X="92184" Y="83659" Z="0"/>
					<Vertex X="92439" Y="83596" Z="0"/>
					<Vertex X="92630" Y="83596" Z="0"/>
					<Vertex X="92693" Y="83596" Z="0"/>
					<Vertex X="92884" Y="83469" Z="0"/>
					<Vertex X="93075" Y="83469" Z="0"/>
					<Vertex X="93266" Y="83469" Z="0"/>
					<Vertex X="93457" Y="83469" Z="0"/>
					<Vertex X="93648" Y="83469" Z="0"/>
					<Vertex X="93775" Y="83469" Z="0"/>
					<Vertex X="94093" Y="83596" Z="0"/>
					<Vertex X="94220" Y="83596" Z="0"/>
					<Vertex X="94538" Y="83659" Z="0"/>
					<Vertex X="94920" Y="83787" Z="0"/>
					<Vertex X="95365" Y="83850" Z="0"/>
					<Vertex X="95683" Y="83850" Z="0"/>
					<Vertex X="95874" Y="83978" Z="0"/>
					<Vertex X="96256" Y="84105" Z="0"/>
					<Vertex X="96510" Y="84168" Z="0"/>
					<Vertex X="96701" Y="84168" Z="0"/>
					<Vertex X="97083" Y="84232" Z="0"/>
					<Vertex X="97465" Y="84232" Z="0"/>
					<Vertex X="97974" Y="84232" Z="0"/>
					<Vertex X="98228" Y="84232" Z="0"/>
					<Vertex X="98610" Y="84232" Z="0"/>
					<Vertex X="99119" Y="84232" Z="0"/>
					<Vertex X="99691" Y="84359" Z="0"/>
					<Vertex X="100073" Y="84359" Z="0"/>
					<Vertex X="100646" Y="84232" Z="0"/>
					<Vertex X="101027" Y="84232" Z="0"/>
					<Vertex X="101282" Y="84232" Z="0"/>
					<Vertex X="101791" Y="84168" Z="0"/>
					<Vertex X="102173" Y="84168" Z="0"/>
					<Vertex X="102427" Y="84105" Z="0"/>
					<Vertex X="102809" Y="83978" Z="0"/>
					<Vertex X="103127" Y="83978" Z="0"/>
					<Vertex X="103509" Y="83850" Z="0"/>
					<Vertex X="103699" Y="83787" Z="0"/>
					<Vertex X="103890" Y="83787" Z="0"/>
					<Vertex X="104145" Y="83659" Z="0"/>
					<Vertex X="104272" Y="83596" Z="0"/>
					<Vertex X="104336" Y="83469" Z="0"/>
					<Vertex X="104527" Y="83278" Z="0"/>
					<Vertex X="104654" Y="83214" Z="0"/>
					<Vertex X="104717" Y="83214" Z="0"/>
					<Vertex X="104908" Y="83023" Z="0"/>
					<Vertex X="105099" Y="83023" Z="0"/>
					<Vertex X="105290" Y="82896" Z="0"/>
					<Vertex X="105672" Y="82896" Z="0"/>
					<Vertex X="106053" Y="82832" Z="0"/>
					<Vertex X="106562" Y="82832" Z="0"/>
					<Vertex X="106944" Y="82705" Z="0"/>
					<Vertex X="107389" Y="82705" Z="0"/>
					<Vertex X="107708" Y="82705" Z="0"/>
					<Vertex X="107962" Y="82832" Z="0"/>
					<Vertex X="108280" Y="82832" Z="0"/>
					<Vertex X="108535" Y="82896" Z="0"/>
					<Vertex X="108662" Y="82896" Z="0"/>
					<Vertex X="108916" Y="83087" Z="0"/>
					<Vertex X="109107" Y="83087" Z="0"/>
					<Vertex X="109298" Y="83214" Z="0"/>
					<Vertex X="109616" Y="83278" Z="0"/>
					<Vertex X="109807" Y="83405" Z="0"/>
					<Vertex X="109998" Y="83469" Z="0"/>
					<Vertex X="110189" Y="83596" Z="0"/>
					<Vertex X="110380" Y="83596" Z="0"/>
					<Vertex X="110634" Y="83659" Z="0"/>
					<Vertex X="110825" Y="83659" Z="0"/>
					<Vertex X="111143" Y="83787" Z="0"/>
					<Vertex X="111207" Y="83787" Z="0"/>
					<Vertex X="111397" Y="83787" Z="0"/>
					<Vertex X="111716" Y="83787" Z="0"/>
					<Vertex X="111906" Y="83787" Z="0"/>
					<Vertex X="112097" Y="83787" Z="0"/>
					<Vertex X="112161" Y="83659" Z="0"/>
					<Vertex X="112479" Y="83596" Z="0"/>
					<Vertex X="112670" Y="83469" Z="0"/>
					<Vertex X="112861" Y="83405" Z="0"/>
					<Vertex X="112924" Y="83278" Z="0"/>
					<Vertex X="113052" Y="83214" Z="0"/>
					<Vertex X="113115" Y="83087" Z="0"/>
					<Vertex X="113242" Y="82896" Z="0"/>
					<Vertex X="113306" Y="82896" Z="0"/>
					<Vertex X="113306" Y="82705" Z="0"/>
					<Vertex X="113433" Y="82642" Z="0"/>
					<Vertex X="113433" Y="82451" Z="0"/>
					<Vertex X="113433" Y="82323" Z="0"/>
					<Vertex X="113433" Y="82133" Z="0"/>
					<Vertex X="113433" Y="81942" Z="0"/>
					<Vertex X="113433" Y="81878" Z="0"/>
					<Vertex X="113433" Y="81560" Z="0"/>
					<Vertex X="113497" Y="81306" Z="0"/>
					<Vertex X="113497" Y="81242" Z="0"/>
					<Vertex X="113624" Y="80987" Z="0"/>
					<Vertex X="113624" Y="80924" Z="0"/>
					<Vertex X="113688" Y="80733" Z="0"/>
					<Vertex X="113815" Y="80542" Z="0"/>
					<Vertex X="114006" Y="80415" Z="0"/>
					<Vertex X="114069" Y="80351" Z="0"/>
					<Vertex X="114260" Y="80160" Z="0"/>
					<Vertex X="114388" Y="79970" Z="0"/>
					<Vertex X="114451" Y="79779" Z="0"/>
					<Vertex X="114642" Y="79651" Z="0"/>
					<Vertex X="114769" Y="79397" Z="0"/>
					<Vertex X="114833" Y="79333" Z="0"/>
					<Vertex X="114833" Y="79015" Z="0"/>
					<Vertex X="114833" Y="78888" Z="0"/>
					<Vertex X="114833" Y="78697" Z="0"/>
					<Vertex X="114833" Y="78506" Z="0"/>
					<Vertex X="114833" Y="78252" Z="0"/>
					<Vertex X="114833" Y="78061" Z="0"/>
					<Vertex X="114833" Y="77743" Z="0"/>
					<Vertex X="114769" Y="77552" Z="0"/>
					<Vertex X="114642" Y="77170" Z="0"/>
					<Vertex X="114578" Y="76979" Z="0"/>
					<Vertex X="114451" Y="76725" Z="0"/>
					<Vertex X="114388" Y="76534" Z="0"/>
					<Vertex X="114197" Y="76343" Z="0"/>
					<Vertex X="114006" Y="76152" Z="0"/>
					<Vertex X="113815" Y="75834" Z="0"/>
					<Vertex X="113688" Y="75643" Z="0"/>
					<Vertex X="113497" Y="75389" Z="0"/>
					<Vertex X="113433" Y="75071" Z="0"/>
					<Vertex X="113115" Y="74816" Z="0"/>
					<Vertex X="113052" Y="74626" Z="0"/>
					<Vertex X="112861" Y="74307" Z="0"/>
					<Vertex X="112670" Y="74053" Z="0"/>
					<Vertex X="112479" Y="73735" Z="0"/>
					<Vertex X="112288" Y="73480" Z="0"/>
					<Vertex X="111970" Y="73162" Z="0"/>
					<Vertex X="111779" Y="72971" Z="0"/>
					<Vertex X="111525" Y="72717" Z="0"/>
					<Vertex X="111334" Y="72526" Z="0"/>
					<Vertex X="111016" Y="72208" Z="0"/>
					<Vertex X="110761" Y="72017" Z="0"/>
					<Vertex X="110570" Y="71954" Z="0"/>
					<Vertex X="110252" Y="71763" Z="0"/>
					<Vertex X="110189" Y="71572" Z="0"/>
					<Vertex X="110061" Y="71381" Z="0"/>
					<Vertex X="109998" Y="71254" Z="0"/>
					<Vertex X="109998" Y="71063" Z="0"/>
					<Vertex X="109871" Y="70999" Z="0"/>
					<Vertex X="109871" Y="70872" Z="0"/>
					<Vertex X="109998" Y="70745" Z="0"/>
					<Vertex X="109998" Y="70618" Z="0"/>
					<Vertex X="109998" Y="70427" Z="0"/>
					<Vertex X="109998" Y="70299" Z="0"/>
					<Vertex X="110061" Y="70109" Z="0"/>
					<Vertex X="110061" Y="69981" Z="0"/>
					<Vertex X="110061" Y="69790" Z="0"/>
					<Vertex X="110061" Y="69536" Z="0"/>
					<Vertex X="110061" Y="69282" Z="0"/>
					<Vertex X="110061" Y="69154" Z="0"/>
					<Vertex X="109998" Y="68900" Z="0"/>
					<Vertex X="109998" Y="68582" Z="0"/>
					<Vertex X="109871" Y="68327" Z="0"/>
					<Vertex X="109807" Y="68136" Z="0"/>
					<Vertex X="109680" Y="67882" Z="0"/>
					<Vertex X="109616" Y="67564" Z="0"/>
					<Vertex X="109425" Y="67246" Z="0"/>
					<Vertex X="109234" Y="66928" Z="0"/>
					<Vertex X="109044" Y="66609" Z="0"/>
					<Vertex X="108916" Y="66419" Z="0"/>
					<Vertex X="108725" Y="66101" Z="0"/>
					<Vertex X="108662" Y="65719" Z="0"/>
					<Vertex X="108471" Y="65464" Z="0"/>
					<Vertex X="108280" Y="65083" Z="0"/>
					<Vertex X="108089" Y="64892" Z="0"/>
					<Vertex X="107898" Y="64510" Z="0"/>
					<Vertex X="107708" Y="64128" Z="0"/>
					<Vertex X="107580" Y="63810" Z="0"/>
					<Vertex X="107389" Y="63429" Z="0"/>
					<Vertex X="107199" Y="63110" Z="0"/>
					<Vertex X="107135" Y="62856" Z="0"/>
					<Vertex X="106944" Y="62474" Z="0"/>
					<Vertex X="106817" Y="62347" Z="0"/>
					<Vertex X="106753" Y="62029" Z="0"/>
					<Vertex X="106562" Y="61647" Z="0"/>
					<Vertex X="106435" Y="61456" Z="0"/>
					<Vertex X="106244" Y="61075" Z="0"/>
					<Vertex X="106181" Y="60884" Z="0"/>
					<Vertex X="106053" Y="60566" Z="0"/>
					<Vertex X="105990" Y="60311" Z="0"/>
					<Vertex X="105863" Y="60120" Z="0"/>
					<Vertex X="105799" Y="59929" Z="0"/>
					<Vertex X="105608" Y="59739" Z="0"/>
					<Vertex X="105481" Y="59548" Z="0"/>
					<Vertex X="105290" Y="59357" Z="0"/>
					<Vertex X="105035" Y="59039" Z="0"/>
					<Vertex X="104717" Y="58912" Z="0"/>
					<Vertex X="104463" Y="58657" Z="0"/>
					<Vertex X="104145" Y="58466" Z="0"/>
					<Vertex X="103763" Y="58275" Z="0"/>
					<Vertex X="103381" Y="58084" Z="0"/>
					<Vertex X="103000" Y="57830" Z="0"/>
					<Vertex X="102745" Y="57703" Z="0"/>
					<Vertex X="102363" Y="57448" Z="0"/>
					<Vertex X="102045" Y="57257" Z="0"/>
					<Vertex X="101855" Y="57194" Z="0"/>
					<Vertex X="101473" Y="56939" Z="0"/>
					<Vertex X="101218" Y="56748" Z="0"/>
					<Vertex X="101027" Y="56685" Z="0"/>
					<Vertex X="100709" Y="56558" Z="0"/>
					<Vertex X="100519" Y="56494" Z="0"/>
					<Vertex X="100328" Y="56303" Z="0"/>
					<Vertex X="100137" Y="56176" Z="0"/>
					<Vertex X="100137" Y="56112" Z="0"/>
					<Vertex X="99946" Y="55921" Z="0"/>
					<Vertex X="99946" Y="55731" Z="0"/>
					<Vertex X="99946" Y="55540" Z="0"/>
					<Vertex X="99882" Y="55349" Z="0"/>
					<Vertex X="99882" Y="55158" Z="0"/>
					<Vertex X="99882" Y="54967" Z="0"/>
					<Vertex X="99755" Y="54776" Z="0"/>
					<Vertex X="99691" Y="54585" Z="0"/>
					<Vertex X="99691" Y="54458" Z="0"/>
					<Vertex X="99564" Y="54331" Z="0"/>
					<Vertex X="99501" Y="54140" Z="0"/>
					<Vertex X="99373" Y="54013" Z="0"/>
					<Vertex X="99183" Y="53822" Z="0"/>
					<Vertex X="99119" Y="53631" Z="0"/>
					<Vertex X="99055" Y="53440" Z="0"/>
					<Vertex X="98801" Y="53313" Z="0"/>
					<Vertex X="98737" Y="53186" Z="0"/>
					<Vertex X="98546" Y="52931" Z="0"/>
					<Vertex X="98355" Y="52868" Z="0"/>
					<Vertex X="98165" Y="52677" Z="0"/>
					<Vertex X="97847" Y="52550" Z="0"/>
					<Vertex X="97656" Y="52486" Z="0"/>
					<Vertex X="97465" Y="52359" Z="0"/>
					<Vertex X="97338" Y="52295" Z="0"/>
					<Vertex X="97083" Y="52232" Z="0"/>
					<Vertex X="96892" Y="52232" Z="0"/>
					<Vertex X="96829" Y="52104" Z="0"/>
					<Vertex X="96638" Y="51977" Z="0"/>
					<Vertex X="96510" Y="51913" Z="0"/>
					<Vertex X="96320" Y="51913" Z="0"/>
					<Vertex X="96320" Y="51786" Z="0"/>
					<Vertex X="96256" Y="51786" Z="0"/>
					<Vertex X="96065" Y="51723" Z="0"/>
					<Vertex X="95938" Y="51595" Z="0"/>
					<Vertex X="95874" Y="51595" Z="0"/>
					<Vertex X="95811" Y="51595" Z="0"/>
					<Vertex X="95683" Y="51532" Z="0"/>
					<Vertex X="95620" Y="51404" Z="0"/>
					<Vertex X="95493" Y="51404" Z="0"/>
					<Vertex X="95365" Y="51341" Z="0"/>
					<Vertex X="95365" Y="51277" Z="0"/>
					<Vertex X="95302" Y="51277" Z="0"/>
					<Vertex X="95302" Y="51150" Z="0"/>
					<Vertex X="95174" Y="51150" Z="0"/>
					<Vertex X="95111" Y="51023" Z="0"/>
					<Vertex X="95111" Y="50959" Z="0"/>
					<Vertex X="95111" Y="50832" Z="0"/>
					<Vertex X="94984" Y="50832" Z="0"/>
					<Vertex X="94920" Y="50832" Z="0"/>
					<Vertex X="94920" Y="50768" Z="0"/>
					<Vertex X="94793" Y="50768" Z="0"/>
					<Vertex X="94793" Y="50641" Z="0"/>
					<Vertex X="94538" Y="50577" Z="0"/>
				</Vertices>
			</Region>
		</Regions>
		<Plots/>
	</Annotation>
</Annotations>
