<Annotations MicronsPerPixel="0.252200">
	<Annotation Id="1" Name="" ReadOnly="0" NameReadOnly="0" LineColorReadOnly="0" Incremental="0" Type="4" LineColor="65535" Visible="1" Selected="1" MarkupImagePath="" MacroName="">
		<Attributes/>
		<Regions>
			<RegionAttributeHeaders>
				<AttributeHeader Id="9999" Name="Region" ColumnWidth="-1"/>
				<AttributeHeader Id="9997" Name="Length" ColumnWidth="-1"/>
				<AttributeHeader Id="9996" Name="Area" ColumnWidth="-1"/>
				<AttributeHeader Id="9998" Name="Text" ColumnWidth="-1"/>
			</RegionAttributeHeaders>
			<Region Id="1" Type="0" Zoom="0.015386" Selected="0" ImageLocation="" ImageFocus="-1" Length="52566.9" Area="96005015.5" LengthMicrons="13257.4" AreaMicrons="6106383.7" Text="" NegativeROA="0" InputRegionId="0" Analyze="1" DisplayId="1">
				<Attributes/>
				<Vertices>
					<Vertex X="15861" Y="49584" Z="0"/>
					<Vertex X="15980" Y="50873" Z="0"/>
					<Vertex X="15920" Y="51230" Z="0"/>
					<Vertex X="15920" Y="51368" Z="0"/>
					<Vertex X="15920" Y="51567" Z="0"/>
					<Vertex X="15881" Y="51686" Z="0"/>
					<Vertex X="15881" Y="51824" Z="0"/>
					<Vertex X="15861" Y="52003" Z="0"/>
					<Vertex X="15821" Y="52161" Z="0"/>
					<Vertex X="15821" Y="52280" Z="0"/>
					<Vertex X="15821" Y="52479" Z="0"/>
					<Vertex X="15801" Y="52598" Z="0"/>
					<Vertex X="15801" Y="52756" Z="0"/>
					<Vertex X="15801" Y="52875" Z="0"/>
					<Vertex X="15801" Y="52954" Z="0"/>
					<Vertex X="15821" Y="53014" Z="0"/>
					<Vertex X="15821" Y="53054" Z="0"/>
					<Vertex X="15821" Y="53073" Z="0"/>
					<Vertex X="15881" Y="53073" Z="0"/>
					<Vertex X="15920" Y="53073" Z="0"/>
					<Vertex X="15940" Y="53073" Z="0"/>
					<Vertex X="15980" Y="53073" Z="0"/>
					<Vertex X="16000" Y="53073" Z="0"/>
					<Vertex X="16059" Y="53113" Z="0"/>
					<Vertex X="16158" Y="53153" Z="0"/>
					<Vertex X="16238" Y="53173" Z="0"/>
					<Vertex X="16337" Y="53192" Z="0"/>
					<Vertex X="16416" Y="53232" Z="0"/>
					<Vertex X="16575" Y="53252" Z="0"/>
					<Vertex X="16694" Y="53291" Z="0"/>
					<Vertex X="16773" Y="53291" Z="0"/>
					<Vertex X="16951" Y="53311" Z="0"/>
					<Vertex X="17070" Y="53351" Z="0"/>
					<Vertex X="17169" Y="53351" Z="0"/>
					<Vertex X="17288" Y="53371" Z="0"/>
					<Vertex X="17467" Y="53410" Z="0"/>
					<Vertex X="17586" Y="53450" Z="0"/>
					<Vertex X="17665" Y="53470" Z="0"/>
					<Vertex X="17784" Y="53490" Z="0"/>
					<Vertex X="17962" Y="53490" Z="0"/>
					<Vertex X="18062" Y="53490" Z="0"/>
					<Vertex X="18180" Y="53470" Z="0"/>
					<Vertex X="18319" Y="53371" Z="0"/>
					<Vertex X="18418" Y="53311" Z="0"/>
					<Vertex X="18537" Y="53232" Z="0"/>
					<Vertex X="18716" Y="53073" Z="0"/>
					<Vertex X="18855" Y="52994" Z="0"/>
					<Vertex X="18973" Y="52875" Z="0"/>
					<Vertex X="19172" Y="52697" Z="0"/>
					<Vertex X="19271" Y="52578" Z="0"/>
					<Vertex X="19390" Y="52459" Z="0"/>
					<Vertex X="19548" Y="52300" Z="0"/>
					<Vertex X="19667" Y="52221" Z="0"/>
					<Vertex X="19747" Y="52102" Z="0"/>
					<Vertex X="19905" Y="51983" Z="0"/>
					<Vertex X="19985" Y="51884" Z="0"/>
					<Vertex X="20104" Y="51765" Z="0"/>
					<Vertex X="20203" Y="51686" Z="0"/>
					<Vertex X="20262" Y="51586" Z="0"/>
					<Vertex X="20381" Y="51448" Z="0"/>
					<Vertex X="20480" Y="51388" Z="0"/>
					<Vertex X="20560" Y="51269" Z="0"/>
					<Vertex X="20678" Y="51150" Z="0"/>
					<Vertex X="20738" Y="51091" Z="0"/>
					<Vertex X="20857" Y="50932" Z="0"/>
					<Vertex X="20916" Y="50873" Z="0"/>
					<Vertex X="21035" Y="50774" Z="0"/>
					<Vertex X="21095" Y="50674" Z="0"/>
					<Vertex X="21214" Y="50556" Z="0"/>
					<Vertex X="21273" Y="50476" Z="0"/>
					<Vertex X="21333" Y="50377" Z="0"/>
					<Vertex X="21392" Y="50278" Z="0"/>
					<Vertex X="21452" Y="50139" Z="0"/>
					<Vertex X="21472" Y="50080" Z="0"/>
					<Vertex X="21571" Y="49941" Z="0"/>
					<Vertex X="21630" Y="49802" Z="0"/>
					<Vertex X="21690" Y="49723" Z="0"/>
					<Vertex X="21769" Y="49584" Z="0"/>
					<Vertex X="21848" Y="49485" Z="0"/>
					<Vertex X="21927" Y="49307" Z="0"/>
					<Vertex X="21947" Y="49207" Z="0"/>
					<Vertex X="22007" Y="49088" Z="0"/>
					<Vertex X="22106" Y="48950" Z="0"/>
					<Vertex X="22126" Y="48870" Z="0"/>
					<Vertex X="22185" Y="48771" Z="0"/>
					<Vertex X="22245" Y="48613" Z="0"/>
					<Vertex X="22284" Y="48533" Z="0"/>
					<Vertex X="22304" Y="48474" Z="0"/>
					<Vertex X="22403" Y="48315" Z="0"/>
					<Vertex X="22423" Y="48236" Z="0"/>
					<Vertex X="22463" Y="48117" Z="0"/>
					<Vertex X="22522" Y="47998" Z="0"/>
					<Vertex X="22522" Y="47899" Z="0"/>
					<Vertex X="22542" Y="47800" Z="0"/>
					<Vertex X="22542" Y="47641" Z="0"/>
					<Vertex X="22542" Y="47562" Z="0"/>
					<Vertex X="22522" Y="47463" Z="0"/>
					<Vertex X="22483" Y="47344" Z="0"/>
					<Vertex X="22423" Y="47284" Z="0"/>
					<Vertex X="22383" Y="47225" Z="0"/>
					<Vertex X="22225" Y="47126" Z="0"/>
					<Vertex X="22126" Y="47086" Z="0"/>
					<Vertex X="21987" Y="47007" Z="0"/>
					<Vertex X="21868" Y="46987" Z="0"/>
					<Vertex X="21749" Y="46947" Z="0"/>
					<Vertex X="21551" Y="46927" Z="0"/>
					<Vertex X="21412" Y="46927" Z="0"/>
					<Vertex X="21313" Y="46888" Z="0"/>
					<Vertex X="21174" Y="46888" Z="0"/>
					<Vertex X="21016" Y="46868" Z="0"/>
					<Vertex X="20916" Y="46848" Z="0"/>
					<Vertex X="20778" Y="46809" Z="0"/>
					<Vertex X="20678" Y="46769" Z="0"/>
					<Vertex X="20619" Y="46749" Z="0"/>
					<Vertex X="20500" Y="46650" Z="0"/>
					<Vertex X="20441" Y="46630" Z="0"/>
					<Vertex X="20341" Y="46571" Z="0"/>
					<Vertex X="20282" Y="46471" Z="0"/>
					<Vertex X="20222" Y="46412" Z="0"/>
					<Vertex X="20163" Y="46293" Z="0"/>
					<Vertex X="20104" Y="46234" Z="0"/>
					<Vertex X="20084" Y="46174" Z="0"/>
					<Vertex X="20024" Y="46095" Z="0"/>
					<Vertex X="19965" Y="45976" Z="0"/>
					<Vertex X="19905" Y="45916" Z="0"/>
					<Vertex X="19866" Y="45857" Z="0"/>
					<Vertex X="19786" Y="45738" Z="0"/>
					<Vertex X="19727" Y="45639" Z="0"/>
					<Vertex X="19628" Y="45500" Z="0"/>
					<Vertex X="19568" Y="45401" Z="0"/>
					<Vertex X="19509" Y="45322" Z="0"/>
					<Vertex X="19390" Y="45163" Z="0"/>
					<Vertex X="19330" Y="45044" Z="0"/>
					<Vertex X="19211" Y="44866" Z="0"/>
					<Vertex X="19073" Y="44727" Z="0"/>
					<Vertex X="18973" Y="44608" Z="0"/>
					<Vertex X="18894" Y="44509" Z="0"/>
					<Vertex X="18736" Y="44310" Z="0"/>
					<Vertex X="18617" Y="44192" Z="0"/>
					<Vertex X="18537" Y="44073" Z="0"/>
					<Vertex X="18379" Y="43914" Z="0"/>
					<Vertex X="18299" Y="43795" Z="0"/>
					<Vertex X="18200" Y="43676" Z="0"/>
					<Vertex X="18081" Y="43498" Z="0"/>
					<Vertex X="18002" Y="43379" Z="0"/>
					<Vertex X="17943" Y="43260" Z="0"/>
					<Vertex X="17784" Y="43121" Z="0"/>
					<Vertex X="17724" Y="43002" Z="0"/>
					<Vertex X="17645" Y="42843" Z="0"/>
					<Vertex X="17586" Y="42665" Z="0"/>
					<Vertex X="17526" Y="42526" Z="0"/>
					<Vertex X="17487" Y="42407" Z="0"/>
					<Vertex X="17487" Y="42229" Z="0"/>
					<Vertex X="17487" Y="42110" Z="0"/>
					<Vertex X="17487" Y="41931" Z="0"/>
					<Vertex X="17526" Y="41812" Z="0"/>
					<Vertex X="17526" Y="41694" Z="0"/>
					<Vertex X="17586" Y="41535" Z="0"/>
					<Vertex X="17606" Y="41456" Z="0"/>
					<Vertex X="17645" Y="41356" Z="0"/>
					<Vertex X="17764" Y="41218" Z="0"/>
					<Vertex X="17824" Y="41119" Z="0"/>
					<Vertex X="17903" Y="41059" Z="0"/>
					<Vertex X="18002" Y="40980" Z="0"/>
					<Vertex X="18081" Y="40980" Z="0"/>
					<Vertex X="18180" Y="40980" Z="0"/>
					<Vertex X="18200" Y="41000" Z="0"/>
					<Vertex X="18260" Y="41039" Z="0"/>
					<Vertex X="18359" Y="41099" Z="0"/>
					<Vertex X="18438" Y="41178" Z="0"/>
					<Vertex X="18498" Y="41238" Z="0"/>
					<Vertex X="18597" Y="41356" Z="0"/>
					<Vertex X="18716" Y="41475" Z="0"/>
					<Vertex X="18795" Y="41535" Z="0"/>
					<Vertex X="18894" Y="41594" Z="0"/>
					<Vertex X="19033" Y="41694" Z="0"/>
					<Vertex X="19132" Y="41753" Z="0"/>
					<Vertex X="19211" Y="41773" Z="0"/>
					<Vertex X="19370" Y="41812" Z="0"/>
					<Vertex X="19449" Y="41832" Z="0"/>
					<Vertex X="19548" Y="41832" Z="0"/>
					<Vertex X="19687" Y="41832" Z="0"/>
					<Vertex X="19786" Y="41832" Z="0"/>
					<Vertex X="19905" Y="41812" Z="0"/>
					<Vertex X="19985" Y="41773" Z="0"/>
					<Vertex X="20084" Y="41694" Z="0"/>
					<Vertex X="20143" Y="41634" Z="0"/>
					<Vertex X="20163" Y="41575" Z="0"/>
					<Vertex X="20262" Y="41456" Z="0"/>
					<Vertex X="20322" Y="41356" Z="0"/>
					<Vertex X="20441" Y="41218" Z="0"/>
					<Vertex X="20520" Y="41119" Z="0"/>
					<Vertex X="20579" Y="41000" Z="0"/>
					<Vertex X="20698" Y="40821" Z="0"/>
					<Vertex X="20797" Y="40702" Z="0"/>
					<Vertex X="20936" Y="40524" Z="0"/>
					<Vertex X="20996" Y="40385" Z="0"/>
					<Vertex X="21095" Y="40207" Z="0"/>
					<Vertex X="21174" Y="40088" Z="0"/>
					<Vertex X="21234" Y="39909" Z="0"/>
					<Vertex X="21273" Y="39790" Z="0"/>
					<Vertex X="21293" Y="39671" Z="0"/>
					<Vertex X="21333" Y="39493" Z="0"/>
					<Vertex X="21333" Y="39394" Z="0"/>
					<Vertex X="21333" Y="39215" Z="0"/>
					<Vertex X="21333" Y="39096" Z="0"/>
					<Vertex X="21293" Y="38977" Z="0"/>
					<Vertex X="21234" Y="38799" Z="0"/>
					<Vertex X="21154" Y="38660" Z="0"/>
					<Vertex X="21095" Y="38541" Z="0"/>
					<Vertex X="21035" Y="38422" Z="0"/>
					<Vertex X="20877" Y="38264" Z="0"/>
					<Vertex X="20797" Y="38145" Z="0"/>
					<Vertex X="20678" Y="37986" Z="0"/>
					<Vertex X="20579" Y="37887" Z="0"/>
					<Vertex X="20460" Y="37728" Z="0"/>
					<Vertex X="20322" Y="37590" Z="0"/>
					<Vertex X="20203" Y="37471" Z="0"/>
					<Vertex X="20104" Y="37352" Z="0"/>
					<Vertex X="19965" Y="37173" Z="0"/>
					<Vertex X="19846" Y="37074" Z="0"/>
					<Vertex X="19687" Y="36896" Z="0"/>
					<Vertex X="19608" Y="36816" Z="0"/>
					<Vertex X="19449" Y="36658" Z="0"/>
					<Vertex X="19330" Y="36539" Z="0"/>
					<Vertex X="19251" Y="36479" Z="0"/>
					<Vertex X="19073" Y="36341" Z="0"/>
					<Vertex X="18973" Y="36281" Z="0"/>
					<Vertex X="18835" Y="36162" Z="0"/>
					<Vertex X="18736" Y="36103" Z="0"/>
					<Vertex X="18656" Y="36043" Z="0"/>
					<Vertex X="18498" Y="35944" Z="0"/>
					<Vertex X="18418" Y="35885" Z="0"/>
					<Vertex X="18319" Y="35805" Z="0"/>
					<Vertex X="18260" Y="35766" Z="0"/>
					<Vertex X="18141" Y="35706" Z="0"/>
					<Vertex X="18022" Y="35647" Z="0"/>
					<Vertex X="17943" Y="35627" Z="0"/>
					<Vertex X="17883" Y="35567" Z="0"/>
					<Vertex X="17764" Y="35508" Z="0"/>
					<Vertex X="17665" Y="35468" Z="0"/>
					<Vertex X="17546" Y="35448" Z="0"/>
					<Vertex X="17467" Y="35389" Z="0"/>
					<Vertex X="17368" Y="35349" Z="0"/>
					<Vertex X="17229" Y="35330" Z="0"/>
					<Vertex X="17130" Y="35270" Z="0"/>
					<Vertex X="17050" Y="35230" Z="0"/>
					<Vertex X="16951" Y="35211" Z="0"/>
					<Vertex X="16892" Y="35171" Z="0"/>
					<Vertex X="16773" Y="35111" Z="0"/>
					<Vertex X="16694" Y="35092" Z="0"/>
					<Vertex X="16535" Y="35052" Z="0"/>
					<Vertex X="16456" Y="35032" Z="0"/>
					<Vertex X="16297" Y="35032" Z="0"/>
					<Vertex X="16218" Y="34992" Z="0"/>
					<Vertex X="16158" Y="34973" Z="0"/>
					<Vertex X="16000" Y="34933" Z="0"/>
					<Vertex X="15940" Y="34933" Z="0"/>
					<Vertex X="15861" Y="34913" Z="0"/>
					<Vertex X="15742" Y="34913" Z="0"/>
					<Vertex X="15643" Y="34874" Z="0"/>
					<Vertex X="15563" Y="34874" Z="0"/>
					<Vertex X="15445" Y="34874" Z="0"/>
					<Vertex X="15345" Y="34874" Z="0"/>
					<Vertex X="15226" Y="34913" Z="0"/>
					<Vertex X="15147" Y="34933" Z="0"/>
					<Vertex X="14989" Y="34973" Z="0"/>
					<Vertex X="14909" Y="34992" Z="0"/>
					<Vertex X="14751" Y="35032" Z="0"/>
					<Vertex X="14671" Y="35052" Z="0"/>
					<Vertex X="14612" Y="35092" Z="0"/>
					<Vertex X="14493" Y="35151" Z="0"/>
					<Vertex X="14394" Y="35171" Z="0"/>
					<Vertex X="14334" Y="35211" Z="0"/>
					<Vertex X="14196" Y="35290" Z="0"/>
					<Vertex X="14096" Y="35389" Z="0"/>
					<Vertex X="13977" Y="35448" Z="0"/>
					<Vertex X="13858" Y="35567" Z="0"/>
					<Vertex X="13799" Y="35647" Z="0"/>
					<Vertex X="13720" Y="35805" Z="0"/>
					<Vertex X="13660" Y="35924" Z="0"/>
					<Vertex X="13561" Y="36103" Z="0"/>
					<Vertex X="13502" Y="36182" Z="0"/>
					<Vertex X="13482" Y="36301" Z="0"/>
					<Vertex X="13422" Y="36460" Z="0"/>
					<Vertex X="13383" Y="36598" Z="0"/>
					<Vertex X="13363" Y="36717" Z="0"/>
					<Vertex X="13363" Y="36955" Z="0"/>
					<Vertex X="13363" Y="37114" Z="0"/>
					<Vertex X="13363" Y="37352" Z="0"/>
					<Vertex X="13383" Y="37530" Z="0"/>
					<Vertex X="13442" Y="37808" Z="0"/>
					<Vertex X="13482" Y="37946" Z="0"/>
					<Vertex X="13502" Y="38125" Z="0"/>
					<Vertex X="13601" Y="38363" Z="0"/>
					<Vertex X="13660" Y="38502" Z="0"/>
					<Vertex X="13720" Y="38740" Z="0"/>
					<Vertex X="13779" Y="38918" Z="0"/>
					<Vertex X="13799" Y="39096" Z="0"/>
					<Vertex X="13858" Y="39374" Z="0"/>
					<Vertex X="13898" Y="39572" Z="0"/>
					<Vertex X="13958" Y="39790" Z="0"/>
					<Vertex X="14017" Y="40088" Z="0"/>
					<Vertex X="14037" Y="40266" Z="0"/>
					<Vertex X="14136" Y="40563" Z="0"/>
					<Vertex X="14196" Y="40762" Z="0"/>
					<Vertex X="14255" Y="40980" Z="0"/>
					<Vertex X="14275" Y="41297" Z="0"/>
					<Vertex X="14334" Y="41515" Z="0"/>
					<Vertex X="14394" Y="41832" Z="0"/>
					<Vertex X="14433" Y="42011" Z="0"/>
					<Vertex X="14453" Y="42308" Z="0"/>
					<Vertex X="14493" Y="42526" Z="0"/>
					<Vertex X="14552" Y="42843" Z="0"/>
					<Vertex X="14572" Y="43141" Z="0"/>
					<Vertex X="14632" Y="43359" Z="0"/>
					<Vertex X="14731" Y="43676" Z="0"/>
					<Vertex X="14751" Y="43894" Z="0"/>
					<Vertex X="14810" Y="44092" Z="0"/>
					<Vertex X="14909" Y="44429" Z="0"/>
					<Vertex X="14969" Y="44608" Z="0"/>
					<Vertex X="15048" Y="44846" Z="0"/>
					<Vertex X="15108" Y="45024" Z="0"/>
					<Vertex X="15167" Y="45203" Z="0"/>
					<Vertex X="15266" Y="45441" Z="0"/>
					<Vertex X="15326" Y="45678" Z="0"/>
					<Vertex X="15385" Y="45817" Z="0"/>
					<Vertex X="15445" Y="46035" Z="0"/>
					<Vertex X="15464" Y="46174" Z="0"/>
					<Vertex X="15524" Y="46412" Z="0"/>
					<Vertex X="15524" Y="46571" Z="0"/>
					<Vertex X="15563" Y="46709" Z="0"/>
					<Vertex X="15583" Y="46947" Z="0"/>
					<Vertex X="15583" Y="47066" Z="0"/>
					<Vertex X="15623" Y="47225" Z="0"/>
					<Vertex X="15623" Y="47463" Z="0"/>
					<Vertex X="15623" Y="47641" Z="0"/>
					<Vertex X="15623" Y="47859" Z="0"/>
					<Vertex X="15643" Y="48058" Z="0"/>
					<Vertex X="15643" Y="48196" Z="0"/>
					<Vertex X="15643" Y="48355" Z="0"/>
					<Vertex X="15643" Y="48593" Z="0"/>
					<Vertex X="15643" Y="48751" Z="0"/>
					<Vertex X="15682" Y="48910" Z="0"/>
					<Vertex X="15682" Y="49148" Z="0"/>
					<Vertex X="15682" Y="49307" Z="0"/>
					<Vertex X="15702" Y="49544" Z="0"/>
					<Vertex X="15742" Y="49663" Z="0"/>
					<Vertex X="15762" Y="49782" Z="0"/>
					<Vertex X="15801" Y="49842" Z="0"/>
					<Vertex X="15861" Y="49584" Z="0"/>
				</Vertices>
			</Region>
			<Region Id="2" Type="0" Zoom="0.015386" Selected="1" ImageLocation="" ImageFocus="-1" Length="268863.3" Area="1922224405.5" LengthMicrons="67807.3" AreaMicrons="122262775.8" Text="" NegativeROA="0" InputRegionId="0" Analyze="1" DisplayId="2">
				<Attributes/>
				<Vertices>
					<Vertex X="45024" Y="56205" Z="0"/>
					<Vertex X="44945" Y="56225" Z="0"/>
					<Vertex X="44786" Y="56225" Z="0"/>
					<Vertex X="44726" Y="56205" Z="0"/>
					<Vertex X="44608" Y="56205" Z="0"/>
					<Vertex X="44528" Y="56146" Z="0"/>
					<Vertex X="44409" Y="56086" Z="0"/>
					<Vertex X="44330" Y="56027" Z="0"/>
					<Vertex X="44251" Y="55908" Z="0"/>
					<Vertex X="44171" Y="55789" Z="0"/>
					<Vertex X="44112" Y="55670" Z="0"/>
					<Vertex X="44033" Y="55611" Z="0"/>
					<Vertex X="43953" Y="55492" Z="0"/>
					<Vertex X="43795" Y="55392" Z="0"/>
					<Vertex X="43676" Y="55293" Z="0"/>
					<Vertex X="43577" Y="55194" Z="0"/>
					<Vertex X="43477" Y="55135" Z="0"/>
					<Vertex X="43358" Y="55036" Z="0"/>
					<Vertex X="43240" Y="54936" Z="0"/>
					<Vertex X="43101" Y="54857" Z="0"/>
					<Vertex X="43002" Y="54818" Z="0"/>
					<Vertex X="42883" Y="54718" Z="0"/>
					<Vertex X="42744" Y="54639" Z="0"/>
					<Vertex X="42605" Y="54599" Z="0"/>
					<Vertex X="42427" Y="54540" Z="0"/>
					<Vertex X="42288" Y="54500" Z="0"/>
					<Vertex X="42129" Y="54481" Z="0"/>
					<Vertex X="41991" Y="54461" Z="0"/>
					<Vertex X="41872" Y="54461" Z="0"/>
					<Vertex X="41693" Y="54461" Z="0"/>
					<Vertex X="41515" Y="54461" Z="0"/>
					<Vertex X="41336" Y="54461" Z="0"/>
					<Vertex X="41198" Y="54461" Z="0"/>
					<Vertex X="40999" Y="54461" Z="0"/>
					<Vertex X="40821" Y="54461" Z="0"/>
					<Vertex X="40662" Y="54421" Z="0"/>
					<Vertex X="40563" Y="54401" Z="0"/>
					<Vertex X="40365" Y="54401" Z="0"/>
					<Vertex X="40206" Y="54362" Z="0"/>
					<Vertex X="40067" Y="54362" Z="0"/>
					<Vertex X="39869" Y="54362" Z="0"/>
					<Vertex X="39691" Y="54362" Z="0"/>
					<Vertex X="39552" Y="54362" Z="0"/>
					<Vertex X="39453" Y="54322" Z="0"/>
					<Vertex X="39314" Y="54322" Z="0"/>
					<Vertex X="39155" Y="54302" Z="0"/>
					<Vertex X="39076" Y="54302" Z="0"/>
					<Vertex X="38957" Y="54262" Z="0"/>
					<Vertex X="38799" Y="54243" Z="0"/>
					<Vertex X="38660" Y="54203" Z="0"/>
					<Vertex X="38561" Y="54203" Z="0"/>
					<Vertex X="38442" Y="54183" Z="0"/>
					<Vertex X="38303" Y="54143" Z="0"/>
					<Vertex X="38164" Y="54124" Z="0"/>
					<Vertex X="38065" Y="54124" Z="0"/>
					<Vertex X="37887" Y="54084" Z="0"/>
					<Vertex X="37708" Y="54064" Z="0"/>
					<Vertex X="37530" Y="54025" Z="0"/>
					<Vertex X="37351" Y="54025" Z="0"/>
					<Vertex X="37232" Y="54005" Z="0"/>
					<Vertex X="37054" Y="54005" Z="0"/>
					<Vertex X="36876" Y="54005" Z="0"/>
					<Vertex X="36717" Y="54005" Z="0"/>
					<Vertex X="36519" Y="53965" Z="0"/>
					<Vertex X="36301" Y="53965" Z="0"/>
					<Vertex X="36162" Y="54005" Z="0"/>
					<Vertex X="35924" Y="54005" Z="0"/>
					<Vertex X="35706" Y="54025" Z="0"/>
					<Vertex X="35468" Y="54064" Z="0"/>
					<Vertex X="35210" Y="54084" Z="0"/>
					<Vertex X="34933" Y="54143" Z="0"/>
					<Vertex X="34675" Y="54183" Z="0"/>
					<Vertex X="34437" Y="54243" Z="0"/>
					<Vertex X="34278" Y="54262" Z="0"/>
					<Vertex X="34021" Y="54362" Z="0"/>
					<Vertex X="33783" Y="54421" Z="0"/>
					<Vertex X="33545" Y="54500" Z="0"/>
					<Vertex X="33366" Y="54560" Z="0"/>
					<Vertex X="33148" Y="54659" Z="0"/>
					<Vertex X="32950" Y="54778" Z="0"/>
					<Vertex X="32732" Y="54897" Z="0"/>
					<Vertex X="32494" Y="55016" Z="0"/>
					<Vertex X="32355" Y="55095" Z="0"/>
					<Vertex X="32137" Y="55254" Z="0"/>
					<Vertex X="31939" Y="55432" Z="0"/>
					<Vertex X="31721" Y="55571" Z="0"/>
					<Vertex X="31523" Y="55730" Z="0"/>
					<Vertex X="31305" Y="55908" Z="0"/>
					<Vertex X="31047" Y="56146" Z="0"/>
					<Vertex X="30868" Y="56324" Z="0"/>
					<Vertex X="30650" Y="56562" Z="0"/>
					<Vertex X="30472" Y="56741" Z="0"/>
					<Vertex X="29937" Y="57117" Z="0"/>
					<Vertex X="29798" Y="57177" Z="0"/>
					<Vertex X="29679" Y="57216" Z="0"/>
					<Vertex X="29580" Y="57236" Z="0"/>
					<Vertex X="29461" Y="57236" Z="0"/>
					<Vertex X="29342" Y="57216" Z="0"/>
					<Vertex X="29203" Y="57177" Z="0"/>
					<Vertex X="29044" Y="57177" Z="0"/>
					<Vertex X="28807" Y="57177" Z="0"/>
					<Vertex X="28608" Y="57236" Z="0"/>
					<Vertex X="28390" Y="57276" Z="0"/>
					<Vertex X="28212" Y="57335" Z="0"/>
					<Vertex X="28014" Y="57395" Z="0"/>
					<Vertex X="27855" Y="57415" Z="0"/>
					<Vertex X="27617" Y="57514" Z="0"/>
					<Vertex X="27419" Y="57573" Z="0"/>
					<Vertex X="27260" Y="57633" Z="0"/>
					<Vertex X="27062" Y="57712" Z="0"/>
					<Vertex X="26883" Y="57831" Z="0"/>
					<Vertex X="26665" Y="57930" Z="0"/>
					<Vertex X="26546" Y="58009" Z="0"/>
					<Vertex X="26368" Y="58109" Z="0"/>
					<Vertex X="26229" Y="58228" Z="0"/>
					<Vertex X="26071" Y="58366" Z="0"/>
					<Vertex X="25932" Y="58505" Z="0"/>
					<Vertex X="25813" Y="58604" Z="0"/>
					<Vertex X="25714" Y="58723" Z="0"/>
					<Vertex X="25634" Y="58842" Z="0"/>
					<Vertex X="25535" Y="58941" Z="0"/>
					<Vertex X="25516" Y="59001" Z="0"/>
					<Vertex X="25476" Y="58961" Z="0"/>
					<Vertex X="25456" Y="58961" Z="0"/>
					<Vertex X="25416" Y="58961" Z="0"/>
					<Vertex X="25397" Y="58961" Z="0"/>
					<Vertex X="25297" Y="59001" Z="0"/>
					<Vertex X="25238" Y="59021" Z="0"/>
					<Vertex X="25119" Y="59080" Z="0"/>
					<Vertex X="24980" Y="59179" Z="0"/>
					<Vertex X="24822" Y="59239" Z="0"/>
					<Vertex X="24742" Y="59318" Z="0"/>
					<Vertex X="24564" Y="59417" Z="0"/>
					<Vertex X="24405" Y="59477" Z="0"/>
					<Vertex X="24267" Y="59556" Z="0"/>
					<Vertex X="24108" Y="59655" Z="0"/>
					<Vertex X="24029" Y="59714" Z="0"/>
					<Vertex X="23870" Y="59794" Z="0"/>
					<Vertex X="23751" Y="59853" Z="0"/>
					<Vertex X="23454" Y="60032" Z="0"/>
					<Vertex X="23315" Y="60151" Z="0"/>
					<Vertex X="23136" Y="60309" Z="0"/>
					<Vertex X="22839" Y="60507" Z="0"/>
					<Vertex X="22680" Y="60626" Z="0"/>
					<Vertex X="22542" Y="60745" Z="0"/>
					<Vertex X="22383" Y="60904" Z="0"/>
					<Vertex X="22244" Y="61023" Z="0"/>
					<Vertex X="22125" Y="61142" Z="0"/>
					<Vertex X="22026" Y="61221" Z="0"/>
					<Vertex X="21907" Y="61380" Z="0"/>
					<Vertex X="21788" Y="61538" Z="0"/>
					<Vertex X="21669" Y="61697" Z="0"/>
					<Vertex X="21531" Y="61895" Z="0"/>
					<Vertex X="21412" Y="62054" Z="0"/>
					<Vertex X="21293" Y="62232" Z="0"/>
					<Vertex X="21233" Y="62351" Z="0"/>
					<Vertex X="21134" Y="62530" Z="0"/>
					<Vertex X="21015" Y="62708" Z="0"/>
					<Vertex X="20936" Y="62867" Z="0"/>
					<Vertex X="20817" Y="63005" Z="0"/>
					<Vertex X="20757" Y="63065" Z="0"/>
					<Vertex X="20658" Y="63124" Z="0"/>
					<Vertex X="20599" Y="63164" Z="0"/>
					<Vertex X="20579" Y="63124" Z="0"/>
					<Vertex X="20519" Y="63045" Z="0"/>
					<Vertex X="20420" Y="62867" Z="0"/>
					<Vertex X="20361" Y="62748" Z="0"/>
					<Vertex X="20301" Y="62629" Z="0"/>
					<Vertex X="20282" Y="62530" Z="0"/>
					<Vertex X="20222" Y="62431" Z="0"/>
					<Vertex X="20163" Y="62292" Z="0"/>
					<Vertex X="20063" Y="62173" Z="0"/>
					<Vertex X="20004" Y="62054" Z="0"/>
					<Vertex X="19925" Y="61975" Z="0"/>
					<Vertex X="19865" Y="61915" Z="0"/>
					<Vertex X="19766" Y="61796" Z="0"/>
					<Vertex X="19647" Y="61737" Z="0"/>
					<Vertex X="19568" Y="61677" Z="0"/>
					<Vertex X="19449" Y="61618" Z="0"/>
					<Vertex X="19389" Y="61578" Z="0"/>
					<Vertex X="19290" Y="61538" Z="0"/>
					<Vertex X="19211" Y="61459" Z="0"/>
					<Vertex X="19112" Y="61439" Z="0"/>
					<Vertex X="19033" Y="61380" Z="0"/>
					<Vertex X="18933" Y="61380" Z="0"/>
					<Vertex X="18914" Y="61380" Z="0"/>
					<Vertex X="18814" Y="61340" Z="0"/>
					<Vertex X="18795" Y="61380" Z="0"/>
					<Vertex X="18755" Y="61439" Z="0"/>
					<Vertex X="18735" Y="61499" Z="0"/>
					<Vertex X="18676" Y="61618" Z="0"/>
					<Vertex X="18676" Y="61737" Z="0"/>
					<Vertex X="18636" Y="61856" Z="0"/>
					<Vertex X="18636" Y="61975" Z="0"/>
					<Vertex X="18636" Y="62094" Z="0"/>
					<Vertex X="18636" Y="62173" Z="0"/>
					<Vertex X="18676" Y="62331" Z="0"/>
					<Vertex X="18676" Y="62510" Z="0"/>
					<Vertex X="18676" Y="62708" Z="0"/>
					<Vertex X="18676" Y="62926" Z="0"/>
					<Vertex X="18676" Y="63164" Z="0"/>
					<Vertex X="18676" Y="63362" Z="0"/>
					<Vertex X="18676" Y="63600" Z="0"/>
					<Vertex X="18696" Y="63818" Z="0"/>
					<Vertex X="18696" Y="64056" Z="0"/>
					<Vertex X="18735" Y="64195" Z="0"/>
					<Vertex X="18735" Y="64433" Z="0"/>
					<Vertex X="18794" Y="64651" Z="0"/>
					<Vertex X="19032" Y="65920" Z="0"/>
					<Vertex X="19191" Y="66673" Z="0"/>
					<Vertex X="19250" Y="67090" Z="0"/>
					<Vertex X="19330" Y="67506" Z="0"/>
					<Vertex X="19369" Y="67764" Z="0"/>
					<Vertex X="19429" Y="68220" Z="0"/>
					<Vertex X="19508" Y="68636" Z="0"/>
					<Vertex X="19607" Y="69052" Z="0"/>
					<Vertex X="19726" Y="69469" Z="0"/>
					<Vertex X="19845" Y="69845" Z="0"/>
					<Vertex X="19924" Y="70202" Z="0"/>
					<Vertex X="20043" Y="70559" Z="0"/>
					<Vertex X="20083" Y="70797" Z="0"/>
					<Vertex X="20162" Y="71154" Z="0"/>
					<Vertex X="20261" Y="71451" Z="0"/>
					<Vertex X="20321" Y="71669" Z="0"/>
					<Vertex X="20400" Y="71927" Z="0"/>
					<Vertex X="20499" Y="72205" Z="0"/>
					<Vertex X="20579" Y="72462" Z="0"/>
					<Vertex X="20678" Y="72680" Z="0"/>
					<Vertex X="20737" Y="72819" Z="0"/>
					<Vertex X="20797" Y="72998" Z="0"/>
					<Vertex X="20856" Y="73156" Z="0"/>
					<Vertex X="20916" Y="73295" Z="0"/>
					<Vertex X="20975" Y="73394" Z="0"/>
					<Vertex X="20995" Y="73454" Z="0"/>
					<Vertex X="21054" Y="73513" Z="0"/>
					<Vertex X="21094" Y="73553" Z="0"/>
					<Vertex X="21114" Y="73573" Z="0"/>
					<Vertex X="21173" Y="73592" Z="0"/>
					<Vertex X="21272" Y="73632" Z="0"/>
					<Vertex X="21391" Y="73652" Z="0"/>
					<Vertex X="21510" Y="73692" Z="0"/>
					<Vertex X="21629" Y="73692" Z="0"/>
					<Vertex X="21808" Y="73692" Z="0"/>
					<Vertex X="22006" Y="73692" Z="0"/>
					<Vertex X="22184" Y="73652" Z="0"/>
					<Vertex X="22303" Y="73632" Z="0"/>
					<Vertex X="22521" Y="73632" Z="0"/>
					<Vertex X="22660" Y="73592" Z="0"/>
					<Vertex X="22819" Y="73592" Z="0"/>
					<Vertex X="22938" Y="73592" Z="0"/>
					<Vertex X="23116" Y="73632" Z="0"/>
					<Vertex X="23255" Y="73632" Z="0"/>
					<Vertex X="23374" Y="73632" Z="0"/>
					<Vertex X="23533" Y="73632" Z="0"/>
					<Vertex X="23612" Y="73632" Z="0"/>
					<Vertex X="23770" Y="73632" Z="0"/>
					<Vertex X="23889" Y="73632" Z="0"/>
					<Vertex X="23969" Y="73632" Z="0"/>
					<Vertex X="24127" Y="73632" Z="0"/>
					<Vertex X="24306" Y="73632" Z="0"/>
					<Vertex X="24445" Y="73632" Z="0"/>
					<Vertex X="24564" Y="73592" Z="0"/>
					<Vertex X="24722" Y="73592" Z="0"/>
					<Vertex X="24841" Y="73592" Z="0"/>
					<Vertex X="24940" Y="73592" Z="0"/>
					<Vertex X="25079" Y="73573" Z="0"/>
					<Vertex X="25198" Y="73573" Z="0"/>
					<Vertex X="25317" Y="73573" Z="0"/>
					<Vertex X="25396" Y="73553" Z="0"/>
					<Vertex X="25555" Y="73513" Z="0"/>
					<Vertex X="25694" Y="73473" Z="0"/>
					<Vertex X="25793" Y="73454" Z="0"/>
					<Vertex X="25912" Y="73414" Z="0"/>
					<Vertex X="26050" Y="73355" Z="0"/>
					<Vertex X="26209" Y="73295" Z="0"/>
					<Vertex X="26348" Y="73255" Z="0"/>
					<Vertex X="26506" Y="73156" Z="0"/>
					<Vertex X="26566" Y="73097" Z="0"/>
					<Vertex X="26705" Y="73037" Z="0"/>
					<Vertex X="26883" Y="72978" Z="0"/>
					<Vertex X="27042" Y="72879" Z="0"/>
					<Vertex X="27121" Y="72819" Z="0"/>
					<Vertex X="27280" Y="72760" Z="0"/>
					<Vertex X="27418" Y="72680" Z="0"/>
					<Vertex X="27597" Y="72581" Z="0"/>
					<Vertex X="27775" Y="72462" Z="0"/>
					<Vertex X="27954" Y="72363" Z="0"/>
					<Vertex X="28112" Y="72264" Z="0"/>
					<Vertex X="28311" Y="72125" Z="0"/>
					<Vertex X="28529" Y="71967" Z="0"/>
					<Vertex X="28727" Y="71828" Z="0"/>
					<Vertex X="28945" Y="71669" Z="0"/>
					<Vertex X="29143" Y="71550" Z="0"/>
					<Vertex X="29262" Y="71431" Z="0"/>
					<Vertex X="29480" Y="71273" Z="0"/>
					<Vertex X="29659" Y="71094" Z="0"/>
					<Vertex X="29857" Y="70956" Z="0"/>
					<Vertex X="30016" Y="70777" Z="0"/>
					<Vertex X="30134" Y="70658" Z="0"/>
					<Vertex X="30293" Y="70500" Z="0"/>
					<Vertex X="30432" Y="70381" Z="0"/>
					<Vertex X="30610" Y="70282" Z="0"/>
					<Vertex X="30749" Y="70123" Z="0"/>
					<Vertex X="30848" Y="70044" Z="0"/>
					<Vertex X="30967" Y="69905" Z="0"/>
					<Vertex X="31126" Y="69766" Z="0"/>
					<Vertex X="31265" Y="69647" Z="0"/>
					<Vertex X="31403" Y="69489" Z="0"/>
					<Vertex X="31582" Y="69310" Z="0"/>
					<Vertex X="31701" Y="69191" Z="0"/>
					<Vertex X="31859" Y="69052" Z="0"/>
					<Vertex X="32038" Y="68894" Z="0"/>
					<Vertex X="32196" Y="68755" Z="0"/>
					<Vertex X="32335" Y="68577" Z="0"/>
					<Vertex X="32474" Y="68418" Z="0"/>
					<Vertex X="32573" Y="68299" Z="0"/>
					<Vertex X="32732" Y="68160" Z="0"/>
					<Vertex X="32870" Y="67982" Z="0"/>
					<Vertex X="33029" Y="67843" Z="0"/>
					<Vertex X="33168" Y="67704" Z="0"/>
					<Vertex X="33267" Y="67625" Z="0"/>
					<Vertex X="33366" Y="67486" Z="0"/>
					<Vertex X="33525" Y="67328" Z="0"/>
					<Vertex X="33663" Y="67189" Z="0"/>
					<Vertex X="33822" Y="66991" Z="0"/>
					<Vertex X="33961" Y="66792" Z="0"/>
					<Vertex X="34100" Y="66673" Z="0"/>
					<Vertex X="34258" Y="66455" Z="0"/>
					<Vertex X="34437" Y="66257" Z="0"/>
					<Vertex X="34635" Y="66019" Z="0"/>
					<Vertex X="34774" Y="65781" Z="0"/>
					<Vertex X="34952" Y="65523" Z="0"/>
					<Vertex X="35091" Y="65305" Z="0"/>
					<Vertex X="35249" Y="65067" Z="0"/>
					<Vertex X="35309" Y="64909" Z="0"/>
					<Vertex X="35428" Y="64671" Z="0"/>
					<Vertex X="35507" Y="64473" Z="0"/>
					<Vertex X="35606" Y="64235" Z="0"/>
					<Vertex X="35666" Y="64017" Z="0"/>
					<Vertex X="35686" Y="63898" Z="0"/>
					<Vertex X="35745" Y="63640" Z="0"/>
					<Vertex X="35745" Y="63521" Z="0"/>
					<Vertex X="35785" Y="63303" Z="0"/>
					<Vertex X="35805" Y="63125" Z="0"/>
					<Vertex X="35864" Y="62946" Z="0"/>
					<Vertex X="35924" Y="62807" Z="0"/>
					<Vertex X="36023" Y="62688" Z="0"/>
					<Vertex X="36161" Y="62569" Z="0"/>
					<Vertex X="36340" Y="62450" Z="0"/>
					<Vertex X="36558" Y="62292" Z="0"/>
					<Vertex X="36796" Y="62153" Z="0"/>
					<Vertex X="37034" Y="61994" Z="0"/>
					<Vertex X="37212" Y="61915" Z="0"/>
					<Vertex X="37450" Y="61757" Z="0"/>
					<Vertex X="37688" Y="61677" Z="0"/>
					<Vertex X="37886" Y="61578" Z="0"/>
					<Vertex X="38065" Y="61519" Z="0"/>
					<Vertex X="38283" Y="61499" Z="0"/>
					<Vertex X="38461" Y="61459" Z="0"/>
					<Vertex X="38659" Y="61439" Z="0"/>
					<Vertex X="38838" Y="61439" Z="0"/>
					<Vertex X="39016" Y="61400" Z="0"/>
					<Vertex X="39115" Y="61400" Z="0"/>
					<Vertex X="39234" Y="61380" Z="0"/>
					<Vertex X="39353" Y="61380" Z="0"/>
					<Vertex X="39413" Y="61380" Z="0"/>
					<Vertex X="39472" Y="61380" Z="0"/>
					<Vertex X="39472" Y="61400" Z="0"/>
					<Vertex X="39492" Y="61400" Z="0"/>
					<Vertex X="39532" Y="61439" Z="0"/>
					<Vertex X="39552" Y="61459" Z="0"/>
					<Vertex X="39591" Y="61499" Z="0"/>
					<Vertex X="39611" Y="61558" Z="0"/>
					<Vertex X="39611" Y="61618" Z="0"/>
					<Vertex X="39651" Y="61737" Z="0"/>
					<Vertex X="39671" Y="61876" Z="0"/>
					<Vertex X="39671" Y="62034" Z="0"/>
					<Vertex X="39671" Y="62153" Z="0"/>
					<Vertex X="39671" Y="62332" Z="0"/>
					<Vertex X="39710" Y="62530" Z="0"/>
					<Vertex X="39730" Y="62708" Z="0"/>
					<Vertex X="39770" Y="62926" Z="0"/>
					<Vertex X="39809" Y="63144" Z="0"/>
					<Vertex X="39809" Y="63382" Z="0"/>
					<Vertex X="39829" Y="63600" Z="0"/>
					<Vertex X="39889" Y="63818" Z="0"/>
					<Vertex X="39968" Y="63997" Z="0"/>
					<Vertex X="40067" Y="64136" Z="0"/>
					<Vertex X="40186" Y="64334" Z="0"/>
					<Vertex X="40246" Y="64413" Z="0"/>
					<Vertex X="40364" Y="64532" Z="0"/>
					<Vertex X="40483" Y="64651" Z="0"/>
					<Vertex X="40602" Y="64711" Z="0"/>
					<Vertex X="40741" Y="64770" Z="0"/>
					<Vertex X="40900" Y="64830" Z="0"/>
					<Vertex X="41019" Y="64889" Z="0"/>
					<Vertex X="41138" Y="64929" Z="0"/>
					<Vertex X="41257" Y="65008" Z="0"/>
					<Vertex X="41376" Y="65107" Z="0"/>
					<Vertex X="41475" Y="65186" Z="0"/>
					<Vertex X="41534" Y="65305" Z="0"/>
					<Vertex X="41574" Y="65424" Z="0"/>
					<Vertex X="41574" Y="65603" Z="0"/>
					<Vertex X="41613" Y="65781" Z="0"/>
					<Vertex X="41613" Y="65960" Z="0"/>
					<Vertex X="41613" Y="66079" Z="0"/>
					<Vertex X="41653" Y="66297" Z="0"/>
					<Vertex X="41613" Y="66455" Z="0"/>
					<Vertex X="41574" Y="66673" Z="0"/>
					<Vertex X="41554" Y="66891" Z="0"/>
					<Vertex X="41554" Y="67090" Z="0"/>
					<Vertex X="41554" Y="67268" Z="0"/>
					<Vertex X="41534" Y="67446" Z="0"/>
					<Vertex X="41495" Y="67645" Z="0"/>
					<Vertex X="41415" Y="67843" Z="0"/>
					<Vertex X="41276" Y="68041" Z="0"/>
					<Vertex X="41157" Y="68240" Z="0"/>
					<Vertex X="41019" Y="68458" Z="0"/>
					<Vertex X="40900" Y="68656" Z="0"/>
					<Vertex X="40741" Y="68894" Z="0"/>
					<Vertex X="40583" Y="69112" Z="0"/>
					<Vertex X="40404" Y="69310" Z="0"/>
					<Vertex X="40206" Y="69548" Z="0"/>
					<Vertex X="40008" Y="69826" Z="0"/>
					<Vertex X="39809" Y="70063" Z="0"/>
					<Vertex X="39591" Y="70282" Z="0"/>
					<Vertex X="39452" Y="70420" Z="0"/>
					<Vertex X="39135" Y="70678" Z="0"/>
					<Vertex X="38937" Y="70936" Z="0"/>
					<Vertex X="38699" Y="71134" Z="0"/>
					<Vertex X="38481" Y="71312" Z="0"/>
					<Vertex X="38263" Y="71491" Z="0"/>
					<Vertex X="38005" Y="71630" Z="0"/>
					<Vertex X="37807" Y="71788" Z="0"/>
					<Vertex X="37609" Y="71947" Z="0"/>
					<Vertex X="37371" Y="72066" Z="0"/>
					<Vertex X="37192" Y="72165" Z="0"/>
					<Vertex X="36974" Y="72264" Z="0"/>
					<Vertex X="36836" Y="72264" Z="0"/>
					<Vertex X="36677" Y="72264" Z="0"/>
					<Vertex X="36558" Y="72244" Z="0"/>
					<Vertex X="36498" Y="72205" Z="0"/>
					<Vertex X="36360" Y="72145" Z="0"/>
					<Vertex X="36161" Y="72066" Z="0"/>
					<Vertex X="36003" Y="71967" Z="0"/>
					<Vertex X="35824" Y="71848" Z="0"/>
					<Vertex X="35666" Y="71689" Z="0"/>
					<Vertex X="35527" Y="71550" Z="0"/>
					<Vertex X="35368" Y="71253" Z="0"/>
					<Vertex X="35309" Y="71094" Z="0"/>
					<Vertex X="35249" Y="70757" Z="0"/>
					<Vertex X="35190" Y="70500" Z="0"/>
					<Vertex X="35170" Y="70282" Z="0"/>
					<Vertex X="35091" Y="70123" Z="0"/>
					<Vertex X="35012" Y="69826" Z="0"/>
					<Vertex X="34952" Y="69647" Z="0"/>
					<Vertex X="34873" Y="69469" Z="0"/>
					<Vertex X="34754" Y="69310" Z="0"/>
					<Vertex X="34635" Y="69191" Z="0"/>
					<Vertex X="34496" Y="69072" Z="0"/>
					<Vertex X="34357" Y="69013" Z="0"/>
					<Vertex X="34199" Y="68973" Z="0"/>
					<Vertex X="34100" Y="68933" Z="0"/>
					<Vertex X="33941" Y="68933" Z="0"/>
					<Vertex X="33802" Y="68933" Z="0"/>
					<Vertex X="33644" Y="68973" Z="0"/>
					<Vertex X="33525" Y="68993" Z="0"/>
					<Vertex X="33366" Y="69052" Z="0"/>
					<Vertex X="33267" Y="69112" Z="0"/>
					<Vertex X="33108" Y="69191" Z="0"/>
					<Vertex X="32950" Y="69310" Z="0"/>
					<Vertex X="32831" Y="69449" Z="0"/>
					<Vertex X="32732" Y="69607" Z="0"/>
					<Vertex X="32593" Y="69786" Z="0"/>
					<Vertex X="32474" Y="70044" Z="0"/>
					<Vertex X="32335" Y="70282" Z="0"/>
					<Vertex X="32216" Y="70579" Z="0"/>
					<Vertex X="32097" Y="70876" Z="0"/>
					<Vertex X="31978" Y="71194" Z="0"/>
					<Vertex X="31879" Y="71471" Z="0"/>
					<Vertex X="31800" Y="71729" Z="0"/>
					<Vertex X="31740" Y="71987" Z="0"/>
					<Vertex X="31681" Y="72284" Z="0"/>
					<Vertex X="31661" Y="72581" Z="0"/>
					<Vertex X="31661" Y="72819" Z="0"/>
					<Vertex X="31661" Y="73097" Z="0"/>
					<Vertex X="31681" Y="73335" Z="0"/>
					<Vertex X="31681" Y="73573" Z="0"/>
					<Vertex X="31701" Y="73810" Z="0"/>
					<Vertex X="31740" Y="74009" Z="0"/>
					<Vertex X="31800" Y="74227" Z="0"/>
					<Vertex X="31820" Y="74405" Z="0"/>
					<Vertex X="31879" Y="74604" Z="0"/>
					<Vertex X="31978" Y="74822" Z="0"/>
					<Vertex X="32038" Y="75000" Z="0"/>
					<Vertex X="32117" Y="75178" Z="0"/>
					<Vertex X="32196" Y="75377" Z="0"/>
					<Vertex X="32295" Y="75555" Z="0"/>
					<Vertex X="32474" Y="75773" Z="0"/>
					<Vertex X="32633" Y="75912" Z="0"/>
					<Vertex X="32751" Y="76071" Z="0"/>
					<Vertex X="32890" Y="76229" Z="0"/>
					<Vertex X="33168" Y="76328" Z="0"/>
					<Vertex X="33346" Y="76427" Z="0"/>
					<Vertex X="33525" Y="76487" Z="0"/>
					<Vertex X="33644" Y="76507" Z="0"/>
					<Vertex X="33822" Y="76546" Z="0"/>
					<Vertex X="34000" Y="76606" Z="0"/>
					<Vertex X="34179" Y="76626" Z="0"/>
					<Vertex X="34338" Y="76665" Z="0"/>
					<Vertex X="34437" Y="76725" Z="0"/>
					<Vertex X="34556" Y="76784" Z="0"/>
					<Vertex X="34655" Y="76864" Z="0"/>
					<Vertex X="34754" Y="76963" Z="0"/>
					<Vertex X="34793" Y="77082" Z="0"/>
					<Vertex X="34873" Y="77161" Z="0"/>
					<Vertex X="34932" Y="77280" Z="0"/>
					<Vertex X="35012" Y="77379" Z="0"/>
					<Vertex X="35071" Y="77498" Z="0"/>
					<Vertex X="35091" Y="77577" Z="0"/>
					<Vertex X="35170" Y="77637" Z="0"/>
					<Vertex X="35170" Y="77696" Z="0"/>
					<Vertex X="35190" Y="77676" Z="0"/>
					<Vertex X="35190" Y="77696" Z="0"/>
					<Vertex X="35190" Y="77736" Z="0"/>
					<Vertex X="34983" Y="77891" Z="0"/>
					<Vertex X="35241" Y="78278" Z="0"/>
					<Vertex X="35434" Y="78665" Z="0"/>
					<Vertex X="35627" Y="79051" Z="0"/>
					<Vertex X="35885" Y="79631" Z="0"/>
					<Vertex X="35949" Y="80017" Z="0"/>
					<Vertex X="36143" Y="80468" Z="0"/>
					<Vertex X="36207" Y="80855" Z="0"/>
					<Vertex X="36336" Y="81242" Z="0"/>
					<Vertex X="36529" Y="81821" Z="0"/>
					<Vertex X="36658" Y="82272" Z="0"/>
					<Vertex X="36787" Y="82595" Z="0"/>
					<Vertex X="36916" Y="82917" Z="0"/>
					<Vertex X="36980" Y="83303" Z="0"/>
					<Vertex X="37174" Y="83496" Z="0"/>
					<Vertex X="37367" Y="83754" Z="0"/>
					<Vertex X="37496" Y="83947" Z="0"/>
					<Vertex X="37753" Y="84334" Z="0"/>
					<Vertex X="37882" Y="84527" Z="0"/>
					<Vertex X="38075" Y="84721" Z="0"/>
					<Vertex X="38269" Y="84914" Z="0"/>
					<Vertex X="38398" Y="85043" Z="0"/>
					<Vertex X="38655" Y="85300" Z="0"/>
					<Vertex X="38849" Y="85494" Z="0"/>
					<Vertex X="39042" Y="85623" Z="0"/>
					<Vertex X="39235" Y="85816" Z="0"/>
					<Vertex X="39428" Y="85880" Z="0"/>
					<Vertex X="39622" Y="86009" Z="0"/>
					<Vertex X="40008" Y="86074" Z="0"/>
					<Vertex X="40202" Y="86267" Z="0"/>
					<Vertex X="40459" Y="86396" Z="0"/>
					<Vertex X="40781" Y="86589" Z="0"/>
					<Vertex X="41104" Y="86653" Z="0"/>
					<Vertex X="41361" Y="86782" Z="0"/>
					<Vertex X="41619" Y="86782" Z="0"/>
					<Vertex X="41941" Y="86847" Z="0"/>
					<Vertex X="42199" Y="86976" Z="0"/>
					<Vertex X="42585" Y="87040" Z="0"/>
					<Vertex X="42843" Y="87040" Z="0"/>
					<Vertex X="43165" Y="87040" Z="0"/>
					<Vertex X="43487" Y="86976" Z="0"/>
					<Vertex X="43874" Y="86782" Z="0"/>
					<Vertex X="44067" Y="86653" Z="0"/>
					<Vertex X="44325" Y="86396" Z="0"/>
					<Vertex X="44583" Y="86074" Z="0"/>
					<Vertex X="44840" Y="85880" Z="0"/>
					<Vertex X="45034" Y="85623" Z="0"/>
					<Vertex X="45098" Y="85429" Z="0"/>
					<Vertex X="45420" Y="85172" Z="0"/>
					<Vertex X="45484" Y="84914" Z="0"/>
					<Vertex X="45678" Y="84849" Z="0"/>
					<Vertex X="45807" Y="84721" Z="0"/>
					<Vertex X="46064" Y="84656" Z="0"/>
					<Vertex X="46322" Y="84656" Z="0"/>
					<Vertex X="46451" Y="84656" Z="0"/>
					<Vertex X="46644" Y="84656" Z="0"/>
					<Vertex X="46837" Y="84721" Z="0"/>
					<Vertex X="47031" Y="84849" Z="0"/>
					<Vertex X="47288" Y="84914" Z="0"/>
					<Vertex X="47353" Y="85172" Z="0"/>
					<Vertex X="47546" Y="85300" Z="0"/>
					<Vertex X="47546" Y="85494" Z="0"/>
					<Vertex X="47611" Y="85623" Z="0"/>
					<Vertex X="47611" Y="85816" Z="0"/>
					<Vertex X="47611" Y="86074" Z="0"/>
					<Vertex X="47546" Y="86202" Z="0"/>
					<Vertex X="47546" Y="86396" Z="0"/>
					<Vertex X="47417" Y="86589" Z="0"/>
					<Vertex X="47353" Y="86847" Z="0"/>
					<Vertex X="47353" Y="87040" Z="0"/>
					<Vertex X="47288" Y="87169" Z="0"/>
					<Vertex X="47288" Y="87426" Z="0"/>
					<Vertex X="47288" Y="87555" Z="0"/>
					<Vertex X="47288" Y="87749" Z="0"/>
					<Vertex X="47288" Y="87813" Z="0"/>
					<Vertex X="47288" Y="88006" Z="0"/>
					<Vertex X="47288" Y="88135" Z="0"/>
					<Vertex X="47288" Y="88328" Z="0"/>
					<Vertex X="47288" Y="88393" Z="0"/>
					<Vertex X="47353" Y="88586" Z="0"/>
					<Vertex X="47353" Y="88715" Z="0"/>
					<Vertex X="47353" Y="88908" Z="0"/>
					<Vertex X="47417" Y="89102" Z="0"/>
					<Vertex X="47417" Y="89166" Z="0"/>
					<Vertex X="47417" Y="89295" Z="0"/>
					<Vertex X="47546" Y="89488" Z="0"/>
					<Vertex X="47546" Y="89681" Z="0"/>
					<Vertex X="47611" Y="89746" Z="0"/>
					<Vertex X="47739" Y="89875" Z="0"/>
					<Vertex X="47804" Y="89939" Z="0"/>
					<Vertex X="48062" Y="90132" Z="0"/>
					<Vertex X="48190" Y="90261" Z="0"/>
					<Vertex X="48319" Y="90326" Z="0"/>
					<Vertex X="48384" Y="90455" Z="0"/>
					<Vertex X="48577" Y="90519" Z="0"/>
					<Vertex X="48770" Y="90648" Z="0"/>
					<Vertex X="48899" Y="90712" Z="0"/>
					<Vertex X="49092" Y="90841" Z="0"/>
					<Vertex X="49286" Y="90906" Z="0"/>
					<Vertex X="49350" Y="90906" Z="0"/>
					<Vertex X="49543" Y="91034" Z="0"/>
					<Vertex X="49672" Y="91099" Z="0"/>
					<Vertex X="49801" Y="91228" Z="0"/>
					<Vertex X="49865" Y="91228" Z="0"/>
					<Vertex X="50059" Y="91292" Z="0"/>
					<Vertex X="50123" Y="91292" Z="0"/>
					<Vertex X="50316" Y="91421" Z="0"/>
					<Vertex X="50445" Y="91421" Z="0"/>
					<Vertex X="50639" Y="91485" Z="0"/>
					<Vertex X="50832" Y="91485" Z="0"/>
					<Vertex X="51025" Y="91485" Z="0"/>
					<Vertex X="51283" Y="91485" Z="0"/>
					<Vertex X="51541" Y="91485" Z="0"/>
					<Vertex X="51863" Y="91485" Z="0"/>
					<Vertex X="52185" Y="91485" Z="0"/>
					<Vertex X="52507" Y="91485" Z="0"/>
					<Vertex X="52765" Y="91485" Z="0"/>
					<Vertex X="53151" Y="91485" Z="0"/>
					<Vertex X="53345" Y="91485" Z="0"/>
					<Vertex X="53667" Y="91485" Z="0"/>
					<Vertex X="53860" Y="91485" Z="0"/>
					<Vertex X="54118" Y="91614" Z="0"/>
					<Vertex X="54311" Y="91614" Z="0"/>
					<Vertex X="54633" Y="91614" Z="0"/>
					<Vertex X="54762" Y="91614" Z="0"/>
					<Vertex X="55213" Y="91679" Z="0"/>
					<Vertex X="55471" Y="91679" Z="0"/>
					<Vertex X="55664" Y="91679" Z="0"/>
					<Vertex X="55986" Y="91807" Z="0"/>
					<Vertex X="56373" Y="91807" Z="0"/>
					<Vertex X="56501" Y="91872" Z="0"/>
					<Vertex X="56824" Y="91872" Z="0"/>
					<Vertex X="57210" Y="91872" Z="0"/>
					<Vertex X="57403" Y="91872" Z="0"/>
					<Vertex X="57725" Y="91872" Z="0"/>
					<Vertex X="58112" Y="91872" Z="0"/>
					<Vertex X="58370" Y="91872" Z="0"/>
					<Vertex X="58563" Y="91872" Z="0"/>
					<Vertex X="59078" Y="91872" Z="0"/>
					<Vertex X="59336" Y="91807" Z="0"/>
					<Vertex X="59723" Y="91807" Z="0"/>
					<Vertex X="60174" Y="91679" Z="0"/>
					<Vertex X="60625" Y="91679" Z="0"/>
					<Vertex X="61011" Y="91614" Z="0"/>
					<Vertex X="61269" Y="91614" Z="0"/>
					<Vertex X="61720" Y="91485" Z="0"/>
					<Vertex X="62042" Y="91421" Z="0"/>
					<Vertex X="62364" Y="91292" Z="0"/>
					<Vertex X="62622" Y="91292" Z="0"/>
					<Vertex X="63008" Y="91228" Z="0"/>
					<Vertex X="63266" Y="91099" Z="0"/>
					<Vertex X="63588" Y="91034" Z="0"/>
					<Vertex X="63975" Y="90841" Z="0"/>
					<Vertex X="64297" Y="90712" Z="0"/>
					<Vertex X="64555" Y="90648" Z="0"/>
					<Vertex X="64877" Y="90455" Z="0"/>
					<Vertex X="65199" Y="90261" Z="0"/>
					<Vertex X="65843" Y="89875" Z="0"/>
					<Vertex X="66230" Y="89681" Z="0"/>
					<Vertex X="66487" Y="89488" Z="0"/>
					<Vertex X="66745" Y="89295" Z="0"/>
					<Vertex X="67132" Y="88973" Z="0"/>
					<Vertex X="67454" Y="88715" Z="0"/>
					<Vertex X="67647" Y="88522" Z="0"/>
					<Vertex X="67840" Y="88328" Z="0"/>
					<Vertex X="68163" Y="88006" Z="0"/>
					<Vertex X="68356" Y="87749" Z="0"/>
					<Vertex X="68485" Y="87362" Z="0"/>
					<Vertex X="68614" Y="87040" Z="0"/>
					<Vertex X="68807" Y="86782" Z="0"/>
					<Vertex X="68871" Y="86396" Z="0"/>
					<Vertex X="69000" Y="86202" Z="0"/>
					<Vertex X="69000" Y="86009" Z="0"/>
					<Vertex X="69129" Y="85623" Z="0"/>
					<Vertex X="69193" Y="85429" Z="0"/>
					<Vertex X="69193" Y="85043" Z="0"/>
					<Vertex X="69193" Y="84849" Z="0"/>
					<Vertex X="69322" Y="84527" Z="0"/>
					<Vertex X="69387" Y="84270" Z="0"/>
					<Vertex X="69387" Y="83947" Z="0"/>
					<Vertex X="69516" Y="83754" Z="0"/>
					<Vertex X="69580" Y="83496" Z="0"/>
					<Vertex X="69709" Y="83303" Z="0"/>
					<Vertex X="69773" Y="83110" Z="0"/>
					<Vertex X="69838" Y="82917" Z="0"/>
					<Vertex X="69838" Y="82788" Z="0"/>
					<Vertex X="69966" Y="82788" Z="0"/>
					<Vertex X="70095" Y="82788" Z="0"/>
					<Vertex X="70095" Y="82723" Z="0"/>
					<Vertex X="70160" Y="82723" Z="0"/>
					<Vertex X="70224" Y="82723" Z="0"/>
					<Vertex X="70353" Y="82595" Z="0"/>
					<Vertex X="70417" Y="82595" Z="0"/>
					<Vertex X="70546" Y="82595" Z="0"/>
					<Vertex X="70611" Y="82595" Z="0"/>
					<Vertex X="70740" Y="82595" Z="0"/>
					<Vertex X="70868" Y="82595" Z="0"/>
					<Vertex X="70933" Y="82595" Z="0"/>
					<Vertex X="71062" Y="82595" Z="0"/>
					<Vertex X="71126" Y="82595" Z="0"/>
					<Vertex X="71255" Y="82595" Z="0"/>
					<Vertex X="71319" Y="82723" Z="0"/>
					<Vertex X="71448" Y="82723" Z="0"/>
					<Vertex X="71577" Y="82723" Z="0"/>
					<Vertex X="71706" Y="82723" Z="0"/>
					<Vertex X="71899" Y="82723" Z="0"/>
					<Vertex X="71964" Y="82723" Z="0"/>
					<Vertex X="72157" Y="82723" Z="0"/>
					<Vertex X="72286" Y="82723" Z="0"/>
					<Vertex X="72350" Y="82723" Z="0"/>
					<Vertex X="72608" Y="82595" Z="0"/>
					<Vertex X="72801" Y="82595" Z="0"/>
					<Vertex X="72866" Y="82595" Z="0"/>
					<Vertex X="72995" Y="82595" Z="0"/>
					<Vertex X="73059" Y="82530" Z="0"/>
					<Vertex X="73188" Y="82530" Z="0"/>
					<Vertex X="73252" Y="82401" Z="0"/>
					<Vertex X="73317" Y="82401" Z="0"/>
					<Vertex X="73446" Y="82337" Z="0"/>
					<Vertex X="73574" Y="82337" Z="0"/>
					<Vertex X="73703" Y="82272" Z="0"/>
					<Vertex X="73832" Y="82144" Z="0"/>
					<Vertex X="73896" Y="82015" Z="0"/>
					<Vertex X="74090" Y="82015" Z="0"/>
					<Vertex X="74219" Y="81950" Z="0"/>
					<Vertex X="74347" Y="81821" Z="0"/>
					<Vertex X="74412" Y="81757" Z="0"/>
					<Vertex X="74605" Y="81628" Z="0"/>
					<Vertex X="74734" Y="81564" Z="0"/>
					<Vertex X="74927" Y="81370" Z="0"/>
					<Vertex X="74992" Y="81370" Z="0"/>
					<Vertex X="75185" Y="81242" Z="0"/>
					<Vertex X="75185" Y="81177" Z="0"/>
					<Vertex X="75378" Y="81048" Z="0"/>
					<Vertex X="75378" Y="80984" Z="0"/>
					<Vertex X="75443" Y="80984" Z="0"/>
					<Vertex X="75443" Y="80855" Z="0"/>
					<Vertex X="75572" Y="80855" Z="0"/>
					<Vertex X="75572" Y="80791" Z="0"/>
					<Vertex X="75572" Y="80662" Z="0"/>
					<Vertex X="75636" Y="80662" Z="0"/>
					<Vertex X="75765" Y="80597" Z="0"/>
					<Vertex X="75829" Y="80468" Z="0"/>
					<Vertex X="75958" Y="80404" Z="0"/>
					<Vertex X="76087" Y="80340" Z="0"/>
					<Vertex X="76280" Y="80082" Z="0"/>
					<Vertex X="76474" Y="80017" Z="0"/>
					<Vertex X="76667" Y="79824" Z="0"/>
					<Vertex X="76796" Y="79695" Z="0"/>
					<Vertex X="76925" Y="79502" Z="0"/>
					<Vertex X="77182" Y="79373" Z="0"/>
					<Vertex X="77311" Y="79244" Z="0"/>
					<Vertex X="77569" Y="78922" Z="0"/>
					<Vertex X="77698" Y="78729" Z="0"/>
					<Vertex X="77826" Y="78665" Z="0"/>
					<Vertex X="78020" Y="78407" Z="0"/>
					<Vertex X="78213" Y="78149" Z="0"/>
					<Vertex X="78277" Y="77956" Z="0"/>
					<Vertex X="78406" Y="77698" Z="0"/>
					<Vertex X="78471" Y="77505" Z="0"/>
					<Vertex X="78664" Y="77183" Z="0"/>
					<Vertex X="78793" Y="76989" Z="0"/>
					<Vertex X="78793" Y="76732" Z="0"/>
					<Vertex X="78922" Y="76345" Z="0"/>
					<Vertex X="79051" Y="76023" Z="0"/>
					<Vertex X="79115" Y="75636" Z="0"/>
					<Vertex X="79244" Y="75379" Z="0"/>
					<Vertex X="79308" Y="74992" Z="0"/>
					<Vertex X="79437" Y="74541" Z="0"/>
					<Vertex X="79437" Y="74219" Z="0"/>
					<Vertex X="79566" Y="73704" Z="0"/>
					<Vertex X="79630" Y="73446" Z="0"/>
					<Vertex X="79630" Y="73059" Z="0"/>
					<Vertex X="79630" Y="72866" Z="0"/>
					<Vertex X="79630" Y="72480" Z="0"/>
					<Vertex X="79630" Y="72286" Z="0"/>
					<Vertex X="79759" Y="71900" Z="0"/>
					<Vertex X="79759" Y="71706" Z="0"/>
					<Vertex X="79630" Y="71513" Z="0"/>
					<Vertex X="79630" Y="71191" Z="0"/>
					<Vertex X="79630" Y="70933" Z="0"/>
					<Vertex X="79566" Y="70676" Z="0"/>
					<Vertex X="79437" Y="70418" Z="0"/>
					<Vertex X="79437" Y="70031" Z="0"/>
					<Vertex X="79437" Y="69903" Z="0"/>
					<Vertex X="79566" Y="69709" Z="0"/>
					<Vertex X="79630" Y="69323" Z="0"/>
					<Vertex X="79759" Y="69065" Z="0"/>
					<Vertex X="79953" Y="68807" Z="0"/>
					<Vertex X="80146" Y="68485" Z="0"/>
					<Vertex X="80404" Y="68099" Z="0"/>
					<Vertex X="80597" Y="67970" Z="0"/>
					<Vertex X="80790" Y="67648" Z="0"/>
					<Vertex X="81048" Y="67325" Z="0"/>
					<Vertex X="81306" Y="67068" Z="0"/>
					<Vertex X="81370" Y="66810" Z="0"/>
					<Vertex X="81499" Y="66488" Z="0"/>
					<Vertex X="81563" Y="66166" Z="0"/>
					<Vertex X="81692" Y="66037" Z="0"/>
					<Vertex X="81757" Y="65715" Z="0"/>
					<Vertex X="81950" Y="65328" Z="0"/>
					<Vertex X="82014" Y="65071" Z="0"/>
					<Vertex X="82143" Y="64620" Z="0"/>
					<Vertex X="82272" Y="64362" Z="0"/>
					<Vertex X="82465" Y="63975" Z="0"/>
					<Vertex X="82465" Y="63653" Z="0"/>
					<Vertex X="82594" Y="63202" Z="0"/>
					<Vertex X="82594" Y="62944" Z="0"/>
					<Vertex X="82723" Y="62429" Z="0"/>
					<Vertex X="82723" Y="62171" Z="0"/>
					<Vertex X="82787" Y="61656" Z="0"/>
					<Vertex X="82916" Y="61269" Z="0"/>
					<Vertex X="82981" Y="61012" Z="0"/>
					<Vertex X="83109" Y="60690" Z="0"/>
					<Vertex X="83238" Y="60367" Z="0"/>
					<Vertex X="83303" Y="60045" Z="0"/>
					<Vertex X="83303" Y="59788" Z="0"/>
					<Vertex X="83432" Y="59723" Z="0"/>
					<Vertex X="83496" Y="59659" Z="0"/>
					<Vertex X="83625" Y="59530" Z="0"/>
					<Vertex X="83689" Y="59401" Z="0"/>
					<Vertex X="83883" Y="59337" Z="0"/>
					<Vertex X="84011" Y="59208" Z="0"/>
					<Vertex X="84076" Y="59143" Z="0"/>
					<Vertex X="84205" Y="59014" Z="0"/>
					<Vertex X="84269" Y="58821" Z="0"/>
					<Vertex X="84334" Y="58692" Z="0"/>
					<Vertex X="84462" Y="58370" Z="0"/>
					<Vertex X="84527" Y="58177" Z="0"/>
					<Vertex X="84720" Y="57790" Z="0"/>
					<Vertex X="84720" Y="57597" Z="0"/>
					<Vertex X="84978" Y="57211" Z="0"/>
					<Vertex X="84978" Y="57017" Z="0"/>
					<Vertex X="84978" Y="56631" Z="0"/>
					<Vertex X="84978" Y="56437" Z="0"/>
					<Vertex X="84978" Y="56115" Z="0"/>
					<Vertex X="84849" Y="55858" Z="0"/>
					<Vertex X="84720" Y="55535" Z="0"/>
					<Vertex X="84720" Y="55342" Z="0"/>
					<Vertex X="84656" Y="55084" Z="0"/>
					<Vertex X="84656" Y="54891" Z="0"/>
					<Vertex X="84656" Y="54698" Z="0"/>
					<Vertex X="84656" Y="54505" Z="0"/>
					<Vertex X="84656" Y="54311" Z="0"/>
					<Vertex X="84720" Y="53989" Z="0"/>
					<Vertex X="84720" Y="53925" Z="0"/>
					<Vertex X="84720" Y="53603" Z="0"/>
					<Vertex X="84849" Y="53538" Z="0"/>
					<Vertex X="84978" Y="53345" Z="0"/>
					<Vertex X="85042" Y="53152" Z="0"/>
					<Vertex X="85171" Y="52958" Z="0"/>
					<Vertex X="85236" Y="52572" Z="0"/>
					<Vertex X="85364" Y="52379" Z="0"/>
					<Vertex X="85429" Y="51992" Z="0"/>
					<Vertex X="85429" Y="51670" Z="0"/>
					<Vertex X="85429" Y="51412" Z="0"/>
					<Vertex X="85364" Y="51090" Z="0"/>
					<Vertex X="85364" Y="50897" Z="0"/>
					<Vertex X="85236" Y="50510" Z="0"/>
					<Vertex X="85236" Y="50317" Z="0"/>
					<Vertex X="85236" Y="49995" Z="0"/>
					<Vertex X="85236" Y="49673" Z="0"/>
					<Vertex X="85236" Y="49286" Z="0"/>
					<Vertex X="85236" Y="49028" Z="0"/>
					<Vertex X="85236" Y="48706" Z="0"/>
					<Vertex X="85171" Y="48577" Z="0"/>
					<Vertex X="85171" Y="48384" Z="0"/>
					<Vertex X="85171" Y="48255" Z="0"/>
					<Vertex X="85042" Y="48126" Z="0"/>
					<Vertex X="85042" Y="47933" Z="0"/>
					<Vertex X="84978" Y="47804" Z="0"/>
					<Vertex X="84978" Y="47611" Z="0"/>
					<Vertex X="84849" Y="47547" Z="0"/>
					<Vertex X="84720" Y="47353" Z="0"/>
					<Vertex X="84656" Y="47224" Z="0"/>
					<Vertex X="84462" Y="47096" Z="0"/>
					<Vertex X="84269" Y="46838" Z="0"/>
					<Vertex X="84076" Y="46645" Z="0"/>
					<Vertex X="83883" Y="46516" Z="0"/>
					<Vertex X="83689" Y="46387" Z="0"/>
					<Vertex X="83432" Y="46258" Z="0"/>
					<Vertex X="83238" Y="46194" Z="0"/>
					<Vertex X="82916" Y="46000" Z="0"/>
					<Vertex X="82530" Y="45872" Z="0"/>
					<Vertex X="82336" Y="45807" Z="0"/>
					<Vertex X="82014" Y="45807" Z="0"/>
					<Vertex X="81757" Y="45678" Z="0"/>
					<Vertex X="81499" Y="45678" Z="0"/>
					<Vertex X="81048" Y="45678" Z="0"/>
					<Vertex X="80790" Y="45678" Z="0"/>
					<Vertex X="80597" Y="45678" Z="0"/>
					<Vertex X="80275" Y="45678" Z="0"/>
					<Vertex X="80146" Y="45614" Z="0"/>
					<Vertex X="79824" Y="45614" Z="0"/>
					<Vertex X="79630" Y="45614" Z="0"/>
					<Vertex X="79244" Y="45549" Z="0"/>
					<Vertex X="78922" Y="45421" Z="0"/>
					<Vertex X="78664" Y="45356" Z="0"/>
					<Vertex X="78277" Y="45227" Z="0"/>
					<Vertex X="78020" Y="45163" Z="0"/>
					<Vertex X="77826" Y="45034" Z="0"/>
					<Vertex X="77504" Y="44905" Z="0"/>
					<Vertex X="77182" Y="44841" Z="0"/>
					<Vertex X="77118" Y="44776" Z="0"/>
					<Vertex X="76796" Y="44647" Z="0"/>
					<Vertex X="76667" Y="44583" Z="0"/>
					<Vertex X="76345" Y="44454" Z="0"/>
					<Vertex X="76280" Y="44390" Z="0"/>
					<Vertex X="76087" Y="44261" Z="0"/>
					<Vertex X="75958" Y="44196" Z="0"/>
					<Vertex X="75765" Y="43939" Z="0"/>
					<Vertex X="75765" Y="43874" Z="0"/>
					<Vertex X="75572" Y="43745" Z="0"/>
					<Vertex X="75314" Y="43617" Z="0"/>
					<Vertex X="75056" Y="43423" Z="0"/>
					<Vertex X="74927" Y="43294" Z="0"/>
					<Vertex X="74605" Y="43101" Z="0"/>
					<Vertex X="74219" Y="42908" Z="0"/>
					<Vertex X="74025" Y="42779" Z="0"/>
					<Vertex X="73703" Y="42650" Z="0"/>
					<Vertex X="73446" Y="42393" Z="0"/>
					<Vertex X="73252" Y="42264" Z="0"/>
					<Vertex X="73059" Y="42135" Z="0"/>
					<Vertex X="72801" Y="42006" Z="0"/>
					<Vertex X="72479" Y="41942" Z="0"/>
					<Vertex X="72157" Y="41813" Z="0"/>
					<Vertex X="71964" Y="41748" Z="0"/>
					<Vertex X="71835" Y="41684" Z="0"/>
					<Vertex X="71513" Y="41684" Z="0"/>
					<Vertex X="71255" Y="41555" Z="0"/>
					<Vertex X="71062" Y="41555" Z="0"/>
					<Vertex X="70740" Y="41491" Z="0"/>
					<Vertex X="70417" Y="41362" Z="0"/>
					<Vertex X="70160" Y="41362" Z="0"/>
					<Vertex X="69773" Y="41233" Z="0"/>
					<Vertex X="69322" Y="41168" Z="0"/>
					<Vertex X="69000" Y="41168" Z="0"/>
					<Vertex X="68485" Y="41168" Z="0"/>
					<Vertex X="68163" Y="41104" Z="0"/>
					<Vertex X="67776" Y="41104" Z="0"/>
					<Vertex X="67389" Y="41104" Z="0"/>
					<Vertex X="66938" Y="41104" Z="0"/>
					<Vertex X="66616" Y="41104" Z="0"/>
					<Vertex X="66230" Y="41168" Z="0"/>
					<Vertex X="65843" Y="41233" Z="0"/>
					<Vertex X="65392" Y="41362" Z="0"/>
					<Vertex X="65006" Y="41555" Z="0"/>
					<Vertex X="64748" Y="41684" Z="0"/>
					<Vertex X="64361" Y="41813" Z="0"/>
					<Vertex X="64104" Y="42006" Z="0"/>
					<Vertex X="63653" Y="42135" Z="0"/>
					<Vertex X="63395" Y="42328" Z="0"/>
					<Vertex X="63202" Y="42393" Z="0"/>
					<Vertex X="63008" Y="42521" Z="0"/>
					<Vertex X="62751" Y="42715" Z="0"/>
					<Vertex X="62557" Y="42779" Z="0"/>
					<Vertex X="62235" Y="42972" Z="0"/>
					<Vertex X="62042" Y="43230" Z="0"/>
					<Vertex X="61849" Y="43294" Z="0"/>
					<Vertex X="61655" Y="43423" Z="0"/>
					<Vertex X="61398" Y="43617" Z="0"/>
					<Vertex X="61269" Y="43745" Z="0"/>
					<Vertex X="61076" Y="43874" Z="0"/>
					<Vertex X="60882" Y="43939" Z="0"/>
					<Vertex X="60882" Y="44068" Z="0"/>
					<Vertex X="60818" Y="44196" Z="0"/>
					<Vertex X="60625" Y="44261" Z="0"/>
					<Vertex X="60496" Y="44390" Z="0"/>
					<Vertex X="60303" Y="44583" Z="0"/>
					<Vertex X="60109" Y="44647" Z="0"/>
					<Vertex X="59980" Y="44841" Z="0"/>
					<Vertex X="59787" Y="44905" Z="0"/>
					<Vertex X="59723" Y="45163" Z="0"/>
					<Vertex X="59658" Y="45356" Z="0"/>
					<Vertex X="59465" Y="45549" Z="0"/>
					<Vertex X="59336" Y="45614" Z="0"/>
					<Vertex X="59143" Y="45872" Z="0"/>
					<Vertex X="59143" Y="46000" Z="0"/>
					<Vertex X="59078" Y="46194" Z="0"/>
					<Vertex X="58950" Y="46258" Z="0"/>
					<Vertex X="58885" Y="46516" Z="0"/>
					<Vertex X="58756" Y="46580" Z="0"/>
					<Vertex X="58692" Y="46773" Z="0"/>
					<Vertex X="58563" Y="46838" Z="0"/>
					<Vertex X="58563" Y="47096" Z="0"/>
					<Vertex X="58434" Y="47160" Z="0"/>
					<Vertex X="58370" Y="47353" Z="0"/>
					<Vertex X="58370" Y="47482" Z="0"/>
					<Vertex X="58370" Y="47611" Z="0"/>
					<Vertex X="58241" Y="47804" Z="0"/>
					<Vertex X="58241" Y="47933" Z="0"/>
					<Vertex X="58176" Y="48126" Z="0"/>
					<Vertex X="58176" Y="48320" Z="0"/>
					<Vertex X="58176" Y="48384" Z="0"/>
					<Vertex X="58112" Y="48577" Z="0"/>
					<Vertex X="58112" Y="48706" Z="0"/>
					<Vertex X="58112" Y="48900" Z="0"/>
					<Vertex X="58112" Y="49093" Z="0"/>
					<Vertex X="57983" Y="49157" Z="0"/>
					<Vertex X="58112" Y="49351" Z="0"/>
					<Vertex X="58112" Y="49544" Z="0"/>
					<Vertex X="58112" Y="49673" Z="0"/>
					<Vertex X="58112" Y="49737" Z="0"/>
					<Vertex X="58176" Y="49995" Z="0"/>
					<Vertex X="58241" Y="50124" Z="0"/>
					<Vertex X="58370" Y="50317" Z="0"/>
					<Vertex X="58434" Y="50446" Z="0"/>
					<Vertex X="58563" Y="50639" Z="0"/>
					<Vertex X="58692" Y="50703" Z="0"/>
					<Vertex X="58756" Y="50897" Z="0"/>
					<Vertex X="58885" Y="50897" Z="0"/>
					<Vertex X="58950" Y="51090" Z="0"/>
					<Vertex X="59078" Y="51283" Z="0"/>
					<Vertex X="59143" Y="51412" Z="0"/>
					<Vertex X="59272" Y="51477" Z="0"/>
					<Vertex X="59465" Y="51477" Z="0"/>
					<Vertex X="59529" Y="51605" Z="0"/>
					<Vertex X="59723" Y="51670" Z="0"/>
					<Vertex X="59787" Y="51799" Z="0"/>
					<Vertex X="59980" Y="51992" Z="0"/>
					<Vertex X="60174" Y="52056" Z="0"/>
					<Vertex X="60431" Y="52250" Z="0"/>
					<Vertex X="60625" Y="52443" Z="0"/>
					<Vertex X="60818" Y="52636" Z="0"/>
					<Vertex X="61011" Y="52894" Z="0"/>
					<Vertex X="61205" Y="53152" Z="0"/>
					<Vertex X="61398" Y="53345" Z="0"/>
					<Vertex X="61527" Y="53603" Z="0"/>
					<Vertex X="61720" Y="53860" Z="0"/>
					<Vertex X="61849" Y="54118" Z="0"/>
					<Vertex X="62042" Y="54311" Z="0"/>
					<Vertex X="62171" Y="54569" Z="0"/>
					<Vertex X="62171" Y="54827" Z="0"/>
					<Vertex X="62235" Y="55020" Z="0"/>
					<Vertex X="62364" Y="55149" Z="0"/>
					<Vertex X="62364" Y="55342" Z="0"/>
					<Vertex X="62364" Y="55535" Z="0"/>
					<Vertex X="62429" Y="55858" Z="0"/>
					<Vertex X="62429" Y="56115" Z="0"/>
					<Vertex X="62429" Y="56309" Z="0"/>
					<Vertex X="62429" Y="56631" Z="0"/>
					<Vertex X="62429" Y="56824" Z="0"/>
					<Vertex X="62429" Y="57082" Z="0"/>
					<Vertex X="62364" Y="57468" Z="0"/>
					<Vertex X="62364" Y="57662" Z="0"/>
					<Vertex X="62364" Y="57919" Z="0"/>
					<Vertex X="62235" Y="58048" Z="0"/>
					<Vertex X="62235" Y="58370" Z="0"/>
					<Vertex X="62235" Y="58564" Z="0"/>
					<Vertex X="62171" Y="58821" Z="0"/>
					<Vertex X="62171" Y="59014" Z="0"/>
					<Vertex X="62042" Y="59337" Z="0"/>
					<Vertex X="62014" Y="59457" Z="0"/>
					<Vertex X="61459" Y="60706" Z="0"/>
					<Vertex X="61142" Y="61400" Z="0"/>
					<Vertex X="60983" Y="61816" Z="0"/>
					<Vertex X="60825" Y="62034" Z="0"/>
					<Vertex X="60606" Y="62332" Z="0"/>
					<Vertex X="60408" Y="62669" Z="0"/>
					<Vertex X="60190" Y="62966" Z="0"/>
					<Vertex X="60051" Y="63145" Z="0"/>
					<Vertex X="59992" Y="63263" Z="0"/>
					<Vertex X="59932" Y="63343" Z="0"/>
					<Vertex X="59873" Y="63422" Z="0"/>
					<Vertex X="59853" Y="63442" Z="0"/>
					<Vertex X="59794" Y="63442" Z="0"/>
					<Vertex X="59694" Y="63422" Z="0"/>
					<Vertex X="59576" Y="63422" Z="0"/>
					<Vertex X="59457" Y="63382" Z="0"/>
					<Vertex X="59338" Y="63382" Z="0"/>
					<Vertex X="59258" Y="63323" Z="0"/>
					<Vertex X="59159" Y="63283" Z="0"/>
					<Vertex X="59100" Y="63224" Z="0"/>
					<Vertex X="59020" Y="63184" Z="0"/>
					<Vertex X="58961" Y="63085" Z="0"/>
					<Vertex X="58921" Y="62966" Z="0"/>
					<Vertex X="58862" Y="62847" Z="0"/>
					<Vertex X="58802" Y="62708" Z="0"/>
					<Vertex X="58743" Y="62550" Z="0"/>
					<Vertex X="58664" Y="62391" Z="0"/>
					<Vertex X="58604" Y="62233" Z="0"/>
					<Vertex X="58485" Y="61995" Z="0"/>
					<Vertex X="58366" Y="61816" Z="0"/>
					<Vertex X="58208" Y="61638" Z="0"/>
					<Vertex X="58069" Y="61479" Z="0"/>
					<Vertex X="57871" Y="61261" Z="0"/>
					<Vertex X="57732" Y="61122" Z="0"/>
					<Vertex X="57534" Y="60924" Z="0"/>
					<Vertex X="57375" Y="60706" Z="0"/>
					<Vertex X="57196" Y="60468" Z="0"/>
					<Vertex X="57038" Y="60230" Z="0"/>
					<Vertex X="56840" Y="59873" Z="0"/>
					<Vertex X="56681" Y="59635" Z="0"/>
					<Vertex X="56562" Y="59358" Z="0"/>
					<Vertex X="56423" Y="59140" Z="0"/>
					<Vertex X="56304" Y="58862" Z="0"/>
					<Vertex X="56126" Y="58525" Z="0"/>
					<Vertex X="56027" Y="58307" Z="0"/>
					<Vertex X="55908" Y="58089" Z="0"/>
					<Vertex X="55769" Y="57811" Z="0"/>
					<Vertex X="55670" Y="57633" Z="0"/>
					<Vertex X="55591" Y="57455" Z="0"/>
					<Vertex X="55491" Y="57276" Z="0"/>
					<Vertex X="55472" Y="57197" Z="0"/>
					<Vertex X="55373" Y="56979" Z="0"/>
					<Vertex X="55313" Y="56899" Z="0"/>
					<Vertex X="55293" Y="56741" Z="0"/>
					<Vertex X="55234" Y="56602" Z="0"/>
					<Vertex X="55174" Y="56424" Z="0"/>
					<Vertex X="55115" Y="56186" Z="0"/>
					<Vertex X="55055" Y="56027" Z="0"/>
					<Vertex X="54996" Y="55849" Z="0"/>
					<Vertex X="54936" Y="55670" Z="0"/>
					<Vertex X="54897" Y="55492" Z="0"/>
					<Vertex X="54837" Y="55313" Z="0"/>
					<Vertex X="54778" Y="55135" Z="0"/>
					<Vertex X="54698" Y="54996" Z="0"/>
					<Vertex X="54599" Y="54838" Z="0"/>
					<Vertex X="54480" Y="54719" Z="0"/>
					<Vertex X="54342" Y="54600" Z="0"/>
					<Vertex X="54183" Y="54520" Z="0"/>
					<Vertex X="54044" Y="54401" Z="0"/>
					<Vertex X="53886" Y="54283" Z="0"/>
					<Vertex X="53707" Y="54183" Z="0"/>
					<Vertex X="53529" Y="54104" Z="0"/>
					<Vertex X="53350" Y="54005" Z="0"/>
					<Vertex X="53152" Y="53945" Z="0"/>
					<Vertex X="52974" Y="53866" Z="0"/>
					<Vertex X="52696" Y="53767" Z="0"/>
					<Vertex X="52518" Y="53708" Z="0"/>
					<Vertex X="52260" Y="53648" Z="0"/>
					<Vertex X="52081" Y="53589" Z="0"/>
					<Vertex X="51863" Y="53569" Z="0"/>
					<Vertex X="51665" Y="53569" Z="0"/>
					<Vertex X="51566" Y="53708" Z="0"/>
					<Vertex X="50119" Y="53093" Z="0"/>
					<Vertex X="49544" Y="52815" Z="0"/>
					<Vertex X="49365" Y="52716" Z="0"/>
					<Vertex X="49227" Y="52637" Z="0"/>
					<Vertex X="49009" Y="52498" Z="0"/>
					<Vertex X="48890" Y="52399" Z="0"/>
					<Vertex X="48771" Y="52340" Z="0"/>
					<Vertex X="48691" Y="52280" Z="0"/>
					<Vertex X="48572" Y="52201" Z="0"/>
					<Vertex X="48473" Y="52141" Z="0"/>
					<Vertex X="48414" Y="52102" Z="0"/>
					<Vertex X="48334" Y="52042" Z="0"/>
					<Vertex X="48275" Y="51983" Z="0"/>
					<Vertex X="48216" Y="51963" Z="0"/>
					<Vertex X="48176" Y="51923" Z="0"/>
					<Vertex X="48116" Y="51903" Z="0"/>
					<Vertex X="48037" Y="51864" Z="0"/>
					<Vertex X="47978" Y="51864" Z="0"/>
					<Vertex X="47938" Y="51864" Z="0"/>
					<Vertex X="47878" Y="51864" Z="0"/>
					<Vertex X="47799" Y="51903" Z="0"/>
					<Vertex X="47740" Y="51923" Z="0"/>
					<Vertex X="47641" Y="51963" Z="0"/>
					<Vertex X="47581" Y="51983" Z="0"/>
					<Vertex X="47462" Y="52042" Z="0"/>
					<Vertex X="47343" Y="52082" Z="0"/>
					<Vertex X="47165" Y="52102" Z="0"/>
					<Vertex X="47046" Y="52141" Z="0"/>
					<Vertex X="46927" Y="52161" Z="0"/>
					<Vertex X="46748" Y="52201" Z="0"/>
					<Vertex X="46570" Y="52221" Z="0"/>
					<Vertex X="46431" Y="52221" Z="0"/>
					<Vertex X="46312" Y="52260" Z="0"/>
					<Vertex X="46094" Y="52260" Z="0"/>
					<Vertex X="45955" Y="52260" Z="0"/>
					<Vertex X="45797" Y="52260" Z="0"/>
					<Vertex X="45717" Y="52260" Z="0"/>
					<Vertex X="45599" Y="52280" Z="0"/>
					<Vertex X="45480" Y="52320" Z="0"/>
					<Vertex X="45420" Y="52340" Z="0"/>
					<Vertex X="45321" Y="52379" Z="0"/>
					<Vertex X="45242" Y="52439" Z="0"/>
					<Vertex X="45182" Y="52498" Z="0"/>
					<Vertex X="45143" Y="52617" Z="0"/>
					<Vertex X="45083" Y="52736" Z="0"/>
					<Vertex X="45063" Y="52915" Z="0"/>
					<Vertex X="45063" Y="53113" Z="0"/>
					<Vertex X="45024" Y="53390" Z="0"/>
					<Vertex X="45024" Y="53569" Z="0"/>
					<Vertex X="45024" Y="53866" Z="0"/>
					<Vertex X="45063" Y="54104" Z="0"/>
					<Vertex X="45063" Y="54362" Z="0"/>
					<Vertex X="45083" Y="54540" Z="0"/>
					<Vertex X="45083" Y="54818" Z="0"/>
					<Vertex X="45123" Y="54996" Z="0"/>
					<Vertex X="45143" Y="55194" Z="0"/>
					<Vertex X="45143" Y="55353" Z="0"/>
					<Vertex X="45182" Y="55492" Z="0"/>
					<Vertex X="45182" Y="55710" Z="0"/>
					<Vertex X="45143" Y="55849" Z="0"/>
					<Vertex X="45143" Y="56007" Z="0"/>
					<Vertex X="45123" Y="56087" Z="0"/>
					<Vertex X="45123" Y="56186" Z="0"/>
					<Vertex X="45123" Y="56206" Z="0"/>
					<Vertex X="45123" Y="56245" Z="0"/>
					<Vertex X="45123" Y="56265" Z="0"/>
					<Vertex X="45123" Y="56265" Z="0"/>
					<Vertex X="45123" Y="56305" Z="0"/>
					<Vertex X="45083" Y="56305" Z="0"/>
					<Vertex X="45024" Y="56205" Z="0"/>
				</Vertices>
			</Region>
			<Region Id="3" Type="0" Zoom="0.050000" Selected="0" ImageLocation="" ImageFocus="-1" Length="6883.7" Area="2861395.0" LengthMicrons="1736.1" AreaMicrons="181998.6" Text="" NegativeROA="0" InputRegionId="0" Analyze="1" DisplayId="3">
				<Attributes/>
				<Vertices>
					<Vertex X="18814" Y="57950" Z="0"/>
					<Vertex X="17367" Y="58465" Z="0"/>
					<Vertex X="17189" Y="58545" Z="0"/>
					<Vertex X="17070" Y="58664" Z="0"/>
					<Vertex X="17010" Y="58723" Z="0"/>
					<Vertex X="16971" Y="58783" Z="0"/>
					<Vertex X="16951" Y="58882" Z="0"/>
					<Vertex X="16911" Y="59001" Z="0"/>
					<Vertex X="16911" Y="59060" Z="0"/>
					<Vertex X="16911" Y="59179" Z="0"/>
					<Vertex X="16891" Y="59258" Z="0"/>
					<Vertex X="16891" Y="59417" Z="0"/>
					<Vertex X="16891" Y="59556" Z="0"/>
					<Vertex X="16891" Y="59675" Z="0"/>
					<Vertex X="16951" Y="59794" Z="0"/>
					<Vertex X="16971" Y="59893" Z="0"/>
					<Vertex X="17030" Y="60012" Z="0"/>
					<Vertex X="17070" Y="60071" Z="0"/>
					<Vertex X="17090" Y="60151" Z="0"/>
					<Vertex X="17149" Y="60210" Z="0"/>
					<Vertex X="17189" Y="60250" Z="0"/>
					<Vertex X="17248" Y="60270" Z="0"/>
					<Vertex X="17308" Y="60270" Z="0"/>
					<Vertex X="17387" Y="60270" Z="0"/>
					<Vertex X="17447" Y="60270" Z="0"/>
					<Vertex X="17565" Y="60250" Z="0"/>
					<Vertex X="17625" Y="60210" Z="0"/>
					<Vertex X="17744" Y="60151" Z="0"/>
					<Vertex X="17843" Y="60091" Z="0"/>
					<Vertex X="17903" Y="60032" Z="0"/>
					<Vertex X="17982" Y="59952" Z="0"/>
					<Vertex X="18041" Y="59893" Z="0"/>
					<Vertex X="18140" Y="59774" Z="0"/>
					<Vertex X="18220" Y="59655" Z="0"/>
					<Vertex X="18259" Y="59595" Z="0"/>
					<Vertex X="18339" Y="59477" Z="0"/>
					<Vertex X="18398" Y="59397" Z="0"/>
					<Vertex X="18458" Y="59318" Z="0"/>
					<Vertex X="18517" Y="59239" Z="0"/>
					<Vertex X="18557" Y="59179" Z="0"/>
					<Vertex X="18616" Y="59080" Z="0"/>
					<Vertex X="18636" Y="59021" Z="0"/>
					<Vertex X="18676" Y="58961" Z="0"/>
					<Vertex X="18696" Y="58882" Z="0"/>
					<Vertex X="18735" Y="58822" Z="0"/>
					<Vertex X="18755" Y="58763" Z="0"/>
					<Vertex X="18755" Y="58723" Z="0"/>
					<Vertex X="18795" Y="58664" Z="0"/>
					<Vertex X="18795" Y="58644" Z="0"/>
					<Vertex X="18795" Y="58604" Z="0"/>
					<Vertex X="18795" Y="58545" Z="0"/>
					<Vertex X="18795" Y="58505" Z="0"/>
					<Vertex X="18814" Y="58465" Z="0"/>
					<Vertex X="18814" Y="58426" Z="0"/>
					<Vertex X="18814" Y="58406" Z="0"/>
					<Vertex X="18814" Y="58346" Z="0"/>
					<Vertex X="18814" Y="58307" Z="0"/>
					<Vertex X="18814" Y="58287" Z="0"/>
					<Vertex X="18814" Y="58247" Z="0"/>
					<Vertex X="18814" Y="58228" Z="0"/>
					<Vertex X="18814" Y="58188" Z="0"/>
					<Vertex X="18814" Y="58168" Z="0"/>
					<Vertex X="18814" Y="58109" Z="0"/>
					<Vertex X="18814" Y="58069" Z="0"/>
					<Vertex X="18814" Y="58049" Z="0"/>
					<Vertex X="18814" Y="58009" Z="0"/>
					<Vertex X="18795" Y="57990" Z="0"/>
					<Vertex X="18795" Y="57950" Z="0"/>
					<Vertex X="18755" Y="57950" Z="0"/>
					<Vertex X="18814" Y="57950" Z="0"/>
				</Vertices>
			</Region>
		</Regions>
		<Plots/>
	</Annotation>
</Annotations>
