<Annotations MicronsPerPixel="0.252200">
	<Annotation Id="1" Name="" ReadOnly="0" NameReadOnly="0" LineColorReadOnly="0" Incremental="0" Type="4" LineColor="16711935" Visible="1" Selected="1" MarkupImagePath="" MacroName="">
		<Attributes/>
		<Regions>
			<RegionAttributeHeaders>
				<AttributeHeader Id="9999" Name="Region" ColumnWidth="-1"/>
				<AttributeHeader Id="9997" Name="Length" ColumnWidth="-1"/>
				<AttributeHeader Id="9996" Name="Area" ColumnWidth="-1"/>
				<AttributeHeader Id="9998" Name="Text" ColumnWidth="-1"/>
			</RegionAttributeHeaders>
			<Region Id="1" Type="0" Zoom="0.015389" Selected="0" ImageLocation="" ImageFocus="-1" Length="77058.2" Area="331929404.0" LengthMicrons="19434.1" AreaMicrons="21112316.6" Text="" NegativeROA="0" InputRegionId="0" Analyze="1" DisplayId="1">
				<Attributes/>
				<Vertices>
					<Vertex X="60421" Y="66283" Z="0"/>
					<Vertex X="60163" Y="66347" Z="0"/>
					<Vertex X="59841" Y="66347" Z="0"/>
					<Vertex X="59454" Y="66540" Z="0"/>
					<Vertex X="59261" Y="66669" Z="0"/>
					<Vertex X="58939" Y="66798" Z="0"/>
					<Vertex X="58681" Y="66862" Z="0"/>
					<Vertex X="58488" Y="66927" Z="0"/>
					<Vertex X="58102" Y="67120" Z="0"/>
					<Vertex X="57908" Y="67313" Z="0"/>
					<Vertex X="57715" Y="67442" Z="0"/>
					<Vertex X="57522" Y="67506" Z="0"/>
					<Vertex X="57200" Y="67764" Z="0"/>
					<Vertex X="57007" Y="67829" Z="0"/>
					<Vertex X="56813" Y="68022" Z="0"/>
					<Vertex X="56556" Y="68086" Z="0"/>
					<Vertex X="56362" Y="68344" Z="0"/>
					<Vertex X="55976" Y="68473" Z="0"/>
					<Vertex X="55783" Y="68730" Z="0"/>
					<Vertex X="55589" Y="68795" Z="0"/>
					<Vertex X="55267" Y="68988" Z="0"/>
					<Vertex X="55139" Y="69052" Z="0"/>
					<Vertex X="54945" Y="69310" Z="0"/>
					<Vertex X="54752" Y="69374" Z="0"/>
					<Vertex X="54430" Y="69439" Z="0"/>
					<Vertex X="54366" Y="69697" Z="0"/>
					<Vertex X="54172" Y="69761" Z="0"/>
					<Vertex X="53979" Y="69954" Z="0"/>
					<Vertex X="53721" Y="70019" Z="0"/>
					<Vertex X="53657" Y="70147" Z="0"/>
					<Vertex X="53528" Y="70341" Z="0"/>
					<Vertex X="53464" Y="70405" Z="0"/>
					<Vertex X="53271" Y="70534" Z="0"/>
					<Vertex X="53206" Y="70727" Z="0"/>
					<Vertex X="53077" Y="70920" Z="0"/>
					<Vertex X="52884" Y="71114" Z="0"/>
					<Vertex X="52755" Y="71178" Z="0"/>
					<Vertex X="52691" Y="71371" Z="0"/>
					<Vertex X="52626" Y="71629" Z="0"/>
					<Vertex X="52433" Y="71758" Z="0"/>
					<Vertex X="52304" Y="71887" Z="0"/>
					<Vertex X="52240" Y="72144" Z="0"/>
					<Vertex X="52111" Y="72338" Z="0"/>
					<Vertex X="51918" Y="72660" Z="0"/>
					<Vertex X="51918" Y="72853" Z="0"/>
					<Vertex X="51789" Y="73046" Z="0"/>
					<Vertex X="51725" Y="73304" Z="0"/>
					<Vertex X="51660" Y="73561" Z="0"/>
					<Vertex X="51531" Y="73690" Z="0"/>
					<Vertex X="51467" Y="73883" Z="0"/>
					<Vertex X="51338" Y="74206" Z="0"/>
					<Vertex X="51274" Y="74399" Z="0"/>
					<Vertex X="51274" Y="74592" Z="0"/>
					<Vertex X="51145" Y="74850" Z="0"/>
					<Vertex X="51145" Y="75043" Z="0"/>
					<Vertex X="51016" Y="75236" Z="0"/>
					<Vertex X="50952" Y="75494" Z="0"/>
					<Vertex X="50952" Y="75623" Z="0"/>
					<Vertex X="50887" Y="75816" Z="0"/>
					<Vertex X="50887" Y="76009" Z="0"/>
					<Vertex X="50758" Y="76331" Z="0"/>
					<Vertex X="50758" Y="76524" Z="0"/>
					<Vertex X="50758" Y="76911" Z="0"/>
					<Vertex X="50694" Y="77169" Z="0"/>
					<Vertex X="50694" Y="77426" Z="0"/>
					<Vertex X="50694" Y="77684" Z="0"/>
					<Vertex X="50694" Y="77877" Z="0"/>
					<Vertex X="50758" Y="78135" Z="0"/>
					<Vertex X="50758" Y="78457" Z="0"/>
					<Vertex X="50887" Y="78715" Z="0"/>
					<Vertex X="50952" Y="79037" Z="0"/>
					<Vertex X="51016" Y="79230" Z="0"/>
					<Vertex X="51016" Y="79488" Z="0"/>
					<Vertex X="51274" Y="79810" Z="0"/>
					<Vertex X="51274" Y="80067" Z="0"/>
					<Vertex X="51467" Y="80454" Z="0"/>
					<Vertex X="51531" Y="80776" Z="0"/>
					<Vertex X="51660" Y="81033" Z="0"/>
					<Vertex X="51725" Y="81356" Z="0"/>
					<Vertex X="51789" Y="81613" Z="0"/>
					<Vertex X="51918" Y="81935" Z="0"/>
					<Vertex X="51918" Y="82257" Z="0"/>
					<Vertex X="52047" Y="82515" Z="0"/>
					<Vertex X="52111" Y="82902" Z="0"/>
					<Vertex X="52111" Y="83288" Z="0"/>
					<Vertex X="52240" Y="83546" Z="0"/>
					<Vertex X="52240" Y="83739" Z="0"/>
					<Vertex X="52304" Y="84061" Z="0"/>
					<Vertex X="52433" Y="84254" Z="0"/>
					<Vertex X="52433" Y="84512" Z="0"/>
					<Vertex X="52498" Y="84705" Z="0"/>
					<Vertex X="52626" Y="85027" Z="0"/>
					<Vertex X="52691" Y="85285" Z="0"/>
					<Vertex X="52884" Y="85607" Z="0"/>
					<Vertex X="52884" Y="85800" Z="0"/>
					<Vertex X="53077" Y="86058" Z="0"/>
					<Vertex X="53206" Y="86251" Z="0"/>
					<Vertex X="53271" Y="86444" Z="0"/>
					<Vertex X="53399" Y="86766" Z="0"/>
					<Vertex X="53464" Y="86960" Z="0"/>
					<Vertex X="53528" Y="87217" Z="0"/>
					<Vertex X="53721" Y="87539" Z="0"/>
					<Vertex X="53979" Y="87733" Z="0"/>
					<Vertex X="54172" Y="87926" Z="0"/>
					<Vertex X="54237" Y="88119" Z="0"/>
					<Vertex X="54430" Y="88312" Z="0"/>
					<Vertex X="54623" Y="88506" Z="0"/>
					<Vertex X="54816" Y="88699" Z="0"/>
					<Vertex X="55010" Y="88892" Z="0"/>
					<Vertex X="55203" Y="89085" Z="0"/>
					<Vertex X="55396" Y="89279" Z="0"/>
					<Vertex X="55461" Y="89343" Z="0"/>
					<Vertex X="55718" Y="89536" Z="0"/>
					<Vertex X="55783" Y="89665" Z="0"/>
					<Vertex X="56105" Y="89858" Z="0"/>
					<Vertex X="56169" Y="89923" Z="0"/>
					<Vertex X="56362" Y="90052" Z="0"/>
					<Vertex X="56556" Y="90116" Z="0"/>
					<Vertex X="56684" Y="90245" Z="0"/>
					<Vertex X="56942" Y="90309" Z="0"/>
					<Vertex X="57007" Y="90438" Z="0"/>
					<Vertex X="57200" Y="90502" Z="0"/>
					<Vertex X="57457" Y="90502" Z="0"/>
					<Vertex X="57651" Y="90631" Z="0"/>
					<Vertex X="57715" Y="90631" Z="0"/>
					<Vertex X="57908" Y="90696" Z="0"/>
					<Vertex X="58102" Y="90696" Z="0"/>
					<Vertex X="58295" Y="90696" Z="0"/>
					<Vertex X="58553" Y="90696" Z="0"/>
					<Vertex X="58746" Y="90696" Z="0"/>
					<Vertex X="58939" Y="90696" Z="0"/>
					<Vertex X="59261" Y="90824" Z="0"/>
					<Vertex X="59454" Y="90824" Z="0"/>
					<Vertex X="59776" Y="90824" Z="0"/>
					<Vertex X="60034" Y="90824" Z="0"/>
					<Vertex X="60227" Y="90824" Z="0"/>
					<Vertex X="60421" Y="90824" Z="0"/>
					<Vertex X="60614" Y="90889" Z="0"/>
					<Vertex X="60807" Y="90889" Z="0"/>
					<Vertex X="61000" Y="90889" Z="0"/>
					<Vertex X="61322" Y="91018" Z="0"/>
					<Vertex X="61516" Y="91018" Z="0"/>
					<Vertex X="61709" Y="91018" Z="0"/>
					<Vertex X="61902" Y="91018" Z="0"/>
					<Vertex X="62160" Y="91018" Z="0"/>
					<Vertex X="62353" Y="91018" Z="0"/>
					<Vertex X="62675" Y="91018" Z="0"/>
					<Vertex X="62868" Y="91018" Z="0"/>
					<Vertex X="63062" Y="91018" Z="0"/>
					<Vertex X="63255" Y="91018" Z="0"/>
					<Vertex X="63512" Y="90889" Z="0"/>
					<Vertex X="63706" Y="90889" Z="0"/>
					<Vertex X="63899" Y="90824" Z="0"/>
					<Vertex X="64157" Y="90824" Z="0"/>
					<Vertex X="64414" Y="90696" Z="0"/>
					<Vertex X="64607" Y="90631" Z="0"/>
					<Vertex X="64801" Y="90502" Z="0"/>
					<Vertex X="64865" Y="90502" Z="0"/>
					<Vertex X="65058" Y="90438" Z="0"/>
					<Vertex X="65187" Y="90309" Z="0"/>
					<Vertex X="65380" Y="90245" Z="0"/>
					<Vertex X="65445" Y="90116" Z="0"/>
					<Vertex X="65638" Y="90052" Z="0"/>
					<Vertex X="65831" Y="89923" Z="0"/>
					<Vertex X="66025" Y="89858" Z="0"/>
					<Vertex X="66153" Y="89665" Z="0"/>
					<Vertex X="66347" Y="89536" Z="0"/>
					<Vertex X="66540" Y="89343" Z="0"/>
					<Vertex X="66604" Y="89279" Z="0"/>
					<Vertex X="66798" Y="89085" Z="0"/>
					<Vertex X="67120" Y="88892" Z="0"/>
					<Vertex X="67184" Y="88763" Z="0"/>
					<Vertex X="67377" Y="88699" Z="0"/>
					<Vertex X="67442" Y="88506" Z="0"/>
					<Vertex X="67571" Y="88377" Z="0"/>
					<Vertex X="67635" Y="88312" Z="0"/>
					<Vertex X="67764" Y="88119" Z="0"/>
					<Vertex X="67893" Y="87990" Z="0"/>
					<Vertex X="67893" Y="87797" Z="0"/>
					<Vertex X="67893" Y="87604" Z="0"/>
					<Vertex X="67764" Y="87411" Z="0"/>
					<Vertex X="67764" Y="87217" Z="0"/>
					<Vertex X="67635" Y="86831" Z="0"/>
					<Vertex X="67571" Y="86573" Z="0"/>
					<Vertex X="67442" Y="86380" Z="0"/>
					<Vertex X="67248" Y="86058" Z="0"/>
					<Vertex X="67184" Y="85865" Z="0"/>
					<Vertex X="66991" Y="85671" Z="0"/>
					<Vertex X="66798" Y="85478" Z="0"/>
					<Vertex X="66733" Y="85285" Z="0"/>
					<Vertex X="66604" Y="85156" Z="0"/>
					<Vertex X="66411" Y="84898" Z="0"/>
					<Vertex X="66347" Y="84705" Z="0"/>
					<Vertex X="66218" Y="84512" Z="0"/>
					<Vertex X="66153" Y="84319" Z="0"/>
					<Vertex X="66025" Y="84125" Z="0"/>
					<Vertex X="66025" Y="83932" Z="0"/>
					<Vertex X="65896" Y="83739" Z="0"/>
					<Vertex X="65896" Y="83481" Z="0"/>
					<Vertex X="65831" Y="83288" Z="0"/>
					<Vertex X="65831" Y="82966" Z="0"/>
					<Vertex X="65703" Y="82773" Z="0"/>
					<Vertex X="65703" Y="82579" Z="0"/>
					<Vertex X="65703" Y="82322" Z="0"/>
					<Vertex X="65703" Y="82129" Z="0"/>
					<Vertex X="65703" Y="81935" Z="0"/>
					<Vertex X="65831" Y="81806" Z="0"/>
					<Vertex X="65831" Y="81742" Z="0"/>
					<Vertex X="65896" Y="81549" Z="0"/>
					<Vertex X="66025" Y="81420" Z="0"/>
					<Vertex X="66153" Y="81356" Z="0"/>
					<Vertex X="66218" Y="81162" Z="0"/>
					<Vertex X="66347" Y="81033" Z="0"/>
					<Vertex X="66540" Y="81033" Z="0"/>
					<Vertex X="66604" Y="81033" Z="0"/>
					<Vertex X="66798" Y="81033" Z="0"/>
					<Vertex X="66862" Y="81033" Z="0"/>
					<Vertex X="67120" Y="81162" Z="0"/>
					<Vertex X="67248" Y="81227" Z="0"/>
					<Vertex X="67442" Y="81227" Z="0"/>
					<Vertex X="67571" Y="81356" Z="0"/>
					<Vertex X="67764" Y="81420" Z="0"/>
					<Vertex X="67957" Y="81549" Z="0"/>
					<Vertex X="68086" Y="81549" Z="0"/>
					<Vertex X="68150" Y="81613" Z="0"/>
					<Vertex X="68344" Y="81613" Z="0"/>
					<Vertex X="68472" Y="81613" Z="0"/>
					<Vertex X="68601" Y="81613" Z="0"/>
					<Vertex X="68859" Y="81549" Z="0"/>
					<Vertex X="68923" Y="81420" Z="0"/>
					<Vertex X="69116" Y="81356" Z="0"/>
					<Vertex X="69310" Y="81227" Z="0"/>
					<Vertex X="69503" Y="81033" Z="0"/>
					<Vertex X="69696" Y="80840" Z="0"/>
					<Vertex X="69825" Y="80647" Z="0"/>
					<Vertex X="69889" Y="80454" Z="0"/>
					<Vertex X="70018" Y="80389" Z="0"/>
					<Vertex X="70018" Y="80196" Z="0"/>
					<Vertex X="70083" Y="79874" Z="0"/>
					<Vertex X="70083" Y="79681" Z="0"/>
					<Vertex X="70083" Y="79488" Z="0"/>
					<Vertex X="70018" Y="79230" Z="0"/>
					<Vertex X="70018" Y="79037" Z="0"/>
					<Vertex X="69889" Y="78843" Z="0"/>
					<Vertex X="69825" Y="78650" Z="0"/>
					<Vertex X="69632" Y="78457" Z="0"/>
					<Vertex X="69503" Y="78264" Z="0"/>
					<Vertex X="69374" Y="78070" Z="0"/>
					<Vertex X="69181" Y="77877" Z="0"/>
					<Vertex X="68988" Y="77748" Z="0"/>
					<Vertex X="68859" Y="77491" Z="0"/>
					<Vertex X="68601" Y="77297" Z="0"/>
					<Vertex X="68472" Y="77104" Z="0"/>
					<Vertex X="68279" Y="76911" Z="0"/>
					<Vertex X="68086" Y="76589" Z="0"/>
					<Vertex X="67893" Y="76460" Z="0"/>
					<Vertex X="67635" Y="76138" Z="0"/>
					<Vertex X="67248" Y="75816" Z="0"/>
					<Vertex X="67120" Y="75623" Z="0"/>
					<Vertex X="66862" Y="75494" Z="0"/>
					<Vertex X="66733" Y="75236" Z="0"/>
					<Vertex X="66411" Y="74979" Z="0"/>
					<Vertex X="66347" Y="74785" Z="0"/>
					<Vertex X="66153" Y="74592" Z="0"/>
					<Vertex X="66025" Y="74399" Z="0"/>
					<Vertex X="66347" Y="74077" Z="0"/>
					<Vertex X="64801" Y="70147" Z="0"/>
					<Vertex X="64865" Y="69890" Z="0"/>
					<Vertex X="64865" Y="69761" Z="0"/>
					<Vertex X="64865" Y="69697" Z="0"/>
					<Vertex X="64865" Y="69568" Z="0"/>
					<Vertex X="64865" Y="69439" Z="0"/>
					<Vertex X="64865" Y="69374" Z="0"/>
					<Vertex X="64865" Y="69310" Z="0"/>
					<Vertex X="64865" Y="69181" Z="0"/>
					<Vertex X="64865" Y="69052" Z="0"/>
					<Vertex X="64801" Y="68988" Z="0"/>
					<Vertex X="64801" Y="68924" Z="0"/>
					<Vertex X="64801" Y="68795" Z="0"/>
					<Vertex X="64672" Y="68730" Z="0"/>
					<Vertex X="64672" Y="68601" Z="0"/>
					<Vertex X="64607" Y="68473" Z="0"/>
					<Vertex X="64607" Y="68408" Z="0"/>
					<Vertex X="64607" Y="68344" Z="0"/>
					<Vertex X="64479" Y="68344" Z="0"/>
					<Vertex X="64479" Y="68215" Z="0"/>
					<Vertex X="64479" Y="68086" Z="0"/>
					<Vertex X="64414" Y="68086" Z="0"/>
					<Vertex X="64414" Y="68022" Z="0"/>
					<Vertex X="64414" Y="67957" Z="0"/>
					<Vertex X="64285" Y="67957" Z="0"/>
					<Vertex X="64285" Y="67829" Z="0"/>
					<Vertex X="64285" Y="67764" Z="0"/>
					<Vertex X="64157" Y="67764" Z="0"/>
					<Vertex X="64092" Y="67635" Z="0"/>
					<Vertex X="64092" Y="67506" Z="0"/>
					<Vertex X="63963" Y="67442" Z="0"/>
					<Vertex X="63899" Y="67442" Z="0"/>
					<Vertex X="63899" Y="67313" Z="0"/>
					<Vertex X="63770" Y="67313" Z="0"/>
					<Vertex X="63770" Y="67249" Z="0"/>
					<Vertex X="63706" Y="67120" Z="0"/>
					<Vertex X="63641" Y="67120" Z="0"/>
					<Vertex X="63641" Y="67056" Z="0"/>
					<Vertex X="63512" Y="67056" Z="0"/>
					<Vertex X="63512" Y="66927" Z="0"/>
					<Vertex X="63448" Y="66927" Z="0"/>
					<Vertex X="63319" Y="66927" Z="0"/>
					<Vertex X="63255" Y="66862" Z="0"/>
					<Vertex X="63126" Y="66862" Z="0"/>
					<Vertex X="63126" Y="66798" Z="0"/>
					<Vertex X="63062" Y="66798" Z="0"/>
					<Vertex X="62933" Y="66798" Z="0"/>
					<Vertex X="62868" Y="66798" Z="0"/>
					<Vertex X="62868" Y="66669" Z="0"/>
					<Vertex X="62739" Y="66669" Z="0"/>
					<Vertex X="62675" Y="66669" Z="0"/>
					<Vertex X="62546" Y="66540" Z="0"/>
					<Vertex X="62417" Y="66540" Z="0"/>
					<Vertex X="62353" Y="66476" Z="0"/>
					<Vertex X="62224" Y="66476" Z="0"/>
					<Vertex X="62160" Y="66347" Z="0"/>
					<Vertex X="62031" Y="66347" Z="0"/>
					<Vertex X="61966" Y="66347" Z="0"/>
					<Vertex X="61902" Y="66347" Z="0"/>
					<Vertex X="61773" Y="66283" Z="0"/>
					<Vertex X="61580" Y="66283" Z="0"/>
					<Vertex X="61516" Y="66283" Z="0"/>
					<Vertex X="61387" Y="66154" Z="0"/>
					<Vertex X="61322" Y="66154" Z="0"/>
					<Vertex X="61193" Y="66154" Z="0"/>
					<Vertex X="61000" Y="66154" Z="0"/>
					<Vertex X="60936" Y="66154" Z="0"/>
					<Vertex X="60807" Y="66154" Z="0"/>
					<Vertex X="60678" Y="66154" Z="0"/>
					<Vertex X="60614" Y="66154" Z="0"/>
					<Vertex X="60485" Y="66154" Z="0"/>
					<Vertex X="60485" Y="66476" Z="0"/>
					<Vertex X="60421" Y="66347" Z="0"/>
					<Vertex X="60421" Y="66283" Z="0"/>
					<Vertex X="60292" Y="66154" Z="0"/>
					<Vertex X="60421" Y="66283" Z="0"/>
				</Vertices>
			</Region>
			<Region Id="2" Type="0" Zoom="0.015389" Selected="1" ImageLocation="" ImageFocus="-1" Length="29916.5" Area="51241910.0" LengthMicrons="7544.9" AreaMicrons="3259233.5" Text="" NegativeROA="0" InputRegionId="0" Analyze="1" DisplayId="2">
				<Attributes/>
				<Vertices>
					<Vertex X="88184" Y="86776" Z="0"/>
					<Vertex X="88144" Y="86459" Z="0"/>
					<Vertex X="88144" Y="86340" Z="0"/>
					<Vertex X="88124" Y="86181" Z="0"/>
					<Vertex X="88124" Y="86042" Z="0"/>
					<Vertex X="88085" Y="85805" Z="0"/>
					<Vertex X="88085" Y="85646" Z="0"/>
					<Vertex X="88065" Y="85507" Z="0"/>
					<Vertex X="88045" Y="85269" Z="0"/>
					<Vertex X="88045" Y="85130" Z="0"/>
					<Vertex X="88005" Y="84972" Z="0"/>
					<Vertex X="87946" Y="84734" Z="0"/>
					<Vertex X="87906" Y="84595" Z="0"/>
					<Vertex X="87847" Y="84417" Z="0"/>
					<Vertex X="87807" Y="84199" Z="0"/>
					<Vertex X="87708" Y="83981" Z="0"/>
					<Vertex X="87648" Y="83862" Z="0"/>
					<Vertex X="87589" Y="83743" Z="0"/>
					<Vertex X="87510" Y="83544" Z="0"/>
					<Vertex X="87430" Y="83425" Z="0"/>
					<Vertex X="87351" Y="83247" Z="0"/>
					<Vertex X="87252" Y="83128" Z="0"/>
					<Vertex X="87173" Y="82969" Z="0"/>
					<Vertex X="87113" Y="82890" Z="0"/>
					<Vertex X="87054" Y="82771" Z="0"/>
					<Vertex X="86974" Y="82632" Z="0"/>
					<Vertex X="86895" Y="82553" Z="0"/>
					<Vertex X="86816" Y="82474" Z="0"/>
					<Vertex X="86756" Y="82414" Z="0"/>
					<Vertex X="86697" Y="82355" Z="0"/>
					<Vertex X="86598" Y="82256" Z="0"/>
					<Vertex X="86538" Y="82196" Z="0"/>
					<Vertex X="86479" Y="82176" Z="0"/>
					<Vertex X="86399" Y="82117" Z="0"/>
					<Vertex X="86340" Y="82097" Z="0"/>
					<Vertex X="86300" Y="82058" Z="0"/>
					<Vertex X="86221" Y="82018" Z="0"/>
					<Vertex X="86181" Y="81998" Z="0"/>
					<Vertex X="86102" Y="81958" Z="0"/>
					<Vertex X="86043" Y="81939" Z="0"/>
					<Vertex X="86003" Y="81939" Z="0"/>
					<Vertex X="85924" Y="81899" Z="0"/>
					<Vertex X="85864" Y="81879" Z="0"/>
					<Vertex X="85805" Y="81839" Z="0"/>
					<Vertex X="85745" Y="81820" Z="0"/>
					<Vertex X="85646" Y="81780" Z="0"/>
					<Vertex X="85606" Y="81780" Z="0"/>
					<Vertex X="85527" Y="81760" Z="0"/>
					<Vertex X="85448" Y="81740" Z="0"/>
					<Vertex X="85388" Y="81740" Z="0"/>
					<Vertex X="85269" Y="81701" Z="0"/>
					<Vertex X="85170" Y="81701" Z="0"/>
					<Vertex X="85091" Y="81701" Z="0"/>
					<Vertex X="85031" Y="81701" Z="0"/>
					<Vertex X="84932" Y="81740" Z="0"/>
					<Vertex X="84853" Y="81740" Z="0"/>
					<Vertex X="84734" Y="81760" Z="0"/>
					<Vertex X="84635" Y="81760" Z="0"/>
					<Vertex X="84575" Y="81780" Z="0"/>
					<Vertex X="84437" Y="81839" Z="0"/>
					<Vertex X="84338" Y="81879" Z="0"/>
					<Vertex X="84219" Y="81899" Z="0"/>
					<Vertex X="84139" Y="81958" Z="0"/>
					<Vertex X="84040" Y="81998" Z="0"/>
					<Vertex X="83901" Y="82097" Z="0"/>
					<Vertex X="83802" Y="82137" Z="0"/>
					<Vertex X="83723" Y="82196" Z="0"/>
					<Vertex X="83624" Y="82295" Z="0"/>
					<Vertex X="83545" Y="82355" Z="0"/>
					<Vertex X="83465" Y="82434" Z="0"/>
					<Vertex X="83366" Y="82494" Z="0"/>
					<Vertex X="83307" Y="82632" Z="0"/>
					<Vertex X="83247" Y="82672" Z="0"/>
					<Vertex X="83227" Y="82771" Z="0"/>
					<Vertex X="83148" Y="82851" Z="0"/>
					<Vertex X="83148" Y="82950" Z="0"/>
					<Vertex X="83128" Y="83049" Z="0"/>
					<Vertex X="83069" Y="83188" Z="0"/>
					<Vertex X="83029" Y="83267" Z="0"/>
					<Vertex X="83009" Y="83406" Z="0"/>
					<Vertex X="82970" Y="83564" Z="0"/>
					<Vertex X="82950" Y="83723" Z="0"/>
					<Vertex X="82930" Y="83941" Z="0"/>
					<Vertex X="82930" Y="84119" Z="0"/>
					<Vertex X="82930" Y="84258" Z="0"/>
					<Vertex X="82930" Y="84496" Z="0"/>
					<Vertex X="82950" Y="84674" Z="0"/>
					<Vertex X="82950" Y="84873" Z="0"/>
					<Vertex X="82950" Y="85031" Z="0"/>
					<Vertex X="82970" Y="85190" Z="0"/>
					<Vertex X="83009" Y="85428" Z="0"/>
					<Vertex X="83029" Y="85567" Z="0"/>
					<Vertex X="83069" Y="85725" Z="0"/>
					<Vertex X="83128" Y="85943" Z="0"/>
					<Vertex X="83148" Y="86102" Z="0"/>
					<Vertex X="83247" Y="86280" Z="0"/>
					<Vertex X="83267" Y="86399" Z="0"/>
					<Vertex X="83326" Y="86617" Z="0"/>
					<Vertex X="83366" Y="86756" Z="0"/>
					<Vertex X="83386" Y="86935" Z="0"/>
					<Vertex X="83426" Y="87054" Z="0"/>
					<Vertex X="83426" Y="87232" Z="0"/>
					<Vertex X="83426" Y="87351" Z="0"/>
					<Vertex X="83386" Y="87470" Z="0"/>
					<Vertex X="83326" Y="87589" Z="0"/>
					<Vertex X="83307" Y="87668" Z="0"/>
					<Vertex X="83247" Y="87807" Z="0"/>
					<Vertex X="83148" Y="87906" Z="0"/>
					<Vertex X="83089" Y="88005" Z="0"/>
					<Vertex X="82970" Y="88104" Z="0"/>
					<Vertex X="82890" Y="88124" Z="0"/>
					<Vertex X="82771" Y="88184" Z="0"/>
					<Vertex X="82613" Y="88243" Z="0"/>
					<Vertex X="82533" Y="88303" Z="0"/>
					<Vertex X="82414" Y="88322" Z="0"/>
					<Vertex X="82256" Y="88422" Z="0"/>
					<Vertex X="82157" Y="88441" Z="0"/>
					<Vertex X="81998" Y="88540" Z="0"/>
					<Vertex X="81899" Y="88560" Z="0"/>
					<Vertex X="81780" Y="88620" Z="0"/>
					<Vertex X="81701" Y="88719" Z="0"/>
					<Vertex X="81621" Y="88778" Z="0"/>
					<Vertex X="81522" Y="88858" Z="0"/>
					<Vertex X="81463" Y="88957" Z="0"/>
					<Vertex X="81364" Y="89076" Z="0"/>
					<Vertex X="81304" Y="89155" Z="0"/>
					<Vertex X="81225" Y="89314" Z="0"/>
					<Vertex X="81165" Y="89433" Z="0"/>
					<Vertex X="81106" Y="89552" Z="0"/>
					<Vertex X="81007" Y="89730" Z="0"/>
					<Vertex X="80947" Y="89849" Z="0"/>
					<Vertex X="80928" Y="89968" Z="0"/>
					<Vertex X="80868" Y="90146" Z="0"/>
					<Vertex X="80828" Y="90265" Z="0"/>
					<Vertex X="80809" Y="90444" Z="0"/>
					<Vertex X="80809" Y="90523" Z="0"/>
					<Vertex X="80828" Y="90682" Z="0"/>
					<Vertex X="80828" Y="90801" Z="0"/>
					<Vertex X="80868" Y="90880" Z="0"/>
					<Vertex X="80928" Y="91058" Z="0"/>
					<Vertex X="80947" Y="91177" Z="0"/>
					<Vertex X="81007" Y="91356" Z="0"/>
					<Vertex X="81047" Y="91455" Z="0"/>
					<Vertex X="81126" Y="91574" Z="0"/>
					<Vertex X="81165" Y="91653" Z="0"/>
					<Vertex X="81225" Y="91752" Z="0"/>
					<Vertex X="81344" Y="91871" Z="0"/>
					<Vertex X="81403" Y="91950" Z="0"/>
					<Vertex X="81483" Y="92050" Z="0"/>
					<Vertex X="81641" Y="92169" Z="0"/>
					<Vertex X="81721" Y="92248" Z="0"/>
					<Vertex X="81879" Y="92347" Z="0"/>
					<Vertex X="81958" Y="92406" Z="0"/>
					<Vertex X="82058" Y="92426" Z="0"/>
					<Vertex X="82177" Y="92466" Z="0"/>
					<Vertex X="82256" Y="92486" Z="0"/>
					<Vertex X="82355" Y="92525" Z="0"/>
					<Vertex X="82533" Y="92545" Z="0"/>
					<Vertex X="82613" Y="92545" Z="0"/>
					<Vertex X="82791" Y="92545" Z="0"/>
					<Vertex X="82930" Y="92545" Z="0"/>
					<Vertex X="83089" Y="92525" Z="0"/>
					<Vertex X="83188" Y="92486" Z="0"/>
					<Vertex X="83267" Y="92466" Z="0"/>
					<Vertex X="83465" Y="92406" Z="0"/>
					<Vertex X="83564" Y="92347" Z="0"/>
					<Vertex X="83723" Y="92287" Z="0"/>
					<Vertex X="83842" Y="92228" Z="0"/>
					<Vertex X="83961" Y="92188" Z="0"/>
					<Vertex X="84139" Y="92169" Z="0"/>
					<Vertex X="84219" Y="92129" Z="0"/>
					<Vertex X="84377" Y="92109" Z="0"/>
					<Vertex X="84457" Y="92050" Z="0"/>
					<Vertex X="84556" Y="92050" Z="0"/>
					<Vertex X="84675" Y="91990" Z="0"/>
					<Vertex X="84754" Y="91950" Z="0"/>
					<Vertex X="84873" Y="91931" Z="0"/>
					<Vertex X="84992" Y="91891" Z="0"/>
					<Vertex X="85091" Y="91871" Z="0"/>
					<Vertex X="85210" Y="91812" Z="0"/>
					<Vertex X="85289" Y="91772" Z="0"/>
					<Vertex X="85368" Y="91752" Z="0"/>
					<Vertex X="85507" Y="91693" Z="0"/>
					<Vertex X="85567" Y="91653" Z="0"/>
					<Vertex X="85626" Y="91633" Z="0"/>
					<Vertex X="85706" Y="91594" Z="0"/>
					<Vertex X="85765" Y="91574" Z="0"/>
					<Vertex X="85864" Y="91514" Z="0"/>
					<Vertex X="85924" Y="91475" Z="0"/>
					<Vertex X="86003" Y="91455" Z="0"/>
					<Vertex X="86062" Y="91395" Z="0"/>
					<Vertex X="86142" Y="91336" Z="0"/>
					<Vertex X="86221" Y="91276" Z="0"/>
					<Vertex X="86280" Y="91217" Z="0"/>
					<Vertex X="86340" Y="91157" Z="0"/>
					<Vertex X="86439" Y="91058" Z="0"/>
					<Vertex X="86479" Y="90999" Z="0"/>
					<Vertex X="86538" Y="90880" Z="0"/>
					<Vertex X="86598" Y="90801" Z="0"/>
					<Vertex X="86657" Y="90701" Z="0"/>
					<Vertex X="86756" Y="90563" Z="0"/>
					<Vertex X="86816" Y="90483" Z="0"/>
					<Vertex X="86836" Y="90345" Z="0"/>
					<Vertex X="86935" Y="90206" Z="0"/>
					<Vertex X="86974" Y="90087" Z="0"/>
					<Vertex X="87054" Y="89928" Z="0"/>
					<Vertex X="87073" Y="89809" Z="0"/>
					<Vertex X="87133" Y="89730" Z="0"/>
					<Vertex X="87192" Y="89591" Z="0"/>
					<Vertex X="87232" Y="89492" Z="0"/>
					<Vertex X="87311" Y="89333" Z="0"/>
					<Vertex X="87351" Y="89274" Z="0"/>
					<Vertex X="87411" Y="89155" Z="0"/>
					<Vertex X="87470" Y="89096" Z="0"/>
					<Vertex X="87510" Y="89036" Z="0"/>
					<Vertex X="87549" Y="88917" Z="0"/>
					<Vertex X="87589" Y="88858" Z="0"/>
					<Vertex X="87668" Y="88778" Z="0"/>
					<Vertex X="87708" Y="88719" Z="0"/>
					<Vertex X="87767" Y="88620" Z="0"/>
					<Vertex X="87807" Y="88540" Z="0"/>
					<Vertex X="87847" Y="88402" Z="0"/>
					<Vertex X="87906" Y="88303" Z="0"/>
					<Vertex X="87966" Y="88184" Z="0"/>
					<Vertex X="87966" Y="88104" Z="0"/>
					<Vertex X="88005" Y="87966" Z="0"/>
					<Vertex X="88045" Y="87886" Z="0"/>
					<Vertex X="88065" Y="87728" Z="0"/>
					<Vertex X="88085" Y="87648" Z="0"/>
					<Vertex X="88124" Y="87529" Z="0"/>
					<Vertex X="88124" Y="87430" Z="0"/>
					<Vertex X="88124" Y="87311" Z="0"/>
					<Vertex X="88124" Y="87172" Z="0"/>
					<Vertex X="88124" Y="87054" Z="0"/>
					<Vertex X="88124" Y="86915" Z="0"/>
					<Vertex X="88184" Y="86776" Z="0"/>
				</Vertices>
			</Region>
			<Region Id="3" Type="0" Zoom="0.015389" Selected="0" ImageLocation="" ImageFocus="-1" Length="209991.2" Area="1359841439.0" LengthMicrons="52959.8" AreaMicrons="86492497.2" Text="" NegativeROA="0" InputRegionId="0" Analyze="1" DisplayId="3">
				<Attributes/>
				<Vertices>
					<Vertex X="103578" Y="72273" Z="0"/>
					<Vertex X="103578" Y="71951" Z="0"/>
					<Vertex X="103514" Y="71629" Z="0"/>
					<Vertex X="103514" Y="71307" Z="0"/>
					<Vertex X="103514" Y="70856" Z="0"/>
					<Vertex X="103514" Y="70598" Z="0"/>
					<Vertex X="103514" Y="70083" Z="0"/>
					<Vertex X="103578" Y="69825" Z="0"/>
					<Vertex X="103578" Y="69503" Z="0"/>
					<Vertex X="103707" Y="69052" Z="0"/>
					<Vertex X="103772" Y="68730" Z="0"/>
					<Vertex X="103772" Y="68408" Z="0"/>
					<Vertex X="103965" Y="67893" Z="0"/>
					<Vertex X="104029" Y="67635" Z="0"/>
					<Vertex X="104158" Y="67184" Z="0"/>
					<Vertex X="104223" Y="66926" Z="0"/>
					<Vertex X="104416" Y="66540" Z="0"/>
					<Vertex X="104545" Y="65960" Z="0"/>
					<Vertex X="104673" Y="65638" Z="0"/>
					<Vertex X="104673" Y="65381" Z="0"/>
					<Vertex X="104738" Y="64865" Z="0"/>
					<Vertex X="104738" Y="64608" Z="0"/>
					<Vertex X="104738" Y="64221" Z="0"/>
					<Vertex X="104867" Y="63835" Z="0"/>
					<Vertex X="104867" Y="63512" Z="0"/>
					<Vertex X="104867" Y="63062" Z="0"/>
					<Vertex X="104738" Y="62740" Z="0"/>
					<Vertex X="104738" Y="62482" Z="0"/>
					<Vertex X="104738" Y="61967" Z="0"/>
					<Vertex X="104673" Y="61644" Z="0"/>
					<Vertex X="104673" Y="61322" Z="0"/>
					<Vertex X="104673" Y="60871" Z="0"/>
					<Vertex X="104673" Y="60356" Z="0"/>
					<Vertex X="104673" Y="59970" Z="0"/>
					<Vertex X="104545" Y="59712" Z="0"/>
					<Vertex X="104545" Y="59132" Z="0"/>
					<Vertex X="104673" Y="58746" Z="0"/>
					<Vertex X="104673" Y="58295" Z="0"/>
					<Vertex X="104673" Y="57780" Z="0"/>
					<Vertex X="104673" Y="57393" Z="0"/>
					<Vertex X="104673" Y="56878" Z="0"/>
					<Vertex X="104673" Y="56491" Z="0"/>
					<Vertex X="104673" Y="55912" Z="0"/>
					<Vertex X="104545" Y="55525" Z="0"/>
					<Vertex X="104545" Y="55267" Z="0"/>
					<Vertex X="104416" Y="54752" Z="0"/>
					<Vertex X="104351" Y="54366" Z="0"/>
					<Vertex X="104223" Y="53850" Z="0"/>
					<Vertex X="104158" Y="53464" Z="0"/>
					<Vertex X="104029" Y="52948" Z="0"/>
					<Vertex X="103965" Y="52433" Z="0"/>
					<Vertex X="103900" Y="52047" Z="0"/>
					<Vertex X="103772" Y="51660" Z="0"/>
					<Vertex X="103707" Y="51145" Z="0"/>
					<Vertex X="103707" Y="50758" Z="0"/>
					<Vertex X="103578" Y="50308" Z="0"/>
					<Vertex X="103450" Y="49985" Z="0"/>
					<Vertex X="103385" Y="49406" Z="0"/>
					<Vertex X="103385" Y="49148" Z="0"/>
					<Vertex X="103385" Y="48826" Z="0"/>
					<Vertex X="103256" Y="48375" Z="0"/>
					<Vertex X="103256" Y="47989" Z="0"/>
					<Vertex X="103256" Y="47473" Z="0"/>
					<Vertex X="103385" Y="47216" Z="0"/>
					<Vertex X="103385" Y="46894" Z="0"/>
					<Vertex X="103385" Y="46443" Z="0"/>
					<Vertex X="103385" Y="46056" Z="0"/>
					<Vertex X="103450" Y="45541" Z="0"/>
					<Vertex X="103450" Y="45154" Z="0"/>
					<Vertex X="103578" Y="44639" Z="0"/>
					<Vertex X="103707" Y="44317" Z="0"/>
					<Vertex X="103772" Y="43737" Z="0"/>
					<Vertex X="103965" Y="43415" Z="0"/>
					<Vertex X="104029" Y="42835" Z="0"/>
					<Vertex X="104158" Y="42578" Z="0"/>
					<Vertex X="104223" Y="42062" Z="0"/>
					<Vertex X="104416" Y="41805" Z="0"/>
					<Vertex X="104545" Y="41225" Z="0"/>
					<Vertex X="104609" Y="40839" Z="0"/>
					<Vertex X="104931" Y="40259" Z="0"/>
					<Vertex X="104995" Y="39872" Z="0"/>
					<Vertex X="105189" Y="39293" Z="0"/>
					<Vertex X="105318" Y="38906" Z="0"/>
					<Vertex X="105511" Y="38326" Z="0"/>
					<Vertex X="105575" Y="37940" Z="0"/>
					<Vertex X="105704" Y="37360" Z="0"/>
					<Vertex X="105768" Y="36974" Z="0"/>
					<Vertex X="105768" Y="36458" Z="0"/>
					<Vertex X="105897" Y="36072" Z="0"/>
					<Vertex X="105962" Y="35814" Z="0"/>
					<Vertex X="106091" Y="35299" Z="0"/>
					<Vertex X="106091" Y="34848" Z="0"/>
					<Vertex X="106155" Y="34526" Z="0"/>
					<Vertex X="106284" Y="34075" Z="0"/>
					<Vertex X="106413" Y="33560" Z="0"/>
					<Vertex X="106477" Y="33173" Z="0"/>
					<Vertex X="106541" Y="32722" Z="0"/>
					<Vertex X="106670" Y="32207" Z="0"/>
					<Vertex X="106735" Y="31821" Z="0"/>
					<Vertex X="106864" Y="31563" Z="0"/>
					<Vertex X="106928" Y="31176" Z="0"/>
					<Vertex X="107121" Y="30854" Z="0"/>
					<Vertex X="107314" Y="30468" Z="0"/>
					<Vertex X="107508" Y="30275" Z="0"/>
					<Vertex X="107701" Y="30017" Z="0"/>
					<Vertex X="108023" Y="29695" Z="0"/>
					<Vertex X="108216" Y="29502" Z="0"/>
					<Vertex X="108474" Y="29115" Z="0"/>
					<Vertex X="108667" Y="28922" Z="0"/>
					<Vertex X="109054" Y="28535" Z="0"/>
					<Vertex X="109440" Y="28149" Z="0"/>
					<Vertex X="109955" Y="27762" Z="0"/>
					<Vertex X="110149" Y="27569" Z="0"/>
					<Vertex X="110406" Y="27312" Z="0"/>
					<Vertex X="110600" Y="27118" Z="0"/>
					<Vertex X="110986" Y="26925" Z="0"/>
					<Vertex X="111083" Y="26943" Z="0"/>
					<Vertex X="112530" Y="26170" Z="0"/>
					<Vertex X="112847" Y="26031" Z="0"/>
					<Vertex X="113105" Y="25972" Z="0"/>
					<Vertex X="113264" Y="25912" Z="0"/>
					<Vertex X="113422" Y="25872" Z="0"/>
					<Vertex X="113521" Y="25872" Z="0"/>
					<Vertex X="113700" Y="25853" Z="0"/>
					<Vertex X="113799" Y="25872" Z="0"/>
					<Vertex X="113918" Y="25872" Z="0"/>
					<Vertex X="114037" Y="25932" Z="0"/>
					<Vertex X="114156" Y="25972" Z="0"/>
					<Vertex X="114235" Y="26031" Z="0"/>
					<Vertex X="114394" Y="26091" Z="0"/>
					<Vertex X="114513" Y="26110" Z="0"/>
					<Vertex X="114592" Y="26150" Z="0"/>
					<Vertex X="114810" Y="26150" Z="0"/>
					<Vertex X="114929" Y="26150" Z="0"/>
					<Vertex X="115087" Y="26150" Z="0"/>
					<Vertex X="115286" Y="26110" Z="0"/>
					<Vertex X="115405" Y="26110" Z="0"/>
					<Vertex X="115563" Y="26091" Z="0"/>
					<Vertex X="115762" Y="26031" Z="0"/>
					<Vertex X="115880" Y="25991" Z="0"/>
					<Vertex X="115980" Y="25932" Z="0"/>
					<Vertex X="116099" Y="25912" Z="0"/>
					<Vertex X="116277" Y="25813" Z="0"/>
					<Vertex X="116356" Y="25793" Z="0"/>
					<Vertex X="116475" Y="25734" Z="0"/>
					<Vertex X="116594" Y="25635" Z="0"/>
					<Vertex X="116693" Y="25575" Z="0"/>
					<Vertex X="116812" Y="25476" Z="0"/>
					<Vertex X="116872" Y="25397" Z="0"/>
					<Vertex X="116892" Y="25317" Z="0"/>
					<Vertex X="116911" Y="25218" Z="0"/>
					<Vertex X="116951" Y="25179" Z="0"/>
					<Vertex X="116971" Y="25079" Z="0"/>
					<Vertex X="117011" Y="24960" Z="0"/>
					<Vertex X="117030" Y="24841" Z="0"/>
					<Vertex X="117070" Y="24723" Z="0"/>
					<Vertex X="117070" Y="24663" Z="0"/>
					<Vertex X="117110" Y="24604" Z="0"/>
					<Vertex X="117110" Y="24544" Z="0"/>
					<Vertex X="117129" Y="24445" Z="0"/>
					<Vertex X="117129" Y="24386" Z="0"/>
					<Vertex X="117169" Y="24366" Z="0"/>
					<Vertex X="117189" Y="24306" Z="0"/>
					<Vertex X="117189" Y="24247" Z="0"/>
					<Vertex X="117229" Y="24148" Z="0"/>
					<Vertex X="117229" Y="24088" Z="0"/>
					<Vertex X="117229" Y="24029" Z="0"/>
					<Vertex X="117248" Y="23989" Z="0"/>
					<Vertex X="117248" Y="23890" Z="0"/>
					<Vertex X="117248" Y="23791" Z="0"/>
					<Vertex X="117248" Y="23711" Z="0"/>
					<Vertex X="117248" Y="23612" Z="0"/>
					<Vertex X="117248" Y="23533" Z="0"/>
					<Vertex X="117229" Y="23414" Z="0"/>
					<Vertex X="117229" Y="23315" Z="0"/>
					<Vertex X="117189" Y="23236" Z="0"/>
					<Vertex X="117129" Y="23156" Z="0"/>
					<Vertex X="117110" Y="22998" Z="0"/>
					<Vertex X="117070" Y="22899" Z="0"/>
					<Vertex X="117030" Y="22799" Z="0"/>
					<Vertex X="117011" Y="22641" Z="0"/>
					<Vertex X="116971" Y="22522" Z="0"/>
					<Vertex X="116951" Y="22403" Z="0"/>
					<Vertex X="116911" Y="22284" Z="0"/>
					<Vertex X="116892" Y="22106" Z="0"/>
					<Vertex X="116892" Y="21987" Z="0"/>
					<Vertex X="116892" Y="21868" Z="0"/>
					<Vertex X="116872" Y="21749" Z="0"/>
					<Vertex X="116872" Y="21570" Z="0"/>
					<Vertex X="116872" Y="21451" Z="0"/>
					<Vertex X="116872" Y="21372" Z="0"/>
					<Vertex X="116892" Y="21213" Z="0"/>
					<Vertex X="116892" Y="21114" Z="0"/>
					<Vertex X="116911" Y="21075" Z="0"/>
					<Vertex X="116971" Y="20936" Z="0"/>
					<Vertex X="117011" Y="20896" Z="0"/>
					<Vertex X="117070" Y="20857" Z="0"/>
					<Vertex X="117110" Y="20777" Z="0"/>
					<Vertex X="117129" Y="20718" Z="0"/>
					<Vertex X="117129" Y="20638" Z="0"/>
					<Vertex X="117169" Y="20559" Z="0"/>
					<Vertex X="117169" Y="20500" Z="0"/>
					<Vertex X="117189" Y="20420" Z="0"/>
					<Vertex X="117189" Y="20262" Z="0"/>
					<Vertex X="117189" Y="20163" Z="0"/>
					<Vertex X="117229" Y="20044" Z="0"/>
					<Vertex X="117229" Y="19865" Z="0"/>
					<Vertex X="117229" Y="19766" Z="0"/>
					<Vertex X="117229" Y="19608" Z="0"/>
					<Vertex X="117229" Y="19429" Z="0"/>
					<Vertex X="117229" Y="19271" Z="0"/>
					<Vertex X="117229" Y="19152" Z="0"/>
					<Vertex X="117229" Y="19033" Z="0"/>
					<Vertex X="117229" Y="18894" Z="0"/>
					<Vertex X="117248" Y="18775" Z="0"/>
					<Vertex X="117268" Y="18616" Z="0"/>
					<Vertex X="117308" Y="18537" Z="0"/>
					<Vertex X="117367" Y="18378" Z="0"/>
					<Vertex X="117407" Y="18299" Z="0"/>
					<Vertex X="117427" Y="18220" Z="0"/>
					<Vertex X="117486" Y="18121" Z="0"/>
					<Vertex X="117506" Y="18002" Z="0"/>
					<Vertex X="117546" Y="17922" Z="0"/>
					<Vertex X="117566" Y="17784" Z="0"/>
					<Vertex X="117605" Y="17704" Z="0"/>
					<Vertex X="117645" Y="17645" Z="0"/>
					<Vertex X="117665" Y="17526" Z="0"/>
					<Vertex X="117665" Y="17427" Z="0"/>
					<Vertex X="117704" Y="17367" Z="0"/>
					<Vertex X="117724" Y="17228" Z="0"/>
					<Vertex X="117724" Y="17129" Z="0"/>
					<Vertex X="117764" Y="17070" Z="0"/>
					<Vertex X="117784" Y="16931" Z="0"/>
					<Vertex X="117784" Y="16832" Z="0"/>
					<Vertex X="117804" Y="16792" Z="0"/>
					<Vertex X="117804" Y="16634" Z="0"/>
					<Vertex X="117843" Y="16574" Z="0"/>
					<Vertex X="117843" Y="16475" Z="0"/>
					<Vertex X="117843" Y="16435" Z="0"/>
					<Vertex X="117843" Y="16297" Z="0"/>
					<Vertex X="117804" Y="16257" Z="0"/>
					<Vertex X="117804" Y="16178" Z="0"/>
					<Vertex X="117804" Y="16059" Z="0"/>
					<Vertex X="117804" Y="15960" Z="0"/>
					<Vertex X="117804" Y="15861" Z="0"/>
					<Vertex X="117804" Y="15761" Z="0"/>
					<Vertex X="117784" Y="15623" Z="0"/>
					<Vertex X="117784" Y="15563" Z="0"/>
					<Vertex X="117764" Y="15464" Z="0"/>
					<Vertex X="117724" Y="15365" Z="0"/>
					<Vertex X="117704" Y="15266" Z="0"/>
					<Vertex X="117665" Y="15167" Z="0"/>
					<Vertex X="117645" Y="15107" Z="0"/>
					<Vertex X="117566" Y="15028" Z="0"/>
					<Vertex X="117506" Y="14949" Z="0"/>
					<Vertex X="117447" Y="14849" Z="0"/>
					<Vertex X="117407" Y="14711" Z="0"/>
					<Vertex X="117367" Y="14612" Z="0"/>
					<Vertex X="117268" Y="14493" Z="0"/>
					<Vertex X="117229" Y="14413" Z="0"/>
					<Vertex X="117169" Y="14314" Z="0"/>
					<Vertex X="117070" Y="14195" Z="0"/>
					<Vertex X="116971" Y="14096" Z="0"/>
					<Vertex X="116892" Y="14017" Z="0"/>
					<Vertex X="116773" Y="13918" Z="0"/>
					<Vertex X="116693" Y="13878" Z="0"/>
					<Vertex X="116594" Y="13818" Z="0"/>
					<Vertex X="116475" Y="13719" Z="0"/>
					<Vertex X="116376" Y="13660" Z="0"/>
					<Vertex X="116297" Y="13600" Z="0"/>
					<Vertex X="116198" Y="13541" Z="0"/>
					<Vertex X="116059" Y="13462" Z="0"/>
					<Vertex X="115940" Y="13422" Z="0"/>
					<Vertex X="115781" Y="13363" Z="0"/>
					<Vertex X="115702" Y="13303" Z="0"/>
					<Vertex X="115583" Y="13283" Z="0"/>
					<Vertex X="115444" Y="13204" Z="0"/>
					<Vertex X="115306" Y="13184" Z="0"/>
					<Vertex X="115127" Y="13164" Z="0"/>
					<Vertex X="115028" Y="13125" Z="0"/>
					<Vertex X="114869" Y="13125" Z="0"/>
					<Vertex X="114691" Y="13085" Z="0"/>
					<Vertex X="114592" Y="13065" Z="0"/>
					<Vertex X="114453" Y="13065" Z="0"/>
					<Vertex X="114334" Y="13025" Z="0"/>
					<Vertex X="114215" Y="13025" Z="0"/>
					<Vertex X="114037" Y="13025" Z="0"/>
					<Vertex X="113938" Y="13006" Z="0"/>
					<Vertex X="113838" Y="13006" Z="0"/>
					<Vertex X="113620" Y="13006" Z="0"/>
					<Vertex X="113521" Y="13006" Z="0"/>
					<Vertex X="113343" Y="13006" Z="0"/>
					<Vertex X="113224" Y="13006" Z="0"/>
					<Vertex X="113085" Y="13006" Z="0"/>
					<Vertex X="112867" Y="13006" Z="0"/>
					<Vertex X="112728" Y="13006" Z="0"/>
					<Vertex X="112570" Y="13006" Z="0"/>
					<Vertex X="112332" Y="13006" Z="0"/>
					<Vertex X="112133" Y="13006" Z="0"/>
					<Vertex X="112015" Y="13025" Z="0"/>
					<Vertex X="111856" Y="13025" Z="0"/>
					<Vertex X="111618" Y="13025" Z="0"/>
					<Vertex X="111479" Y="13025" Z="0"/>
					<Vertex X="111321" Y="13025" Z="0"/>
					<Vertex X="111142" Y="13025" Z="0"/>
					<Vertex X="111003" Y="13025" Z="0"/>
					<Vertex X="110884" Y="13025" Z="0"/>
					<Vertex X="110726" Y="13025" Z="0"/>
					<Vertex X="110587" Y="13065" Z="0"/>
					<Vertex X="110369" Y="13065" Z="0"/>
					<Vertex X="110250" Y="13085" Z="0"/>
					<Vertex X="110131" Y="13125" Z="0"/>
					<Vertex X="110012" Y="13144" Z="0"/>
					<Vertex X="109814" Y="13204" Z="0"/>
					<Vertex X="109695" Y="13263" Z="0"/>
					<Vertex X="109596" Y="13303" Z="0"/>
					<Vertex X="109457" Y="13382" Z="0"/>
					<Vertex X="109358" Y="13442" Z="0"/>
					<Vertex X="109239" Y="13541" Z="0"/>
					<Vertex X="109100" Y="13620" Z="0"/>
					<Vertex X="108942" Y="13779" Z="0"/>
					<Vertex X="108862" Y="13838" Z="0"/>
					<Vertex X="108743" Y="13918" Z="0"/>
					<Vertex X="108585" Y="14076" Z="0"/>
					<Vertex X="108466" Y="14156" Z="0"/>
					<Vertex X="108386" Y="14255" Z="0"/>
					<Vertex X="108228" Y="14374" Z="0"/>
					<Vertex X="108109" Y="14453" Z="0"/>
					<Vertex X="107911" Y="14612" Z="0"/>
					<Vertex X="107792" Y="14691" Z="0"/>
					<Vertex X="107633" Y="14810" Z="0"/>
					<Vertex X="107494" Y="14869" Z="0"/>
					<Vertex X="107336" Y="14929" Z="0"/>
					<Vertex X="107256" Y="14968" Z="0"/>
					<Vertex X="107197" Y="14968" Z="0"/>
					<Vertex X="107137" Y="14909" Z="0"/>
					<Vertex X="107098" Y="14849" Z="0"/>
					<Vertex X="107098" Y="14750" Z="0"/>
					<Vertex X="107098" Y="14671" Z="0"/>
					<Vertex X="107098" Y="14512" Z="0"/>
					<Vertex X="107098" Y="14433" Z="0"/>
					<Vertex X="107098" Y="14274" Z="0"/>
					<Vertex X="107137" Y="14156" Z="0"/>
					<Vertex X="107137" Y="14076" Z="0"/>
					<Vertex X="107157" Y="13898" Z="0"/>
					<Vertex X="107197" Y="13799" Z="0"/>
					<Vertex X="107197" Y="13680" Z="0"/>
					<Vertex X="107157" Y="13561" Z="0"/>
					<Vertex X="107137" Y="13442" Z="0"/>
					<Vertex X="107137" Y="13323" Z="0"/>
					<Vertex X="107078" Y="13204" Z="0"/>
					<Vertex X="107018" Y="13125" Z="0"/>
					<Vertex X="106959" Y="13025" Z="0"/>
					<Vertex X="106860" Y="12907" Z="0"/>
					<Vertex X="106800" Y="12827" Z="0"/>
					<Vertex X="106681" Y="12708" Z="0"/>
					<Vertex X="106562" Y="12609" Z="0"/>
					<Vertex X="106444" Y="12550" Z="0"/>
					<Vertex X="106305" Y="12470" Z="0"/>
					<Vertex X="106206" Y="12411" Z="0"/>
					<Vertex X="106027" Y="12312" Z="0"/>
					<Vertex X="105908" Y="12252" Z="0"/>
					<Vertex X="105769" Y="12173" Z="0"/>
					<Vertex X="105651" Y="12113" Z="0"/>
					<Vertex X="105532" Y="12054" Z="0"/>
					<Vertex X="105353" Y="11995" Z="0"/>
					<Vertex X="105234" Y="11935" Z="0"/>
					<Vertex X="105056" Y="11895" Z="0"/>
					<Vertex X="104937" Y="11876" Z="0"/>
					<Vertex X="104719" Y="11876" Z="0"/>
					<Vertex X="104580" Y="11876" Z="0"/>
					<Vertex X="104402" Y="11876" Z="0"/>
					<Vertex X="104243" Y="11895" Z="0"/>
					<Vertex X="104104" Y="11935" Z="0"/>
					<Vertex X="103926" Y="11995" Z="0"/>
					<Vertex X="103767" Y="12014" Z="0"/>
					<Vertex X="103569" Y="12113" Z="0"/>
					<Vertex X="103410" Y="12173" Z="0"/>
					<Vertex X="103232" Y="12252" Z="0"/>
					<Vertex X="103053" Y="12351" Z="0"/>
					<Vertex X="102875" Y="12431" Z="0"/>
					<Vertex X="102756" Y="12490" Z="0"/>
					<Vertex X="102578" Y="12609" Z="0"/>
					<Vertex X="102459" Y="12669" Z="0"/>
					<Vertex X="102280" Y="12788" Z="0"/>
					<Vertex X="102161" Y="12887" Z="0"/>
					<Vertex X="102042" Y="13006" Z="0"/>
					<Vertex X="101923" Y="13065" Z="0"/>
					<Vertex X="101804" Y="13184" Z="0"/>
					<Vertex X="101725" Y="13244" Z="0"/>
					<Vertex X="101626" Y="13323" Z="0"/>
					<Vertex X="101487" Y="13442" Z="0"/>
					<Vertex X="101428" Y="13501" Z="0"/>
					<Vertex X="101309" Y="13620" Z="0"/>
					<Vertex X="101249" Y="13680" Z="0"/>
					<Vertex X="101150" Y="13779" Z="0"/>
					<Vertex X="101091" Y="13858" Z="0"/>
					<Vertex X="101031" Y="13918" Z="0"/>
					<Vertex X="100972" Y="14017" Z="0"/>
					<Vertex X="100912" Y="14076" Z="0"/>
					<Vertex X="100853" Y="14195" Z="0"/>
					<Vertex X="100833" Y="14255" Z="0"/>
					<Vertex X="100773" Y="14334" Z="0"/>
					<Vertex X="100714" Y="14453" Z="0"/>
					<Vertex X="100654" Y="14552" Z="0"/>
					<Vertex X="100615" Y="14631" Z="0"/>
					<Vertex X="100555" Y="14750" Z="0"/>
					<Vertex X="100536" Y="14810" Z="0"/>
					<Vertex X="100496" Y="14909" Z="0"/>
					<Vertex X="100476" Y="14968" Z="0"/>
					<Vertex X="100436" Y="15028" Z="0"/>
					<Vertex X="100417" Y="15107" Z="0"/>
					<Vertex X="100377" Y="15206" Z="0"/>
					<Vertex X="100357" Y="15266" Z="0"/>
					<Vertex X="100317" Y="15385" Z="0"/>
					<Vertex X="100298" Y="15464" Z="0"/>
					<Vertex X="100258" Y="15583" Z="0"/>
					<Vertex X="100258" Y="15682" Z="0"/>
					<Vertex X="100238" Y="15801" Z="0"/>
					<Vertex X="100198" Y="15940" Z="0"/>
					<Vertex X="100179" Y="16059" Z="0"/>
					<Vertex X="100139" Y="16217" Z="0"/>
					<Vertex X="100119" Y="16336" Z="0"/>
					<Vertex X="100060" Y="16495" Z="0"/>
					<Vertex X="100020" Y="16594" Z="0"/>
					<Vertex X="100000" Y="16713" Z="0"/>
					<Vertex X="99941" Y="16891" Z="0"/>
					<Vertex X="99881" Y="17010" Z="0"/>
					<Vertex X="99782" Y="17189" Z="0"/>
					<Vertex X="99723" Y="17347" Z="0"/>
					<Vertex X="99663" Y="17526" Z="0"/>
					<Vertex X="99604" Y="17665" Z="0"/>
					<Vertex X="99524" Y="17843" Z="0"/>
					<Vertex X="99465" Y="18002" Z="0"/>
					<Vertex X="99366" Y="18240" Z="0"/>
					<Vertex X="99287" Y="18418" Z="0"/>
					<Vertex X="99168" Y="18616" Z="0"/>
					<Vertex X="99068" Y="18775" Z="0"/>
					<Vertex X="98949" Y="18973" Z="0"/>
					<Vertex X="98870" Y="19092" Z="0"/>
					<Vertex X="98771" Y="19330" Z="0"/>
					<Vertex X="98652" Y="19548" Z="0"/>
					<Vertex X="98573" Y="19667" Z="0"/>
					<Vertex X="98454" Y="19865" Z="0"/>
					<Vertex X="98394" Y="20024" Z="0"/>
					<Vertex X="98295" Y="20202" Z="0"/>
					<Vertex X="98236" Y="20381" Z="0"/>
					<Vertex X="98117" Y="20619" Z="0"/>
					<Vertex X="98057" Y="20797" Z="0"/>
					<Vertex X="97938" Y="20995" Z="0"/>
					<Vertex X="97859" Y="21154" Z="0"/>
					<Vertex X="97740" Y="21332" Z="0"/>
					<Vertex X="97681" Y="21451" Z="0"/>
					<Vertex X="97562" Y="21669" Z="0"/>
					<Vertex X="97463" Y="21769" Z="0"/>
					<Vertex X="97324" Y="21927" Z="0"/>
					<Vertex X="97225" Y="21987" Z="0"/>
					<Vertex X="97106" Y="22046" Z="0"/>
					<Vertex X="97026" Y="22106" Z="0"/>
					<Vertex X="96927" Y="22165" Z="0"/>
					<Vertex X="96848" Y="22225" Z="0"/>
					<Vertex X="96749" Y="22244" Z="0"/>
					<Vertex X="96610" Y="22343" Z="0"/>
					<Vertex X="96451" Y="22462" Z="0"/>
					<Vertex X="96372" Y="22562" Z="0"/>
					<Vertex X="96273" Y="22641" Z="0"/>
					<Vertex X="96134" Y="22780" Z="0"/>
					<Vertex X="95976" Y="22938" Z="0"/>
					<Vertex X="95896" Y="23097" Z="0"/>
					<Vertex X="95777" Y="23275" Z="0"/>
					<Vertex X="95718" Y="23394" Z="0"/>
					<Vertex X="95599" Y="23553" Z="0"/>
					<Vertex X="95539" Y="23711" Z="0"/>
					<Vertex X="95421" Y="23890" Z="0"/>
					<Vertex X="95302" Y="24088" Z="0"/>
					<Vertex X="95202" Y="24306" Z="0"/>
					<Vertex X="95123" Y="24445" Z="0"/>
					<Vertex X="95064" Y="24663" Z="0"/>
					<Vertex X="95004" Y="24802" Z="0"/>
					<Vertex X="94905" Y="25020" Z="0"/>
					<Vertex X="94885" Y="25218" Z="0"/>
					<Vertex X="94846" Y="25337" Z="0"/>
					<Vertex X="94826" Y="25555" Z="0"/>
					<Vertex X="94786" Y="25674" Z="0"/>
					<Vertex X="94786" Y="25872" Z="0"/>
					<Vertex X="94766" Y="26031" Z="0"/>
					<Vertex X="94766" Y="26209" Z="0"/>
					<Vertex X="94766" Y="26408" Z="0"/>
					<Vertex X="94766" Y="26527" Z="0"/>
					<Vertex X="94766" Y="26745" Z="0"/>
					<Vertex X="94687" Y="26903" Z="0"/>
					<Vertex X="94390" Y="28232" Z="0"/>
					<Vertex X="94231" Y="28569" Z="0"/>
					<Vertex X="94171" Y="28807" Z="0"/>
					<Vertex X="94112" Y="28945" Z="0"/>
					<Vertex X="94033" Y="29163" Z="0"/>
					<Vertex X="93973" Y="29302" Z="0"/>
					<Vertex X="93914" Y="29520" Z="0"/>
					<Vertex X="93874" Y="29659" Z="0"/>
					<Vertex X="93795" Y="29877" Z="0"/>
					<Vertex X="93735" Y="30056" Z="0"/>
					<Vertex X="93676" Y="30194" Z="0"/>
					<Vertex X="93557" Y="30412" Z="0"/>
					<Vertex X="93497" Y="30551" Z="0"/>
					<Vertex X="93398" Y="30769" Z="0"/>
					<Vertex X="93319" Y="30908" Z="0"/>
					<Vertex X="93259" Y="31067" Z="0"/>
					<Vertex X="93160" Y="31324" Z="0"/>
					<Vertex X="93081" Y="31503" Z="0"/>
					<Vertex X="92962" Y="31741" Z="0"/>
					<Vertex X="92803" Y="31979" Z="0"/>
					<Vertex X="92744" Y="32157" Z="0"/>
					<Vertex X="92625" Y="32435" Z="0"/>
					<Vertex X="92546" Y="32613" Z="0"/>
					<Vertex X="92486" Y="32851" Z="0"/>
					<Vertex X="92427" Y="32990" Z="0"/>
					<Vertex X="92328" Y="33228" Z="0"/>
					<Vertex X="92268" Y="33386" Z="0"/>
					<Vertex X="92189" Y="33684" Z="0"/>
					<Vertex X="92129" Y="33862" Z="0"/>
					<Vertex X="92010" Y="34120" Z="0"/>
					<Vertex X="91951" Y="34298" Z="0"/>
					<Vertex X="91891" Y="34457" Z="0"/>
					<Vertex X="91773" Y="34715" Z="0"/>
					<Vertex X="91713" Y="34893" Z="0"/>
					<Vertex X="91554" Y="35171" Z="0"/>
					<Vertex X="91495" Y="35309" Z="0"/>
					<Vertex X="91416" Y="35428" Z="0"/>
					<Vertex X="91356" Y="35607" Z="0"/>
					<Vertex X="91257" Y="35726" Z="0"/>
					<Vertex X="91178" Y="35904" Z="0"/>
					<Vertex X="91079" Y="36063" Z="0"/>
					<Vertex X="90999" Y="36182" Z="0"/>
					<Vertex X="90900" Y="36320" Z="0"/>
					<Vertex X="90841" Y="36420" Z="0"/>
					<Vertex X="90821" Y="36499" Z="0"/>
					<Vertex X="90742" Y="36618" Z="0"/>
					<Vertex X="90702" Y="36717" Z="0"/>
					<Vertex X="90642" Y="36776" Z="0"/>
					<Vertex X="90543" Y="36856" Z="0"/>
					<Vertex X="90484" Y="36955" Z="0"/>
					<Vertex X="90464" Y="37014" Z="0"/>
					<Vertex X="90365" Y="37113" Z="0"/>
					<Vertex X="90305" Y="37153" Z="0"/>
					<Vertex X="90226" Y="37252" Z="0"/>
					<Vertex X="90127" Y="37312" Z="0"/>
					<Vertex X="90068" Y="37371" Z="0"/>
					<Vertex X="89988" Y="37450" Z="0"/>
					<Vertex X="89929" Y="37530" Z="0"/>
					<Vertex X="89770" Y="37669" Z="0"/>
					<Vertex X="89691" Y="37748" Z="0"/>
					<Vertex X="89532" Y="37906" Z="0"/>
					<Vertex X="89413" Y="38025" Z="0"/>
					<Vertex X="89294" Y="38184" Z="0"/>
					<Vertex X="89136" Y="38382" Z="0"/>
					<Vertex X="88977" Y="38501" Z="0"/>
					<Vertex X="88799" Y="38719" Z="0"/>
					<Vertex X="88680" Y="38858" Z="0"/>
					<Vertex X="88561" Y="38977" Z="0"/>
					<Vertex X="88382" Y="39155" Z="0"/>
					<Vertex X="88283" Y="39274" Z="0"/>
					<Vertex X="88144" Y="39453" Z="0"/>
					<Vertex X="88026" Y="39572" Z="0"/>
					<Vertex X="87867" Y="39750" Z="0"/>
					<Vertex X="87788" Y="39869" Z="0"/>
					<Vertex X="87629" Y="40048" Z="0"/>
					<Vertex X="87550" Y="40206" Z="0"/>
					<Vertex X="87451" Y="40305" Z="0"/>
					<Vertex X="87332" Y="40504" Z="0"/>
					<Vertex X="87193" Y="40662" Z="0"/>
					<Vertex X="87094" Y="40801" Z="0"/>
					<Vertex X="86975" Y="40999" Z="0"/>
					<Vertex X="86895" Y="41118" Z="0"/>
					<Vertex X="86737" Y="41297" Z="0"/>
					<Vertex X="86658" Y="41416" Z="0"/>
					<Vertex X="86598" Y="41535" Z="0"/>
					<Vertex X="86479" Y="41713" Z="0"/>
					<Vertex X="86380" Y="41832" Z="0"/>
					<Vertex X="86301" Y="42010" Z="0"/>
					<Vertex X="86202" Y="42149" Z="0"/>
					<Vertex X="86122" Y="42288" Z="0"/>
					<Vertex X="86063" Y="42387" Z="0"/>
					<Vertex X="85964" Y="42585" Z="0"/>
					<Vertex X="85904" Y="42684" Z="0"/>
					<Vertex X="85825" Y="42803" Z="0"/>
					<Vertex X="85726" Y="42982" Z="0"/>
					<Vertex X="85666" Y="43101" Z="0"/>
					<Vertex X="85607" Y="43220" Z="0"/>
					<Vertex X="85527" Y="43378" Z="0"/>
					<Vertex X="85468" Y="43517" Z="0"/>
					<Vertex X="85369" Y="43696" Z="0"/>
					<Vertex X="85309" Y="43795" Z="0"/>
					<Vertex X="85249" Y="43755" Z="0"/>
					<Vertex X="84536" Y="44925" Z="0"/>
					<Vertex X="84218" Y="45480" Z="0"/>
					<Vertex X="84060" Y="45877" Z="0"/>
					<Vertex X="83881" Y="46234" Z="0"/>
					<Vertex X="83802" Y="46511" Z="0"/>
					<Vertex X="83683" Y="46888" Z="0"/>
					<Vertex X="83584" Y="47126" Z="0"/>
					<Vertex X="83525" Y="47403" Z="0"/>
					<Vertex X="83406" Y="47839" Z="0"/>
					<Vertex X="83287" Y="48256" Z="0"/>
					<Vertex X="83207" Y="48553" Z="0"/>
					<Vertex X="83108" Y="48930" Z="0"/>
					<Vertex X="83088" Y="49168" Z="0"/>
					<Vertex X="82989" Y="49564" Z="0"/>
					<Vertex X="82969" Y="49802" Z="0"/>
					<Vertex X="82910" Y="50100" Z="0"/>
					<Vertex X="82870" Y="50476" Z="0"/>
					<Vertex X="82811" Y="50774" Z="0"/>
					<Vertex X="82791" Y="51190" Z="0"/>
					<Vertex X="82751" Y="51487" Z="0"/>
					<Vertex X="82692" Y="51904" Z="0"/>
					<Vertex X="82672" Y="52201" Z="0"/>
					<Vertex X="82632" Y="52498" Z="0"/>
					<Vertex X="82613" Y="52954" Z="0"/>
					<Vertex X="82613" Y="53252" Z="0"/>
					<Vertex X="82573" Y="53688" Z="0"/>
					<Vertex X="82573" Y="53966" Z="0"/>
					<Vertex X="82573" Y="54382" Z="0"/>
					<Vertex X="82573" Y="54620" Z="0"/>
					<Vertex X="82613" Y="54878" Z="0"/>
					<Vertex X="82652" Y="55274" Z="0"/>
					<Vertex X="82672" Y="55512" Z="0"/>
					<Vertex X="82772" Y="55828" Z="0"/>
					<Vertex X="83208" Y="57157" Z="0"/>
					<Vertex X="83743" Y="58683" Z="0"/>
					<Vertex X="83902" Y="58981" Z="0"/>
					<Vertex X="83981" Y="59219" Z="0"/>
					<Vertex X="84080" Y="59417" Z="0"/>
					<Vertex X="84219" Y="59774" Z="0"/>
					<Vertex X="84338" Y="60111" Z="0"/>
					<Vertex X="84497" Y="60408" Z="0"/>
					<Vertex X="84616" Y="60725" Z="0"/>
					<Vertex X="84695" Y="60904" Z="0"/>
					<Vertex X="84853" Y="61181" Z="0"/>
					<Vertex X="84992" Y="61419" Z="0"/>
					<Vertex X="85111" Y="61598" Z="0"/>
					<Vertex X="85210" Y="61736" Z="0"/>
					<Vertex X="85349" Y="61974" Z="0"/>
					<Vertex X="85448" Y="62133" Z="0"/>
					<Vertex X="85567" Y="62272" Z="0"/>
					<Vertex X="85706" Y="62450" Z="0"/>
					<Vertex X="85805" Y="62569" Z="0"/>
					<Vertex X="85944" Y="62787" Z="0"/>
					<Vertex X="86063" Y="62906" Z="0"/>
					<Vertex X="86162" Y="63025" Z="0"/>
					<Vertex X="86301" Y="63204" Z="0"/>
					<Vertex X="86420" Y="63283" Z="0"/>
					<Vertex X="86539" Y="63382" Z="0"/>
					<Vertex X="86717" Y="63521" Z="0"/>
					<Vertex X="86836" Y="63620" Z="0"/>
					<Vertex X="87014" Y="63759" Z="0"/>
					<Vertex X="87133" Y="63818" Z="0"/>
					<Vertex X="87232" Y="63917" Z="0"/>
					<Vertex X="87411" Y="64056" Z="0"/>
					<Vertex X="87490" Y="64155" Z="0"/>
					<Vertex X="87649" Y="64294" Z="0"/>
					<Vertex X="87788" Y="64472" Z="0"/>
					<Vertex X="87907" Y="64631" Z="0"/>
					<Vertex X="88006" Y="64730" Z="0"/>
					<Vertex X="88105" Y="64889" Z="0"/>
					<Vertex X="88144" Y="65008" Z="0"/>
					<Vertex X="88184" Y="65107" Z="0"/>
					<Vertex X="88263" Y="65305" Z="0"/>
					<Vertex X="88303" Y="65464" Z="0"/>
					<Vertex X="88323" Y="65602" Z="0"/>
					<Vertex X="88402" Y="65821" Z="0"/>
					<Vertex X="88422" Y="65999" Z="0"/>
					<Vertex X="88422" Y="66158" Z="0"/>
					<Vertex X="88442" Y="66435" Z="0"/>
					<Vertex X="88442" Y="66614" Z="0"/>
					<Vertex X="88442" Y="66792" Z="0"/>
					<Vertex X="88442" Y="67089" Z="0"/>
					<Vertex X="88442" Y="67307" Z="0"/>
					<Vertex X="88442" Y="67605" Z="0"/>
					<Vertex X="88442" Y="67823" Z="0"/>
					<Vertex X="88442" Y="68021" Z="0"/>
					<Vertex X="88442" Y="68319" Z="0"/>
					<Vertex X="88442" Y="68497" Z="0"/>
					<Vertex X="88442" Y="68656" Z="0"/>
					<Vertex X="88481" Y="68913" Z="0"/>
					<Vertex X="88481" Y="69052" Z="0"/>
					<Vertex X="88481" Y="69270" Z="0"/>
					<Vertex X="88501" Y="69568" Z="0"/>
					<Vertex X="88541" Y="69746" Z="0"/>
					<Vertex X="88561" Y="70103" Z="0"/>
					<Vertex X="88600" Y="70460" Z="0"/>
					<Vertex X="88640" Y="70658" Z="0"/>
					<Vertex X="88660" Y="70817" Z="0"/>
					<Vertex X="88680" Y="71035" Z="0"/>
					<Vertex X="88719" Y="71134" Z="0"/>
					<Vertex X="88739" Y="71233" Z="0"/>
					<Vertex X="88799" Y="71411" Z="0"/>
					<Vertex X="88838" Y="71491" Z="0"/>
					<Vertex X="88898" Y="71629" Z="0"/>
					<Vertex X="88957" Y="71768" Z="0"/>
					<Vertex X="89017" Y="71887" Z="0"/>
					<Vertex X="89076" Y="71966" Z="0"/>
					<Vertex X="89136" Y="72085" Z="0"/>
					<Vertex X="89195" Y="72244" Z="0"/>
					<Vertex X="89255" Y="72363" Z="0"/>
					<Vertex X="89314" Y="72442" Z="0"/>
					<Vertex X="89393" Y="72601" Z="0"/>
					<Vertex X="89473" Y="72680" Z="0"/>
					<Vertex X="89552" Y="72779" Z="0"/>
					<Vertex X="89612" Y="72859" Z="0"/>
					<Vertex X="89731" Y="73017" Z="0"/>
					<Vertex X="89790" Y="73077" Z="0"/>
					<Vertex X="89849" Y="73156" Z="0"/>
					<Vertex X="89929" Y="73275" Z="0"/>
					<Vertex X="89948" Y="73255" Z="0"/>
					<Vertex X="90444" Y="74465" Z="0"/>
					<Vertex X="90523" Y="74821" Z="0"/>
					<Vertex X="90543" Y="74980" Z="0"/>
					<Vertex X="90583" Y="75119" Z="0"/>
					<Vertex X="90642" Y="75337" Z="0"/>
					<Vertex X="90702" Y="75575" Z="0"/>
					<Vertex X="90741" Y="75753" Z="0"/>
					<Vertex X="90781" Y="75971" Z="0"/>
					<Vertex X="90840" Y="76110" Z="0"/>
					<Vertex X="90900" Y="76308" Z="0"/>
					<Vertex X="90939" Y="76467" Z="0"/>
					<Vertex X="90999" Y="76645" Z="0"/>
					<Vertex X="91019" Y="76764" Z="0"/>
					<Vertex X="91058" Y="76883" Z="0"/>
					<Vertex X="91118" Y="77022" Z="0"/>
					<Vertex X="91138" Y="77121" Z="0"/>
					<Vertex X="91197" Y="77240" Z="0"/>
					<Vertex X="91197" Y="77280" Z="0"/>
					<Vertex X="91237" Y="77300" Z="0"/>
					<Vertex X="91276" Y="77319" Z="0"/>
					<Vertex X="91276" Y="77359" Z="0"/>
					<Vertex X="91276" Y="77399" Z="0"/>
					<Vertex X="91276" Y="77419" Z="0"/>
					<Vertex X="91276" Y="77458" Z="0"/>
					<Vertex X="91276" Y="77498" Z="0"/>
					<Vertex X="91276" Y="77597" Z="0"/>
					<Vertex X="91296" Y="77696" Z="0"/>
					<Vertex X="91316" Y="77795" Z="0"/>
					<Vertex X="91356" Y="77894" Z="0"/>
					<Vertex X="91415" Y="78013" Z="0"/>
					<Vertex X="91435" Y="78172" Z="0"/>
					<Vertex X="91475" Y="78291" Z="0"/>
					<Vertex X="91534" Y="78390" Z="0"/>
					<Vertex X="91554" Y="78588" Z="0"/>
					<Vertex X="91614" Y="78727" Z="0"/>
					<Vertex X="91653" Y="78905" Z="0"/>
					<Vertex X="91713" Y="79024" Z="0"/>
					<Vertex X="91732" Y="79203" Z="0"/>
					<Vertex X="91732" Y="79401" Z="0"/>
					<Vertex X="91772" Y="79560" Z="0"/>
					<Vertex X="91772" Y="79778" Z="0"/>
					<Vertex X="91772" Y="79877" Z="0"/>
					<Vertex X="91772" Y="80035" Z="0"/>
					<Vertex X="91732" Y="80234" Z="0"/>
					<Vertex X="91732" Y="80373" Z="0"/>
					<Vertex X="91713" Y="80511" Z="0"/>
					<Vertex X="91673" Y="80710" Z="0"/>
					<Vertex X="91653" Y="80868" Z="0"/>
					<Vertex X="91594" Y="81106" Z="0"/>
					<Vertex X="91554" Y="81225" Z="0"/>
					<Vertex X="91495" Y="81423" Z="0"/>
					<Vertex X="91158" Y="82692" Z="0"/>
					<Vertex X="90960" Y="83445" Z="0"/>
					<Vertex X="90900" Y="83703" Z="0"/>
					<Vertex X="90841" Y="83882" Z="0"/>
					<Vertex X="90782" Y="84159" Z="0"/>
					<Vertex X="90742" Y="84298" Z="0"/>
					<Vertex X="90682" Y="84575" Z="0"/>
					<Vertex X="90663" Y="84754" Z="0"/>
					<Vertex X="90603" Y="84992" Z="0"/>
					<Vertex X="90544" Y="85150" Z="0"/>
					<Vertex X="90484" Y="85349" Z="0"/>
					<Vertex X="90444" Y="85487" Z="0"/>
					<Vertex X="90405" Y="85646" Z="0"/>
					<Vertex X="90326" Y="85765" Z="0"/>
					<Vertex X="90246" Y="85924" Z="0"/>
					<Vertex X="90187" Y="86023" Z="0"/>
					<Vertex X="90068" Y="86181" Z="0"/>
					<Vertex X="90008" Y="86261" Z="0"/>
					<Vertex X="89889" Y="86380" Z="0"/>
					<Vertex X="89790" Y="86538" Z="0"/>
					<Vertex X="89751" Y="86618" Z="0"/>
					<Vertex X="89651" Y="86776" Z="0"/>
					<Vertex X="89592" Y="86895" Z="0"/>
					<Vertex X="89493" Y="87034" Z="0"/>
					<Vertex X="89453" Y="87153" Z="0"/>
					<Vertex X="89354" Y="87371" Z="0"/>
					<Vertex X="89295" Y="87490" Z="0"/>
					<Vertex X="89235" Y="87708" Z="0"/>
					<Vertex X="89215" Y="87847" Z="0"/>
					<Vertex X="89176" Y="88085" Z="0"/>
					<Vertex X="89176" Y="88223" Z="0"/>
					<Vertex X="89176" Y="88441" Z="0"/>
					<Vertex X="89176" Y="88600" Z="0"/>
					<Vertex X="89215" Y="88798" Z="0"/>
					<Vertex X="89215" Y="88937" Z="0"/>
					<Vertex X="89235" Y="89175" Z="0"/>
					<Vertex X="89255" Y="89334" Z="0"/>
					<Vertex X="89295" Y="89532" Z="0"/>
					<Vertex X="89295" Y="89690" Z="0"/>
					<Vertex X="89314" Y="89909" Z="0"/>
					<Vertex X="89354" Y="90008" Z="0"/>
					<Vertex X="89374" Y="90206" Z="0"/>
					<Vertex X="89414" Y="90305" Z="0"/>
					<Vertex X="89473" Y="90503" Z="0"/>
					<Vertex X="89493" Y="90602" Z="0"/>
					<Vertex X="89552" Y="90702" Z="0"/>
					<Vertex X="89612" Y="90860" Z="0"/>
					<Vertex X="89711" Y="90959" Z="0"/>
					<Vertex X="89770" Y="91019" Z="0"/>
					<Vertex X="89909" Y="91118" Z="0"/>
					<Vertex X="90008" Y="91177" Z="0"/>
					<Vertex X="90147" Y="91197" Z="0"/>
					<Vertex X="90286" Y="91237" Z="0"/>
					<Vertex X="90444" Y="91237" Z="0"/>
					<Vertex X="90603" Y="91237" Z="0"/>
					<Vertex X="90782" Y="91257" Z="0"/>
					<Vertex X="90960" Y="91257" Z="0"/>
					<Vertex X="91119" Y="91257" Z="0"/>
					<Vertex X="91257" Y="91257" Z="0"/>
					<Vertex X="91475" Y="91257" Z="0"/>
					<Vertex X="91674" Y="91257" Z="0"/>
					<Vertex X="91812" Y="91257" Z="0"/>
					<Vertex X="92031" Y="91257" Z="0"/>
					<Vertex X="92249" Y="91257" Z="0"/>
					<Vertex X="92368" Y="91257" Z="0"/>
					<Vertex X="92506" Y="91237" Z="0"/>
					<Vertex X="92744" Y="91237" Z="0"/>
					<Vertex X="93022" Y="91197" Z="0"/>
					<Vertex X="93161" Y="91177" Z="0"/>
					<Vertex X="93339" Y="91138" Z="0"/>
					<Vertex X="93577" Y="91098" Z="0"/>
					<Vertex X="93716" Y="91058" Z="0"/>
					<Vertex X="94033" Y="90959" Z="0"/>
					<Vertex X="94192" Y="90900" Z="0"/>
					<Vertex X="94509" Y="90821" Z="0"/>
					<Vertex X="94667" Y="90761" Z="0"/>
					<Vertex X="94945" Y="90682" Z="0"/>
					<Vertex X="95183" Y="90602" Z="0"/>
					<Vertex X="95361" Y="90583" Z="0"/>
					<Vertex X="95619" Y="90523" Z="0"/>
					<Vertex X="95797" Y="90464" Z="0"/>
					<Vertex X="96055" Y="90424" Z="0"/>
					<Vertex X="96234" Y="90384" Z="0"/>
					<Vertex X="96491" Y="90345" Z="0"/>
					<Vertex X="96670" Y="90305" Z="0"/>
					<Vertex X="96927" Y="90246" Z="0"/>
					<Vertex X="97126" Y="90226" Z="0"/>
					<Vertex X="97403" Y="90206" Z="0"/>
					<Vertex X="97621" Y="90166" Z="0"/>
					<Vertex X="97939" Y="90107" Z="0"/>
					<Vertex X="98196" Y="90067" Z="0"/>
					<Vertex X="98533" Y="90008" Z="0"/>
					<Vertex X="98791" Y="89988" Z="0"/>
					<Vertex X="99148" Y="89928" Z="0"/>
					<Vertex X="99366" Y="89869" Z="0"/>
					<Vertex X="99743" Y="89809" Z="0"/>
					<Vertex X="99981" Y="89790" Z="0"/>
					<Vertex X="100357" Y="89690" Z="0"/>
					<Vertex X="100595" Y="89631" Z="0"/>
					<Vertex X="100952" Y="89532" Z="0"/>
					<Vertex X="101190" Y="89492" Z="0"/>
					<Vertex X="101507" Y="89393" Z="0"/>
					<Vertex X="101785" Y="89373" Z="0"/>
					<Vertex X="102142" Y="89234" Z="0"/>
					<Vertex X="102379" Y="89175" Z="0"/>
					<Vertex X="102756" Y="89076" Z="0"/>
					<Vertex X="103153" Y="88937" Z="0"/>
					<Vertex X="103410" Y="88897" Z="0"/>
					<Vertex X="103807" Y="88759" Z="0"/>
					<Vertex X="104045" Y="88699" Z="0"/>
					<Vertex X="104421" Y="88620" Z="0"/>
					<Vertex X="104759" Y="88501" Z="0"/>
					<Vertex X="105056" Y="88402" Z="0"/>
					<Vertex X="105274" Y="88382" Z="0"/>
					<Vertex X="105552" Y="88283" Z="0"/>
					<Vertex X="105750" Y="88263" Z="0"/>
					<Vertex X="106008" Y="88164" Z="0"/>
					<Vertex X="106245" Y="88104" Z="0"/>
					<Vertex X="106384" Y="88085" Z="0"/>
					<Vertex X="106622" Y="88025" Z="0"/>
					<Vertex X="106801" Y="88005" Z="0"/>
					<Vertex X="107038" Y="87926" Z="0"/>
					<Vertex X="107257" Y="87847" Z="0"/>
					<Vertex X="107395" Y="87807" Z="0"/>
					<Vertex X="107633" Y="87728" Z="0"/>
					<Vertex X="107792" Y="87708" Z="0"/>
					<Vertex X="108030" Y="87609" Z="0"/>
					<Vertex X="108169" Y="87569" Z="0"/>
					<Vertex X="108387" Y="87490" Z="0"/>
					<Vertex X="108585" Y="87430" Z="0"/>
					<Vertex X="108803" Y="87371" Z="0"/>
					<Vertex X="108942" Y="87331" Z="0"/>
					<Vertex X="109061" Y="87272" Z="0"/>
					<Vertex X="109239" Y="87212" Z="0"/>
					<Vertex X="109418" Y="87133" Z="0"/>
					<Vertex X="109576" Y="87073" Z="0"/>
					<Vertex X="109715" Y="87014" Z="0"/>
					<Vertex X="109814" Y="86955" Z="0"/>
					<Vertex X="109953" Y="86895" Z="0"/>
					<Vertex X="110052" Y="86836" Z="0"/>
					<Vertex X="110131" Y="86776" Z="0"/>
					<Vertex X="110191" Y="86736" Z="0"/>
					<Vertex X="110191" Y="86717" Z="0"/>
					<Vertex X="110191" Y="86677" Z="0"/>
					<Vertex X="110191" Y="86657" Z="0"/>
					<Vertex X="110191" Y="86618" Z="0"/>
					<Vertex X="110191" Y="86598" Z="0"/>
					<Vertex X="110171" Y="86538" Z="0"/>
					<Vertex X="110171" Y="86479" Z="0"/>
					<Vertex X="110171" Y="86419" Z="0"/>
					<Vertex X="110171" Y="86300" Z="0"/>
					<Vertex X="110171" Y="86241" Z="0"/>
					<Vertex X="110171" Y="86122" Z="0"/>
					<Vertex X="110171" Y="86023" Z="0"/>
					<Vertex X="110131" Y="85884" Z="0"/>
					<Vertex X="110131" Y="85785" Z="0"/>
					<Vertex X="110131" Y="85646" Z="0"/>
					<Vertex X="110131" Y="85527" Z="0"/>
					<Vertex X="110191" Y="85388" Z="0"/>
					<Vertex X="110191" Y="85230" Z="0"/>
					<Vertex X="110230" Y="85150" Z="0"/>
					<Vertex X="110250" Y="85051" Z="0"/>
					<Vertex X="110250" Y="84932" Z="0"/>
					<Vertex X="110290" Y="84813" Z="0"/>
					<Vertex X="110310" Y="84734" Z="0"/>
					<Vertex X="110349" Y="84595" Z="0"/>
					<Vertex X="110409" Y="84457" Z="0"/>
					<Vertex X="110429" Y="84357" Z="0"/>
					<Vertex X="110468" Y="84258" Z="0"/>
					<Vertex X="110488" Y="84100" Z="0"/>
					<Vertex X="110488" Y="83981" Z="0"/>
					<Vertex X="110528" Y="83842" Z="0"/>
					<Vertex X="110548" Y="83664" Z="0"/>
					<Vertex X="110587" Y="83564" Z="0"/>
					<Vertex X="110587" Y="83386" Z="0"/>
					<Vertex X="110528" Y="83227" Z="0"/>
					<Vertex X="110488" Y="83108" Z="0"/>
					<Vertex X="110429" Y="82950" Z="0"/>
					<Vertex X="110409" Y="82831" Z="0"/>
					<Vertex X="110290" Y="82652" Z="0"/>
					<Vertex X="110191" Y="82553" Z="0"/>
					<Vertex X="110072" Y="82375" Z="0"/>
					<Vertex X="109953" Y="82216" Z="0"/>
					<Vertex X="109874" Y="82137" Z="0"/>
					<Vertex X="109755" Y="81959" Z="0"/>
					<Vertex X="109655" Y="81879" Z="0"/>
					<Vertex X="109477" Y="81721" Z="0"/>
					<Vertex X="109358" Y="81621" Z="0"/>
					<Vertex X="109180" Y="81483" Z="0"/>
					<Vertex X="109041" Y="81403" Z="0"/>
					<Vertex X="108823" Y="81245" Z="0"/>
					<Vertex X="108625" Y="81086" Z="0"/>
					<Vertex X="108466" Y="81007" Z="0"/>
					<Vertex X="108228" Y="80888" Z="0"/>
					<Vertex X="108109" Y="80809" Z="0"/>
					<Vertex X="107871" Y="80650" Z="0"/>
					<Vertex X="107732" Y="80551" Z="0"/>
					<Vertex X="107514" Y="80412" Z="0"/>
					<Vertex X="107395" Y="80293" Z="0"/>
					<Vertex X="107217" Y="80154" Z="0"/>
					<Vertex X="107098" Y="80055" Z="0"/>
					<Vertex X="106920" Y="79877" Z="0"/>
					<Vertex X="106840" Y="79758" Z="0"/>
					<Vertex X="106662" Y="79579" Z="0"/>
					<Vertex X="106543" Y="79460" Z="0"/>
					<Vertex X="106444" Y="79302" Z="0"/>
					<Vertex X="106305" Y="79143" Z="0"/>
					<Vertex X="106186" Y="78925" Z="0"/>
					<Vertex X="106087" Y="78806" Z="0"/>
					<Vertex X="105968" Y="78568" Z="0"/>
					<Vertex X="105908" Y="78410" Z="0"/>
					<Vertex X="105770" Y="78192" Z="0"/>
					<Vertex X="105671" Y="78013" Z="0"/>
					<Vertex X="105552" Y="77755" Z="0"/>
					<Vertex X="105472" Y="77597" Z="0"/>
					<Vertex X="105413" Y="77399" Z="0"/>
					<Vertex X="105294" Y="77161" Z="0"/>
					<Vertex X="105195" Y="77022" Z="0"/>
					<Vertex X="105076" Y="76744" Z="0"/>
					<Vertex X="104957" Y="76506" Z="0"/>
					<Vertex X="104897" Y="76368" Z="0"/>
					<Vertex X="104838" Y="76130" Z="0"/>
					<Vertex X="104778" Y="75951" Z="0"/>
					<Vertex X="104719" Y="75733" Z="0"/>
					<Vertex X="104640" Y="75595" Z="0"/>
					<Vertex X="104600" Y="75416" Z="0"/>
					<Vertex X="104521" Y="75198" Z="0"/>
					<Vertex X="104481" Y="75000" Z="0"/>
					<Vertex X="104421" Y="74881" Z="0"/>
					<Vertex X="104362" Y="74702" Z="0"/>
					<Vertex X="104283" Y="74544" Z="0"/>
					<Vertex X="104243" Y="74425" Z="0"/>
					<Vertex X="104223" Y="74286" Z="0"/>
					<Vertex X="104184" Y="74187" Z="0"/>
					<Vertex X="104164" Y="74048" Z="0"/>
					<Vertex X="104124" Y="73989" Z="0"/>
					<Vertex X="104104" Y="73870" Z="0"/>
					<Vertex X="104065" Y="73810" Z="0"/>
					<Vertex X="104045" Y="73691" Z="0"/>
					<Vertex X="104045" Y="73632" Z="0"/>
					<Vertex X="104005" Y="73572" Z="0"/>
					<Vertex X="103985" Y="73533" Z="0"/>
					<Vertex X="103946" Y="73453" Z="0"/>
					<Vertex X="103946" Y="73414" Z="0"/>
					<Vertex X="103926" Y="73354" Z="0"/>
					<Vertex X="103886" Y="73275" Z="0"/>
					<Vertex X="103886" Y="73215" Z="0"/>
					<Vertex X="103866" Y="73116" Z="0"/>
					<Vertex X="103807" Y="73037" Z="0"/>
					<Vertex X="103767" Y="72918" Z="0"/>
					<Vertex X="103747" Y="72859" Z="0"/>
					<Vertex X="103688" Y="72740" Z="0"/>
					<Vertex X="103648" Y="72641" Z="0"/>
					<Vertex X="103628" Y="72621" Z="0"/>
					<Vertex X="103628" Y="72522" Z="0"/>
					<Vertex X="103589" Y="72502" Z="0"/>
					<Vertex X="103589" Y="72462" Z="0"/>
					<Vertex X="103648" Y="72442" Z="0"/>
					<Vertex X="103648" Y="72403" Z="0"/>
					<Vertex X="103578" Y="72273" Z="0"/>
				</Vertices>
			</Region>
		</Regions>
		<Plots/>
	</Annotation>
</Annotations>
