<Annotations MicronsPerPixel="0.252200">
	<Annotation Id="1" Name="" ReadOnly="0" NameReadOnly="0" LineColorReadOnly="0" Incremental="0" Type="4" LineColor="255" Visible="1" Selected="1" MarkupImagePath="" MacroName="">
		<Attributes/>
		<Regions>
			<RegionAttributeHeaders>
				<AttributeHeader Id="9999" Name="Region" ColumnWidth="-1"/>
				<AttributeHeader Id="9997" Name="Length" ColumnWidth="-1"/>
				<AttributeHeader Id="9996" Name="Area" ColumnWidth="-1"/>
				<AttributeHeader Id="9998" Name="Text" ColumnWidth="-1"/>
			</RegionAttributeHeaders>
			<Region Id="1" Type="0" Zoom="0.016926" Selected="1" ImageLocation="" ImageFocus="-1" Length="323395.6" Area="3480840424.0" LengthMicrons="81560.4" AreaMicrons="221398298.2" Text="" NegativeROA="0" InputRegionId="0" Analyze="1" DisplayId="1">
				<Attributes/>
				<Vertices>
					<Vertex X="25828" Y="40235" Z="0"/>
					<Vertex X="23017" Y="37131" Z="0"/>
					<Vertex X="22666" Y="37073" Z="0"/>
					<Vertex X="22490" Y="36956" Z="0"/>
					<Vertex X="22373" Y="36897" Z="0"/>
					<Vertex X="21963" Y="36721" Z="0"/>
					<Vertex X="21670" Y="36604" Z="0"/>
					<Vertex X="21436" Y="36546" Z="0"/>
					<Vertex X="21143" Y="36429" Z="0"/>
					<Vertex X="20909" Y="36370" Z="0"/>
					<Vertex X="20440" Y="36253" Z="0"/>
					<Vertex X="20264" Y="36253" Z="0"/>
					<Vertex X="20030" Y="36253" Z="0"/>
					<Vertex X="19855" Y="36253" Z="0"/>
					<Vertex X="19679" Y="36370" Z="0"/>
					<Vertex X="19503" Y="36370" Z="0"/>
					<Vertex X="19210" Y="36370" Z="0"/>
					<Vertex X="19035" Y="36429" Z="0"/>
					<Vertex X="18859" Y="36429" Z="0"/>
					<Vertex X="18683" Y="36546" Z="0"/>
					<Vertex X="18507" Y="36604" Z="0"/>
					<Vertex X="18332" Y="36721" Z="0"/>
					<Vertex X="18156" Y="36721" Z="0"/>
					<Vertex X="17922" Y="36897" Z="0"/>
					<Vertex X="17746" Y="36956" Z="0"/>
					<Vertex X="17570" Y="37131" Z="0"/>
					<Vertex X="17395" Y="37248" Z="0"/>
					<Vertex X="17219" Y="37307" Z="0"/>
					<Vertex X="17043" Y="37483" Z="0"/>
					<Vertex X="16926" Y="37600" Z="0"/>
					<Vertex X="16750" Y="37776" Z="0"/>
					<Vertex X="16575" Y="37834" Z="0"/>
					<Vertex X="16399" Y="38010" Z="0"/>
					<Vertex X="16223" Y="38186" Z="0"/>
					<Vertex X="16048" Y="38361" Z="0"/>
					<Vertex X="15872" Y="38478" Z="0"/>
					<Vertex X="15813" Y="38654" Z="0"/>
					<Vertex X="15638" Y="38830" Z="0"/>
					<Vertex X="15462" Y="38888" Z="0"/>
					<Vertex X="15345" Y="39064" Z="0"/>
					<Vertex X="15169" Y="39240" Z="0"/>
					<Vertex X="14993" Y="39357" Z="0"/>
					<Vertex X="14935" Y="39533" Z="0"/>
					<Vertex X="14818" Y="39591" Z="0"/>
					<Vertex X="14759" Y="39708" Z="0"/>
					<Vertex X="14642" Y="39884" Z="0"/>
					<Vertex X="14584" Y="39943" Z="0"/>
					<Vertex X="14466" Y="40060" Z="0"/>
					<Vertex X="14466" Y="40118" Z="0"/>
					<Vertex X="14291" Y="40294" Z="0"/>
					<Vertex X="14291" Y="40411" Z="0"/>
					<Vertex X="14115" Y="40587" Z="0"/>
					<Vertex X="14056" Y="40762" Z="0"/>
					<Vertex X="14056" Y="40938" Z="0"/>
					<Vertex X="13939" Y="41114" Z="0"/>
					<Vertex X="13881" Y="41172" Z="0"/>
					<Vertex X="13764" Y="41348" Z="0"/>
					<Vertex X="13705" Y="41524" Z="0"/>
					<Vertex X="13588" Y="41641" Z="0"/>
					<Vertex X="13529" Y="41817" Z="0"/>
					<Vertex X="13412" Y="41875" Z="0"/>
					<Vertex X="13354" Y="41992" Z="0"/>
					<Vertex X="13236" Y="42051" Z="0"/>
					<Vertex X="13061" Y="42168" Z="0"/>
					<Vertex X="13002" Y="42285" Z="0"/>
					<Vertex X="12885" Y="42285" Z="0"/>
					<Vertex X="12709" Y="42344" Z="0"/>
					<Vertex X="12534" Y="42402" Z="0"/>
					<Vertex X="12475" Y="42402" Z="0"/>
					<Vertex X="12299" Y="42402" Z="0"/>
					<Vertex X="12124" Y="42519" Z="0"/>
					<Vertex X="12007" Y="42519" Z="0"/>
					<Vertex X="11831" Y="42519" Z="0"/>
					<Vertex X="11655" Y="42402" Z="0"/>
					<Vertex X="11479" Y="42344" Z="0"/>
					<Vertex X="11304" Y="42285" Z="0"/>
					<Vertex X="11245" Y="42168" Z="0"/>
					<Vertex X="11069" Y="42051" Z="0"/>
					<Vertex X="10952" Y="41992" Z="0"/>
					<Vertex X="10777" Y="41875" Z="0"/>
					<Vertex X="10718" Y="41875" Z="0"/>
					<Vertex X="10542" Y="41817" Z="0"/>
					<Vertex X="10367" Y="41641" Z="0"/>
					<Vertex X="10191" Y="41524" Z="0"/>
					<Vertex X="10074" Y="41465" Z="0"/>
					<Vertex X="10015" Y="41348" Z="0"/>
					<Vertex X="9898" Y="41290" Z="0"/>
					<Vertex X="9722" Y="41172" Z="0"/>
					<Vertex X="9664" Y="40997" Z="0"/>
					<Vertex X="9547" Y="40821" Z="0"/>
					<Vertex X="9488" Y="40762" Z="0"/>
					<Vertex X="9371" Y="40587" Z="0"/>
					<Vertex X="9312" Y="40411" Z="0"/>
					<Vertex X="9195" Y="40294" Z="0"/>
					<Vertex X="9137" Y="40118" Z="0"/>
					<Vertex X="9137" Y="40060" Z="0"/>
					<Vertex X="9020" Y="39943" Z="0"/>
					<Vertex X="8961" Y="39884" Z="0"/>
					<Vertex X="8844" Y="39708" Z="0"/>
					<Vertex X="8844" Y="39591" Z="0"/>
					<Vertex X="8785" Y="39533" Z="0"/>
					<Vertex X="8610" Y="39415" Z="0"/>
					<Vertex X="8493" Y="39357" Z="0"/>
					<Vertex X="8434" Y="39357" Z="0"/>
					<Vertex X="8317" Y="39240" Z="0"/>
					<Vertex X="8141" Y="39181" Z="0"/>
					<Vertex X="8083" Y="39064" Z="0"/>
					<Vertex X="7965" Y="39064" Z="0"/>
					<Vertex X="7790" Y="39005" Z="0"/>
					<Vertex X="7731" Y="39005" Z="0"/>
					<Vertex X="7614" Y="38888" Z="0"/>
					<Vertex X="7555" Y="38830" Z="0"/>
					<Vertex X="7380" Y="38830" Z="0"/>
					<Vertex X="7263" Y="38713" Z="0"/>
					<Vertex X="7204" Y="38713" Z="0"/>
					<Vertex X="7087" Y="38654" Z="0"/>
					<Vertex X="6911" Y="38537" Z="0"/>
					<Vertex X="6853" Y="38537" Z="0"/>
					<Vertex X="6736" Y="38537" Z="0"/>
					<Vertex X="6677" Y="38478" Z="0"/>
					<Vertex X="6560" Y="38478" Z="0"/>
					<Vertex X="6384" Y="38361" Z="0"/>
					<Vertex X="6326" Y="38361" Z="0"/>
					<Vertex X="6208" Y="38361" Z="0"/>
					<Vertex X="6150" Y="38361" Z="0"/>
					<Vertex X="6150" Y="38478" Z="0"/>
					<Vertex X="6033" Y="38478" Z="0"/>
					<Vertex X="5974" Y="38537" Z="0"/>
					<Vertex X="5974" Y="38713" Z="0"/>
					<Vertex X="5857" Y="38888" Z="0"/>
					<Vertex X="5857" Y="39064" Z="0"/>
					<Vertex X="5798" Y="39181" Z="0"/>
					<Vertex X="5798" Y="39357" Z="0"/>
					<Vertex X="5681" Y="39533" Z="0"/>
					<Vertex X="5681" Y="39708" Z="0"/>
					<Vertex X="5623" Y="39943" Z="0"/>
					<Vertex X="5506" Y="40118" Z="0"/>
					<Vertex X="5506" Y="40294" Z="0"/>
					<Vertex X="5447" Y="40470" Z="0"/>
					<Vertex X="5330" Y="40821" Z="0"/>
					<Vertex X="5271" Y="40997" Z="0"/>
					<Vertex X="5154" Y="41290" Z="0"/>
					<Vertex X="5096" Y="41524" Z="0"/>
					<Vertex X="4979" Y="41817" Z="0"/>
					<Vertex X="4803" Y="42168" Z="0"/>
					<Vertex X="4744" Y="42402" Z="0"/>
					<Vertex X="4569" Y="42578" Z="0"/>
					<Vertex X="4451" Y="42871" Z="0"/>
					<Vertex X="4393" Y="43105" Z="0"/>
					<Vertex X="4276" Y="43281" Z="0"/>
					<Vertex X="4100" Y="43574" Z="0"/>
					<Vertex X="4041" Y="43749" Z="0"/>
					<Vertex X="3924" Y="43925" Z="0"/>
					<Vertex X="3866" Y="43984" Z="0"/>
					<Vertex X="3749" Y="44101" Z="0"/>
					<Vertex X="3690" Y="44159" Z="0"/>
					<Vertex X="3690" Y="44276" Z="0"/>
					<Vertex X="3573" Y="44335" Z="0"/>
					<Vertex X="3397" Y="44628" Z="0"/>
					<Vertex X="3222" Y="44804" Z="0"/>
					<Vertex X="3163" Y="44979" Z="0"/>
					<Vertex X="2987" Y="45155" Z="0"/>
					<Vertex X="2870" Y="45331" Z="0"/>
					<Vertex X="2694" Y="45506" Z="0"/>
					<Vertex X="2636" Y="45741" Z="0"/>
					<Vertex X="2519" Y="45916" Z="0"/>
					<Vertex X="2460" Y="46092" Z="0"/>
					<Vertex X="2343" Y="46268" Z="0"/>
					<Vertex X="2284" Y="46385" Z="0"/>
					<Vertex X="2284" Y="46561" Z="0"/>
					<Vertex X="2284" Y="46736" Z="0"/>
					<Vertex X="2284" Y="46971" Z="0"/>
					<Vertex X="2167" Y="47263" Z="0"/>
					<Vertex X="2167" Y="47498" Z="0"/>
					<Vertex X="2167" Y="47673" Z="0"/>
					<Vertex X="2167" Y="47966" Z="0"/>
					<Vertex X="2167" Y="48318" Z="0"/>
					<Vertex X="2167" Y="48728" Z="0"/>
					<Vertex X="2167" Y="49079" Z="0"/>
					<Vertex X="2167" Y="49430" Z="0"/>
					<Vertex X="2167" Y="49723" Z="0"/>
					<Vertex X="2167" Y="50075" Z="0"/>
					<Vertex X="2167" Y="50309" Z="0"/>
					<Vertex X="2167" Y="50602" Z="0"/>
					<Vertex X="2167" Y="51012" Z="0"/>
					<Vertex X="2167" Y="51305" Z="0"/>
					<Vertex X="2284" Y="51539" Z="0"/>
					<Vertex X="2284" Y="51832" Z="0"/>
					<Vertex X="2343" Y="52066" Z="0"/>
					<Vertex X="2343" Y="52359" Z="0"/>
					<Vertex X="2460" Y="52593" Z="0"/>
					<Vertex X="2519" Y="52886" Z="0"/>
					<Vertex X="2636" Y="53062" Z="0"/>
					<Vertex X="2694" Y="53296" Z="0"/>
					<Vertex X="2812" Y="53647" Z="0"/>
					<Vertex X="2987" Y="53823" Z="0"/>
					<Vertex X="3046" Y="53999" Z="0"/>
					<Vertex X="3222" Y="54174" Z="0"/>
					<Vertex X="3339" Y="54467" Z="0"/>
					<Vertex X="3514" Y="54701" Z="0"/>
					<Vertex X="3690" Y="54877" Z="0"/>
					<Vertex X="3749" Y="55170" Z="0"/>
					<Vertex X="3924" Y="55521" Z="0"/>
					<Vertex X="4100" Y="55756" Z="0"/>
					<Vertex X="4276" Y="56048" Z="0"/>
					<Vertex X="4393" Y="56283" Z="0"/>
					<Vertex X="4569" Y="56576" Z="0"/>
					<Vertex X="4744" Y="56810" Z="0"/>
					<Vertex X="4803" Y="57103" Z="0"/>
					<Vertex X="5096" Y="57513" Z="0"/>
					<Vertex X="5271" Y="57805" Z="0"/>
					<Vertex X="5330" Y="58040" Z="0"/>
					<Vertex X="5447" Y="58391" Z="0"/>
					<Vertex X="5623" Y="58742" Z="0"/>
					<Vertex X="5681" Y="59270" Z="0"/>
					<Vertex X="5857" Y="59621" Z="0"/>
					<Vertex X="5974" Y="60148" Z="0"/>
					<Vertex X="6150" Y="60499" Z="0"/>
					<Vertex X="6208" Y="60792" Z="0"/>
					<Vertex X="6326" Y="61144" Z="0"/>
					<Vertex X="6326" Y="61495" Z="0"/>
					<Vertex X="6384" Y="61729" Z="0"/>
					<Vertex X="6560" Y="62256" Z="0"/>
					<Vertex X="6560" Y="62549" Z="0"/>
					<Vertex X="6677" Y="62901" Z="0"/>
					<Vertex X="6736" Y="63252" Z="0"/>
					<Vertex X="6736" Y="63545" Z="0"/>
					<Vertex X="6853" Y="63779" Z="0"/>
					<Vertex X="6911" Y="64189" Z="0"/>
					<Vertex X="7028" Y="64482" Z="0"/>
					<Vertex X="7087" Y="64833" Z="0"/>
					<Vertex X="7204" Y="65126" Z="0"/>
					<Vertex X="7263" Y="65536" Z="0"/>
					<Vertex X="7380" Y="65770" Z="0"/>
					<Vertex X="7380" Y="66063" Z="0"/>
					<Vertex X="7438" Y="66298" Z="0"/>
					<Vertex X="7555" Y="66590" Z="0"/>
					<Vertex X="7614" Y="66942" Z="0"/>
					<Vertex X="7731" Y="67176" Z="0"/>
					<Vertex X="7790" Y="67527" Z="0"/>
					<Vertex X="7965" Y="67820" Z="0"/>
					<Vertex X="8083" Y="68055" Z="0"/>
					<Vertex X="8141" Y="68347" Z="0"/>
					<Vertex X="8258" Y="68640" Z="0"/>
					<Vertex X="8434" Y="68875" Z="0"/>
					<Vertex X="8493" Y="69109" Z="0"/>
					<Vertex X="8610" Y="69519" Z="0"/>
					<Vertex X="8844" Y="69929" Z="0"/>
					<Vertex X="8961" Y="70280" Z="0"/>
					<Vertex X="9137" Y="70514" Z="0"/>
					<Vertex X="9195" Y="70866" Z="0"/>
					<Vertex X="9371" Y="71159" Z="0"/>
					<Vertex X="9488" Y="71510" Z="0"/>
					<Vertex X="9664" Y="71744" Z="0"/>
					<Vertex X="9840" Y="72037" Z="0"/>
					<Vertex X="10074" Y="72564" Z="0"/>
					<Vertex X="10191" Y="72799" Z="0"/>
					<Vertex X="10367" Y="73091" Z="0"/>
					<Vertex X="10542" Y="73326" Z="0"/>
					<Vertex X="10718" Y="73677" Z="0"/>
					<Vertex X="10952" Y="73970" Z="0"/>
					<Vertex X="11128" Y="74380" Z="0"/>
					<Vertex X="11304" Y="74673" Z="0"/>
					<Vertex X="11479" Y="74907" Z="0"/>
					<Vertex X="11655" Y="75083" Z="0"/>
					<Vertex X="11831" Y="75375" Z="0"/>
					<Vertex X="12124" Y="75610" Z="0"/>
					<Vertex X="12358" Y="75903" Z="0"/>
					<Vertex X="12534" Y="76137" Z="0"/>
					<Vertex X="12709" Y="76313" Z="0"/>
					<Vertex X="13002" Y="76488" Z="0"/>
					<Vertex X="13178" Y="76605" Z="0"/>
					<Vertex X="13354" Y="76781" Z="0"/>
					<Vertex X="13705" Y="76957" Z="0"/>
					<Vertex X="13881" Y="77015" Z="0"/>
					<Vertex X="14115" Y="77132" Z="0"/>
					<Vertex X="14408" Y="77132" Z="0"/>
					<Vertex X="14642" Y="77132" Z="0"/>
					<Vertex X="14993" Y="77132" Z="0"/>
					<Vertex X="15286" Y="77132" Z="0"/>
					<Vertex X="15638" Y="77132" Z="0"/>
					<Vertex X="15872" Y="77132" Z="0"/>
					<Vertex X="16223" Y="77191" Z="0"/>
					<Vertex X="16516" Y="77308" Z="0"/>
					<Vertex X="16868" Y="77425" Z="0"/>
					<Vertex X="17102" Y="77484" Z="0"/>
					<Vertex X="17570" Y="77660" Z="0"/>
					<Vertex X="17922" Y="77835" Z="0"/>
					<Vertex X="18156" Y="78011" Z="0"/>
					<Vertex X="18449" Y="78187" Z="0"/>
					<Vertex X="18683" Y="78421" Z="0"/>
					<Vertex X="19035" Y="78714" Z="0"/>
					<Vertex X="19210" Y="78772" Z="0"/>
					<Vertex X="19620" Y="79065" Z="0"/>
					<Vertex X="19855" Y="79241" Z="0"/>
					<Vertex X="20089" Y="79417" Z="0"/>
					<Vertex X="20382" Y="79475" Z="0"/>
					<Vertex X="20557" Y="79592" Z="0"/>
					<Vertex X="20967" Y="79768" Z="0"/>
					<Vertex X="21143" Y="79768" Z="0"/>
					<Vertex X="21436" Y="79827" Z="0"/>
					<Vertex X="21670" Y="79827" Z="0"/>
					<Vertex X="21963" Y="79827" Z="0"/>
					<Vertex X="22373" Y="79827" Z="0"/>
					<Vertex X="22549" Y="79827" Z="0"/>
					<Vertex X="22841" Y="79827" Z="0"/>
					<Vertex X="23076" Y="79827" Z="0"/>
					<Vertex X="23427" Y="79827" Z="0"/>
					<Vertex X="23720" Y="79768" Z="0"/>
					<Vertex X="23896" Y="79768" Z="0"/>
					<Vertex X="24130" Y="79768" Z="0"/>
					<Vertex X="24306" Y="79768" Z="0"/>
					<Vertex X="24481" Y="79827" Z="0"/>
					<Vertex X="24657" Y="79827" Z="0"/>
					<Vertex X="25008" Y="79827" Z="0"/>
					<Vertex X="25243" Y="79827" Z="0"/>
					<Vertex X="25360" Y="79827" Z="0"/>
					<Vertex X="25535" Y="79827" Z="0"/>
					<Vertex X="25711" Y="79827" Z="0"/>
					<Vertex X="25887" Y="79827" Z="0"/>
					<Vertex X="26004" Y="79827" Z="0"/>
					<Vertex X="26180" Y="79827" Z="0"/>
					<Vertex X="26355" Y="79827" Z="0"/>
					<Vertex X="26531" Y="79827" Z="0"/>
					<Vertex X="26707" Y="79827" Z="0"/>
					<Vertex X="26883" Y="79827" Z="0"/>
					<Vertex X="26941" Y="79827" Z="0"/>
					<Vertex X="27117" Y="79827" Z="0"/>
					<Vertex X="27292" Y="79827" Z="0"/>
					<Vertex X="27410" Y="79827" Z="0"/>
					<Vertex X="27644" Y="79827" Z="0"/>
					<Vertex X="27761" Y="79827" Z="0"/>
					<Vertex X="27820" Y="79827" Z="0"/>
					<Vertex X="27995" Y="79827" Z="0"/>
					<Vertex X="28112" Y="79768" Z="0"/>
					<Vertex X="28171" Y="79768" Z="0"/>
					<Vertex X="28464" Y="79768" Z="0"/>
					<Vertex X="28522" Y="79651" Z="0"/>
					<Vertex X="28698" Y="79651" Z="0"/>
					<Vertex X="28874" Y="79651" Z="0"/>
					<Vertex X="29167" Y="79768" Z="0"/>
					<Vertex X="29342" Y="79768" Z="0"/>
					<Vertex X="29694" Y="79768" Z="0"/>
					<Vertex X="29869" Y="79768" Z="0"/>
					<Vertex X="30045" Y="79827" Z="0"/>
					<Vertex X="30279" Y="79827" Z="0"/>
					<Vertex X="30572" Y="79827" Z="0"/>
					<Vertex X="30807" Y="79827" Z="0"/>
					<Vertex X="31275" Y="79944" Z="0"/>
					<Vertex X="31626" Y="79944" Z="0"/>
					<Vertex X="31978" Y="79944" Z="0"/>
					<Vertex X="32388" Y="79827" Z="0"/>
					<Vertex X="32739" Y="79827" Z="0"/>
					<Vertex X="33149" Y="79768" Z="0"/>
					<Vertex X="33383" Y="79768" Z="0"/>
					<Vertex X="33735" Y="79768" Z="0"/>
					<Vertex X="34086" Y="79651" Z="0"/>
					<Vertex X="34321" Y="79651" Z="0"/>
					<Vertex X="34848" Y="79475" Z="0"/>
					<Vertex X="35199" Y="79475" Z="0"/>
					<Vertex X="35550" Y="79417" Z="0"/>
					<Vertex X="35902" Y="79299" Z="0"/>
					<Vertex X="36312" Y="79299" Z="0"/>
					<Vertex X="36605" Y="79241" Z="0"/>
					<Vertex X="37015" Y="79124" Z="0"/>
					<Vertex X="37307" Y="79124" Z="0"/>
					<Vertex X="37893" Y="79065" Z="0"/>
					<Vertex X="38303" Y="78948" Z="0"/>
					<Vertex X="38654" Y="78948" Z="0"/>
					<Vertex X="39240" Y="78948" Z="0"/>
					<Vertex X="39592" Y="78948" Z="0"/>
					<Vertex X="40236" Y="78948" Z="0"/>
					<Vertex X="40587" Y="78948" Z="0"/>
					<Vertex X="41056" Y="78889" Z="0"/>
					<Vertex X="41349" Y="78889" Z="0"/>
					<Vertex X="41817" Y="78889" Z="0"/>
					<Vertex X="42403" Y="78889" Z="0"/>
					<Vertex X="42871" Y="78889" Z="0"/>
					<Vertex X="43281" Y="78889" Z="0"/>
					<Vertex X="43750" Y="78889" Z="0"/>
					<Vertex X="44218" Y="78889" Z="0"/>
					<Vertex X="44687" Y="78772" Z="0"/>
					<Vertex X="45097" Y="78772" Z="0"/>
					<Vertex X="45390" Y="78714" Z="0"/>
					<Vertex X="45800" Y="78714" Z="0"/>
					<Vertex X="46385" Y="78597" Z="0"/>
					<Vertex X="46678" Y="78538" Z="0"/>
					<Vertex X="47029" Y="78421" Z="0"/>
					<Vertex X="47439" Y="78245" Z="0"/>
					<Vertex X="47791" Y="78070" Z="0"/>
					<Vertex X="48142" Y="78011" Z="0"/>
					<Vertex X="48611" Y="77718" Z="0"/>
					<Vertex X="48962" Y="77542" Z="0"/>
					<Vertex X="49314" Y="77484" Z="0"/>
					<Vertex X="49606" Y="77308" Z="0"/>
					<Vertex X="50075" Y="77132" Z="0"/>
					<Vertex X="50426" Y="76957" Z="0"/>
					<Vertex X="50953" Y="76781" Z="0"/>
					<Vertex X="51422" Y="76664" Z="0"/>
					<Vertex X="51656" Y="76605" Z="0"/>
					<Vertex X="52008" Y="76488" Z="0"/>
					<Vertex X="52301" Y="76430" Z="0"/>
					<Vertex X="52652" Y="76430" Z="0"/>
					<Vertex X="52886" Y="76313" Z="0"/>
					<Vertex X="53413" Y="76313" Z="0"/>
					<Vertex X="53648" Y="76313" Z="0"/>
					<Vertex X="53940" Y="76313" Z="0"/>
					<Vertex X="54292" Y="76430" Z="0"/>
					<Vertex X="54643" Y="76488" Z="0"/>
					<Vertex X="54819" Y="76605" Z="0"/>
					<Vertex X="54995" Y="76664" Z="0"/>
					<Vertex X="55229" Y="76840" Z="0"/>
					<Vertex X="55463" Y="77015" Z="0"/>
					<Vertex X="55522" Y="77191" Z="0"/>
					<Vertex X="55697" Y="77542" Z="0"/>
					<Vertex X="55815" Y="77718" Z="0"/>
					<Vertex X="55873" Y="78011" Z="0"/>
					<Vertex X="55990" Y="78362" Z="0"/>
					<Vertex X="55990" Y="78597" Z="0"/>
					<Vertex X="56049" Y="79065" Z="0"/>
					<Vertex X="56049" Y="79299" Z="0"/>
					<Vertex X="56049" Y="79651" Z="0"/>
					<Vertex X="56049" Y="80002" Z="0"/>
					<Vertex X="56049" Y="80178" Z="0"/>
					<Vertex X="56049" Y="80471" Z="0"/>
					<Vertex X="56049" Y="80646" Z="0"/>
					<Vertex X="56049" Y="80881" Z="0"/>
					<Vertex X="56049" Y="81056" Z="0"/>
					<Vertex X="56049" Y="81349" Z="0"/>
					<Vertex X="56166" Y="81584" Z="0"/>
					<Vertex X="56224" Y="81701" Z="0"/>
					<Vertex X="56342" Y="81876" Z="0"/>
					<Vertex X="56400" Y="82052" Z="0"/>
					<Vertex X="56576" Y="82228" Z="0"/>
					<Vertex X="56634" Y="82286" Z="0"/>
					<Vertex X="56810" Y="82462" Z="0"/>
					<Vertex X="57044" Y="82579" Z="0"/>
					<Vertex X="57279" Y="82755" Z="0"/>
					<Vertex X="57572" Y="82813" Z="0"/>
					<Vertex X="57747" Y="82931" Z="0"/>
					<Vertex X="58040" Y="82989" Z="0"/>
					<Vertex X="58216" Y="83165" Z="0"/>
					<Vertex X="58391" Y="83282" Z="0"/>
					<Vertex X="58801" Y="83341" Z="0"/>
					<Vertex X="58977" Y="83516" Z="0"/>
					<Vertex X="59211" Y="83516" Z="0"/>
					<Vertex X="59504" Y="83633" Z="0"/>
					<Vertex X="59738" Y="83633" Z="0"/>
					<Vertex X="60090" Y="83692" Z="0"/>
					<Vertex X="60558" Y="83809" Z="0"/>
					<Vertex X="60910" Y="83809" Z="0"/>
					<Vertex X="61203" Y="83809" Z="0"/>
					<Vertex X="61554" Y="83868" Z="0"/>
					<Vertex X="61847" Y="83868" Z="0"/>
					<Vertex X="62315" Y="83868" Z="0"/>
					<Vertex X="62550" Y="83868" Z="0"/>
					<Vertex X="62784" Y="83868" Z="0"/>
					<Vertex X="62960" Y="83868" Z="0"/>
					<Vertex X="63252" Y="83868" Z="0"/>
					<Vertex X="63428" Y="83985" Z="0"/>
					<Vertex X="63721" Y="83985" Z="0"/>
					<Vertex X="63897" Y="83985" Z="0"/>
					<Vertex X="64131" Y="84043" Z="0"/>
					<Vertex X="64248" Y="84043" Z="0"/>
					<Vertex X="64365" Y="84043" Z="0"/>
					<Vertex X="64658" Y="84160" Z="0"/>
					<Vertex X="64717" Y="84160" Z="0"/>
					<Vertex X="64951" Y="84160" Z="0"/>
					<Vertex X="65127" Y="84219" Z="0"/>
					<Vertex X="65361" Y="84219" Z="0"/>
					<Vertex X="65537" Y="84219" Z="0"/>
					<Vertex X="65712" Y="84336" Z="0"/>
					<Vertex X="65947" Y="84219" Z="0"/>
					<Vertex X="66239" Y="84219" Z="0"/>
					<Vertex X="66591" Y="84219" Z="0"/>
					<Vertex X="66884" Y="84219" Z="0"/>
					<Vertex X="67118" Y="84219" Z="0"/>
					<Vertex X="67645" Y="84160" Z="0"/>
					<Vertex X="67996" Y="84160" Z="0"/>
					<Vertex X="68348" Y="84160" Z="0"/>
					<Vertex X="68758" Y="84160" Z="0"/>
					<Vertex X="69109" Y="84160" Z="0"/>
					<Vertex X="69695" Y="84160" Z="0"/>
					<Vertex X="70105" Y="84160" Z="0"/>
					<Vertex X="70456" Y="84160" Z="0"/>
					<Vertex X="70866" Y="84160" Z="0"/>
					<Vertex X="71628" Y="84160" Z="0"/>
					<Vertex X="71920" Y="84160" Z="0"/>
					<Vertex X="72389" Y="84160" Z="0"/>
					<Vertex X="72857" Y="84160" Z="0"/>
					<Vertex X="73385" Y="84160" Z="0"/>
					<Vertex X="73619" Y="84160" Z="0"/>
					<Vertex X="73970" Y="84160" Z="0"/>
					<Vertex X="74380" Y="84043" Z="0"/>
					<Vertex X="74673" Y="84043" Z="0"/>
					<Vertex X="74966" Y="83985" Z="0"/>
					<Vertex X="75200" Y="83868" Z="0"/>
					<Vertex X="75493" Y="83868" Z="0"/>
					<Vertex X="75727" Y="83868" Z="0"/>
					<Vertex X="75903" Y="83868" Z="0"/>
					<Vertex X="76079" Y="83868" Z="0"/>
					<Vertex X="76254" Y="83868" Z="0"/>
					<Vertex X="76430" Y="83868" Z="0"/>
					<Vertex X="76606" Y="83809" Z="0"/>
					<Vertex X="76781" Y="83809" Z="0"/>
					<Vertex X="76899" Y="83809" Z="0"/>
					<Vertex X="77074" Y="83692" Z="0"/>
					<Vertex X="77309" Y="83516" Z="0"/>
					<Vertex X="77484" Y="83516" Z="0"/>
					<Vertex X="77543" Y="83458" Z="0"/>
					<Vertex X="77660" Y="83341" Z="0"/>
					<Vertex X="77777" Y="83282" Z="0"/>
					<Vertex X="77836" Y="83165" Z="0"/>
					<Vertex X="77836" Y="82989" Z="0"/>
					<Vertex X="77953" Y="82931" Z="0"/>
					<Vertex X="78011" Y="82755" Z="0"/>
					<Vertex X="78128" Y="82579" Z="0"/>
					<Vertex X="78246" Y="82462" Z="0"/>
					<Vertex X="78480" Y="82286" Z="0"/>
					<Vertex X="78656" Y="82111" Z="0"/>
					<Vertex X="78714" Y="82052" Z="0"/>
					<Vertex X="78890" Y="81876" Z="0"/>
					<Vertex X="79124" Y="81759" Z="0"/>
					<Vertex X="79358" Y="81701" Z="0"/>
					<Vertex X="79593" Y="81584" Z="0"/>
					<Vertex X="79944" Y="81408" Z="0"/>
					<Vertex X="80237" Y="81408" Z="0"/>
					<Vertex X="80354" Y="81349" Z="0"/>
					<Vertex X="80647" Y="81232" Z="0"/>
					<Vertex X="80940" Y="81232" Z="0"/>
					<Vertex X="81174" Y="81232" Z="0"/>
					<Vertex X="81350" Y="81232" Z="0"/>
					<Vertex X="81642" Y="81232" Z="0"/>
					<Vertex X="81818" Y="81349" Z="0"/>
					<Vertex X="81877" Y="81408" Z="0"/>
					<Vertex X="81935" Y="81525" Z="0"/>
					<Vertex X="82111" Y="81584" Z="0"/>
					<Vertex X="82228" Y="81701" Z="0"/>
					<Vertex X="82287" Y="81876" Z="0"/>
					<Vertex X="82404" Y="82052" Z="0"/>
					<Vertex X="82521" Y="82111" Z="0"/>
					<Vertex X="82580" Y="82286" Z="0"/>
					<Vertex X="82697" Y="82403" Z="0"/>
					<Vertex X="82872" Y="82462" Z="0"/>
					<Vertex X="82931" Y="82579" Z="0"/>
					<Vertex X="83048" Y="82638" Z="0"/>
					<Vertex X="83282" Y="82755" Z="0"/>
					<Vertex X="83458" Y="82813" Z="0"/>
					<Vertex X="83634" Y="82813" Z="0"/>
					<Vertex X="83809" Y="82813" Z="0"/>
					<Vertex X="84102" Y="82931" Z="0"/>
					<Vertex X="84161" Y="82931" Z="0"/>
					<Vertex X="84337" Y="82931" Z="0"/>
					<Vertex X="84629" Y="82931" Z="0"/>
					<Vertex X="84747" Y="82931" Z="0"/>
					<Vertex X="84981" Y="82931" Z="0"/>
					<Vertex X="85098" Y="82931" Z="0"/>
					<Vertex X="85449" Y="82813" Z="0"/>
					<Vertex X="85742" Y="82755" Z="0"/>
					<Vertex X="85918" Y="82638" Z="0"/>
					<Vertex X="86269" Y="82579" Z="0"/>
					<Vertex X="86562" Y="82579" Z="0"/>
					<Vertex X="86796" Y="82403" Z="0"/>
					<Vertex X="87206" Y="82228" Z="0"/>
					<Vertex X="87499" Y="82111" Z="0"/>
					<Vertex X="87792" Y="82052" Z="0"/>
					<Vertex X="88026" Y="81876" Z="0"/>
					<Vertex X="88261" Y="81701" Z="0"/>
					<Vertex X="88436" Y="81584" Z="0"/>
					<Vertex X="88612" Y="81408" Z="0"/>
					<Vertex X="88905" Y="81056" Z="0"/>
					<Vertex X="89198" Y="80881" Z="0"/>
					<Vertex X="89373" Y="80705" Z="0"/>
					<Vertex X="89666" Y="80471" Z="0"/>
					<Vertex X="89842" Y="80295" Z="0"/>
					<Vertex X="90135" Y="80178" Z="0"/>
					<Vertex X="90486" Y="80002" Z="0"/>
					<Vertex X="90779" Y="80002" Z="0"/>
					<Vertex X="90955" Y="79944" Z="0"/>
					<Vertex X="91072" Y="79944" Z="0"/>
					<Vertex X="91365" Y="80002" Z="0"/>
					<Vertex X="91423" Y="80002" Z="0"/>
					<Vertex X="91599" Y="80119" Z="0"/>
					<Vertex X="91775" Y="80295" Z="0"/>
					<Vertex X="91950" Y="80354" Z="0"/>
					<Vertex X="92126" Y="80471" Z="0"/>
					<Vertex X="92360" Y="80529" Z="0"/>
					<Vertex X="92594" Y="80646" Z="0"/>
					<Vertex X="92770" Y="80646" Z="0"/>
					<Vertex X="93004" Y="80705" Z="0"/>
					<Vertex X="93297" Y="80705" Z="0"/>
					<Vertex X="93473" Y="80822" Z="0"/>
					<Vertex X="93824" Y="80705" Z="0"/>
					<Vertex X="94059" Y="80705" Z="0"/>
					<Vertex X="94527" Y="80646" Z="0"/>
					<Vertex X="94761" Y="80646" Z="0"/>
					<Vertex X="95054" Y="80471" Z="0"/>
					<Vertex X="95289" Y="80354" Z="0"/>
					<Vertex X="95640" Y="80178" Z="0"/>
					<Vertex X="95816" Y="80002" Z="0"/>
					<Vertex X="96167" Y="79827" Z="0"/>
					<Vertex X="96343" Y="79651" Z="0"/>
					<Vertex X="96636" Y="79417" Z="0"/>
					<Vertex X="96694" Y="79124" Z="0"/>
					<Vertex X="96811" Y="78948" Z="0"/>
					<Vertex X="96987" Y="78714" Z="0"/>
					<Vertex X="97046" Y="78538" Z="0"/>
					<Vertex X="97163" Y="78245" Z="0"/>
					<Vertex X="97221" Y="78011" Z="0"/>
					<Vertex X="97338" Y="77835" Z="0"/>
					<Vertex X="97397" Y="77660" Z="0"/>
					<Vertex X="97514" Y="77308" Z="0"/>
					<Vertex X="97690" Y="77132" Z="0"/>
					<Vertex X="97748" Y="76957" Z="0"/>
					<Vertex X="97924" Y="76664" Z="0"/>
					<Vertex X="98100" Y="76605" Z="0"/>
					<Vertex X="98275" Y="76430" Z="0"/>
					<Vertex X="98568" Y="76254" Z="0"/>
					<Vertex X="98744" Y="76137" Z="0"/>
					<Vertex X="98978" Y="76078" Z="0"/>
					<Vertex X="99154" Y="76078" Z="0"/>
					<Vertex X="99330" Y="75961" Z="0"/>
					<Vertex X="99622" Y="75961" Z="0"/>
					<Vertex X="99798" Y="75961" Z="0"/>
					<Vertex X="100032" Y="75961" Z="0"/>
					<Vertex X="100384" Y="75903" Z="0"/>
					<Vertex X="100560" Y="75903" Z="0"/>
					<Vertex X="100852" Y="75785" Z="0"/>
					<Vertex X="101087" Y="75610" Z="0"/>
					<Vertex X="101262" Y="75551" Z="0"/>
					<Vertex X="101438" Y="75434" Z="0"/>
					<Vertex X="101614" Y="75375" Z="0"/>
					<Vertex X="101789" Y="75258" Z="0"/>
					<Vertex X="101907" Y="75200" Z="0"/>
					<Vertex X="101965" Y="75024" Z="0"/>
					<Vertex X="102141" Y="74848" Z="0"/>
					<Vertex X="102258" Y="74790" Z="0"/>
					<Vertex X="102434" Y="74497" Z="0"/>
					<Vertex X="102434" Y="74380" Z="0"/>
					<Vertex X="102609" Y="74146" Z="0"/>
					<Vertex X="102668" Y="73970" Z="0"/>
					<Vertex X="102785" Y="73677" Z="0"/>
					<Vertex X="102785" Y="73443" Z="0"/>
					<Vertex X="102844" Y="73267" Z="0"/>
					<Vertex X="102961" Y="73033" Z="0"/>
					<Vertex X="102961" Y="72799" Z="0"/>
					<Vertex X="102961" Y="72564" Z="0"/>
					<Vertex X="102961" Y="72389" Z="0"/>
					<Vertex X="102961" Y="72154" Z="0"/>
					<Vertex X="102961" Y="71920" Z="0"/>
					<Vertex X="102961" Y="71686" Z="0"/>
					<Vertex X="102844" Y="71393" Z="0"/>
					<Vertex X="102844" Y="71276" Z="0"/>
					<Vertex X="102844" Y="70983" Z="0"/>
					<Vertex X="102785" Y="70690" Z="0"/>
					<Vertex X="102785" Y="70514" Z="0"/>
					<Vertex X="102785" Y="70397" Z="0"/>
					<Vertex X="102785" Y="69987" Z="0"/>
					<Vertex X="102785" Y="69812" Z="0"/>
					<Vertex X="102785" Y="69577" Z="0"/>
					<Vertex X="102844" Y="69226" Z="0"/>
					<Vertex X="102844" Y="69050" Z="0"/>
					<Vertex X="103019" Y="68757" Z="0"/>
					<Vertex X="103136" Y="68640" Z="0"/>
					<Vertex X="103312" Y="68347" Z="0"/>
					<Vertex X="103371" Y="68172" Z="0"/>
					<Vertex X="103546" Y="67996" Z="0"/>
					<Vertex X="103722" Y="67820" Z="0"/>
					<Vertex X="103839" Y="67645" Z="0"/>
					<Vertex X="104074" Y="67527" Z="0"/>
					<Vertex X="104191" Y="67469" Z="0"/>
					<Vertex X="104366" Y="67293" Z="0"/>
					<Vertex X="104542" Y="67176" Z="0"/>
					<Vertex X="104601" Y="67118" Z="0"/>
					<Vertex X="104776" Y="66942" Z="0"/>
					<Vertex X="104893" Y="66883" Z="0"/>
					<Vertex X="105069" Y="66649" Z="0"/>
					<Vertex X="105245" Y="66473" Z="0"/>
					<Vertex X="105303" Y="66239" Z="0"/>
					<Vertex X="105421" Y="66063" Z="0"/>
					<Vertex X="105479" Y="65888" Z="0"/>
					<Vertex X="105479" Y="65712" Z="0"/>
					<Vertex X="105596" Y="65361" Z="0"/>
					<Vertex X="105655" Y="65243" Z="0"/>
					<Vertex X="105655" Y="65009" Z="0"/>
					<Vertex X="105596" Y="64833" Z="0"/>
					<Vertex X="105596" Y="64716" Z="0"/>
					<Vertex X="105479" Y="64482" Z="0"/>
					<Vertex X="105421" Y="64423" Z="0"/>
					<Vertex X="105303" Y="64248" Z="0"/>
					<Vertex X="105245" Y="64013" Z="0"/>
					<Vertex X="105128" Y="63838" Z="0"/>
					<Vertex X="104952" Y="63779" Z="0"/>
					<Vertex X="104776" Y="63604" Z="0"/>
					<Vertex X="104718" Y="63545" Z="0"/>
					<Vertex X="104542" Y="63369" Z="0"/>
					<Vertex X="104249" Y="63252" Z="0"/>
					<Vertex X="104074" Y="63135" Z="0"/>
					<Vertex X="103839" Y="63018" Z="0"/>
					<Vertex X="103546" Y="62901" Z="0"/>
					<Vertex X="103195" Y="62725" Z="0"/>
					<Vertex X="103019" Y="62666" Z="0"/>
					<Vertex X="102609" Y="62549" Z="0"/>
					<Vertex X="102317" Y="62374" Z="0"/>
					<Vertex X="101965" Y="62198" Z="0"/>
					<Vertex X="101731" Y="62139" Z="0"/>
					<Vertex X="101438" Y="61905" Z="0"/>
					<Vertex X="101204" Y="61847" Z="0"/>
					<Vertex X="100911" Y="61671" Z="0"/>
					<Vertex X="100677" Y="61612" Z="0"/>
					<Vertex X="100384" Y="61378" Z="0"/>
					<Vertex X="100150" Y="61319" Z="0"/>
					<Vertex X="99681" Y="61144" Z="0"/>
					<Vertex X="99505" Y="61027" Z="0"/>
					<Vertex X="99095" Y="60851" Z="0"/>
					<Vertex X="98627" Y="60734" Z="0"/>
					<Vertex X="98393" Y="60617" Z="0"/>
					<Vertex X="98041" Y="60499" Z="0"/>
					<Vertex X="97865" Y="60441" Z="0"/>
					<Vertex X="97514" Y="60265" Z="0"/>
					<Vertex X="97338" Y="60148" Z="0"/>
					<Vertex X="97163" Y="60090" Z="0"/>
					<Vertex X="96987" Y="60031" Z="0"/>
					<Vertex X="96811" Y="59914" Z="0"/>
					<Vertex X="96636" Y="59914" Z="0"/>
					<Vertex X="96460" Y="59855" Z="0"/>
					<Vertex X="96284" Y="59738" Z="0"/>
					<Vertex X="96108" Y="59621" Z="0"/>
					<Vertex X="95816" Y="59504" Z="0"/>
					<Vertex X="95640" Y="59504" Z="0"/>
					<Vertex X="95406" Y="59270" Z="0"/>
					<Vertex X="95113" Y="59211" Z="0"/>
					<Vertex X="94879" Y="59152" Z="0"/>
					<Vertex X="94703" Y="59035" Z="0"/>
					<Vertex X="94410" Y="58860" Z="0"/>
					<Vertex X="94176" Y="58742" Z="0"/>
					<Vertex X="93941" Y="58684" Z="0"/>
					<Vertex X="93707" Y="58625" Z="0"/>
					<Vertex X="93473" Y="58391" Z="0"/>
					<Vertex X="93180" Y="58215" Z="0"/>
					<Vertex X="93004" Y="58157" Z="0"/>
					<Vertex X="92653" Y="57981" Z="0"/>
					<Vertex X="92419" Y="57805" Z="0"/>
					<Vertex X="92243" Y="57688" Z="0"/>
					<Vertex X="91950" Y="57513" Z="0"/>
					<Vertex X="91775" Y="57454" Z="0"/>
					<Vertex X="91540" Y="57278" Z="0"/>
					<Vertex X="91365" Y="57220" Z="0"/>
					<Vertex X="91072" Y="57103" Z="0"/>
					<Vertex X="90955" Y="56927" Z="0"/>
					<Vertex X="90779" Y="56868" Z="0"/>
					<Vertex X="90545" Y="56634" Z="0"/>
					<Vertex X="90369" Y="56576" Z="0"/>
					<Vertex X="90193" Y="56400" Z="0"/>
					<Vertex X="90018" Y="56107" Z="0"/>
					<Vertex X="89959" Y="55990" Z="0"/>
					<Vertex X="89783" Y="55756" Z="0"/>
					<Vertex X="89666" Y="55638" Z="0"/>
					<Vertex X="89608" Y="55346" Z="0"/>
					<Vertex X="89490" Y="55170" Z="0"/>
					<Vertex X="89432" Y="54877" Z="0"/>
					<Vertex X="89432" Y="54643" Z="0"/>
					<Vertex X="89432" Y="54467" Z="0"/>
					<Vertex X="89432" Y="54233" Z="0"/>
					<Vertex X="89432" Y="54116" Z="0"/>
					<Vertex X="89490" Y="53940" Z="0"/>
					<Vertex X="89608" Y="53764" Z="0"/>
					<Vertex X="89666" Y="53589" Z="0"/>
					<Vertex X="89842" Y="53471" Z="0"/>
					<Vertex X="89959" Y="53413" Z="0"/>
					<Vertex X="90193" Y="53354" Z="0"/>
					<Vertex X="90369" Y="53237" Z="0"/>
					<Vertex X="90545" Y="53120" Z="0"/>
					<Vertex X="90955" Y="53062" Z="0"/>
					<Vertex X="91072" Y="53062" Z="0"/>
					<Vertex X="91365" Y="52944" Z="0"/>
					<Vertex X="91599" Y="52886" Z="0"/>
					<Vertex X="91775" Y="52886" Z="0"/>
					<Vertex X="92067" Y="52769" Z="0"/>
					<Vertex X="92243" Y="52710" Z="0"/>
					<Vertex X="92477" Y="52652" Z="0"/>
					<Vertex X="92653" Y="52534" Z="0"/>
					<Vertex X="93004" Y="52417" Z="0"/>
					<Vertex X="93297" Y="52359" Z="0"/>
					<Vertex X="93473" Y="52242" Z="0"/>
					<Vertex X="93649" Y="52183" Z="0"/>
					<Vertex X="93941" Y="52183" Z="0"/>
					<Vertex X="94176" Y="52066" Z="0"/>
					<Vertex X="94410" Y="52007" Z="0"/>
					<Vertex X="94586" Y="52007" Z="0"/>
					<Vertex X="94879" Y="51890" Z="0"/>
					<Vertex X="95113" Y="51832" Z="0"/>
					<Vertex X="95289" Y="51832" Z="0"/>
					<Vertex X="95640" Y="51656" Z="0"/>
					<Vertex X="95933" Y="51597" Z="0"/>
					<Vertex X="96108" Y="51597" Z="0"/>
					<Vertex X="96460" Y="51363" Z="0"/>
					<Vertex X="96811" Y="51305" Z="0"/>
					<Vertex X="97046" Y="51129" Z="0"/>
					<Vertex X="97338" Y="51012" Z="0"/>
					<Vertex X="97573" Y="50953" Z="0"/>
					<Vertex X="97748" Y="50836" Z="0"/>
					<Vertex X="98041" Y="50719" Z="0"/>
					<Vertex X="98275" Y="50485" Z="0"/>
					<Vertex X="98393" Y="50426" Z="0"/>
					<Vertex X="98568" Y="50309" Z="0"/>
					<Vertex X="98744" Y="50250" Z="0"/>
					<Vertex X="98920" Y="50075" Z="0"/>
					<Vertex X="99095" Y="50016" Z="0"/>
					<Vertex X="99154" Y="49899" Z="0"/>
					<Vertex X="99271" Y="49840" Z="0"/>
					<Vertex X="99330" Y="49723" Z="0"/>
					<Vertex X="99447" Y="49606" Z="0"/>
					<Vertex X="99505" Y="49547" Z="0"/>
					<Vertex X="99622" Y="49430" Z="0"/>
					<Vertex X="99681" Y="49255" Z="0"/>
					<Vertex X="99857" Y="49196" Z="0"/>
					<Vertex X="99974" Y="49020" Z="0"/>
					<Vertex X="99974" Y="48962" Z="0"/>
					<Vertex X="100032" Y="48728" Z="0"/>
					<Vertex X="100032" Y="48669" Z="0"/>
					<Vertex X="100150" Y="48493" Z="0"/>
					<Vertex X="100208" Y="48318" Z="0"/>
					<Vertex X="100325" Y="48142" Z="0"/>
					<Vertex X="100384" Y="47849" Z="0"/>
					<Vertex X="100501" Y="47615" Z="0"/>
					<Vertex X="100560" Y="47498" Z="0"/>
					<Vertex X="100560" Y="47205" Z="0"/>
					<Vertex X="100677" Y="46971" Z="0"/>
					<Vertex X="100677" Y="46795" Z="0"/>
					<Vertex X="100677" Y="46561" Z="0"/>
					<Vertex X="100735" Y="46385" Z="0"/>
					<Vertex X="100735" Y="46209" Z="0"/>
					<Vertex X="100735" Y="46033" Z="0"/>
					<Vertex X="100735" Y="45741" Z="0"/>
					<Vertex X="100735" Y="45565" Z="0"/>
					<Vertex X="100735" Y="45331" Z="0"/>
					<Vertex X="100677" Y="45038" Z="0"/>
					<Vertex X="100677" Y="44804" Z="0"/>
					<Vertex X="100560" Y="44569" Z="0"/>
					<Vertex X="100501" Y="44159" Z="0"/>
					<Vertex X="100384" Y="43984" Z="0"/>
					<Vertex X="100325" Y="43632" Z="0"/>
					<Vertex X="100150" Y="43398" Z="0"/>
					<Vertex X="99974" Y="42929" Z="0"/>
					<Vertex X="99798" Y="42812" Z="0"/>
					<Vertex X="99622" Y="42402" Z="0"/>
					<Vertex X="99330" Y="42051" Z="0"/>
					<Vertex X="99154" Y="41700" Z="0"/>
					<Vertex X="98978" Y="41465" Z="0"/>
					<Vertex X="98744" Y="41231" Z="0"/>
					<Vertex X="98451" Y="40938" Z="0"/>
					<Vertex X="98393" Y="40762" Z="0"/>
					<Vertex X="98100" Y="40528" Z="0"/>
					<Vertex X="98041" Y="40411" Z="0"/>
					<Vertex X="97865" Y="40353" Z="0"/>
					<Vertex X="97690" Y="40235" Z="0"/>
					<Vertex X="97573" Y="40177" Z="0"/>
					<Vertex X="97397" Y="39943" Z="0"/>
					<Vertex X="97221" Y="39884" Z="0"/>
					<Vertex X="96987" Y="39708" Z="0"/>
					<Vertex X="96811" Y="39650" Z="0"/>
					<Vertex X="96518" Y="39474" Z="0"/>
					<Vertex X="96167" Y="39298" Z="0"/>
					<Vertex X="95816" Y="39064" Z="0"/>
					<Vertex X="95581" Y="38888" Z="0"/>
					<Vertex X="95230" Y="38771" Z="0"/>
					<Vertex X="94879" Y="38537" Z="0"/>
					<Vertex X="94527" Y="38478" Z="0"/>
					<Vertex X="94176" Y="38303" Z="0"/>
					<Vertex X="94000" Y="38186" Z="0"/>
					<Vertex X="93649" Y="38010" Z="0"/>
					<Vertex X="93297" Y="37893" Z="0"/>
					<Vertex X="92946" Y="37776" Z="0"/>
					<Vertex X="92594" Y="37717" Z="0"/>
					<Vertex X="92126" Y="37483" Z="0"/>
					<Vertex X="91716" Y="37424" Z="0"/>
					<Vertex X="91247" Y="37366" Z="0"/>
					<Vertex X="90779" Y="37248" Z="0"/>
					<Vertex X="90310" Y="37248" Z="0"/>
					<Vertex X="89783" Y="37131" Z="0"/>
					<Vertex X="89373" Y="37131" Z="0"/>
					<Vertex X="88963" Y="37131" Z="0"/>
					<Vertex X="88436" Y="37131" Z="0"/>
					<Vertex X="88026" Y="37131" Z="0"/>
					<Vertex X="87499" Y="37131" Z="0"/>
					<Vertex X="87148" Y="37073" Z="0"/>
					<Vertex X="86855" Y="37073" Z="0"/>
					<Vertex X="86562" Y="37073" Z="0"/>
					<Vertex X="86211" Y="37014" Z="0"/>
					<Vertex X="86035" Y="37014" Z="0"/>
					<Vertex X="85742" Y="37014" Z="0"/>
					<Vertex X="85391" Y="37073" Z="0"/>
					<Vertex X="85098" Y="37073" Z="0"/>
					<Vertex X="84981" Y="37073" Z="0"/>
					<Vertex X="84629" Y="37131" Z="0"/>
					<Vertex X="84278" Y="37248" Z="0"/>
					<Vertex X="83868" Y="37366" Z="0"/>
					<Vertex X="83458" Y="37424" Z="0"/>
					<Vertex X="83282" Y="37424" Z="0"/>
					<Vertex X="82872" Y="37483" Z="0"/>
					<Vertex X="82521" Y="37483" Z="0"/>
					<Vertex X="82052" Y="37600" Z="0"/>
					<Vertex X="81818" Y="37717" Z="0"/>
					<Vertex X="81350" Y="37776" Z="0"/>
					<Vertex X="81115" Y="37893" Z="0"/>
					<Vertex X="80823" Y="37951" Z="0"/>
					<Vertex X="80705" Y="38127" Z="0"/>
					<Vertex X="80530" Y="38186" Z="0"/>
					<Vertex X="80471" Y="38303" Z="0"/>
					<Vertex X="80354" Y="38420" Z="0"/>
					<Vertex X="80295" Y="38420" Z="0"/>
					<Vertex X="80120" Y="38478" Z="0"/>
					<Vertex X="79944" Y="38537" Z="0"/>
					<Vertex X="79768" Y="38537" Z="0"/>
					<Vertex X="79593" Y="38537" Z="0"/>
					<Vertex X="79417" Y="38654" Z="0"/>
					<Vertex X="79241" Y="38771" Z="0"/>
					<Vertex X="78948" Y="38771" Z="0"/>
					<Vertex X="78890" Y="38830" Z="0"/>
					<Vertex X="78714" Y="38830" Z="0"/>
					<Vertex X="78480" Y="38888" Z="0"/>
					<Vertex X="78246" Y="39005" Z="0"/>
					<Vertex X="78011" Y="39064" Z="0"/>
					<Vertex X="77836" Y="39181" Z="0"/>
					<Vertex X="77543" Y="39298" Z="0"/>
					<Vertex X="77309" Y="39357" Z="0"/>
					<Vertex X="77074" Y="39533" Z="0"/>
					<Vertex X="76957" Y="39650" Z="0"/>
					<Vertex X="76664" Y="39767" Z="0"/>
					<Vertex X="76430" Y="39884" Z="0"/>
					<Vertex X="75961" Y="40060" Z="0"/>
					<Vertex X="75552" Y="40353" Z="0"/>
					<Vertex X="75200" Y="40528" Z="0"/>
					<Vertex X="74966" Y="40704" Z="0"/>
					<Vertex X="74614" Y="40821" Z="0"/>
					<Vertex X="74204" Y="41055" Z="0"/>
					<Vertex X="73912" Y="41290" Z="0"/>
					<Vertex X="73736" Y="41407" Z="0"/>
					<Vertex X="73443" Y="41524" Z="0"/>
					<Vertex X="73267" Y="41700" Z="0"/>
					<Vertex X="73092" Y="41934" Z="0"/>
					<Vertex X="73033" Y="42051" Z="0"/>
					<Vertex X="72623" Y="42285" Z="0"/>
					<Vertex X="72389" Y="42402" Z="0"/>
					<Vertex X="72213" Y="42519" Z="0"/>
					<Vertex X="71862" Y="42695" Z="0"/>
					<Vertex X="71510" Y="42871" Z="0"/>
					<Vertex X="71159" Y="43047" Z="0"/>
					<Vertex X="70690" Y="43222" Z="0"/>
					<Vertex X="70281" Y="43398" Z="0"/>
					<Vertex X="69871" Y="43457" Z="0"/>
					<Vertex X="69285" Y="43632" Z="0"/>
					<Vertex X="68758" Y="43749" Z="0"/>
					<Vertex X="68348" Y="43749" Z="0"/>
					<Vertex X="67996" Y="43867" Z="0"/>
					<Vertex X="67704" Y="43749" Z="0"/>
					<Vertex X="67528" Y="43749" Z="0"/>
					<Vertex X="67411" Y="43632" Z="0"/>
					<Vertex X="67176" Y="43574" Z="0"/>
					<Vertex X="67059" Y="43574" Z="0"/>
					<Vertex X="66884" Y="43457" Z="0"/>
					<Vertex X="66708" Y="43398" Z="0"/>
					<Vertex X="66415" Y="43281" Z="0"/>
					<Vertex X="66122" Y="43164" Z="0"/>
					<Vertex X="65947" Y="42929" Z="0"/>
					<Vertex X="65829" Y="42812" Z="0"/>
					<Vertex X="65595" Y="42578" Z="0"/>
					<Vertex X="65478" Y="42402" Z="0"/>
					<Vertex X="65302" Y="42344" Z="0"/>
					<Vertex X="65127" Y="42168" Z="0"/>
					<Vertex X="65010" Y="42051" Z="0"/>
					<Vertex X="64834" Y="41934" Z="0"/>
					<Vertex X="64717" Y="41817" Z="0"/>
					<Vertex X="64717" Y="41641" Z="0"/>
					<Vertex X="64658" Y="41465" Z="0"/>
					<Vertex X="64482" Y="41290" Z="0"/>
					<Vertex X="64365" Y="41231" Z="0"/>
					<Vertex X="64307" Y="41055" Z="0"/>
					<Vertex X="64131" Y="40821" Z="0"/>
					<Vertex X="64014" Y="40762" Z="0"/>
					<Vertex X="63897" Y="40587" Z="0"/>
					<Vertex X="63780" Y="40587" Z="0"/>
					<Vertex X="63604" Y="40411" Z="0"/>
					<Vertex X="63545" Y="40353" Z="0"/>
					<Vertex X="63370" Y="40177" Z="0"/>
					<Vertex X="63252" Y="40060" Z="0"/>
					<Vertex X="62960" Y="39943" Z="0"/>
					<Vertex X="62784" Y="39767" Z="0"/>
					<Vertex X="62725" Y="39708" Z="0"/>
					<Vertex X="62667" Y="39650" Z="0"/>
					<Vertex X="62550" Y="39533" Z="0"/>
					<Vertex X="62374" Y="39474" Z="0"/>
					<Vertex X="62315" Y="39357" Z="0"/>
					<Vertex X="62198" Y="39357" Z="0"/>
					<Vertex X="62023" Y="39298" Z="0"/>
					<Vertex X="61964" Y="39181" Z="0"/>
					<Vertex X="61788" Y="39181" Z="0"/>
					<Vertex X="61554" Y="39064" Z="0"/>
					<Vertex X="61320" Y="39064" Z="0"/>
					<Vertex X="61144" Y="39005" Z="0"/>
					<Vertex X="60910" Y="39005" Z="0"/>
					<Vertex X="60617" Y="39005" Z="0"/>
					<Vertex X="60383" Y="39005" Z="0"/>
					<Vertex X="59973" Y="39005" Z="0"/>
					<Vertex X="59621" Y="39005" Z="0"/>
					<Vertex X="59329" Y="39005" Z="0"/>
					<Vertex X="58977" Y="39005" Z="0"/>
					<Vertex X="58626" Y="39005" Z="0"/>
					<Vertex X="58216" Y="39064" Z="0"/>
					<Vertex X="57981" Y="39064" Z="0"/>
					<Vertex X="57630" Y="39298" Z="0"/>
					<Vertex X="57396" Y="39357" Z="0"/>
					<Vertex X="57103" Y="39474" Z="0"/>
					<Vertex X="56810" Y="39533" Z="0"/>
					<Vertex X="56576" Y="39767" Z="0"/>
					<Vertex X="56400" Y="39943" Z="0"/>
					<Vertex X="56166" Y="40177" Z="0"/>
					<Vertex X="55815" Y="40411" Z="0"/>
					<Vertex X="55522" Y="40704" Z="0"/>
					<Vertex X="55170" Y="40938" Z="0"/>
					<Vertex X="54819" Y="41231" Z="0"/>
					<Vertex X="54467" Y="41465" Z="0"/>
					<Vertex X="53940" Y="41934" Z="0"/>
					<Vertex X="53472" Y="42168" Z="0"/>
					<Vertex X="53179" Y="42519" Z="0"/>
					<Vertex X="52828" Y="42695" Z="0"/>
					<Vertex X="52476" Y="42871" Z="0"/>
					<Vertex X="52183" Y="43164" Z="0"/>
					<Vertex X="51832" Y="43281" Z="0"/>
					<Vertex X="51598" Y="43457" Z="0"/>
					<Vertex X="51129" Y="43749" Z="0"/>
					<Vertex X="50895" Y="43925" Z="0"/>
					<Vertex X="50426" Y="44276" Z="0"/>
					<Vertex X="50075" Y="44452" Z="0"/>
					<Vertex X="49606" Y="44804" Z="0"/>
					<Vertex X="49314" Y="45155" Z="0"/>
					<Vertex X="48845" Y="45448" Z="0"/>
					<Vertex X="48494" Y="45682" Z="0"/>
					<Vertex X="48142" Y="45916" Z="0"/>
					<Vertex X="47732" Y="46209" Z="0"/>
					<Vertex X="47264" Y="46443" Z="0"/>
					<Vertex X="46912" Y="46736" Z="0"/>
					<Vertex X="46561" Y="47088" Z="0"/>
					<Vertex X="46210" Y="47439" Z="0"/>
					<Vertex X="45800" Y="47673" Z="0"/>
					<Vertex X="45214" Y="48142" Z="0"/>
					<Vertex X="44863" Y="48376" Z="0"/>
					<Vertex X="44511" Y="48728" Z="0"/>
					<Vertex X="44218" Y="49020" Z="0"/>
					<Vertex X="43808" Y="49372" Z="0"/>
					<Vertex X="43398" Y="49723" Z="0"/>
					<Vertex X="43106" Y="49899" Z="0"/>
					<Vertex X="42871" Y="50133" Z="0"/>
					<Vertex X="42637" Y="50426" Z="0"/>
					<Vertex X="42403" Y="50719" Z="0"/>
					<Vertex X="42168" Y="50953" Z="0"/>
					<Vertex X="41934" Y="51187" Z="0"/>
					<Vertex X="41641" Y="51363" Z="0"/>
					<Vertex X="41349" Y="51656" Z="0"/>
					<Vertex X="40939" Y="52007" Z="0"/>
					<Vertex X="40587" Y="52359" Z="0"/>
					<Vertex X="40236" Y="52710" Z="0"/>
					<Vertex X="39767" Y="52944" Z="0"/>
					<Vertex X="39474" Y="53237" Z="0"/>
					<Vertex X="38889" Y="53647" Z="0"/>
					<Vertex X="38479" Y="53823" Z="0"/>
					<Vertex X="38127" Y="54116" Z="0"/>
					<Vertex X="37776" Y="54350" Z="0"/>
					<Vertex X="37425" Y="54643" Z="0"/>
					<Vertex X="37015" Y="54994" Z="0"/>
					<Vertex X="36605" Y="55228" Z="0"/>
					<Vertex X="36312" Y="55463" Z="0"/>
					<Vertex X="35902" Y="55638" Z="0"/>
					<Vertex X="35668" Y="55697" Z="0"/>
					<Vertex X="35199" Y="55873" Z="0"/>
					<Vertex X="35023" Y="56048" Z="0"/>
					<Vertex X="34789" Y="56107" Z="0"/>
					<Vertex X="34496" Y="56224" Z="0"/>
					<Vertex X="34262" Y="56224" Z="0"/>
					<Vertex X="34145" Y="56341" Z="0"/>
					<Vertex X="33911" Y="56341" Z="0"/>
					<Vertex X="33852" Y="56400" Z="0"/>
					<Vertex X="33618" Y="56400" Z="0"/>
					<Vertex X="33383" Y="56517" Z="0"/>
					<Vertex X="33208" Y="56517" Z="0"/>
					<Vertex X="33032" Y="56400" Z="0"/>
					<Vertex X="32739" Y="56400" Z="0"/>
					<Vertex X="32564" Y="56341" Z="0"/>
					<Vertex X="32329" Y="56107" Z="0"/>
					<Vertex X="32154" Y="56048" Z="0"/>
					<Vertex X="31861" Y="55990" Z="0"/>
					<Vertex X="31626" Y="55756" Z="0"/>
					<Vertex X="31451" Y="55638" Z="0"/>
					<Vertex X="31158" Y="55346" Z="0"/>
					<Vertex X="30807" Y="55053" Z="0"/>
					<Vertex X="30572" Y="54819" Z="0"/>
					<Vertex X="30279" Y="54584" Z="0"/>
					<Vertex X="30045" Y="54291" Z="0"/>
					<Vertex X="29694" Y="53940" Z="0"/>
					<Vertex X="29401" Y="53647" Z="0"/>
					<Vertex X="29108" Y="53471" Z="0"/>
					<Vertex X="28640" Y="53120" Z="0"/>
					<Vertex X="28288" Y="52886" Z="0"/>
					<Vertex X="27995" Y="52710" Z="0"/>
					<Vertex X="27468" Y="52417" Z="0"/>
					<Vertex X="27058" Y="52242" Z="0"/>
					<Vertex X="26707" Y="52066" Z="0"/>
					<Vertex X="26180" Y="51890" Z="0"/>
					<Vertex X="25828" Y="51832" Z="0"/>
					<Vertex X="25360" Y="51656" Z="0"/>
					<Vertex X="25008" Y="51539" Z="0"/>
					<Vertex X="24598" Y="51305" Z="0"/>
					<Vertex X="24306" Y="51129" Z="0"/>
					<Vertex X="23896" Y="50836" Z="0"/>
					<Vertex X="23603" Y="50660" Z="0"/>
					<Vertex X="23427" Y="50602" Z="0"/>
					<Vertex X="23251" Y="50309" Z="0"/>
					<Vertex X="23193" Y="50250" Z="0"/>
					<Vertex X="23193" Y="49957" Z="0"/>
					<Vertex X="23193" Y="49782" Z="0"/>
					<Vertex X="23193" Y="49606" Z="0"/>
					<Vertex X="23251" Y="49372" Z="0"/>
					<Vertex X="23427" Y="49020" Z="0"/>
					<Vertex X="23544" Y="48728" Z="0"/>
					<Vertex X="23720" Y="48318" Z="0"/>
					<Vertex X="23778" Y="48025" Z="0"/>
					<Vertex X="23954" Y="47790" Z="0"/>
					<Vertex X="24130" Y="47615" Z="0"/>
					<Vertex X="24481" Y="47322" Z="0"/>
					<Vertex X="24598" Y="47146" Z="0"/>
					<Vertex X="24774" Y="46971" Z="0"/>
					<Vertex X="24833" Y="46912" Z="0"/>
					<Vertex X="25008" Y="46619" Z="0"/>
					<Vertex X="25184" Y="46443" Z="0"/>
					<Vertex X="25360" Y="46209" Z="0"/>
					<Vertex X="25477" Y="45916" Z="0"/>
					<Vertex X="25535" Y="45741" Z="0"/>
					<Vertex X="25711" Y="45389" Z="0"/>
					<Vertex X="25828" Y="45038" Z="0"/>
					<Vertex X="26004" Y="44686" Z="0"/>
					<Vertex X="26004" Y="44452" Z="0"/>
					<Vertex X="26063" Y="44101" Z="0"/>
					<Vertex X="26180" Y="43925" Z="0"/>
					<Vertex X="26180" Y="43632" Z="0"/>
					<Vertex X="26238" Y="43398" Z="0"/>
					<Vertex X="26238" Y="43105" Z="0"/>
					<Vertex X="26355" Y="43047" Z="0"/>
					<Vertex X="26355" Y="42871" Z="0"/>
					<Vertex X="26355" Y="42754" Z="0"/>
					<Vertex X="26355" Y="42578" Z="0"/>
					<Vertex X="26238" Y="42519" Z="0"/>
					<Vertex X="26238" Y="42344" Z="0"/>
					<Vertex X="26180" Y="42168" Z="0"/>
					<Vertex X="26180" Y="42051" Z="0"/>
					<Vertex X="26063" Y="41875" Z="0"/>
					<Vertex X="26063" Y="41700" Z="0"/>
					<Vertex X="26004" Y="41524" Z="0"/>
					<Vertex X="26004" Y="41465" Z="0"/>
					<Vertex X="26004" Y="41290" Z="0"/>
					<Vertex X="26004" Y="41172" Z="0"/>
					<Vertex X="26004" Y="40997" Z="0"/>
					<Vertex X="26004" Y="40938" Z="0"/>
					<Vertex X="26004" Y="40821" Z="0"/>
					<Vertex X="26004" Y="40645" Z="0"/>
					<Vertex X="26004" Y="40587" Z="0"/>
					<Vertex X="25887" Y="40470" Z="0"/>
					<Vertex X="25887" Y="40587" Z="0"/>
					<Vertex X="25828" Y="40587" Z="0"/>
					<Vertex X="25828" Y="40470" Z="0"/>
					<Vertex X="25828" Y="40235" Z="0"/>
				</Vertices>
			</Region>
		</Regions>
		<Plots/>
	</Annotation>
</Annotations>
