<Annotations MicronsPerPixel="0.252200">
	<Annotation Id="1" Name="" ReadOnly="0" NameReadOnly="0" LineColorReadOnly="0" Incremental="0" Type="4" LineColor="65280" Visible="1" Selected="1" MarkupImagePath="" MacroName="">
		<Attributes/>
		<Regions>
			<RegionAttributeHeaders>
				<AttributeHeader Id="9999" Name="Region" ColumnWidth="-1"/>
				<AttributeHeader Id="9997" Name="Length" ColumnWidth="-1"/>
				<AttributeHeader Id="9996" Name="Area" ColumnWidth="-1"/>
				<AttributeHeader Id="9998" Name="Text" ColumnWidth="-1"/>
			</RegionAttributeHeaders>
			<Region Id="1" Type="0" Zoom="0.017077" Selected="0" ImageLocation="" ImageFocus="-1" Length="70972.9" Area="112822540.5" LengthMicrons="17899.4" AreaMicrons="7176059.6" Text="" NegativeROA="0" InputRegionId="0" Analyze="1" DisplayId="1">
				<Attributes/>
				<Vertices>
					<Vertex X="36685" Y="33319" Z="0"/>
					<Vertex X="32157" Y="32042" Z="0"/>
					<Vertex X="31461" Y="32100" Z="0"/>
					<Vertex X="31054" Y="32216" Z="0"/>
					<Vertex X="30764" Y="32274" Z="0"/>
					<Vertex X="30416" Y="32390" Z="0"/>
					<Vertex X="30068" Y="32564" Z="0"/>
					<Vertex X="29836" Y="32738" Z="0"/>
					<Vertex X="29487" Y="32796" Z="0"/>
					<Vertex X="29139" Y="32970" Z="0"/>
					<Vertex X="28849" Y="33144" Z="0"/>
					<Vertex X="28617" Y="33261" Z="0"/>
					<Vertex X="28326" Y="33319" Z="0"/>
					<Vertex X="28152" Y="33493" Z="0"/>
					<Vertex X="27978" Y="33667" Z="0"/>
					<Vertex X="27804" Y="33841" Z="0"/>
					<Vertex X="27630" Y="34015" Z="0"/>
					<Vertex X="27456" Y="34189" Z="0"/>
					<Vertex X="27281" Y="34363" Z="0"/>
					<Vertex X="27107" Y="34538" Z="0"/>
					<Vertex X="27049" Y="34712" Z="0"/>
					<Vertex X="26875" Y="34886" Z="0"/>
					<Vertex X="26759" Y="35060" Z="0"/>
					<Vertex X="26701" Y="35408" Z="0"/>
					<Vertex X="26701" Y="35582" Z="0"/>
					<Vertex X="26701" Y="35873" Z="0"/>
					<Vertex X="26701" Y="36047" Z="0"/>
					<Vertex X="26701" Y="36279" Z="0"/>
					<Vertex X="26759" Y="36453" Z="0"/>
					<Vertex X="26875" Y="36743" Z="0"/>
					<Vertex X="26933" Y="36976" Z="0"/>
					<Vertex X="27107" Y="37150" Z="0"/>
					<Vertex X="27223" Y="37440" Z="0"/>
					<Vertex X="27398" Y="37788" Z="0"/>
					<Vertex X="27572" Y="37962" Z="0"/>
					<Vertex X="27746" Y="38020" Z="0"/>
					<Vertex X="27920" Y="38136" Z="0"/>
					<Vertex X="27978" Y="38195" Z="0"/>
					<Vertex X="28152" Y="38311" Z="0"/>
					<Vertex X="28500" Y="38311" Z="0"/>
					<Vertex X="28675" Y="38311" Z="0"/>
					<Vertex X="28849" Y="38311" Z="0"/>
					<Vertex X="29197" Y="38195" Z="0"/>
					<Vertex X="29371" Y="38020" Z="0"/>
					<Vertex X="29545" Y="37962" Z="0"/>
					<Vertex X="29719" Y="37846" Z="0"/>
					<Vertex X="30068" Y="37672" Z="0"/>
					<Vertex X="30242" Y="37614" Z="0"/>
					<Vertex X="30532" Y="37498" Z="0"/>
					<Vertex X="30706" Y="37440" Z="0"/>
					<Vertex X="30938" Y="37440" Z="0"/>
					<Vertex X="31229" Y="37440" Z="0"/>
					<Vertex X="31461" Y="37324" Z="0"/>
					<Vertex X="31751" Y="37324" Z="0"/>
					<Vertex X="31983" Y="37324" Z="0"/>
					<Vertex X="32273" Y="37324" Z="0"/>
					<Vertex X="32622" Y="37440" Z="0"/>
					<Vertex X="32796" Y="37498" Z="0"/>
					<Vertex X="33028" Y="37614" Z="0"/>
					<Vertex X="33318" Y="37672" Z="0"/>
					<Vertex X="33492" Y="37788" Z="0"/>
					<Vertex X="33667" Y="37846" Z="0"/>
					<Vertex X="33841" Y="37962" Z="0"/>
					<Vertex X="34015" Y="37962" Z="0"/>
					<Vertex X="34189" Y="38020" Z="0"/>
					<Vertex X="34363" Y="38020" Z="0"/>
					<Vertex X="34421" Y="38136" Z="0"/>
					<Vertex X="34595" Y="38136" Z="0"/>
					<Vertex X="34769" Y="38195" Z="0"/>
					<Vertex X="34886" Y="38311" Z="0"/>
					<Vertex X="35060" Y="38369" Z="0"/>
					<Vertex X="35118" Y="38485" Z="0"/>
					<Vertex X="35234" Y="38543" Z="0"/>
					<Vertex X="35292" Y="38659" Z="0"/>
					<Vertex X="35408" Y="38833" Z="0"/>
					<Vertex X="35466" Y="38891" Z="0"/>
					<Vertex X="35582" Y="39007" Z="0"/>
					<Vertex X="35640" Y="39239" Z="0"/>
					<Vertex X="35640" Y="39355" Z="0"/>
					<Vertex X="35756" Y="39530" Z="0"/>
					<Vertex X="35756" Y="39704" Z="0"/>
					<Vertex X="35756" Y="39762" Z="0"/>
					<Vertex X="35814" Y="39936" Z="0"/>
					<Vertex X="35814" Y="40052" Z="0"/>
					<Vertex X="35814" Y="40226" Z="0"/>
					<Vertex X="35814" Y="40400" Z="0"/>
					<Vertex X="35814" Y="40574" Z="0"/>
					<Vertex X="35814" Y="40632" Z="0"/>
					<Vertex X="35756" Y="40807" Z="0"/>
					<Vertex X="35756" Y="40923" Z="0"/>
					<Vertex X="35640" Y="40981" Z="0"/>
					<Vertex X="35582" Y="41097" Z="0"/>
					<Vertex X="35582" Y="41155" Z="0"/>
					<Vertex X="35582" Y="41271" Z="0"/>
					<Vertex X="35582" Y="41329" Z="0"/>
					<Vertex X="35582" Y="41445" Z="0"/>
					<Vertex X="35582" Y="41619" Z="0"/>
					<Vertex X="35466" Y="41677" Z="0"/>
					<Vertex X="35466" Y="41793" Z="0"/>
					<Vertex X="35466" Y="41909" Z="0"/>
					<Vertex X="35582" Y="41968" Z="0"/>
					<Vertex X="35582" Y="42026" Z="0"/>
					<Vertex X="35640" Y="42142" Z="0"/>
					<Vertex X="35640" Y="42200" Z="0"/>
					<Vertex X="35756" Y="42374" Z="0"/>
					<Vertex X="35814" Y="42374" Z="0"/>
					<Vertex X="35930" Y="42490" Z="0"/>
					<Vertex X="35930" Y="42606" Z="0"/>
					<Vertex X="35988" Y="42606" Z="0"/>
					<Vertex X="36105" Y="42664" Z="0"/>
					<Vertex X="36163" Y="42664" Z="0"/>
					<Vertex X="36279" Y="42722" Z="0"/>
					<Vertex X="36337" Y="42722" Z="0"/>
					<Vertex X="36453" Y="42722" Z="0"/>
					<Vertex X="36627" Y="42838" Z="0"/>
					<Vertex X="36685" Y="42838" Z="0"/>
					<Vertex X="36801" Y="42838" Z="0"/>
					<Vertex X="36975" Y="42838" Z="0"/>
					<Vertex X="37033" Y="42722" Z="0"/>
					<Vertex X="37149" Y="42722" Z="0"/>
					<Vertex X="37207" Y="42664" Z="0"/>
					<Vertex X="37323" Y="42606" Z="0"/>
					<Vertex X="37382" Y="42490" Z="0"/>
					<Vertex X="37498" Y="42374" Z="0"/>
					<Vertex X="37672" Y="42200" Z="0"/>
					<Vertex X="37730" Y="42026" Z="0"/>
					<Vertex X="37846" Y="41909" Z="0"/>
					<Vertex X="37846" Y="41793" Z="0"/>
					<Vertex X="38020" Y="41503" Z="0"/>
					<Vertex X="38020" Y="41445" Z="0"/>
					<Vertex X="38020" Y="41155" Z="0"/>
					<Vertex X="38078" Y="41097" Z="0"/>
					<Vertex X="38078" Y="40923" Z="0"/>
					<Vertex X="38020" Y="40749" Z="0"/>
					<Vertex X="38020" Y="40458" Z="0"/>
					<Vertex X="38020" Y="40284" Z="0"/>
					<Vertex X="37904" Y="40226" Z="0"/>
					<Vertex X="37904" Y="40110" Z="0"/>
					<Vertex X="37904" Y="39936" Z="0"/>
					<Vertex X="37904" Y="39878" Z="0"/>
					<Vertex X="37904" Y="39762" Z="0"/>
					<Vertex X="38020" Y="39588" Z="0"/>
					<Vertex X="38078" Y="39530" Z="0"/>
					<Vertex X="38194" Y="39413" Z="0"/>
					<Vertex X="38252" Y="39355" Z="0"/>
					<Vertex X="38426" Y="39355" Z="0"/>
					<Vertex X="38542" Y="39355" Z="0"/>
					<Vertex X="38601" Y="39239" Z="0"/>
					<Vertex X="38775" Y="39355" Z="0"/>
					<Vertex X="38891" Y="39355" Z="0"/>
					<Vertex X="38949" Y="39413" Z="0"/>
					<Vertex X="38949" Y="39530" Z="0"/>
					<Vertex X="39065" Y="39588" Z="0"/>
					<Vertex X="39065" Y="39704" Z="0"/>
					<Vertex X="39123" Y="39762" Z="0"/>
					<Vertex X="39123" Y="39878" Z="0"/>
					<Vertex X="39123" Y="39936" Z="0"/>
					<Vertex X="39239" Y="40110" Z="0"/>
					<Vertex X="39239" Y="40226" Z="0"/>
					<Vertex X="39239" Y="40284" Z="0"/>
					<Vertex X="39239" Y="40458" Z="0"/>
					<Vertex X="39239" Y="40574" Z="0"/>
					<Vertex X="39239" Y="40632" Z="0"/>
					<Vertex X="39239" Y="40807" Z="0"/>
					<Vertex X="39239" Y="40923" Z="0"/>
					<Vertex X="39239" Y="40981" Z="0"/>
					<Vertex X="39239" Y="41155" Z="0"/>
					<Vertex X="39239" Y="41271" Z="0"/>
					<Vertex X="39123" Y="41329" Z="0"/>
					<Vertex X="39123" Y="41445" Z="0"/>
					<Vertex X="39065" Y="41503" Z="0"/>
					<Vertex X="39065" Y="41619" Z="0"/>
					<Vertex X="38891" Y="41677" Z="0"/>
					<Vertex X="38775" Y="41793" Z="0"/>
					<Vertex X="38717" Y="41909" Z="0"/>
					<Vertex X="38717" Y="41968" Z="0"/>
					<Vertex X="38601" Y="42026" Z="0"/>
					<Vertex X="38542" Y="42142" Z="0"/>
					<Vertex X="38426" Y="42142" Z="0"/>
					<Vertex X="38426" Y="42200" Z="0"/>
					<Vertex X="38368" Y="42316" Z="0"/>
					<Vertex X="38194" Y="42374" Z="0"/>
					<Vertex X="38078" Y="42490" Z="0"/>
					<Vertex X="38078" Y="42606" Z="0"/>
					<Vertex X="38020" Y="42664" Z="0"/>
					<Vertex X="37904" Y="42722" Z="0"/>
					<Vertex X="37846" Y="42838" Z="0"/>
					<Vertex X="37846" Y="42896" Z="0"/>
					<Vertex X="37730" Y="43012" Z="0"/>
					<Vertex X="37672" Y="43070" Z="0"/>
					<Vertex X="37556" Y="43070" Z="0"/>
					<Vertex X="37498" Y="43186" Z="0"/>
					<Vertex X="37382" Y="43245" Z="0"/>
					<Vertex X="37323" Y="43245" Z="0"/>
					<Vertex X="37207" Y="43245" Z="0"/>
					<Vertex X="37033" Y="43361" Z="0"/>
					<Vertex X="36975" Y="43245" Z="0"/>
					<Vertex X="36859" Y="43245" Z="0"/>
					<Vertex X="36801" Y="43245" Z="0"/>
					<Vertex X="36627" Y="43245" Z="0"/>
					<Vertex X="36511" Y="43245" Z="0"/>
					<Vertex X="36453" Y="43245" Z="0"/>
					<Vertex X="36279" Y="43245" Z="0"/>
					<Vertex X="36163" Y="43186" Z="0"/>
					<Vertex X="36105" Y="43186" Z="0"/>
					<Vertex X="35988" Y="43186" Z="0"/>
					<Vertex X="35814" Y="43186" Z="0"/>
					<Vertex X="35756" Y="43186" Z="0"/>
					<Vertex X="35582" Y="43070" Z="0"/>
					<Vertex X="35466" Y="43070" Z="0"/>
					<Vertex X="35292" Y="43070" Z="0"/>
					<Vertex X="35234" Y="43070" Z="0"/>
					<Vertex X="35118" Y="43070" Z="0"/>
					<Vertex X="35060" Y="43070" Z="0"/>
					<Vertex X="34886" Y="43070" Z="0"/>
					<Vertex X="34711" Y="43070" Z="0"/>
					<Vertex X="34595" Y="43070" Z="0"/>
					<Vertex X="34421" Y="43186" Z="0"/>
					<Vertex X="34247" Y="43245" Z="0"/>
					<Vertex X="34073" Y="43361" Z="0"/>
					<Vertex X="33899" Y="43361" Z="0"/>
					<Vertex X="33725" Y="43361" Z="0"/>
					<Vertex X="33550" Y="43419" Z="0"/>
					<Vertex X="33492" Y="43419" Z="0"/>
					<Vertex X="33376" Y="43419" Z="0"/>
					<Vertex X="33318" Y="43535" Z="0"/>
					<Vertex X="33202" Y="43593" Z="0"/>
					<Vertex X="33144" Y="43709" Z="0"/>
					<Vertex X="32970" Y="43883" Z="0"/>
					<Vertex X="32854" Y="43941" Z="0"/>
					<Vertex X="32680" Y="44231" Z="0"/>
					<Vertex X="32622" Y="44405" Z="0"/>
					<Vertex X="32506" Y="44580" Z="0"/>
					<Vertex X="32331" Y="44754" Z="0"/>
					<Vertex X="32273" Y="44928" Z="0"/>
					<Vertex X="32273" Y="45102" Z="0"/>
					<Vertex X="32273" Y="45218" Z="0"/>
					<Vertex X="32273" Y="45334" Z="0"/>
					<Vertex X="32273" Y="45508" Z="0"/>
					<Vertex X="32273" Y="45624" Z="0"/>
					<Vertex X="32331" Y="45799" Z="0"/>
					<Vertex X="32448" Y="45857" Z="0"/>
					<Vertex X="32506" Y="45973" Z="0"/>
					<Vertex X="32622" Y="46031" Z="0"/>
					<Vertex X="32680" Y="46031" Z="0"/>
					<Vertex X="32854" Y="46147" Z="0"/>
					<Vertex X="33028" Y="46147" Z="0"/>
					<Vertex X="33202" Y="46205" Z="0"/>
					<Vertex X="33376" Y="46321" Z="0"/>
					<Vertex X="33667" Y="46321" Z="0"/>
					<Vertex X="33841" Y="46321" Z="0"/>
					<Vertex X="34015" Y="46321" Z="0"/>
					<Vertex X="34189" Y="46321" Z="0"/>
					<Vertex X="34421" Y="46321" Z="0"/>
					<Vertex X="34595" Y="46321" Z="0"/>
					<Vertex X="34944" Y="46321" Z="0"/>
					<Vertex X="35118" Y="46321" Z="0"/>
					<Vertex X="35292" Y="46321" Z="0"/>
					<Vertex X="35466" Y="46205" Z="0"/>
					<Vertex X="35756" Y="46147" Z="0"/>
					<Vertex X="35988" Y="46031" Z="0"/>
					<Vertex X="36163" Y="46031" Z="0"/>
					<Vertex X="36279" Y="45973" Z="0"/>
					<Vertex X="36453" Y="45857" Z="0"/>
					<Vertex X="36801" Y="45799" Z="0"/>
					<Vertex X="36975" Y="45682" Z="0"/>
					<Vertex X="37149" Y="45624" Z="0"/>
					<Vertex X="37323" Y="45624" Z="0"/>
					<Vertex X="37498" Y="45508" Z="0"/>
					<Vertex X="37672" Y="45450" Z="0"/>
					<Vertex X="37846" Y="45450" Z="0"/>
					<Vertex X="38078" Y="45334" Z="0"/>
					<Vertex X="38368" Y="45334" Z="0"/>
					<Vertex X="38601" Y="45276" Z="0"/>
					<Vertex X="38891" Y="45276" Z="0"/>
					<Vertex X="39065" Y="45218" Z="0"/>
					<Vertex X="39239" Y="45218" Z="0"/>
					<Vertex X="39471" Y="45102" Z="0"/>
					<Vertex X="39645" Y="44986" Z="0"/>
					<Vertex X="39936" Y="44928" Z="0"/>
					<Vertex X="40110" Y="44754" Z="0"/>
					<Vertex X="40458" Y="44580" Z="0"/>
					<Vertex X="40632" Y="44464" Z="0"/>
					<Vertex X="40864" Y="44231" Z="0"/>
					<Vertex X="41038" Y="44057" Z="0"/>
					<Vertex X="41213" Y="43883" Z="0"/>
					<Vertex X="41387" Y="43709" Z="0"/>
					<Vertex X="41561" Y="43593" Z="0"/>
					<Vertex X="41735" Y="43419" Z="0"/>
					<Vertex X="42025" Y="43245" Z="0"/>
					<Vertex X="42199" Y="43070" Z="0"/>
					<Vertex X="42374" Y="43012" Z="0"/>
					<Vertex X="42548" Y="42838" Z="0"/>
					<Vertex X="42606" Y="42664" Z="0"/>
					<Vertex X="42780" Y="42606" Z="0"/>
					<Vertex X="42954" Y="42374" Z="0"/>
					<Vertex X="43128" Y="42200" Z="0"/>
					<Vertex X="43244" Y="42026" Z="0"/>
					<Vertex X="43302" Y="41909" Z="0"/>
					<Vertex X="43418" Y="41793" Z="0"/>
					<Vertex X="43418" Y="41619" Z="0"/>
					<Vertex X="43418" Y="41329" Z="0"/>
					<Vertex X="43418" Y="41155" Z="0"/>
					<Vertex X="43418" Y="40981" Z="0"/>
					<Vertex X="43418" Y="40807" Z="0"/>
					<Vertex X="43302" Y="40574" Z="0"/>
					<Vertex X="43244" Y="40400" Z="0"/>
					<Vertex X="43128" Y="40284" Z="0"/>
					<Vertex X="43070" Y="40110" Z="0"/>
					<Vertex X="42896" Y="40052" Z="0"/>
					<Vertex X="42780" Y="39878" Z="0"/>
					<Vertex X="42606" Y="39704" Z="0"/>
					<Vertex X="42548" Y="39588" Z="0"/>
					<Vertex X="42374" Y="39413" Z="0"/>
					<Vertex X="42083" Y="39239" Z="0"/>
					<Vertex X="42025" Y="39181" Z="0"/>
					<Vertex X="41851" Y="39007" Z="0"/>
					<Vertex X="41735" Y="38833" Z="0"/>
					<Vertex X="41677" Y="38717" Z="0"/>
					<Vertex X="41561" Y="38543" Z="0"/>
					<Vertex X="41561" Y="38485" Z="0"/>
					<Vertex X="41503" Y="38369" Z="0"/>
					<Vertex X="41503" Y="38195" Z="0"/>
					<Vertex X="41503" Y="38020" Z="0"/>
					<Vertex X="41503" Y="37962" Z="0"/>
					<Vertex X="41503" Y="37846" Z="0"/>
					<Vertex X="41503" Y="37672" Z="0"/>
					<Vertex X="41503" Y="37614" Z="0"/>
					<Vertex X="41387" Y="37440" Z="0"/>
					<Vertex X="41329" Y="37324" Z="0"/>
					<Vertex X="41213" Y="37150" Z="0"/>
					<Vertex X="41155" Y="37092" Z="0"/>
					<Vertex X="40980" Y="36801" Z="0"/>
					<Vertex X="40864" Y="36743" Z="0"/>
					<Vertex X="40690" Y="36627" Z="0"/>
					<Vertex X="40516" Y="36453" Z="0"/>
					<Vertex X="40284" Y="36395" Z="0"/>
					<Vertex X="40110" Y="36221" Z="0"/>
					<Vertex X="39936" Y="36221" Z="0"/>
					<Vertex X="39645" Y="36047" Z="0"/>
					<Vertex X="39471" Y="35931" Z="0"/>
					<Vertex X="39297" Y="35873" Z="0"/>
					<Vertex X="39123" Y="35757" Z="0"/>
					<Vertex X="39065" Y="35699" Z="0"/>
					<Vertex X="38891" Y="35582" Z="0"/>
					<Vertex X="38717" Y="35524" Z="0"/>
					<Vertex X="38542" Y="35524" Z="0"/>
					<Vertex X="38426" Y="35408" Z="0"/>
					<Vertex X="38252" Y="35408" Z="0"/>
					<Vertex X="38194" Y="35350" Z="0"/>
					<Vertex X="38078" Y="35350" Z="0"/>
					<Vertex X="37904" Y="35234" Z="0"/>
					<Vertex X="37846" Y="35234" Z="0"/>
					<Vertex X="37730" Y="35176" Z="0"/>
					<Vertex X="37556" Y="35060" Z="0"/>
					<Vertex X="37498" Y="35060" Z="0"/>
					<Vertex X="37382" Y="35002" Z="0"/>
					<Vertex X="37323" Y="34886" Z="0"/>
					<Vertex X="37207" Y="34828" Z="0"/>
					<Vertex X="37149" Y="34828" Z="0"/>
					<Vertex X="37033" Y="34712" Z="0"/>
					<Vertex X="36975" Y="34654" Z="0"/>
					<Vertex X="36975" Y="34538" Z="0"/>
					<Vertex X="36859" Y="34480" Z="0"/>
					<Vertex X="36859" Y="34363" Z="0"/>
					<Vertex X="36801" Y="34363" Z="0"/>
					<Vertex X="36801" Y="34305" Z="0"/>
					<Vertex X="36801" Y="34189" Z="0"/>
					<Vertex X="36801" Y="34131" Z="0"/>
					<Vertex X="36801" Y="34015" Z="0"/>
					<Vertex X="36685" Y="34015" Z="0"/>
					<Vertex X="36685" Y="33957" Z="0"/>
					<Vertex X="36685" Y="33841" Z="0"/>
					<Vertex X="36627" Y="33841" Z="0"/>
					<Vertex X="36627" Y="33783" Z="0"/>
					<Vertex X="36627" Y="33667" Z="0"/>
					<Vertex X="36627" Y="33609" Z="0"/>
					<Vertex X="36685" Y="33609" Z="0"/>
					<Vertex X="36627" Y="33493" Z="0"/>
					<Vertex X="36511" Y="33493" Z="0"/>
					<Vertex X="36685" Y="33319" Z="0"/>
				</Vertices>
			</Region>
			<Region Id="2" Type="0" Zoom="0.017077" Selected="1" ImageLocation="" ImageFocus="-1" Length="146336.7" Area="1111358691.0" LengthMicrons="36906.1" AreaMicrons="70687791.7" Text="" NegativeROA="0" InputRegionId="0" Analyze="1" DisplayId="2">
				<Attributes/>
				<Vertices>
					<Vertex X="106573" Y="20142" Z="0"/>
					<Vertex X="106573" Y="20316" Z="0"/>
					<Vertex X="106515" Y="20606" Z="0"/>
					<Vertex X="106399" Y="20781" Z="0"/>
					<Vertex X="106225" Y="20955" Z="0"/>
					<Vertex X="106167" Y="21129" Z="0"/>
					<Vertex X="106050" Y="21303" Z="0"/>
					<Vertex X="105992" Y="21477" Z="0"/>
					<Vertex X="105818" Y="21535" Z="0"/>
					<Vertex X="105702" Y="21709" Z="0"/>
					<Vertex X="105528" Y="21825" Z="0"/>
					<Vertex X="105470" Y="21883" Z="0"/>
					<Vertex X="105296" Y="22000" Z="0"/>
					<Vertex X="105122" Y="22058" Z="0"/>
					<Vertex X="104948" Y="22058" Z="0"/>
					<Vertex X="104831" Y="22058" Z="0"/>
					<Vertex X="104599" Y="22174" Z="0"/>
					<Vertex X="104425" Y="22174" Z="0"/>
					<Vertex X="104309" Y="22174" Z="0"/>
					<Vertex X="104077" Y="22232" Z="0"/>
					<Vertex X="103903" Y="22232" Z="0"/>
					<Vertex X="103729" Y="22232" Z="0"/>
					<Vertex X="103554" Y="22348" Z="0"/>
					<Vertex X="103380" Y="22406" Z="0"/>
					<Vertex X="103206" Y="22522" Z="0"/>
					<Vertex X="102916" Y="22696" Z="0"/>
					<Vertex X="102742" Y="22870" Z="0"/>
					<Vertex X="102394" Y="23102" Z="0"/>
					<Vertex X="102161" Y="23393" Z="0"/>
					<Vertex X="101813" Y="23741" Z="0"/>
					<Vertex X="101523" Y="23915" Z="0"/>
					<Vertex X="101291" Y="24263" Z="0"/>
					<Vertex X="101000" Y="24496" Z="0"/>
					<Vertex X="100768" Y="24786" Z="0"/>
					<Vertex X="100594" Y="24960" Z="0"/>
					<Vertex X="100304" Y="25192" Z="0"/>
					<Vertex X="100130" Y="25482" Z="0"/>
					<Vertex X="99956" Y="25715" Z="0"/>
					<Vertex X="99723" Y="25889" Z="0"/>
					<Vertex X="99549" Y="26179" Z="0"/>
					<Vertex X="99375" Y="26411" Z="0"/>
					<Vertex X="99201" Y="26585" Z="0"/>
					<Vertex X="98853" Y="26875" Z="0"/>
					<Vertex X="98737" Y="27050" Z="0"/>
					<Vertex X="98562" Y="27224" Z="0"/>
					<Vertex X="98504" Y="27456" Z="0"/>
					<Vertex X="98330" Y="27630" Z="0"/>
					<Vertex X="98214" Y="27804" Z="0"/>
					<Vertex X="98156" Y="28094" Z="0"/>
					<Vertex X="98040" Y="28327" Z="0"/>
					<Vertex X="97866" Y="28791" Z="0"/>
					<Vertex X="97692" Y="29023" Z="0"/>
					<Vertex X="97518" Y="29197" Z="0"/>
					<Vertex X="97285" Y="29488" Z="0"/>
					<Vertex X="97111" Y="29662" Z="0"/>
					<Vertex X="96937" Y="29836" Z="0"/>
					<Vertex X="96647" Y="29894" Z="0"/>
					<Vertex X="96473" Y="30068" Z="0"/>
					<Vertex X="96125" Y="30358" Z="0"/>
					<Vertex X="95892" Y="30532" Z="0"/>
					<Vertex X="95718" Y="30707" Z="0"/>
					<Vertex X="95428" Y="30939" Z="0"/>
					<Vertex X="95254" Y="31113" Z="0"/>
					<Vertex X="95080" Y="31403" Z="0"/>
					<Vertex X="95022" Y="31577" Z="0"/>
					<Vertex X="94848" Y="31809" Z="0"/>
					<Vertex X="94673" Y="32100" Z="0"/>
					<Vertex X="94499" Y="32274" Z="0"/>
					<Vertex X="94383" Y="32448" Z="0"/>
					<Vertex X="94325" Y="32680" Z="0"/>
					<Vertex X="94151" Y="32854" Z="0"/>
					<Vertex X="94035" Y="33144" Z="0"/>
					<Vertex X="93861" Y="33319" Z="0"/>
					<Vertex X="93803" Y="33667" Z="0"/>
					<Vertex X="93687" Y="33841" Z="0"/>
					<Vertex X="93629" Y="34015" Z="0"/>
					<Vertex X="93512" Y="34247" Z="0"/>
					<Vertex X="93454" Y="34421" Z="0"/>
					<Vertex X="93454" Y="34596" Z="0"/>
					<Vertex X="93338" Y="34886" Z="0"/>
					<Vertex X="93338" Y="35118" Z="0"/>
					<Vertex X="93280" Y="35408" Z="0"/>
					<Vertex X="93164" Y="35640" Z="0"/>
					<Vertex X="93164" Y="35931" Z="0"/>
					<Vertex X="93106" Y="36279" Z="0"/>
					<Vertex X="93106" Y="36453" Z="0"/>
					<Vertex X="93106" Y="36627" Z="0"/>
					<Vertex X="92990" Y="36801" Z="0"/>
					<Vertex X="92990" Y="37034" Z="0"/>
					<Vertex X="92990" Y="37208" Z="0"/>
					<Vertex X="93106" Y="37382" Z="0"/>
					<Vertex X="93106" Y="37498" Z="0"/>
					<Vertex X="93164" Y="37672" Z="0"/>
					<Vertex X="93280" Y="37846" Z="0"/>
					<Vertex X="93338" Y="37904" Z="0"/>
					<Vertex X="93512" Y="38078" Z="0"/>
					<Vertex X="93687" Y="38195" Z="0"/>
					<Vertex X="93803" Y="38369" Z="0"/>
					<Vertex X="93977" Y="38427" Z="0"/>
					<Vertex X="94151" Y="38601" Z="0"/>
					<Vertex X="94209" Y="38717" Z="0"/>
					<Vertex X="94383" Y="38891" Z="0"/>
					<Vertex X="94499" Y="38949" Z="0"/>
					<Vertex X="94673" Y="39065" Z="0"/>
					<Vertex X="94731" Y="39123" Z="0"/>
					<Vertex X="94848" Y="39297" Z="0"/>
					<Vertex X="94906" Y="39413" Z="0"/>
					<Vertex X="95022" Y="39472" Z="0"/>
					<Vertex X="95196" Y="39646" Z="0"/>
					<Vertex X="95254" Y="39762" Z="0"/>
					<Vertex X="95370" Y="39936" Z="0"/>
					<Vertex X="95428" Y="40110" Z="0"/>
					<Vertex X="95544" Y="40284" Z="0"/>
					<Vertex X="95602" Y="40458" Z="0"/>
					<Vertex X="95718" Y="40632" Z="0"/>
					<Vertex X="95718" Y="40865" Z="0"/>
					<Vertex X="95776" Y="41155" Z="0"/>
					<Vertex X="95892" Y="41329" Z="0"/>
					<Vertex X="95892" Y="41503" Z="0"/>
					<Vertex X="95950" Y="41677" Z="0"/>
					<Vertex X="95950" Y="41909" Z="0"/>
					<Vertex X="95950" Y="42084" Z="0"/>
					<Vertex X="96066" Y="42258" Z="0"/>
					<Vertex X="96066" Y="42432" Z="0"/>
					<Vertex X="96066" Y="42548" Z="0"/>
					<Vertex X="96066" Y="42722" Z="0"/>
					<Vertex X="96066" Y="42896" Z="0"/>
					<Vertex X="96066" Y="43070" Z="0"/>
					<Vertex X="96066" Y="43245" Z="0"/>
					<Vertex X="96066" Y="43303" Z="0"/>
					<Vertex X="96066" Y="43593" Z="0"/>
					<Vertex X="95950" Y="43767" Z="0"/>
					<Vertex X="95950" Y="43941" Z="0"/>
					<Vertex X="95892" Y="43999" Z="0"/>
					<Vertex X="95892" Y="44173" Z="0"/>
					<Vertex X="95776" Y="44347" Z="0"/>
					<Vertex X="95718" Y="44522" Z="0"/>
					<Vertex X="95602" Y="44638" Z="0"/>
					<Vertex X="95544" Y="44812" Z="0"/>
					<Vertex X="95428" Y="44986" Z="0"/>
					<Vertex X="95428" Y="45160" Z="0"/>
					<Vertex X="95254" Y="45218" Z="0"/>
					<Vertex X="95196" Y="45508" Z="0"/>
					<Vertex X="95080" Y="45682" Z="0"/>
					<Vertex X="95022" Y="45857" Z="0"/>
					<Vertex X="94848" Y="46089" Z="0"/>
					<Vertex X="94731" Y="46379" Z="0"/>
					<Vertex X="94673" Y="46437" Z="0"/>
					<Vertex X="94557" Y="46727" Z="0"/>
					<Vertex X="94499" Y="46901" Z="0"/>
					<Vertex X="94383" Y="47076" Z="0"/>
					<Vertex X="94209" Y="47250" Z="0"/>
					<Vertex X="94151" Y="47424" Z="0"/>
					<Vertex X="93977" Y="47598" Z="0"/>
					<Vertex X="93919" Y="47772" Z="0"/>
					<Vertex X="93687" Y="48062" Z="0"/>
					<Vertex X="93629" Y="48237" Z="0"/>
					<Vertex X="93512" Y="48353" Z="0"/>
					<Vertex X="93338" Y="48527" Z="0"/>
					<Vertex X="93280" Y="48701" Z="0"/>
					<Vertex X="93164" Y="48991" Z="0"/>
					<Vertex X="93106" Y="49165" Z="0"/>
					<Vertex X="92990" Y="49339" Z="0"/>
					<Vertex X="92932" Y="49514" Z="0"/>
					<Vertex X="92932" Y="49572" Z="0"/>
					<Vertex X="92932" Y="49804" Z="0"/>
					<Vertex X="92932" Y="49978" Z="0"/>
					<Vertex X="92932" Y="50094" Z="0"/>
					<Vertex X="92932" Y="50210" Z="0"/>
					<Vertex X="92932" Y="50442" Z="0"/>
					<Vertex X="92932" Y="50674" Z="0"/>
					<Vertex X="92932" Y="50849" Z="0"/>
					<Vertex X="92990" Y="51197" Z="0"/>
					<Vertex X="92990" Y="51313" Z="0"/>
					<Vertex X="92990" Y="51603" Z="0"/>
					<Vertex X="93106" Y="51777" Z="0"/>
					<Vertex X="93106" Y="52010" Z="0"/>
					<Vertex X="93164" Y="52300" Z="0"/>
					<Vertex X="93280" Y="52590" Z="0"/>
					<Vertex X="93338" Y="52822" Z="0"/>
					<Vertex X="93338" Y="53054" Z="0"/>
					<Vertex X="93512" Y="53403" Z="0"/>
					<Vertex X="93629" Y="53693" Z="0"/>
					<Vertex X="93803" Y="53925" Z="0"/>
					<Vertex X="93977" Y="54157" Z="0"/>
					<Vertex X="94035" Y="54389" Z="0"/>
					<Vertex X="94209" Y="54564" Z="0"/>
					<Vertex X="94383" Y="54738" Z="0"/>
					<Vertex X="94557" Y="55028" Z="0"/>
					<Vertex X="94731" Y="55086" Z="0"/>
					<Vertex X="94906" Y="55260" Z="0"/>
					<Vertex X="95080" Y="55260" Z="0"/>
					<Vertex X="95254" Y="55318" Z="0"/>
					<Vertex X="95428" Y="55434" Z="0"/>
					<Vertex X="95602" Y="55434" Z="0"/>
					<Vertex X="95950" Y="55492" Z="0"/>
					<Vertex X="96125" Y="55492" Z="0"/>
					<Vertex X="96415" Y="55434" Z="0"/>
					<Vertex X="96589" Y="55434" Z="0"/>
					<Vertex X="96763" Y="55434" Z="0"/>
					<Vertex X="96995" Y="55318" Z="0"/>
					<Vertex X="97169" Y="55318" Z="0"/>
					<Vertex X="97460" Y="55260" Z="0"/>
					<Vertex X="97692" Y="55144" Z="0"/>
					<Vertex X="98156" Y="55028" Z="0"/>
					<Vertex X="98388" Y="54912" Z="0"/>
					<Vertex X="98737" Y="54796" Z="0"/>
					<Vertex X="99027" Y="54622" Z="0"/>
					<Vertex X="99375" Y="54564" Z="0"/>
					<Vertex X="99723" Y="54389" Z="0"/>
					<Vertex X="100072" Y="54215" Z="0"/>
					<Vertex X="100594" Y="54041" Z="0"/>
					<Vertex X="100826" Y="53867" Z="0"/>
					<Vertex X="101175" Y="53751" Z="0"/>
					<Vertex X="101523" Y="53693" Z="0"/>
					<Vertex X="101813" Y="53519" Z="0"/>
					<Vertex X="102335" Y="53345" Z="0"/>
					<Vertex X="102684" Y="53170" Z="0"/>
					<Vertex X="102916" Y="52996" Z="0"/>
					<Vertex X="103322" Y="52880" Z="0"/>
					<Vertex X="103729" Y="52590" Z="0"/>
					<Vertex X="104077" Y="52416" Z="0"/>
					<Vertex X="104425" Y="52184" Z="0"/>
					<Vertex X="104773" Y="51951" Z="0"/>
					<Vertex X="105122" Y="51777" Z="0"/>
					<Vertex X="105528" Y="51545" Z="0"/>
					<Vertex X="105876" Y="51255" Z="0"/>
					<Vertex X="106457" Y="50907" Z="0"/>
					<Vertex X="106863" Y="50674" Z="0"/>
					<Vertex X="107327" Y="50384" Z="0"/>
					<Vertex X="107734" Y="50094" Z="0"/>
					<Vertex X="108140" Y="49862" Z="0"/>
					<Vertex X="108604" Y="49688" Z="0"/>
					<Vertex X="109011" Y="49397" Z="0"/>
					<Vertex X="109649" Y="49165" Z="0"/>
					<Vertex X="110056" Y="48933" Z="0"/>
					<Vertex X="110462" Y="48701" Z="0"/>
					<Vertex X="110868" Y="48469" Z="0"/>
					<Vertex X="111275" Y="48295" Z="0"/>
					<Vertex X="111623" Y="48120" Z="0"/>
					<Vertex X="112145" Y="47772" Z="0"/>
					<Vertex X="112494" Y="47482" Z="0"/>
					<Vertex X="112958" Y="47366" Z="0"/>
					<Vertex X="113306" Y="47076" Z="0"/>
					<Vertex X="113655" Y="46901" Z="0"/>
					<Vertex X="114003" Y="46611" Z="0"/>
					<Vertex X="114351" Y="46379" Z="0"/>
					<Vertex X="114757" Y="46031" Z="0"/>
					<Vertex X="115164" Y="45682" Z="0"/>
					<Vertex X="115454" Y="45450" Z="0"/>
					<Vertex X="115744" Y="45160" Z="0"/>
					<Vertex X="116267" Y="44638" Z="0"/>
					<Vertex X="116615" Y="44347" Z="0"/>
					<Vertex X="116963" Y="43999" Z="0"/>
					<Vertex X="117195" Y="43709" Z="0"/>
					<Vertex X="117602" Y="43303" Z="0"/>
					<Vertex X="118066" Y="42838" Z="0"/>
					<Vertex X="118414" Y="42490" Z="0"/>
					<Vertex X="118763" Y="42084" Z="0"/>
					<Vertex X="119053" Y="41735" Z="0"/>
					<Vertex X="119285" Y="41503" Z="0"/>
					<Vertex X="119575" Y="41155" Z="0"/>
					<Vertex X="119865" Y="40923" Z="0"/>
					<Vertex X="120098" Y="40458" Z="0"/>
					<Vertex X="120272" Y="40110" Z="0"/>
					<Vertex X="120446" Y="39878" Z="0"/>
					<Vertex X="120620" Y="39588" Z="0"/>
					<Vertex X="120794" Y="39239" Z="0"/>
					<Vertex X="120968" Y="39007" Z="0"/>
					<Vertex X="121143" Y="38601" Z="0"/>
					<Vertex X="121433" Y="38195" Z="0"/>
					<Vertex X="121607" Y="37904" Z="0"/>
					<Vertex X="121781" Y="37556" Z="0"/>
					<Vertex X="121955" Y="37324" Z="0"/>
					<Vertex X="122071" Y="37034" Z="0"/>
					<Vertex X="122303" Y="36627" Z="0"/>
					<Vertex X="122478" Y="36279" Z="0"/>
					<Vertex X="122536" Y="35989" Z="0"/>
					<Vertex X="122652" Y="35757" Z="0"/>
					<Vertex X="122710" Y="35524" Z="0"/>
					<Vertex X="122884" Y="35234" Z="0"/>
					<Vertex X="123000" Y="34944" Z="0"/>
					<Vertex X="123058" Y="34712" Z="0"/>
					<Vertex X="123232" Y="34363" Z="0"/>
					<Vertex X="123406" Y="34073" Z="0"/>
					<Vertex X="123580" Y="33841" Z="0"/>
					<Vertex X="123755" Y="33551" Z="0"/>
					<Vertex X="124103" Y="33144" Z="0"/>
					<Vertex X="124277" Y="32912" Z="0"/>
					<Vertex X="124509" Y="32506" Z="0"/>
					<Vertex X="124741" Y="32274" Z="0"/>
					<Vertex X="125090" Y="31751" Z="0"/>
					<Vertex X="125438" Y="31403" Z="0"/>
					<Vertex X="125670" Y="31055" Z="0"/>
					<Vertex X="126076" Y="30532" Z="0"/>
					<Vertex X="126367" Y="30300" Z="0"/>
					<Vertex X="126541" Y="29894" Z="0"/>
					<Vertex X="126831" Y="29604" Z="0"/>
					<Vertex X="127063" Y="29139" Z="0"/>
					<Vertex X="127295" Y="28791" Z="0"/>
					<Vertex X="127644" Y="28327" Z="0"/>
					<Vertex X="127934" Y="28036" Z="0"/>
					<Vertex X="128108" Y="27688" Z="0"/>
					<Vertex X="128456" Y="27224" Z="0"/>
					<Vertex X="128630" Y="26934" Z="0"/>
					<Vertex X="128805" Y="26701" Z="0"/>
					<Vertex X="129037" Y="26353" Z="0"/>
					<Vertex X="129327" Y="25889" Z="0"/>
					<Vertex X="129501" Y="25656" Z="0"/>
					<Vertex X="129675" Y="25366" Z="0"/>
					<Vertex X="129733" Y="25134" Z="0"/>
					<Vertex X="130024" Y="24670" Z="0"/>
					<Vertex X="130140" Y="24438" Z="0"/>
					<Vertex X="130198" Y="24263" Z="0"/>
					<Vertex X="130256" Y="23973" Z="0"/>
					<Vertex X="130372" Y="23625" Z="0"/>
					<Vertex X="130430" Y="23451" Z="0"/>
					<Vertex X="130546" Y="23219" Z="0"/>
					<Vertex X="130546" Y="22870" Z="0"/>
					<Vertex X="130546" Y="22696" Z="0"/>
					<Vertex X="130604" Y="22348" Z="0"/>
					<Vertex X="130546" Y="22058" Z="0"/>
					<Vertex X="130546" Y="21709" Z="0"/>
					<Vertex X="130546" Y="21477" Z="0"/>
					<Vertex X="130430" Y="21129" Z="0"/>
					<Vertex X="130372" Y="20781" Z="0"/>
					<Vertex X="130256" Y="20316" Z="0"/>
					<Vertex X="130198" Y="19968" Z="0"/>
					<Vertex X="130140" Y="19620" Z="0"/>
					<Vertex X="130024" Y="19387" Z="0"/>
					<Vertex X="129849" Y="18923" Z="0"/>
					<Vertex X="129733" Y="18691" Z="0"/>
					<Vertex X="129675" Y="18401" Z="0"/>
					<Vertex X="129559" Y="18052" Z="0"/>
					<Vertex X="129501" Y="17704" Z="0"/>
					<Vertex X="129559" Y="17588" Z="0"/>
					<Vertex X="128979" Y="13815" Z="0"/>
					<Vertex X="128979" Y="13002" Z="0"/>
					<Vertex X="128979" Y="12770" Z="0"/>
					<Vertex X="128979" Y="12480" Z="0"/>
					<Vertex X="128979" Y="12132" Z="0"/>
					<Vertex X="128979" Y="11900" Z="0"/>
					<Vertex X="129037" Y="11725" Z="0"/>
					<Vertex X="129037" Y="11377" Z="0"/>
					<Vertex X="129037" Y="11203" Z="0"/>
					<Vertex X="129037" Y="10855" Z="0"/>
					<Vertex X="129037" Y="10681" Z="0"/>
					<Vertex X="129037" Y="10506" Z="0"/>
					<Vertex X="128979" Y="10216" Z="0"/>
					<Vertex X="128979" Y="10042" Z="0"/>
					<Vertex X="128863" Y="9984" Z="0"/>
					<Vertex X="128863" Y="9810" Z="0"/>
					<Vertex X="128805" Y="9636" Z="0"/>
					<Vertex X="128805" Y="9462" Z="0"/>
					<Vertex X="128689" Y="9287" Z="0"/>
					<Vertex X="128630" Y="9113" Z="0"/>
					<Vertex X="128572" Y="8939" Z="0"/>
					<Vertex X="128456" Y="8823" Z="0"/>
					<Vertex X="128456" Y="8649" Z="0"/>
					<Vertex X="128340" Y="8591" Z="0"/>
					<Vertex X="128282" Y="8475" Z="0"/>
					<Vertex X="128282" Y="8417" Z="0"/>
					<Vertex X="128166" Y="8301" Z="0"/>
					<Vertex X="128166" Y="8243" Z="0"/>
					<Vertex X="128108" Y="8126" Z="0"/>
					<Vertex X="128108" Y="7952" Z="0"/>
					<Vertex X="127992" Y="7894" Z="0"/>
					<Vertex X="127992" Y="7720" Z="0"/>
					<Vertex X="127934" Y="7604" Z="0"/>
					<Vertex X="127818" Y="7546" Z="0"/>
					<Vertex X="127818" Y="7430" Z="0"/>
					<Vertex X="127760" Y="7256" Z="0"/>
					<Vertex X="127644" Y="7256" Z="0"/>
					<Vertex X="127586" Y="7082" Z="0"/>
					<Vertex X="127586" Y="7024" Z="0"/>
					<Vertex X="127470" Y="6908" Z="0"/>
					<Vertex X="127412" Y="6849" Z="0"/>
					<Vertex X="127295" Y="6733" Z="0"/>
					<Vertex X="127237" Y="6675" Z="0"/>
					<Vertex X="127121" Y="6559" Z="0"/>
					<Vertex X="127063" Y="6501" Z="0"/>
					<Vertex X="127005" Y="6501" Z="0"/>
					<Vertex X="126773" Y="6385" Z="0"/>
					<Vertex X="126715" Y="6385" Z="0"/>
					<Vertex X="126599" Y="6385" Z="0"/>
					<Vertex X="126541" Y="6385" Z="0"/>
					<Vertex X="126425" Y="6385" Z="0"/>
					<Vertex X="126367" Y="6385" Z="0"/>
					<Vertex X="126193" Y="6385" Z="0"/>
					<Vertex X="126076" Y="6501" Z="0"/>
					<Vertex X="125902" Y="6501" Z="0"/>
					<Vertex X="125728" Y="6559" Z="0"/>
					<Vertex X="125670" Y="6675" Z="0"/>
					<Vertex X="125554" Y="6675" Z="0"/>
					<Vertex X="125380" Y="6733" Z="0"/>
					<Vertex X="125322" Y="6849" Z="0"/>
					<Vertex X="125148" Y="6849" Z="0"/>
					<Vertex X="125032" Y="6849" Z="0"/>
					<Vertex X="124974" Y="6849" Z="0"/>
					<Vertex X="124857" Y="6849" Z="0"/>
					<Vertex X="124799" Y="6733" Z="0"/>
					<Vertex X="124799" Y="6675" Z="0"/>
					<Vertex X="124683" Y="6675" Z="0"/>
					<Vertex X="124683" Y="6559" Z="0"/>
					<Vertex X="124683" Y="6501" Z="0"/>
					<Vertex X="124683" Y="6385" Z="0"/>
					<Vertex X="124683" Y="6327" Z="0"/>
					<Vertex X="124683" Y="6211" Z="0"/>
					<Vertex X="124683" Y="6153" Z="0"/>
					<Vertex X="124683" Y="6037" Z="0"/>
					<Vertex X="124683" Y="5863" Z="0"/>
					<Vertex X="124799" Y="5805" Z="0"/>
					<Vertex X="124799" Y="5689" Z="0"/>
					<Vertex X="124799" Y="5630" Z="0"/>
					<Vertex X="124857" Y="5514" Z="0"/>
					<Vertex X="124857" Y="5456" Z="0"/>
					<Vertex X="124974" Y="5340" Z="0"/>
					<Vertex X="124974" Y="5282" Z="0"/>
					<Vertex X="124974" Y="5166" Z="0"/>
					<Vertex X="124974" Y="5108" Z="0"/>
					<Vertex X="124974" Y="4992" Z="0"/>
					<Vertex X="124857" Y="4992" Z="0"/>
					<Vertex X="124857" Y="4934" Z="0"/>
					<Vertex X="124799" Y="4934" Z="0"/>
					<Vertex X="124799" Y="4818" Z="0"/>
					<Vertex X="124683" Y="4818" Z="0"/>
					<Vertex X="124625" Y="4818" Z="0"/>
					<Vertex X="124625" Y="4760" Z="0"/>
					<Vertex X="124509" Y="4760" Z="0"/>
					<Vertex X="124335" Y="4644" Z="0"/>
					<Vertex X="124277" Y="4644" Z="0"/>
					<Vertex X="124103" Y="4644" Z="0"/>
					<Vertex X="123987" Y="4644" Z="0"/>
					<Vertex X="123755" Y="4644" Z="0"/>
					<Vertex X="123464" Y="4644" Z="0"/>
					<Vertex X="123290" Y="4644" Z="0"/>
					<Vertex X="123116" Y="4644" Z="0"/>
					<Vertex X="122884" Y="4644" Z="0"/>
					<Vertex X="122710" Y="4644" Z="0"/>
					<Vertex X="122536" Y="4760" Z="0"/>
					<Vertex X="122361" Y="4760" Z="0"/>
					<Vertex X="122013" Y="4818" Z="0"/>
					<Vertex X="121839" Y="4934" Z="0"/>
					<Vertex X="121549" Y="4934" Z="0"/>
					<Vertex X="121201" Y="4992" Z="0"/>
					<Vertex X="120968" Y="5108" Z="0"/>
					<Vertex X="120620" Y="5166" Z="0"/>
					<Vertex X="120272" Y="5282" Z="0"/>
					<Vertex X="119982" Y="5340" Z="0"/>
					<Vertex X="119575" Y="5340" Z="0"/>
					<Vertex X="119285" Y="5456" Z="0"/>
					<Vertex X="119053" Y="5514" Z="0"/>
					<Vertex X="118588" Y="5630" Z="0"/>
					<Vertex X="118240" Y="5689" Z="0"/>
					<Vertex X="117718" Y="5805" Z="0"/>
					<Vertex X="117369" Y="5863" Z="0"/>
					<Vertex X="117137" Y="5979" Z="0"/>
					<Vertex X="116499" Y="6037" Z="0"/>
					<Vertex X="116151" Y="6153" Z="0"/>
					<Vertex X="115628" Y="6327" Z="0"/>
					<Vertex X="115396" Y="6327" Z="0"/>
					<Vertex X="114932" Y="6501" Z="0"/>
					<Vertex X="114699" Y="6559" Z="0"/>
					<Vertex X="114409" Y="6559" Z="0"/>
					<Vertex X="114003" Y="6733" Z="0"/>
					<Vertex X="113829" Y="6849" Z="0"/>
					<Vertex X="113538" Y="6908" Z="0"/>
					<Vertex X="113190" Y="7082" Z="0"/>
					<Vertex X="113016" Y="7198" Z="0"/>
					<Vertex X="112784" Y="7256" Z="0"/>
					<Vertex X="112610" Y="7372" Z="0"/>
					<Vertex X="112436" Y="7430" Z="0"/>
					<Vertex X="112261" Y="7546" Z="0"/>
					<Vertex X="112145" Y="7546" Z="0"/>
					<Vertex X="111971" Y="7604" Z="0"/>
					<Vertex X="111913" Y="7604" Z="0"/>
					<Vertex X="111739" Y="7720" Z="0"/>
					<Vertex X="111623" Y="7778" Z="0"/>
					<Vertex X="111449" Y="7894" Z="0"/>
					<Vertex X="111275" Y="7952" Z="0"/>
					<Vertex X="111217" Y="8068" Z="0"/>
					<Vertex X="111042" Y="8126" Z="0"/>
					<Vertex X="110752" Y="8243" Z="0"/>
					<Vertex X="110578" Y="8301" Z="0"/>
					<Vertex X="110346" Y="8475" Z="0"/>
					<Vertex X="110056" Y="8591" Z="0"/>
					<Vertex X="109998" Y="8649" Z="0"/>
					<Vertex X="109823" Y="8765" Z="0"/>
					<Vertex X="109707" Y="8823" Z="0"/>
					<Vertex X="109649" Y="8939" Z="0"/>
					<Vertex X="109649" Y="8997" Z="0"/>
					<Vertex X="109533" Y="8997" Z="0"/>
					<Vertex X="109533" Y="9113" Z="0"/>
					<Vertex X="109475" Y="9287" Z="0"/>
					<Vertex X="109475" Y="9345" Z="0"/>
					<Vertex X="109475" Y="9636" Z="0"/>
					<Vertex X="109475" Y="9810" Z="0"/>
					<Vertex X="109475" Y="10042" Z="0"/>
					<Vertex X="109475" Y="10216" Z="0"/>
					<Vertex X="109475" Y="10390" Z="0"/>
					<Vertex X="109475" Y="10681" Z="0"/>
					<Vertex X="109475" Y="10913" Z="0"/>
					<Vertex X="109475" Y="11203" Z="0"/>
					<Vertex X="109359" Y="11551" Z="0"/>
					<Vertex X="109359" Y="11725" Z="0"/>
					<Vertex X="109359" Y="11958" Z="0"/>
					<Vertex X="109301" Y="12132" Z="0"/>
					<Vertex X="109301" Y="12422" Z="0"/>
					<Vertex X="109301" Y="12770" Z="0"/>
					<Vertex X="109185" Y="12944" Z="0"/>
					<Vertex X="109127" Y="13118" Z="0"/>
					<Vertex X="109127" Y="13351" Z="0"/>
					<Vertex X="109011" Y="13525" Z="0"/>
					<Vertex X="108953" Y="13815" Z="0"/>
					<Vertex X="108837" Y="13989" Z="0"/>
					<Vertex X="108663" Y="14221" Z="0"/>
					<Vertex X="108604" Y="14454" Z="0"/>
					<Vertex X="108488" Y="14686" Z="0"/>
					<Vertex X="108430" Y="14744" Z="0"/>
					<Vertex X="108256" Y="15034" Z="0"/>
					<Vertex X="108140" Y="15208" Z="0"/>
					<Vertex X="108082" Y="15266" Z="0"/>
					<Vertex X="107908" Y="15440" Z="0"/>
					<Vertex X="107792" Y="15556" Z="0"/>
					<Vertex X="107734" Y="15614" Z="0"/>
					<Vertex X="107618" Y="15731" Z="0"/>
					<Vertex X="107444" Y="15789" Z="0"/>
					<Vertex X="107386" Y="15963" Z="0"/>
					<Vertex X="107211" Y="16079" Z="0"/>
					<Vertex X="107095" Y="16137" Z="0"/>
					<Vertex X="107037" Y="16311" Z="0"/>
					<Vertex X="106921" Y="16427" Z="0"/>
					<Vertex X="106863" Y="16601" Z="0"/>
					<Vertex X="106747" Y="16659" Z="0"/>
					<Vertex X="106689" Y="16833" Z="0"/>
					<Vertex X="106689" Y="16950" Z="0"/>
					<Vertex X="106573" Y="17124" Z="0"/>
					<Vertex X="106573" Y="17182" Z="0"/>
					<Vertex X="106573" Y="17356" Z="0"/>
					<Vertex X="106573" Y="17472" Z="0"/>
					<Vertex X="106515" Y="17646" Z="0"/>
					<Vertex X="106515" Y="17820" Z="0"/>
					<Vertex X="106515" Y="17994" Z="0"/>
					<Vertex X="106399" Y="18052" Z="0"/>
					<Vertex X="106399" Y="18227" Z="0"/>
					<Vertex X="106399" Y="18401" Z="0"/>
					<Vertex X="106399" Y="18517" Z="0"/>
					<Vertex X="106399" Y="18575" Z="0"/>
					<Vertex X="106399" Y="18691" Z="0"/>
					<Vertex X="106399" Y="18865" Z="0"/>
					<Vertex X="106399" Y="19039" Z="0"/>
					<Vertex X="106399" Y="19097" Z="0"/>
					<Vertex X="106399" Y="19271" Z="0"/>
					<Vertex X="106399" Y="19387" Z="0"/>
					<Vertex X="106399" Y="19562" Z="0"/>
					<Vertex X="106399" Y="19620" Z="0"/>
					<Vertex X="106399" Y="19736" Z="0"/>
					<Vertex X="106399" Y="19794" Z="0"/>
					<Vertex X="106399" Y="19910" Z="0"/>
					<Vertex X="106399" Y="19968" Z="0"/>
					<Vertex X="106399" Y="20084" Z="0"/>
					<Vertex X="106573" Y="20142" Z="0"/>
				</Vertices>
			</Region>
		</Regions>
		<Plots/>
	</Annotation>
</Annotations>
