<Annotations MicronsPerPixel="0.252200">
	<Annotation Id="1" Name="" ReadOnly="0" NameReadOnly="0" LineColorReadOnly="0" Incremental="0" Type="4" LineColor="255" Visible="1" Selected="1" MarkupImagePath="" MacroName="">
		<Attributes/>
		<Regions>
			<RegionAttributeHeaders>
				<AttributeHeader Id="9999" Name="Region" ColumnWidth="-1"/>
				<AttributeHeader Id="9997" Name="Length" ColumnWidth="-1"/>
				<AttributeHeader Id="9996" Name="Area" ColumnWidth="-1"/>
				<AttributeHeader Id="9998" Name="Text" ColumnWidth="-1"/>
			</RegionAttributeHeaders>
			<Region Id="1" Type="0" Zoom="0.017535" Selected="1" ImageLocation="" ImageFocus="-1" Length="157076.6" Area="1223678255.5" LengthMicrons="39614.7" AreaMicrons="77831859.7" Text="" NegativeROA="0" InputRegionId="0" Analyze="1" DisplayId="1">
				<Attributes/>
				<Vertices>
					<Vertex X="73376" Y="22951" Z="0"/>
					<Vertex X="73376" Y="23064" Z="0"/>
					<Vertex X="73150" Y="23403" Z="0"/>
					<Vertex X="73037" Y="23630" Z="0"/>
					<Vertex X="72980" Y="23912" Z="0"/>
					<Vertex X="72810" Y="24138" Z="0"/>
					<Vertex X="72697" Y="24421" Z="0"/>
					<Vertex X="72641" Y="24760" Z="0"/>
					<Vertex X="72528" Y="25043" Z="0"/>
					<Vertex X="72415" Y="25382" Z="0"/>
					<Vertex X="72302" Y="25665" Z="0"/>
					<Vertex X="72132" Y="25947" Z="0"/>
					<Vertex X="72076" Y="26286" Z="0"/>
					<Vertex X="71849" Y="26739" Z="0"/>
					<Vertex X="71793" Y="27078" Z="0"/>
					<Vertex X="71680" Y="27417" Z="0"/>
					<Vertex X="71623" Y="27643" Z="0"/>
					<Vertex X="71510" Y="27926" Z="0"/>
					<Vertex X="71397" Y="28209" Z="0"/>
					<Vertex X="71284" Y="28491" Z="0"/>
					<Vertex X="71228" Y="28774" Z="0"/>
					<Vertex X="71001" Y="29170" Z="0"/>
					<Vertex X="70945" Y="29509" Z="0"/>
					<Vertex X="70888" Y="29791" Z="0"/>
					<Vertex X="70775" Y="30017" Z="0"/>
					<Vertex X="70775" Y="30300" Z="0"/>
					<Vertex X="70719" Y="30526" Z="0"/>
					<Vertex X="70606" Y="30865" Z="0"/>
					<Vertex X="70549" Y="31205" Z="0"/>
					<Vertex X="70436" Y="31544" Z="0"/>
					<Vertex X="70421" Y="31741" Z="0"/>
					<Vertex X="70153" Y="32415" Z="0"/>
					<Vertex X="70034" Y="32772" Z="0"/>
					<Vertex X="69974" Y="32930" Z="0"/>
					<Vertex X="69895" Y="33158" Z="0"/>
					<Vertex X="69855" Y="33307" Z="0"/>
					<Vertex X="69826" Y="33456" Z="0"/>
					<Vertex X="69766" Y="33664" Z="0"/>
					<Vertex X="69746" Y="33793" Z="0"/>
					<Vertex X="69717" Y="33932" Z="0"/>
					<Vertex X="69697" Y="34120" Z="0"/>
					<Vertex X="69677" Y="34239" Z="0"/>
					<Vertex X="69677" Y="34358" Z="0"/>
					<Vertex X="69657" Y="34477" Z="0"/>
					<Vertex X="69657" Y="34616" Z="0"/>
					<Vertex X="69657" Y="34735" Z="0"/>
					<Vertex X="69647" Y="34913" Z="0"/>
					<Vertex X="69647" Y="35012" Z="0"/>
					<Vertex X="69647" Y="35131" Z="0"/>
					<Vertex X="69647" Y="35280" Z="0"/>
					<Vertex X="69647" Y="35369" Z="0"/>
					<Vertex X="69647" Y="35458" Z="0"/>
					<Vertex X="69647" Y="35597" Z="0"/>
					<Vertex X="69647" Y="35686" Z="0"/>
					<Vertex X="69647" Y="35775" Z="0"/>
					<Vertex X="69647" Y="35845" Z="0"/>
					<Vertex X="69647" Y="35934" Z="0"/>
					<Vertex X="69657" Y="36053" Z="0"/>
					<Vertex X="69657" Y="36142" Z="0"/>
					<Vertex X="69677" Y="36221" Z="0"/>
					<Vertex X="69677" Y="36291" Z="0"/>
					<Vertex X="69697" Y="36350" Z="0"/>
					<Vertex X="69707" Y="36440" Z="0"/>
					<Vertex X="69707" Y="36499" Z="0"/>
					<Vertex X="69717" Y="36559" Z="0"/>
					<Vertex X="69737" Y="36618" Z="0"/>
					<Vertex X="69746" Y="36697" Z="0"/>
					<Vertex X="69766" Y="36707" Z="0"/>
					<Vertex X="69776" Y="36727" Z="0"/>
					<Vertex X="69758" Y="36858" Z="0"/>
					<Vertex X="69758" Y="37140" Z="0"/>
					<Vertex X="69871" Y="37479" Z="0"/>
					<Vertex X="69927" Y="37706" Z="0"/>
					<Vertex X="69927" Y="37988" Z="0"/>
					<Vertex X="70097" Y="38158" Z="0"/>
					<Vertex X="70153" Y="38384" Z="0"/>
					<Vertex X="70323" Y="38667" Z="0"/>
					<Vertex X="70436" Y="38949" Z="0"/>
					<Vertex X="70606" Y="39119" Z="0"/>
					<Vertex X="70719" Y="39288" Z="0"/>
					<Vertex X="70775" Y="39401" Z="0"/>
					<Vertex X="70945" Y="39515" Z="0"/>
					<Vertex X="71115" Y="39797" Z="0"/>
					<Vertex X="71228" Y="39967" Z="0"/>
					<Vertex X="71397" Y="40023" Z="0"/>
					<Vertex X="71454" Y="40193" Z="0"/>
					<Vertex X="71623" Y="40362" Z="0"/>
					<Vertex X="71680" Y="40532" Z="0"/>
					<Vertex X="71793" Y="40589" Z="0"/>
					<Vertex X="71799" Y="40603" Z="0"/>
					<Vertex X="72265" Y="41138" Z="0"/>
					<Vertex X="72443" Y="41317" Z="0"/>
					<Vertex X="72572" Y="41465" Z="0"/>
					<Vertex X="72681" Y="41564" Z="0"/>
					<Vertex X="72770" Y="41654" Z="0"/>
					<Vertex X="72859" Y="41763" Z="0"/>
					<Vertex X="72988" Y="41892" Z="0"/>
					<Vertex X="73067" Y="41981" Z="0"/>
					<Vertex X="73157" Y="42070" Z="0"/>
					<Vertex X="73226" Y="42159" Z="0"/>
					<Vertex X="73305" Y="42268" Z="0"/>
					<Vertex X="73405" Y="42407" Z="0"/>
					<Vertex X="73464" Y="42486" Z="0"/>
					<Vertex X="73514" Y="42595" Z="0"/>
					<Vertex X="73583" Y="42754" Z="0"/>
					<Vertex X="73633" Y="42863" Z="0"/>
					<Vertex X="73662" Y="42972" Z="0"/>
					<Vertex X="73692" Y="43071" Z="0"/>
					<Vertex X="73722" Y="43200" Z="0"/>
					<Vertex X="73732" Y="43279" Z="0"/>
					<Vertex X="73751" Y="43398" Z="0"/>
					<Vertex X="73751" Y="43458" Z="0"/>
					<Vertex X="73732" Y="43527" Z="0"/>
					<Vertex X="73722" Y="43577" Z="0"/>
					<Vertex X="73692" Y="43646" Z="0"/>
					<Vertex X="73633" Y="43696" Z="0"/>
					<Vertex X="73603" Y="43725" Z="0"/>
					<Vertex X="73553" Y="43755" Z="0"/>
					<Vertex X="73514" Y="43785" Z="0"/>
					<Vertex X="73464" Y="43825" Z="0"/>
					<Vertex X="73375" Y="43884" Z="0"/>
					<Vertex X="73315" Y="43934" Z="0"/>
					<Vertex X="73276" Y="44003" Z="0"/>
					<Vertex X="73186" Y="44112" Z="0"/>
					<Vertex X="73137" Y="44201" Z="0"/>
					<Vertex X="73097" Y="44300" Z="0"/>
					<Vertex X="73067" Y="44409" Z="0"/>
					<Vertex X="73008" Y="44568" Z="0"/>
					<Vertex X="72988" Y="44677" Z="0"/>
					<Vertex X="72958" Y="44786" Z="0"/>
					<Vertex X="72949" Y="44885" Z="0"/>
					<Vertex X="72949" Y="45014" Z="0"/>
					<Vertex X="72949" Y="45103" Z="0"/>
					<Vertex X="72958" Y="45212" Z="0"/>
					<Vertex X="72988" Y="45341" Z="0"/>
					<Vertex X="73018" Y="45430" Z="0"/>
					<Vertex X="73067" Y="45530" Z="0"/>
					<Vertex X="73097" Y="45599" Z="0"/>
					<Vertex X="73157" Y="45678" Z="0"/>
					<Vertex X="73246" Y="45787" Z="0"/>
					<Vertex X="73305" Y="45857" Z="0"/>
					<Vertex X="73375" Y="45916" Z="0"/>
					<Vertex X="73444" Y="45956" Z="0"/>
					<Vertex X="73563" Y="46025" Z="0"/>
					<Vertex X="73613" Y="46075" Z="0"/>
					<Vertex X="73692" Y="46124" Z="0"/>
					<Vertex X="73761" Y="46204" Z="0"/>
					<Vertex X="73841" Y="46273" Z="0"/>
					<Vertex X="73880" Y="46323" Z="0"/>
					<Vertex X="73940" Y="46402" Z="0"/>
					<Vertex X="74019" Y="46521" Z="0"/>
					<Vertex X="74049" Y="46610" Z="0"/>
					<Vertex X="74108" Y="46729" Z="0"/>
					<Vertex X="74138" Y="46798" Z="0"/>
					<Vertex X="74168" Y="46878" Z="0"/>
					<Vertex X="74198" Y="46947" Z="0"/>
					<Vertex X="74247" Y="47026" Z="0"/>
					<Vertex X="74287" Y="47125" Z="0"/>
					<Vertex X="74316" Y="47185" Z="0"/>
					<Vertex X="74366" Y="47244" Z="0"/>
					<Vertex X="74406" Y="47334" Z="0"/>
					<Vertex X="74445" Y="47383" Z="0"/>
					<Vertex X="74495" Y="47423" Z="0"/>
					<Vertex X="74535" Y="47482" Z="0"/>
					<Vertex X="74594" Y="47572" Z="0"/>
					<Vertex X="74634" Y="47631" Z="0"/>
					<Vertex X="74654" Y="47691" Z="0"/>
					<Vertex X="74683" Y="47750" Z="0"/>
					<Vertex X="74733" Y="47869" Z="0"/>
					<Vertex X="74743" Y="47948" Z="0"/>
					<Vertex X="74782" Y="48018" Z="0"/>
					<Vertex X="74792" Y="48097" Z="0"/>
					<Vertex X="74822" Y="48216" Z="0"/>
					<Vertex X="74832" Y="48275" Z="0"/>
					<Vertex X="74862" Y="48355" Z="0"/>
					<Vertex X="74901" Y="48424" Z="0"/>
					<Vertex X="74911" Y="48493" Z="0"/>
					<Vertex X="74941" Y="48602" Z="0"/>
					<Vertex X="74951" Y="48672" Z="0"/>
					<Vertex X="74960" Y="48751" Z="0"/>
					<Vertex X="75109" Y="49405" Z="0"/>
					<Vertex X="75119" Y="49663" Z="0"/>
					<Vertex X="75138" Y="49742" Z="0"/>
					<Vertex X="75148" Y="49911" Z="0"/>
					<Vertex X="75148" Y="50010" Z="0"/>
					<Vertex X="75168" Y="50129" Z="0"/>
					<Vertex X="75168" Y="50238" Z="0"/>
					<Vertex X="75148" Y="50327" Z="0"/>
					<Vertex X="75138" Y="50456" Z="0"/>
					<Vertex X="75138" Y="50545" Z="0"/>
					<Vertex X="75119" Y="50654" Z="0"/>
					<Vertex X="75109" Y="50803" Z="0"/>
					<Vertex X="75109" Y="50922" Z="0"/>
					<Vertex X="75109" Y="51021" Z="0"/>
					<Vertex X="75089" Y="51130" Z="0"/>
					<Vertex X="75089" Y="51279" Z="0"/>
					<Vertex X="75089" Y="51398" Z="0"/>
					<Vertex X="75089" Y="51527" Z="0"/>
					<Vertex X="75079" Y="51675" Z="0"/>
					<Vertex X="75059" Y="51884" Z="0"/>
					<Vertex X="75049" Y="52022" Z="0"/>
					<Vertex X="75029" Y="52141" Z="0"/>
					<Vertex X="75019" Y="52240" Z="0"/>
					<Vertex X="74990" Y="52399" Z="0"/>
					<Vertex X="74970" Y="52518" Z="0"/>
					<Vertex X="74960" Y="52627" Z="0"/>
					<Vertex X="74940" Y="52746" Z="0"/>
					<Vertex X="74930" Y="52924" Z="0"/>
					<Vertex X="74910" Y="53043" Z="0"/>
					<Vertex X="74910" Y="53182" Z="0"/>
					<Vertex X="74910" Y="53301" Z="0"/>
					<Vertex X="74910" Y="53480" Z="0"/>
					<Vertex X="74930" Y="53598" Z="0"/>
					<Vertex X="74930" Y="53717" Z="0"/>
					<Vertex X="74940" Y="53876" Z="0"/>
					<Vertex X="74960" Y="53985" Z="0"/>
					<Vertex X="74980" Y="54084" Z="0"/>
					<Vertex X="74990" Y="54203" Z="0"/>
					<Vertex X="75000" Y="54352" Z="0"/>
					<Vertex X="75019" Y="54461" Z="0"/>
					<Vertex X="75029" Y="54550" Z="0"/>
					<Vertex X="75049" Y="54659" Z="0"/>
					<Vertex X="75079" Y="54788" Z="0"/>
					<Vertex X="75089" Y="54877" Z="0"/>
					<Vertex X="75128" Y="55026" Z="0"/>
					<Vertex X="75148" Y="55125" Z="0"/>
					<Vertex X="75198" Y="55274" Z="0"/>
					<Vertex X="75228" Y="55383" Z="0"/>
					<Vertex X="75257" Y="55482" Z="0"/>
					<Vertex X="75317" Y="55631" Z="0"/>
					<Vertex X="75356" Y="55740" Z="0"/>
					<Vertex X="75406" Y="55829" Z="0"/>
					<Vertex X="75446" Y="55918" Z="0"/>
					<Vertex X="75525" Y="56047" Z="0"/>
					<Vertex X="75565" Y="56126" Z="0"/>
					<Vertex X="75624" Y="56196" Z="0"/>
					<Vertex X="75684" Y="56275" Z="0"/>
					<Vertex X="75763" Y="56394" Z="0"/>
					<Vertex X="75803" Y="56463" Z="0"/>
					<Vertex X="75862" Y="56543" Z="0"/>
					<Vertex X="75912" Y="56612" Z="0"/>
					<Vertex X="75981" Y="56721" Z="0"/>
					<Vertex X="76050" Y="56780" Z="0"/>
					<Vertex X="76090" Y="56860" Z="0"/>
					<Vertex X="76130" Y="56929" Z="0"/>
					<Vertex X="76209" Y="57028" Z="0"/>
					<Vertex X="76249" Y="57088" Z="0"/>
					<Vertex X="76298" Y="57157" Z="0"/>
					<Vertex X="76368" Y="57256" Z="0"/>
					<Vertex X="76417" Y="57316" Z="0"/>
					<Vertex X="76467" Y="57375" Z="0"/>
					<Vertex X="76516" Y="57455" Z="0"/>
					<Vertex X="76566" Y="57494" Z="0"/>
					<Vertex X="76605" Y="57554" Z="0"/>
					<Vertex X="76635" Y="57603" Z="0"/>
					<Vertex X="76695" Y="57683" Z="0"/>
					<Vertex X="76734" Y="57742" Z="0"/>
					<Vertex X="76774" Y="57792" Z="0"/>
					<Vertex X="76814" Y="57861" Z="0"/>
					<Vertex X="76843" Y="57920" Z="0"/>
					<Vertex X="76883" Y="57970" Z="0"/>
					<Vertex X="76903" Y="58029" Z="0"/>
					<Vertex X="76962" Y="58099" Z="0"/>
					<Vertex X="77002" Y="58158" Z="0"/>
					<Vertex X="77022" Y="58208" Z="0"/>
					<Vertex X="77071" Y="58277" Z="0"/>
					<Vertex X="77101" Y="58327" Z="0"/>
					<Vertex X="77131" Y="58386" Z="0"/>
					<Vertex X="77170" Y="58456" Z="0"/>
					<Vertex X="77220" Y="58505" Z="0"/>
					<Vertex X="77250" Y="58565" Z="0"/>
					<Vertex X="77289" Y="58634" Z="0"/>
					<Vertex X="77319" Y="58684" Z="0"/>
					<Vertex X="77349" Y="58723" Z="0"/>
					<Vertex X="77379" Y="58773" Z="0"/>
					<Vertex X="77418" Y="58813" Z="0"/>
					<Vertex X="77458" Y="58892" Z="0"/>
					<Vertex X="77537" Y="58901" Z="0"/>
					<Vertex X="77914" Y="59526" Z="0"/>
					<Vertex X="78043" Y="59823" Z="0"/>
					<Vertex X="78122" Y="59962" Z="0"/>
					<Vertex X="78182" Y="60091" Z="0"/>
					<Vertex X="78281" Y="60289" Z="0"/>
					<Vertex X="78360" Y="60438" Z="0"/>
					<Vertex X="78419" Y="60567" Z="0"/>
					<Vertex X="78538" Y="60795" Z="0"/>
					<Vertex X="78598" Y="60924" Z="0"/>
					<Vertex X="78667" Y="61072" Z="0"/>
					<Vertex X="78727" Y="61221" Z="0"/>
					<Vertex X="78836" Y="61419" Z="0"/>
					<Vertex X="78895" Y="61548" Z="0"/>
					<Vertex X="78994" Y="61746" Z="0"/>
					<Vertex X="79054" Y="61865" Z="0"/>
					<Vertex X="79113" Y="61984" Z="0"/>
					<Vertex X="79203" Y="62143" Z="0"/>
					<Vertex X="79262" Y="62232" Z="0"/>
					<Vertex X="79312" Y="62321" Z="0"/>
					<Vertex X="79351" Y="62401" Z="0"/>
					<Vertex X="79431" Y="62510" Z="0"/>
					<Vertex X="79470" Y="62579" Z="0"/>
					<Vertex X="79530" Y="62638" Z="0"/>
					<Vertex X="79589" Y="62718" Z="0"/>
					<Vertex X="79649" Y="62757" Z="0"/>
					<Vertex X="79698" Y="62797" Z="0"/>
					<Vertex X="79758" Y="62827" Z="0"/>
					<Vertex X="79847" Y="62876" Z="0"/>
					<Vertex X="79887" Y="62916" Z="0"/>
					<Vertex X="79936" Y="62966" Z="0"/>
					<Vertex X="79986" Y="63045" Z="0"/>
					<Vertex X="80005" Y="63114" Z="0"/>
					<Vertex X="80025" Y="63194" Z="0"/>
					<Vertex X="80055" Y="63313" Z="0"/>
					<Vertex X="80065" Y="63412" Z="0"/>
					<Vertex X="80085" Y="63550" Z="0"/>
					<Vertex X="80085" Y="63650" Z="0"/>
					<Vertex X="80065" Y="63759" Z="0"/>
					<Vertex X="80055" Y="63907" Z="0"/>
					<Vertex X="80055" Y="63987" Z="0"/>
					<Vertex X="80035" Y="64096" Z="0"/>
					<Vertex X="80025" Y="64185" Z="0"/>
					<Vertex X="80005" Y="64334" Z="0"/>
					<Vertex X="80005" Y="64423" Z="0"/>
					<Vertex X="80005" Y="64512" Z="0"/>
					<Vertex X="80025" Y="64601" Z="0"/>
					<Vertex X="80035" Y="64730" Z="0"/>
					<Vertex X="80055" Y="64809" Z="0"/>
					<Vertex X="80065" Y="64899" Z="0"/>
					<Vertex X="80105" Y="65047" Z="0"/>
					<Vertex X="80115" Y="65136" Z="0"/>
					<Vertex X="80124" Y="65226" Z="0"/>
					<Vertex X="80154" Y="65355" Z="0"/>
					<Vertex X="80174" Y="65434" Z="0"/>
					<Vertex X="80184" Y="65523" Z="0"/>
					<Vertex X="80214" Y="65652" Z="0"/>
					<Vertex X="80253" Y="65731" Z="0"/>
					<Vertex X="80273" Y="65801" Z="0"/>
					<Vertex X="80323" Y="65860" Z="0"/>
					<Vertex X="80372" Y="65969" Z="0"/>
					<Vertex X="80392" Y="66029" Z="0"/>
					<Vertex X="80442" Y="66098" Z="0"/>
					<Vertex X="80501" Y="66187" Z="0"/>
					<Vertex X="80541" Y="66247" Z="0"/>
					<Vertex X="80590" Y="66356" Z="0"/>
					<Vertex X="80620" Y="66415" Z="0"/>
					<Vertex X="80670" Y="66475" Z="0"/>
					<Vertex X="80729" Y="66564" Z="0"/>
					<Vertex X="80769" Y="66623" Z="0"/>
					<Vertex X="80818" Y="66683" Z="0"/>
					<Vertex X="80829" Y="66703" Z="0"/>
					<Vertex X="81305" Y="67259" Z="0"/>
					<Vertex X="81483" Y="67506" Z="0"/>
					<Vertex X="81553" Y="67596" Z="0"/>
					<Vertex X="81691" Y="67744" Z="0"/>
					<Vertex X="81751" Y="67853" Z="0"/>
					<Vertex X="81820" Y="67972" Z="0"/>
					<Vertex X="81929" Y="68121" Z="0"/>
					<Vertex X="81999" Y="68210" Z="0"/>
					<Vertex X="82088" Y="68359" Z="0"/>
					<Vertex X="82137" Y="68448" Z="0"/>
					<Vertex X="82177" Y="68537" Z="0"/>
					<Vertex X="82237" Y="68686" Z="0"/>
					<Vertex X="82286" Y="68795" Z="0"/>
					<Vertex X="82316" Y="68894" Z="0"/>
					<Vertex X="82356" Y="68983" Z="0"/>
					<Vertex X="82405" Y="69142" Z="0"/>
					<Vertex X="82435" Y="69251" Z="0"/>
					<Vertex X="82465" Y="69410" Z="0"/>
					<Vertex X="82494" Y="69499" Z="0"/>
					<Vertex X="82494" Y="69588" Z="0"/>
					<Vertex X="82494" Y="69677" Z="0"/>
					<Vertex X="82494" Y="69786" Z="0"/>
					<Vertex X="82474" Y="69846" Z="0"/>
					<Vertex X="82465" Y="69905" Z="0"/>
					<Vertex X="82435" Y="69994" Z="0"/>
					<Vertex X="82405" Y="70054" Z="0"/>
					<Vertex X="82346" Y="70143" Z="0"/>
					<Vertex X="82296" Y="70203" Z="0"/>
					<Vertex X="82256" Y="70272" Z="0"/>
					<Vertex X="82207" Y="70351" Z="0"/>
					<Vertex X="82137" Y="70470" Z="0"/>
					<Vertex X="82078" Y="70559" Z="0"/>
					<Vertex X="82038" Y="70629" Z="0"/>
					<Vertex X="81939" Y="70748" Z="0"/>
					<Vertex X="81959" Y="70777" Z="0"/>
					<Vertex X="81533" Y="71313" Z="0"/>
					<Vertex X="81275" Y="71600" Z="0"/>
					<Vertex X="81176" Y="71719" Z="0"/>
					<Vertex X="81027" Y="71927" Z="0"/>
					<Vertex X="80938" Y="72046" Z="0"/>
					<Vertex X="80829" Y="72175" Z="0"/>
					<Vertex X="80760" Y="72284" Z="0"/>
					<Vertex X="80621" Y="72463" Z="0"/>
					<Vertex X="80551" Y="72581" Z="0"/>
					<Vertex X="80472" Y="72681" Z="0"/>
					<Vertex X="80383" Y="72829" Z="0"/>
					<Vertex X="80343" Y="72938" Z="0"/>
					<Vertex X="80294" Y="73008" Z="0"/>
					<Vertex X="80254" Y="73097" Z="0"/>
					<Vertex X="80195" Y="73246" Z="0"/>
					<Vertex X="80145" Y="73394" Z="0"/>
					<Vertex X="80105" Y="73484" Z="0"/>
					<Vertex X="80085" Y="73563" Z="0"/>
					<Vertex X="80056" Y="73652" Z="0"/>
					<Vertex X="80026" Y="73771" Z="0"/>
					<Vertex X="79996" Y="73860" Z="0"/>
					<Vertex X="79986" Y="73959" Z="0"/>
					<Vertex X="79967" Y="74098" Z="0"/>
					<Vertex X="79957" Y="74187" Z="0"/>
					<Vertex X="79937" Y="74277" Z="0"/>
					<Vertex X="79927" Y="74405" Z="0"/>
					<Vertex X="79907" Y="74495" Z="0"/>
					<Vertex X="79907" Y="74633" Z="0"/>
					<Vertex X="79897" Y="74723" Z="0"/>
					<Vertex X="79897" Y="74842" Z="0"/>
					<Vertex X="79897" Y="74911" Z="0"/>
					<Vertex X="79897" Y="74990" Z="0"/>
					<Vertex X="79897" Y="75050" Z="0"/>
					<Vertex X="79907" Y="75149" Z="0"/>
					<Vertex X="79907" Y="75208" Z="0"/>
					<Vertex X="79907" Y="75268" Z="0"/>
					<Vertex X="79927" Y="75357" Z="0"/>
					<Vertex X="79937" Y="75387" Z="0"/>
					<Vertex X="79957" Y="75446" Z="0"/>
					<Vertex X="79957" Y="75476" Z="0"/>
					<Vertex X="79967" Y="75526" Z="0"/>
					<Vertex X="79967" Y="75555" Z="0"/>
					<Vertex X="79986" Y="75595" Z="0"/>
					<Vertex X="79986" Y="75625" Z="0"/>
					<Vertex X="79996" Y="75654" Z="0"/>
					<Vertex X="80026" Y="75704" Z="0"/>
					<Vertex X="80056" Y="75744" Z="0"/>
					<Vertex X="80085" Y="75793" Z="0"/>
					<Vertex X="80105" Y="75833" Z="0"/>
					<Vertex X="80165" Y="75912" Z="0"/>
					<Vertex X="80195" Y="75952" Z="0"/>
					<Vertex X="80254" Y="76031" Z="0"/>
					<Vertex X="80294" Y="76071" Z="0"/>
					<Vertex X="80343" Y="76130" Z="0"/>
					<Vertex X="80383" Y="76200" Z="0"/>
					<Vertex X="80452" Y="76279" Z="0"/>
					<Vertex X="80502" Y="76348" Z="0"/>
					<Vertex X="80581" Y="76428" Z="0"/>
					<Vertex X="80641" Y="76477" Z="0"/>
					<Vertex X="80680" Y="76537" Z="0"/>
					<Vertex X="80779" Y="76626" Z="0"/>
					<Vertex X="80819" Y="76685" Z="0"/>
					<Vertex X="80879" Y="76745" Z="0"/>
					<Vertex X="80968" Y="76834" Z="0"/>
					<Vertex X="81017" Y="76894" Z="0"/>
					<Vertex X="81077" Y="76953" Z="0"/>
					<Vertex X="81146" Y="77042" Z="0"/>
					<Vertex X="81196" Y="77122" Z="0"/>
					<Vertex X="81235" Y="77201" Z="0"/>
					<Vertex X="81295" Y="77310" Z="0"/>
					<Vertex X="81344" Y="77389" Z="0"/>
					<Vertex X="81384" Y="77439" Z="0"/>
					<Vertex X="81463" Y="77548" Z="0"/>
					<Vertex X="81503" Y="77607" Z="0"/>
					<Vertex X="81582" Y="77696" Z="0"/>
					<Vertex X="81622" Y="77736" Z="0"/>
					<Vertex X="81672" Y="77786" Z="0"/>
					<Vertex X="81751" Y="77855" Z="0"/>
					<Vertex X="81800" Y="77895" Z="0"/>
					<Vertex X="81860" Y="77934" Z="0"/>
					<Vertex X="81919" Y="77994" Z="0"/>
					<Vertex X="81969" Y="78024" Z="0"/>
					<Vertex X="82018" Y="78073" Z="0"/>
					<Vertex X="82068" Y="78093" Z="0"/>
					<Vertex X="82147" Y="78133" Z="0"/>
					<Vertex X="82177" Y="78152" Z="0"/>
					<Vertex X="82237" Y="78192" Z="0"/>
					<Vertex X="82256" Y="78222" Z="0"/>
					<Vertex X="82306" Y="78242" Z="0"/>
					<Vertex X="82365" Y="78261" Z="0"/>
					<Vertex X="82425" Y="78281" Z="0"/>
					<Vertex X="82474" Y="78291" Z="0"/>
					<Vertex X="82524" Y="78291" Z="0"/>
					<Vertex X="82583" Y="78291" Z="0"/>
					<Vertex X="82633" Y="78291" Z="0"/>
					<Vertex X="82663" Y="78291" Z="0"/>
					<Vertex X="82712" Y="78291" Z="0"/>
					<Vertex X="82772" Y="78261" Z="0"/>
					<Vertex X="82792" Y="78261" Z="0"/>
					<Vertex X="82821" Y="78242" Z="0"/>
					<Vertex X="82871" Y="78232" Z="0"/>
					<Vertex X="82921" Y="78202" Z="0"/>
					<Vertex X="82960" Y="78172" Z="0"/>
					<Vertex X="83010" Y="78152" Z="0"/>
					<Vertex X="83049" Y="78143" Z="0"/>
					<Vertex X="83089" Y="78113" Z="0"/>
					<Vertex X="83119" Y="78093" Z="0"/>
					<Vertex X="83158" Y="78083" Z="0"/>
					<Vertex X="83188" Y="78083" Z="0"/>
					<Vertex X="83198" Y="78073" Z="0"/>
					<Vertex X="83218" Y="78053" Z="0"/>
					<Vertex X="83248" Y="78053" Z="0"/>
					<Vertex X="83267" Y="78024" Z="0"/>
					<Vertex X="83307" Y="78004" Z="0"/>
					<Vertex X="83327" Y="78004" Z="0"/>
					<Vertex X="83377" Y="77974" Z="0"/>
					<Vertex X="83386" Y="77964" Z="0"/>
					<Vertex X="83426" Y="77934" Z="0"/>
					<Vertex X="83456" Y="77895" Z="0"/>
					<Vertex X="83486" Y="77855" Z="0"/>
					<Vertex X="83515" Y="77815" Z="0"/>
					<Vertex X="83535" Y="77786" Z="0"/>
					<Vertex X="83555" Y="77756" Z="0"/>
					<Vertex X="83585" Y="77706" Z="0"/>
					<Vertex X="83595" Y="77687" Z="0"/>
					<Vertex X="83624" Y="77637" Z="0"/>
					<Vertex X="83654" Y="77587" Z="0"/>
					<Vertex X="83674" Y="77577" Z="0"/>
					<Vertex X="83704" Y="77548" Z="0"/>
					<Vertex X="83723" Y="77518" Z="0"/>
					<Vertex X="83763" Y="77488" Z="0"/>
					<Vertex X="83793" Y="77468" Z="0"/>
					<Vertex X="83823" Y="77439" Z="0"/>
					<Vertex X="83862" Y="77429" Z="0"/>
					<Vertex X="83912" Y="77409" Z="0"/>
					<Vertex X="83942" Y="77399" Z="0"/>
					<Vertex X="84001" Y="77389" Z="0"/>
					<Vertex X="84051" Y="77389" Z="0"/>
					<Vertex X="84070" Y="77389" Z="0"/>
					<Vertex X="84120" Y="77369" Z="0"/>
					<Vertex X="84160" Y="77349" Z="0"/>
					<Vertex X="84189" Y="77349" Z="0"/>
					<Vertex X="84259" Y="77340" Z="0"/>
					<Vertex X="84298" Y="77340" Z="0"/>
					<Vertex X="84378" Y="77320" Z="0"/>
					<Vertex X="84417" Y="77310" Z="0"/>
					<Vertex X="84457" Y="77290" Z="0"/>
					<Vertex X="84507" Y="77280" Z="0"/>
					<Vertex X="84586" Y="77250" Z="0"/>
					<Vertex X="84626" Y="77240" Z="0"/>
					<Vertex X="84665" Y="77221" Z="0"/>
					<Vertex X="84695" Y="77201" Z="0"/>
					<Vertex X="84715" Y="77191" Z="0"/>
					<Vertex X="84725" Y="77191" Z="0"/>
					<Vertex X="84795" Y="77390" Z="0"/>
					<Vertex X="84908" Y="77390" Z="0"/>
					<Vertex X="85247" Y="77333" Z="0"/>
					<Vertex X="85530" Y="77220" Z="0"/>
					<Vertex X="85756" Y="77051" Z="0"/>
					<Vertex X="86038" Y="76994" Z="0"/>
					<Vertex X="86378" Y="76824" Z="0"/>
					<Vertex X="86717" Y="76655" Z="0"/>
					<Vertex X="87056" Y="76542" Z="0"/>
					<Vertex X="87395" Y="76372" Z="0"/>
					<Vertex X="87734" Y="76146" Z="0"/>
					<Vertex X="88300" Y="75807" Z="0"/>
					<Vertex X="88752" Y="75637" Z="0"/>
					<Vertex X="88978" Y="75468" Z="0"/>
					<Vertex X="89317" Y="75298" Z="0"/>
					<Vertex X="89600" Y="75185" Z="0"/>
					<Vertex X="90109" Y="74959" Z="0"/>
					<Vertex X="90335" Y="74789" Z="0"/>
					<Vertex X="90617" Y="74620" Z="0"/>
					<Vertex X="90844" Y="74450" Z="0"/>
					<Vertex X="91013" Y="74450" Z="0"/>
					<Vertex X="91183" Y="74337" Z="0"/>
					<Vertex X="91296" Y="74337" Z="0"/>
					<Vertex X="91465" Y="74281" Z="0"/>
					<Vertex X="91691" Y="74111" Z="0"/>
					<Vertex X="91861" Y="73941" Z="0"/>
					<Vertex X="92031" Y="73828" Z="0"/>
					<Vertex X="92200" Y="73659" Z="0"/>
					<Vertex X="92370" Y="73489" Z="0"/>
					<Vertex X="92539" Y="73320" Z="0"/>
					<Vertex X="92709" Y="73263" Z="0"/>
					<Vertex X="93048" Y="73093" Z="0"/>
					<Vertex X="93161" Y="72980" Z="0"/>
					<Vertex X="93331" Y="72924" Z="0"/>
					<Vertex X="93500" Y="72811" Z="0"/>
					<Vertex X="93670" Y="72754" Z="0"/>
					<Vertex X="93727" Y="72585" Z="0"/>
					<Vertex X="93896" Y="72472" Z="0"/>
					<Vertex X="94066" Y="72245" Z="0"/>
					<Vertex X="94179" Y="72189" Z="0"/>
					<Vertex X="94348" Y="71963" Z="0"/>
					<Vertex X="94405" Y="71737" Z="0"/>
					<Vertex X="94574" Y="71567" Z="0"/>
					<Vertex X="94574" Y="71398" Z="0"/>
					<Vertex X="94688" Y="71228" Z="0"/>
					<Vertex X="94744" Y="71058" Z="0"/>
					<Vertex X="94857" Y="70889" Z="0"/>
					<Vertex X="94914" Y="70719" Z="0"/>
					<Vertex X="95027" Y="70606" Z="0"/>
					<Vertex X="95083" Y="70550" Z="0"/>
					<Vertex X="95366" Y="70550" Z="0"/>
					<Vertex X="95536" Y="70550" Z="0"/>
					<Vertex X="95705" Y="70550" Z="0"/>
					<Vertex X="95875" Y="70550" Z="0"/>
					<Vertex X="96101" Y="70493" Z="0"/>
					<Vertex X="96440" Y="70380" Z="0"/>
					<Vertex X="96610" Y="70267" Z="0"/>
					<Vertex X="96892" Y="70267" Z="0"/>
					<Vertex X="97118" Y="70097" Z="0"/>
					<Vertex X="97288" Y="70041" Z="0"/>
					<Vertex X="97458" Y="69928" Z="0"/>
					<Vertex X="97740" Y="69758" Z="0"/>
					<Vertex X="97910" Y="69702" Z="0"/>
					<Vertex X="98079" Y="69419" Z="0"/>
					<Vertex X="98249" Y="69362" Z="0"/>
					<Vertex X="98419" Y="69193" Z="0"/>
					<Vertex X="98588" Y="68854" Z="0"/>
					<Vertex X="98814" Y="68571" Z="0"/>
					<Vertex X="98927" Y="68401" Z="0"/>
					<Vertex X="99097" Y="68232" Z="0"/>
					<Vertex X="99153" Y="68062" Z="0"/>
					<Vertex X="99266" Y="67949" Z="0"/>
					<Vertex X="99323" Y="67667" Z="0"/>
					<Vertex X="99323" Y="67497" Z="0"/>
					<Vertex X="99323" Y="67327" Z="0"/>
					<Vertex X="99436" Y="67101" Z="0"/>
					<Vertex X="99436" Y="66875" Z="0"/>
					<Vertex X="99436" Y="66649" Z="0"/>
					<Vertex X="99436" Y="66479" Z="0"/>
					<Vertex X="99493" Y="66140" Z="0"/>
					<Vertex X="99606" Y="65858" Z="0"/>
					<Vertex X="99662" Y="65631" Z="0"/>
					<Vertex X="99662" Y="65405" Z="0"/>
					<Vertex X="99775" Y="65123" Z="0"/>
					<Vertex X="99832" Y="64953" Z="0"/>
					<Vertex X="99945" Y="64614" Z="0"/>
					<Vertex X="100114" Y="64331" Z="0"/>
					<Vertex X="100171" Y="64105" Z="0"/>
					<Vertex X="100341" Y="63936" Z="0"/>
					<Vertex X="100454" Y="63709" Z="0"/>
					<Vertex X="100623" Y="63427" Z="0"/>
					<Vertex X="100793" Y="63088" Z="0"/>
					<Vertex X="100962" Y="62861" Z="0"/>
					<Vertex X="101132" Y="62579" Z="0"/>
					<Vertex X="101189" Y="62296" Z="0"/>
					<Vertex X="101358" Y="62070" Z="0"/>
					<Vertex X="101528" Y="61561" Z="0"/>
					<Vertex X="101641" Y="61335" Z="0"/>
					<Vertex X="101697" Y="60939" Z="0"/>
					<Vertex X="101867" Y="60713" Z="0"/>
					<Vertex X="102036" Y="60205" Z="0"/>
					<Vertex X="102150" Y="59865" Z="0"/>
					<Vertex X="102206" Y="59639" Z="0"/>
					<Vertex X="102319" Y="59357" Z="0"/>
					<Vertex X="102319" Y="59074" Z="0"/>
					<Vertex X="102319" Y="58735" Z="0"/>
					<Vertex X="102319" Y="58622" Z="0"/>
					<Vertex X="102319" Y="58339" Z="0"/>
					<Vertex X="102206" Y="58169" Z="0"/>
					<Vertex X="102206" Y="57830" Z="0"/>
					<Vertex X="102319" Y="57661" Z="0"/>
					<Vertex X="102319" Y="57491" Z="0"/>
					<Vertex X="102489" Y="57322" Z="0"/>
					<Vertex X="102658" Y="57095" Z="0"/>
					<Vertex X="102715" Y="56926" Z="0"/>
					<Vertex X="102884" Y="56700" Z="0"/>
					<Vertex X="103167" Y="56474" Z="0"/>
					<Vertex X="103337" Y="56304" Z="0"/>
					<Vertex X="103563" Y="55965" Z="0"/>
					<Vertex X="103676" Y="55682" Z="0"/>
					<Vertex X="103732" Y="55513" Z="0"/>
					<Vertex X="103845" Y="55400" Z="0"/>
					<Vertex X="104015" Y="55004" Z="0"/>
					<Vertex X="104072" Y="54891" Z="0"/>
					<Vertex X="104241" Y="54608" Z="0"/>
					<Vertex X="104354" Y="54382" Z="0"/>
					<Vertex X="104354" Y="54269" Z="0"/>
					<Vertex X="104354" Y="54099" Z="0"/>
					<Vertex X="104354" Y="53930" Z="0"/>
					<Vertex X="104241" Y="53760" Z="0"/>
					<Vertex X="104241" Y="53704" Z="0"/>
					<Vertex X="104185" Y="53421" Z="0"/>
					<Vertex X="104072" Y="53308" Z="0"/>
					<Vertex X="104015" Y="53138" Z="0"/>
					<Vertex X="103902" Y="52969" Z="0"/>
					<Vertex X="103732" Y="52743" Z="0"/>
					<Vertex X="103676" Y="52460" Z="0"/>
					<Vertex X="103563" Y="52347" Z="0"/>
					<Vertex X="103393" Y="52064" Z="0"/>
					<Vertex X="103167" Y="51782" Z="0"/>
					<Vertex X="103054" Y="51555" Z="0"/>
					<Vertex X="102884" Y="51386" Z="0"/>
					<Vertex X="102658" Y="50934" Z="0"/>
					<Vertex X="102489" Y="50708" Z="0"/>
					<Vertex X="102376" Y="50425" Z="0"/>
					<Vertex X="102206" Y="50086" Z="0"/>
					<Vertex X="102036" Y="49916" Z="0"/>
					<Vertex X="101867" Y="49690" Z="0"/>
					<Vertex X="101697" Y="49407" Z="0"/>
					<Vertex X="101528" Y="49181" Z="0"/>
					<Vertex X="101358" Y="48955" Z="0"/>
					<Vertex X="101189" Y="48672" Z="0"/>
					<Vertex X="100962" Y="48333" Z="0"/>
					<Vertex X="100793" Y="48164" Z="0"/>
					<Vertex X="100623" Y="47994" Z="0"/>
					<Vertex X="100454" Y="47711" Z="0"/>
					<Vertex X="100171" Y="47372" Z="0"/>
					<Vertex X="100114" Y="47146" Z="0"/>
					<Vertex X="100001" Y="46977" Z="0"/>
					<Vertex X="99775" Y="46524" Z="0"/>
					<Vertex X="99662" Y="46411" Z="0"/>
					<Vertex X="99606" Y="46129" Z="0"/>
					<Vertex X="99436" Y="45846" Z="0"/>
					<Vertex X="99266" Y="45620" Z="0"/>
					<Vertex X="99153" Y="45450" Z="0"/>
					<Vertex X="99097" Y="45168" Z="0"/>
					<Vertex X="98814" Y="44941" Z="0"/>
					<Vertex X="98758" Y="44772" Z="0"/>
					<Vertex X="98645" Y="44602" Z="0"/>
					<Vertex X="98475" Y="44320" Z="0"/>
					<Vertex X="98475" Y="44093" Z="0"/>
					<Vertex X="98419" Y="43924" Z="0"/>
					<Vertex X="98249" Y="43641" Z="0"/>
					<Vertex X="98136" Y="43415" Z="0"/>
					<Vertex X="98079" Y="43132" Z="0"/>
					<Vertex X="97966" Y="43019" Z="0"/>
					<Vertex X="97910" Y="42567" Z="0"/>
					<Vertex X="97797" Y="42398" Z="0"/>
					<Vertex X="97627" Y="42115" Z="0"/>
					<Vertex X="97571" Y="41719" Z="0"/>
					<Vertex X="97458" Y="41437" Z="0"/>
					<Vertex X="97288" Y="41097" Z="0"/>
					<Vertex X="97231" Y="40871" Z="0"/>
					<Vertex X="97062" Y="40702" Z="0"/>
					<Vertex X="96892" Y="40362" Z="0"/>
					<Vertex X="96779" Y="40080" Z="0"/>
					<Vertex X="96723" Y="39967" Z="0"/>
					<Vertex X="96610" Y="39628" Z="0"/>
					<Vertex X="96553" Y="39401" Z="0"/>
					<Vertex X="96440" Y="39288" Z="0"/>
					<Vertex X="96383" Y="38949" Z="0"/>
					<Vertex X="96270" Y="38780" Z="0"/>
					<Vertex X="96214" Y="38554" Z="0"/>
					<Vertex X="96044" Y="38327" Z="0"/>
					<Vertex X="95931" Y="38158" Z="0"/>
					<Vertex X="95762" Y="37819" Z="0"/>
					<Vertex X="95592" Y="37536" Z="0"/>
					<Vertex X="95422" Y="37423" Z="0"/>
					<Vertex X="95366" Y="37084" Z="0"/>
					<Vertex X="95196" Y="36858" Z="0"/>
					<Vertex X="95083" Y="36632" Z="0"/>
					<Vertex X="94914" Y="36292" Z="0"/>
					<Vertex X="94857" Y="36066" Z="0"/>
					<Vertex X="94688" Y="35784" Z="0"/>
					<Vertex X="94518" Y="35444" Z="0"/>
					<Vertex X="94405" Y="35162" Z="0"/>
					<Vertex X="94348" Y="34936" Z="0"/>
					<Vertex X="94179" Y="34596" Z="0"/>
					<Vertex X="94066" Y="34427" Z="0"/>
					<Vertex X="93896" Y="34144" Z="0"/>
					<Vertex X="93727" Y="33862" Z="0"/>
					<Vertex X="93670" Y="33635" Z="0"/>
					<Vertex X="93500" Y="33522" Z="0"/>
					<Vertex X="93331" Y="33240" Z="0"/>
					<Vertex X="93218" Y="33070" Z="0"/>
					<Vertex X="93161" Y="32844" Z="0"/>
					<Vertex X="92992" Y="32561" Z="0"/>
					<Vertex X="92879" Y="32392" Z="0"/>
					<Vertex X="92822" Y="32222" Z="0"/>
					<Vertex X="92652" Y="31883" Z="0"/>
					<Vertex X="92483" Y="31713" Z="0"/>
					<Vertex X="92313" Y="31487" Z="0"/>
					<Vertex X="92200" Y="31318" Z="0"/>
					<Vertex X="91974" Y="30978" Z="0"/>
					<Vertex X="91805" Y="30696" Z="0"/>
					<Vertex X="91635" Y="30470" Z="0"/>
					<Vertex X="91465" Y="30074" Z="0"/>
					<Vertex X="91296" Y="29848" Z="0"/>
					<Vertex X="91013" Y="29509" Z="0"/>
					<Vertex X="90844" Y="29170" Z="0"/>
					<Vertex X="90787" Y="28943" Z="0"/>
					<Vertex X="90504" Y="28548" Z="0"/>
					<Vertex X="90448" Y="28322" Z="0"/>
					<Vertex X="90278" Y="27982" Z="0"/>
					<Vertex X="89996" Y="27756" Z="0"/>
					<Vertex X="89826" Y="27474" Z="0"/>
					<Vertex X="89656" Y="27134" Z="0"/>
					<Vertex X="89487" Y="26908" Z="0"/>
					<Vertex X="89317" Y="26513" Z="0"/>
					<Vertex X="89261" Y="26286" Z="0"/>
					<Vertex X="89091" Y="25947" Z="0"/>
					<Vertex X="88978" Y="25778" Z="0"/>
					<Vertex X="88808" Y="25552" Z="0"/>
					<Vertex X="88639" Y="25212" Z="0"/>
					<Vertex X="88582" Y="24930" Z="0"/>
					<Vertex X="88413" Y="24704" Z="0"/>
					<Vertex X="88243" Y="24364" Z="0"/>
					<Vertex X="88074" Y="24195" Z="0"/>
					<Vertex X="87904" Y="23856" Z="0"/>
					<Vertex X="87791" Y="23573" Z="0"/>
					<Vertex X="87678" Y="23347" Z="0"/>
					<Vertex X="87565" Y="23064" Z="0"/>
					<Vertex X="87395" Y="22838" Z="0"/>
					<Vertex X="87282" Y="22556" Z="0"/>
					<Vertex X="87226" Y="22329" Z="0"/>
					<Vertex X="87113" Y="22047" Z="0"/>
					<Vertex X="87056" Y="21821" Z="0"/>
					<Vertex X="87056" Y="21538" Z="0"/>
					<Vertex X="86975" Y="21491" Z="0"/>
					<Vertex X="86638" Y="20867" Z="0"/>
					<Vertex X="86558" Y="20758" Z="0"/>
					<Vertex X="86519" Y="20698" Z="0"/>
					<Vertex X="86449" Y="20589" Z="0"/>
					<Vertex X="86410" Y="20520" Z="0"/>
					<Vertex X="86350" Y="20421" Z="0"/>
					<Vertex X="86320" Y="20351" Z="0"/>
					<Vertex X="86291" Y="20292" Z="0"/>
					<Vertex X="86261" Y="20212" Z="0"/>
					<Vertex X="86202" Y="20113" Z="0"/>
					<Vertex X="86172" Y="20054" Z="0"/>
					<Vertex X="86142" Y="19974" Z="0"/>
					<Vertex X="86102" Y="19915" Z="0"/>
					<Vertex X="86053" Y="19816" Z="0"/>
					<Vertex X="86013" Y="19756" Z="0"/>
					<Vertex X="85983" Y="19697" Z="0"/>
					<Vertex X="85924" Y="19588" Z="0"/>
					<Vertex X="85884" Y="19528" Z="0"/>
					<Vertex X="85845" Y="19459" Z="0"/>
					<Vertex X="85805" Y="19340" Z="0"/>
					<Vertex X="85765" Y="19271" Z="0"/>
					<Vertex X="85746" Y="19191" Z="0"/>
					<Vertex X="85696" Y="19112" Z="0"/>
					<Vertex X="85666" Y="19023" Z="0"/>
					<Vertex X="85607" Y="18924" Z="0"/>
					<Vertex X="85557" Y="18844" Z="0"/>
					<Vertex X="85537" Y="18785" Z="0"/>
					<Vertex X="85478" Y="18716" Z="0"/>
					<Vertex X="85418" Y="18607" Z="0"/>
					<Vertex X="85349" Y="18537" Z="0"/>
					<Vertex X="85309" Y="18478" Z="0"/>
					<Vertex X="85270" Y="18418" Z="0"/>
					<Vertex X="85190" Y="18309" Z="0"/>
					<Vertex X="85151" Y="18260" Z="0"/>
					<Vertex X="85101" Y="18180" Z="0"/>
					<Vertex X="85042" Y="18081" Z="0"/>
					<Vertex X="85002" Y="18012" Z="0"/>
					<Vertex X="84952" Y="17962" Z="0"/>
					<Vertex X="84913" Y="17893" Z="0"/>
					<Vertex X="84834" Y="17804" Z="0"/>
					<Vertex X="84784" Y="17764" Z="0"/>
					<Vertex X="84744" Y="17704" Z="0"/>
					<Vertex X="84695" Y="17665" Z="0"/>
					<Vertex X="84645" Y="17566" Z="0"/>
					<Vertex X="84596" Y="17516" Z="0"/>
					<Vertex X="84546" Y="17447" Z="0"/>
					<Vertex X="84506" Y="17397" Z="0"/>
					<Vertex X="84447" Y="17288" Z="0"/>
					<Vertex X="84407" Y="17248" Z="0"/>
					<Vertex X="84358" Y="17179" Z="0"/>
					<Vertex X="84298" Y="17100" Z="0"/>
					<Vertex X="84249" Y="17030" Z="0"/>
					<Vertex X="84209" Y="16991" Z="0"/>
					<Vertex X="84159" Y="16931" Z="0"/>
					<Vertex X="84100" Y="16852" Z="0"/>
					<Vertex X="84060" Y="16792" Z="0"/>
					<Vertex X="84001" Y="16723" Z="0"/>
					<Vertex X="83951" Y="16664" Z="0"/>
					<Vertex X="83912" Y="16614" Z="0"/>
					<Vertex X="83852" Y="16574" Z="0"/>
					<Vertex X="83793" Y="16515" Z="0"/>
					<Vertex X="83743" Y="16465" Z="0"/>
					<Vertex X="83713" Y="16426" Z="0"/>
					<Vertex X="83644" Y="16366" Z="0"/>
					<Vertex X="83594" Y="16337" Z="0"/>
					<Vertex X="83525" Y="16287" Z="0"/>
					<Vertex X="83475" Y="16257" Z="0"/>
					<Vertex X="83436" Y="16227" Z="0"/>
					<Vertex X="83376" Y="16208" Z="0"/>
					<Vertex X="83327" Y="16188" Z="0"/>
					<Vertex X="83287" Y="16168" Z="0"/>
					<Vertex X="83238" Y="16158" Z="0"/>
					<Vertex X="83168" Y="16138" Z="0"/>
					<Vertex X="83138" Y="16128" Z="0"/>
					<Vertex X="83109" Y="16128" Z="0"/>
					<Vertex X="83049" Y="16128" Z="0"/>
					<Vertex X="83000" Y="16128" Z="0"/>
					<Vertex X="82960" Y="16128" Z="0"/>
					<Vertex X="82881" Y="16138" Z="0"/>
					<Vertex X="82841" Y="16138" Z="0"/>
					<Vertex X="82792" Y="16138" Z="0"/>
					<Vertex X="82732" Y="16158" Z="0"/>
					<Vertex X="82702" Y="16168" Z="0"/>
					<Vertex X="82663" Y="16168" Z="0"/>
					<Vertex X="82613" Y="16168" Z="0"/>
					<Vertex X="82564" Y="16188" Z="0"/>
					<Vertex X="82524" Y="16188" Z="0"/>
					<Vertex X="82484" Y="16208" Z="0"/>
					<Vertex X="82425" Y="16208" Z="0"/>
					<Vertex X="82395" Y="16218" Z="0"/>
					<Vertex X="82345" Y="16218" Z="0"/>
					<Vertex X="82276" Y="16247" Z="0"/>
					<Vertex X="82217" Y="16257" Z="0"/>
					<Vertex X="82167" Y="16277" Z="0"/>
					<Vertex X="82127" Y="16287" Z="0"/>
					<Vertex X="82068" Y="16317" Z="0"/>
					<Vertex X="82018" Y="16346" Z="0"/>
					<Vertex X="81959" Y="16366" Z="0"/>
					<Vertex X="81919" Y="16406" Z="0"/>
					<Vertex X="81860" Y="16465" Z="0"/>
					<Vertex X="81810" Y="16515" Z="0"/>
					<Vertex X="81780" Y="16545" Z="0"/>
					<Vertex X="81741" Y="16584" Z="0"/>
					<Vertex X="81681" Y="16644" Z="0"/>
					<Vertex X="81632" Y="16703" Z="0"/>
					<Vertex X="81562" Y="16783" Z="0"/>
					<Vertex X="81533" Y="16842" Z="0"/>
					<Vertex X="81503" Y="16882" Z="0"/>
					<Vertex X="81473" Y="16941" Z="0"/>
					<Vertex X="81443" Y="17020" Z="0"/>
					<Vertex X="81414" Y="17060" Z="0"/>
					<Vertex X="81384" Y="17120" Z="0"/>
					<Vertex X="81364" Y="17179" Z="0"/>
					<Vertex X="81334" Y="17268" Z="0"/>
					<Vertex X="81324" Y="17348" Z="0"/>
					<Vertex X="81295" Y="17407" Z="0"/>
					<Vertex X="81275" Y="17476" Z="0"/>
					<Vertex X="81245" Y="17595" Z="0"/>
					<Vertex X="81235" Y="17685" Z="0"/>
					<Vertex X="81215" Y="17764" Z="0"/>
					<Vertex X="81186" Y="17863" Z="0"/>
					<Vertex X="81176" Y="17942" Z="0"/>
					<Vertex X="81156" Y="18002" Z="0"/>
					<Vertex X="81156" Y="18101" Z="0"/>
					<Vertex X="81146" Y="18160" Z="0"/>
					<Vertex X="81126" Y="18220" Z="0"/>
					<Vertex X="81116" Y="18339" Z="0"/>
					<Vertex X="81096" Y="18398" Z="0"/>
					<Vertex X="81067" Y="18517" Z="0"/>
					<Vertex X="81027" Y="18656" Z="0"/>
					<Vertex X="80997" Y="18745" Z="0"/>
					<Vertex X="80948" Y="18874" Z="0"/>
					<Vertex X="80888" Y="19013" Z="0"/>
					<Vertex X="80859" Y="19102" Z="0"/>
					<Vertex X="80809" Y="19231" Z="0"/>
					<Vertex X="80769" Y="19320" Z="0"/>
					<Vertex X="80710" Y="19439" Z="0"/>
					<Vertex X="80670" Y="19519" Z="0"/>
					<Vertex X="80611" Y="19608" Z="0"/>
					<Vertex X="80581" Y="19647" Z="0"/>
					<Vertex X="80521" Y="19697" Z="0"/>
					<Vertex X="80472" Y="19717" Z="0"/>
					<Vertex X="80412" Y="19727" Z="0"/>
					<Vertex X="80353" Y="19727" Z="0"/>
					<Vertex X="80293" Y="19717" Z="0"/>
					<Vertex X="80234" Y="19697" Z="0"/>
					<Vertex X="80135" Y="19667" Z="0"/>
					<Vertex X="80056" Y="19637" Z="0"/>
					<Vertex X="79986" Y="19618" Z="0"/>
					<Vertex X="79867" Y="19608" Z="0"/>
					<Vertex X="79778" Y="19588" Z="0"/>
					<Vertex X="79689" Y="19578" Z="0"/>
					<Vertex X="79540" Y="19528" Z="0"/>
					<Vertex X="79431" Y="19519" Z="0"/>
					<Vertex X="79342" Y="19489" Z="0"/>
					<Vertex X="79193" Y="19469" Z="0"/>
					<Vertex X="79104" Y="19449" Z="0"/>
					<Vertex X="78955" Y="19400" Z="0"/>
					<Vertex X="78866" Y="19370" Z="0"/>
					<Vertex X="78767" Y="19350" Z="0"/>
					<Vertex X="78618" Y="19340" Z="0"/>
					<Vertex X="78509" Y="19340" Z="0"/>
					<Vertex X="78410" Y="19350" Z="0"/>
					<Vertex X="78261" Y="19370" Z="0"/>
					<Vertex X="78152" Y="19370" Z="0"/>
					<Vertex X="78053" Y="19380" Z="0"/>
					<Vertex X="77905" Y="19400" Z="0"/>
					<Vertex X="77795" Y="19429" Z="0"/>
					<Vertex X="77696" Y="19449" Z="0"/>
					<Vertex X="77587" Y="19469" Z="0"/>
					<Vertex X="77429" Y="19499" Z="0"/>
					<Vertex X="77339" Y="19519" Z="0"/>
					<Vertex X="77250" Y="19548" Z="0"/>
					<Vertex X="77082" Y="19588" Z="0"/>
					<Vertex X="76993" Y="19618" Z="0"/>
					<Vertex X="76893" Y="19647" Z="0"/>
					<Vertex X="76745" Y="19697" Z="0"/>
					<Vertex X="76656" Y="19727" Z="0"/>
					<Vertex X="76517" Y="19756" Z="0"/>
					<Vertex X="76428" Y="19786" Z="0"/>
					<Vertex X="76328" Y="19816" Z="0"/>
					<Vertex X="76239" Y="19856" Z="0"/>
					<Vertex X="76090" Y="19935" Z="0"/>
					<Vertex X="76001" Y="19994" Z="0"/>
					<Vertex X="75862" Y="20064" Z="0"/>
					<Vertex X="75773" Y="20113" Z="0"/>
					<Vertex X="75684" Y="20173" Z="0"/>
					<Vertex X="75555" Y="20272" Z="0"/>
					<Vertex X="75476" Y="20351" Z="0"/>
					<Vertex X="74554" Y="21362" Z="0"/>
					<Vertex X="74485" Y="21451" Z="0"/>
					<Vertex X="74376" Y="21570" Z="0"/>
					<Vertex X="74316" Y="21660" Z="0"/>
					<Vertex X="74247" Y="21729" Z="0"/>
					<Vertex X="74157" Y="21868" Z="0"/>
					<Vertex X="74098" Y="21957" Z="0"/>
					<Vertex X="74039" Y="22046" Z="0"/>
					<Vertex X="73949" Y="22165" Z="0"/>
					<Vertex X="73900" Y="22235" Z="0"/>
					<Vertex X="73860" Y="22324" Z="0"/>
					<Vertex X="73781" Y="22443" Z="0"/>
					<Vertex X="73741" Y="22502" Z="0"/>
					<Vertex X="73692" Y="22582" Z="0"/>
					<Vertex X="73662" Y="22641" Z="0"/>
					<Vertex X="73622" Y="22730" Z="0"/>
					<Vertex X="73592" Y="22770" Z="0"/>
					<Vertex X="73573" Y="22819" Z="0"/>
					<Vertex X="73563" Y="22859" Z="0"/>
					<Vertex X="73543" Y="22889" Z="0"/>
					<Vertex X="73533" Y="22909" Z="0"/>
					<Vertex X="73533" Y="22919" Z="0"/>
					<Vertex X="73543" Y="22919" Z="0"/>
					<Vertex X="73563" Y="22919" Z="0"/>
					<Vertex X="73376" Y="22951" Z="0"/>
				</Vertices>
			</Region>
		</Regions>
		<Plots/>
	</Annotation>
</Annotations>
