<Annotations MicronsPerPixel="0.252200">
	<Annotation Id="1" Name="" ReadOnly="0" NameReadOnly="0" LineColorReadOnly="0" Incremental="0" Type="4" LineColor="255" Visible="1" Selected="1" MarkupImagePath="" MacroName="">
		<Attributes/>
		<Regions>
			<RegionAttributeHeaders>
				<AttributeHeader Id="9999" Name="Region" ColumnWidth="-1"/>
				<AttributeHeader Id="9997" Name="Length" ColumnWidth="-1"/>
				<AttributeHeader Id="9996" Name="Area" ColumnWidth="-1"/>
				<AttributeHeader Id="9998" Name="Text" ColumnWidth="-1"/>
			</RegionAttributeHeaders>
			<Region Id="1" Type="0" Zoom="0.015443" Selected="1" ImageLocation="" ImageFocus="-1" Length="310306.8" Area="2681266100.5" LengthMicrons="78259.4" AreaMicrons="170541501.3" Text="" NegativeROA="0" InputRegionId="0" Analyze="1" DisplayId="1">
				<Attributes/>
				<Vertices>
					<Vertex X="41530" Y="10655" Z="0"/>
					<Vertex X="37422" Y="8088" Z="0"/>
					<Vertex X="36909" Y="8088" Z="0"/>
					<Vertex X="36652" Y="8088" Z="0"/>
					<Vertex X="36331" Y="8088" Z="0"/>
					<Vertex X="36074" Y="8088" Z="0"/>
					<Vertex X="35753" Y="8088" Z="0"/>
					<Vertex X="35497" Y="8088" Z="0"/>
					<Vertex X="35176" Y="8088" Z="0"/>
					<Vertex X="34919" Y="8088" Z="0"/>
					<Vertex X="34534" Y="7959" Z="0"/>
					<Vertex X="34213" Y="7959" Z="0"/>
					<Vertex X="34020" Y="7895" Z="0"/>
					<Vertex X="33763" Y="7767" Z="0"/>
					<Vertex X="33378" Y="7574" Z="0"/>
					<Vertex X="33186" Y="7510" Z="0"/>
					<Vertex X="32801" Y="7318" Z="0"/>
					<Vertex X="32480" Y="7125" Z="0"/>
					<Vertex X="32287" Y="6997" Z="0"/>
					<Vertex X="32030" Y="6804" Z="0"/>
					<Vertex X="31838" Y="6740" Z="0"/>
					<Vertex X="31517" Y="6547" Z="0"/>
					<Vertex X="31260" Y="6355" Z="0"/>
					<Vertex X="31068" Y="6226" Z="0"/>
					<Vertex X="30875" Y="6162" Z="0"/>
					<Vertex X="30554" Y="6034" Z="0"/>
					<Vertex X="30361" Y="6034" Z="0"/>
					<Vertex X="30105" Y="5970" Z="0"/>
					<Vertex X="29784" Y="5970" Z="0"/>
					<Vertex X="29591" Y="5970" Z="0"/>
					<Vertex X="29334" Y="5970" Z="0"/>
					<Vertex X="29014" Y="5970" Z="0"/>
					<Vertex X="28821" Y="5970" Z="0"/>
					<Vertex X="28436" Y="5970" Z="0"/>
					<Vertex X="28179" Y="5970" Z="0"/>
					<Vertex X="27858" Y="6034" Z="0"/>
					<Vertex X="27666" Y="6034" Z="0"/>
					<Vertex X="27409" Y="6034" Z="0"/>
					<Vertex X="27088" Y="6162" Z="0"/>
					<Vertex X="26831" Y="6226" Z="0"/>
					<Vertex X="26510" Y="6226" Z="0"/>
					<Vertex X="26253" Y="6355" Z="0"/>
					<Vertex X="25932" Y="6355" Z="0"/>
					<Vertex X="25483" Y="6419" Z="0"/>
					<Vertex X="25098" Y="6547" Z="0"/>
					<Vertex X="24777" Y="6547" Z="0"/>
					<Vertex X="24520" Y="6612" Z="0"/>
					<Vertex X="24199" Y="6740" Z="0"/>
					<Vertex X="23943" Y="6804" Z="0"/>
					<Vertex X="23622" Y="6932" Z="0"/>
					<Vertex X="23172" Y="6997" Z="0"/>
					<Vertex X="22851" Y="7125" Z="0"/>
					<Vertex X="22595" Y="7189" Z="0"/>
					<Vertex X="22274" Y="7189" Z="0"/>
					<Vertex X="22081" Y="7318" Z="0"/>
					<Vertex X="21824" Y="7318" Z="0"/>
					<Vertex X="21632" Y="7318" Z="0"/>
					<Vertex X="21439" Y="7318" Z="0"/>
					<Vertex X="21247" Y="7318" Z="0"/>
					<Vertex X="21054" Y="7189" Z="0"/>
					<Vertex X="20926" Y="7125" Z="0"/>
					<Vertex X="20862" Y="6997" Z="0"/>
					<Vertex X="20669" Y="6804" Z="0"/>
					<Vertex X="20541" Y="6612" Z="0"/>
					<Vertex X="20476" Y="6547" Z="0"/>
					<Vertex X="20348" Y="6355" Z="0"/>
					<Vertex X="20155" Y="6226" Z="0"/>
					<Vertex X="20091" Y="6162" Z="0"/>
					<Vertex X="19963" Y="5970" Z="0"/>
					<Vertex X="19899" Y="5841" Z="0"/>
					<Vertex X="19706" Y="5777" Z="0"/>
					<Vertex X="19578" Y="5649" Z="0"/>
					<Vertex X="19514" Y="5585" Z="0"/>
					<Vertex X="19385" Y="5456" Z="0"/>
					<Vertex X="19193" Y="5392" Z="0"/>
					<Vertex X="19000" Y="5264" Z="0"/>
					<Vertex X="18936" Y="5199" Z="0"/>
					<Vertex X="18743" Y="5199" Z="0"/>
					<Vertex X="18551" Y="5071" Z="0"/>
					<Vertex X="18422" Y="5071" Z="0"/>
					<Vertex X="18230" Y="5071" Z="0"/>
					<Vertex X="18037" Y="5007" Z="0"/>
					<Vertex X="17845" Y="5007" Z="0"/>
					<Vertex X="17588" Y="5007" Z="0"/>
					<Vertex X="17267" Y="5007" Z="0"/>
					<Vertex X="17074" Y="5007" Z="0"/>
					<Vertex X="16882" Y="5007" Z="0"/>
					<Vertex X="16625" Y="5071" Z="0"/>
					<Vertex X="16304" Y="5071" Z="0"/>
					<Vertex X="16047" Y="5199" Z="0"/>
					<Vertex X="15726" Y="5199" Z="0"/>
					<Vertex X="15470" Y="5264" Z="0"/>
					<Vertex X="15085" Y="5456" Z="0"/>
					<Vertex X="14699" Y="5649" Z="0"/>
					<Vertex X="14378" Y="5841" Z="0"/>
					<Vertex X="13993" Y="6034" Z="0"/>
					<Vertex X="13608" Y="6226" Z="0"/>
					<Vertex X="13223" Y="6419" Z="0"/>
					<Vertex X="12966" Y="6612" Z="0"/>
					<Vertex X="12581" Y="6932" Z="0"/>
					<Vertex X="12260" Y="7189" Z="0"/>
					<Vertex X="11875" Y="7510" Z="0"/>
					<Vertex X="11618" Y="7767" Z="0"/>
					<Vertex X="11297" Y="8088" Z="0"/>
					<Vertex X="11041" Y="8345" Z="0"/>
					<Vertex X="10655" Y="8858" Z="0"/>
					<Vertex X="10335" Y="9243" Z="0"/>
					<Vertex X="10142" Y="9628" Z="0"/>
					<Vertex X="9885" Y="9885" Z="0"/>
					<Vertex X="9693" Y="10270" Z="0"/>
					<Vertex X="9372" Y="10655" Z="0"/>
					<Vertex X="9179" Y="10976" Z="0"/>
					<Vertex X="8987" Y="11362" Z="0"/>
					<Vertex X="8922" Y="11747" Z="0"/>
					<Vertex X="8730" Y="12003" Z="0"/>
					<Vertex X="8537" Y="12581" Z="0"/>
					<Vertex X="8345" Y="13095" Z="0"/>
					<Vertex X="8216" Y="13480" Z="0"/>
					<Vertex X="8152" Y="13929" Z="0"/>
					<Vertex X="8024" Y="14314" Z="0"/>
					<Vertex X="7831" Y="14828" Z="0"/>
					<Vertex X="7767" Y="15213" Z="0"/>
					<Vertex X="7639" Y="15662" Z="0"/>
					<Vertex X="7574" Y="16240" Z="0"/>
					<Vertex X="7382" Y="16753" Z="0"/>
					<Vertex X="7382" Y="17139" Z="0"/>
					<Vertex X="7253" Y="17588" Z="0"/>
					<Vertex X="7189" Y="18101" Z="0"/>
					<Vertex X="7061" Y="18486" Z="0"/>
					<Vertex X="7061" Y="18936" Z="0"/>
					<Vertex X="6997" Y="19321" Z="0"/>
					<Vertex X="6868" Y="19834" Z="0"/>
					<Vertex X="6868" Y="20220" Z="0"/>
					<Vertex X="6804" Y="20605" Z="0"/>
					<Vertex X="6676" Y="20990" Z="0"/>
					<Vertex X="6612" Y="21439" Z="0"/>
					<Vertex X="6612" Y="21824" Z="0"/>
					<Vertex X="6483" Y="22209" Z="0"/>
					<Vertex X="6483" Y="22595" Z="0"/>
					<Vertex X="6483" Y="22980" Z="0"/>
					<Vertex X="6419" Y="23365" Z="0"/>
					<Vertex X="6419" Y="23750" Z="0"/>
					<Vertex X="6419" Y="24071" Z="0"/>
					<Vertex X="6291" Y="24456" Z="0"/>
					<Vertex X="6291" Y="24841" Z="0"/>
					<Vertex X="6291" Y="25226" Z="0"/>
					<Vertex X="6291" Y="25611" Z="0"/>
					<Vertex X="6226" Y="25868" Z="0"/>
					<Vertex X="6226" Y="26253" Z="0"/>
					<Vertex X="6226" Y="26831" Z="0"/>
					<Vertex X="6291" Y="27152" Z="0"/>
					<Vertex X="6291" Y="27537" Z="0"/>
					<Vertex X="6291" Y="27922" Z="0"/>
					<Vertex X="6419" Y="28307" Z="0"/>
					<Vertex X="6419" Y="28885" Z="0"/>
					<Vertex X="6483" Y="29142" Z="0"/>
					<Vertex X="6483" Y="29463" Z="0"/>
					<Vertex X="6612" Y="29720" Z="0"/>
					<Vertex X="6612" Y="30105" Z="0"/>
					<Vertex X="6676" Y="30426" Z="0"/>
					<Vertex X="6676" Y="30682" Z="0"/>
					<Vertex X="6868" Y="31132" Z="0"/>
					<Vertex X="6868" Y="31324" Z="0"/>
					<Vertex X="6997" Y="31581" Z="0"/>
					<Vertex X="7061" Y="31838" Z="0"/>
					<Vertex X="7189" Y="32030" Z="0"/>
					<Vertex X="7253" Y="32223" Z="0"/>
					<Vertex X="7382" Y="32415" Z="0"/>
					<Vertex X="7446" Y="32608" Z="0"/>
					<Vertex X="7574" Y="32801" Z="0"/>
					<Vertex X="7767" Y="32993" Z="0"/>
					<Vertex X="7831" Y="33186" Z="0"/>
					<Vertex X="7960" Y="33378" Z="0"/>
					<Vertex X="8024" Y="33571" Z="0"/>
					<Vertex X="8216" Y="33763" Z="0"/>
					<Vertex X="8345" Y="33892" Z="0"/>
					<Vertex X="8409" Y="34084" Z="0"/>
					<Vertex X="8730" Y="34341" Z="0"/>
					<Vertex X="8922" Y="34598" Z="0"/>
					<Vertex X="8987" Y="34726" Z="0"/>
					<Vertex X="9179" Y="34919" Z="0"/>
					<Vertex X="9372" Y="35111" Z="0"/>
					<Vertex X="9564" Y="35240" Z="0"/>
					<Vertex X="9885" Y="35432" Z="0"/>
					<Vertex X="10078" Y="35497" Z="0"/>
					<Vertex X="10270" Y="35817" Z="0"/>
					<Vertex X="10463" Y="35882" Z="0"/>
					<Vertex X="10655" Y="36010" Z="0"/>
					<Vertex X="10848" Y="36074" Z="0"/>
					<Vertex X="11041" Y="36203" Z="0"/>
					<Vertex X="11233" Y="36395" Z="0"/>
					<Vertex X="11426" Y="36459" Z="0"/>
					<Vertex X="11618" Y="36588" Z="0"/>
					<Vertex X="11811" Y="36652" Z="0"/>
					<Vertex X="12068" Y="36780" Z="0"/>
					<Vertex X="12389" Y="36845" Z="0"/>
					<Vertex X="12453" Y="36973" Z="0"/>
					<Vertex X="12774" Y="37037" Z="0"/>
					<Vertex X="12966" Y="37230" Z="0"/>
					<Vertex X="13223" Y="37358" Z="0"/>
					<Vertex X="13416" Y="37422" Z="0"/>
					<Vertex X="13608" Y="37551" Z="0"/>
					<Vertex X="13801" Y="37743" Z="0"/>
					<Vertex X="13993" Y="37807" Z="0"/>
					<Vertex X="14186" Y="37936" Z="0"/>
					<Vertex X="14378" Y="38128" Z="0"/>
					<Vertex X="14571" Y="38192" Z="0"/>
					<Vertex X="14699" Y="38513" Z="0"/>
					<Vertex X="14892" Y="38578" Z="0"/>
					<Vertex X="14956" Y="38770" Z="0"/>
					<Vertex X="15085" Y="38963" Z="0"/>
					<Vertex X="15149" Y="39091" Z="0"/>
					<Vertex X="15277" Y="39284" Z="0"/>
					<Vertex X="15277" Y="39348" Z="0"/>
					<Vertex X="15341" Y="39669" Z="0"/>
					<Vertex X="15341" Y="39861" Z="0"/>
					<Vertex X="15341" Y="40054" Z="0"/>
					<Vertex X="15341" Y="40247" Z="0"/>
					<Vertex X="15341" Y="40439" Z="0"/>
					<Vertex X="15341" Y="40632" Z="0"/>
					<Vertex X="15277" Y="40888" Z="0"/>
					<Vertex X="15277" Y="41017" Z="0"/>
					<Vertex X="15085" Y="41209" Z="0"/>
					<Vertex X="15085" Y="41402" Z="0"/>
					<Vertex X="14892" Y="41466" Z="0"/>
					<Vertex X="14764" Y="41594" Z="0"/>
					<Vertex X="14571" Y="41659" Z="0"/>
					<Vertex X="14507" Y="41787" Z="0"/>
					<Vertex X="14186" Y="41787" Z="0"/>
					<Vertex X="13993" Y="41787" Z="0"/>
					<Vertex X="13801" Y="41851" Z="0"/>
					<Vertex X="13608" Y="41851" Z="0"/>
					<Vertex X="13223" Y="41851" Z="0"/>
					<Vertex X="13030" Y="41980" Z="0"/>
					<Vertex X="12838" Y="41980" Z="0"/>
					<Vertex X="12581" Y="41980" Z="0"/>
					<Vertex X="12389" Y="42044" Z="0"/>
					<Vertex X="12003" Y="42044" Z="0"/>
					<Vertex X="11682" Y="42236" Z="0"/>
					<Vertex X="11426" Y="42365" Z="0"/>
					<Vertex X="11105" Y="42429" Z="0"/>
					<Vertex X="10912" Y="42622" Z="0"/>
					<Vertex X="10655" Y="42750" Z="0"/>
					<Vertex X="10463" Y="42942" Z="0"/>
					<Vertex X="10142" Y="43199" Z="0"/>
					<Vertex X="9949" Y="43392" Z="0"/>
					<Vertex X="9757" Y="43713" Z="0"/>
					<Vertex X="9564" Y="43777" Z="0"/>
					<Vertex X="9500" Y="43969" Z="0"/>
					<Vertex X="9372" Y="44098" Z="0"/>
					<Vertex X="9372" Y="44290" Z="0"/>
					<Vertex X="9308" Y="44355" Z="0"/>
					<Vertex X="9179" Y="44547" Z="0"/>
					<Vertex X="9179" Y="44676" Z="0"/>
					<Vertex X="9115" Y="44740" Z="0"/>
					<Vertex X="9115" Y="44932" Z="0"/>
					<Vertex X="8987" Y="45061" Z="0"/>
					<Vertex X="8922" Y="45253" Z="0"/>
					<Vertex X="8730" Y="45446" Z="0"/>
					<Vertex X="8601" Y="45703" Z="0"/>
					<Vertex X="8409" Y="45895" Z="0"/>
					<Vertex X="8152" Y="46216" Z="0"/>
					<Vertex X="7960" Y="46280" Z="0"/>
					<Vertex X="7639" Y="46473" Z="0"/>
					<Vertex X="7382" Y="46601" Z="0"/>
					<Vertex X="7061" Y="46665" Z="0"/>
					<Vertex X="6868" Y="46858" Z="0"/>
					<Vertex X="6612" Y="47051" Z="0"/>
					<Vertex X="6419" Y="47179" Z="0"/>
					<Vertex X="6226" Y="47371" Z="0"/>
					<Vertex X="5905" Y="47628" Z="0"/>
					<Vertex X="5713" Y="47949" Z="0"/>
					<Vertex X="5520" Y="48142" Z="0"/>
					<Vertex X="5328" Y="48334" Z="0"/>
					<Vertex X="5264" Y="48527" Z="0"/>
					<Vertex X="5071" Y="48784" Z="0"/>
					<Vertex X="4943" Y="49040" Z="0"/>
					<Vertex X="4750" Y="49297" Z="0"/>
					<Vertex X="4686" Y="49811" Z="0"/>
					<Vertex X="4558" Y="50132" Z="0"/>
					<Vertex X="4493" Y="50517" Z="0"/>
					<Vertex X="4365" Y="50902" Z="0"/>
					<Vertex X="4301" Y="51223" Z="0"/>
					<Vertex X="4172" Y="51801" Z="0"/>
					<Vertex X="4108" Y="52186" Z="0"/>
					<Vertex X="4108" Y="52571" Z="0"/>
					<Vertex X="3980" Y="52956" Z="0"/>
					<Vertex X="3980" Y="53534" Z="0"/>
					<Vertex X="3980" Y="53790" Z="0"/>
					<Vertex X="3980" Y="54176" Z="0"/>
					<Vertex X="3980" Y="54561" Z="0"/>
					<Vertex X="4108" Y="54946" Z="0"/>
					<Vertex X="4108" Y="55331" Z="0"/>
					<Vertex X="4108" Y="55844" Z="0"/>
					<Vertex X="4108" Y="56294" Z="0"/>
					<Vertex X="4108" Y="56679" Z="0"/>
					<Vertex X="4172" Y="57064" Z="0"/>
					<Vertex X="4172" Y="57449" Z="0"/>
					<Vertex X="4172" Y="57834" Z="0"/>
					<Vertex X="4172" Y="58155" Z="0"/>
					<Vertex X="4108" Y="58733" Z="0"/>
					<Vertex X="4108" Y="59118" Z="0"/>
					<Vertex X="4108" Y="59503" Z="0"/>
					<Vertex X="4108" Y="59760" Z="0"/>
					<Vertex X="4108" Y="60338" Z="0"/>
					<Vertex X="4108" Y="60723" Z="0"/>
					<Vertex X="4108" Y="61108" Z="0"/>
					<Vertex X="4108" Y="61493" Z="0"/>
					<Vertex X="4108" Y="61878" Z="0"/>
					<Vertex X="4108" Y="62520" Z="0"/>
					<Vertex X="4108" Y="62841" Z="0"/>
					<Vertex X="3980" Y="63355" Z="0"/>
					<Vertex X="3980" Y="63740" Z="0"/>
					<Vertex X="3916" Y="64125" Z="0"/>
					<Vertex X="3916" Y="64510" Z="0"/>
					<Vertex X="3916" Y="64959" Z="0"/>
					<Vertex X="3787" Y="65537" Z="0"/>
					<Vertex X="3723" Y="66050" Z="0"/>
					<Vertex X="3595" Y="66436" Z="0"/>
					<Vertex X="3595" Y="66821" Z="0"/>
					<Vertex X="3531" Y="67206" Z="0"/>
					<Vertex X="3531" Y="67591" Z="0"/>
					<Vertex X="3466" Y="68297" Z="0"/>
					<Vertex X="3466" Y="68618" Z="0"/>
					<Vertex X="3466" Y="69003" Z="0"/>
					<Vertex X="3338" Y="69388" Z="0"/>
					<Vertex X="3338" Y="69773" Z="0"/>
					<Vertex X="3338" Y="70415" Z="0"/>
					<Vertex X="3338" Y="70865" Z="0"/>
					<Vertex X="3338" Y="71378" Z="0"/>
					<Vertex X="3338" Y="71763" Z="0"/>
					<Vertex X="3338" Y="72213" Z="0"/>
					<Vertex X="3338" Y="72662" Z="0"/>
					<Vertex X="3338" Y="73111" Z="0"/>
					<Vertex X="3466" Y="73561" Z="0"/>
					<Vertex X="3466" Y="74138" Z="0"/>
					<Vertex X="3466" Y="74523" Z="0"/>
					<Vertex X="3466" Y="75037" Z="0"/>
					<Vertex X="3466" Y="75294" Z="0"/>
					<Vertex X="3466" Y="75679" Z="0"/>
					<Vertex X="3531" Y="76257" Z="0"/>
					<Vertex X="3531" Y="76642" Z="0"/>
					<Vertex X="3531" Y="77027" Z="0"/>
					<Vertex X="3531" Y="77284" Z="0"/>
					<Vertex X="3531" Y="77669" Z="0"/>
					<Vertex X="3531" Y="78054" Z="0"/>
					<Vertex X="3531" Y="78631" Z="0"/>
					<Vertex X="3531" Y="79017" Z="0"/>
					<Vertex X="3531" Y="79530" Z="0"/>
					<Vertex X="3531" Y="79915" Z="0"/>
					<Vertex X="3531" Y="80300" Z="0"/>
					<Vertex X="3531" Y="80878" Z="0"/>
					<Vertex X="3595" Y="81263" Z="0"/>
					<Vertex X="3595" Y="81648" Z="0"/>
					<Vertex X="3595" Y="82034" Z="0"/>
					<Vertex X="3595" Y="82290" Z="0"/>
					<Vertex X="3595" Y="82740" Z="0"/>
					<Vertex X="3723" Y="83189" Z="0"/>
					<Vertex X="3787" Y="83446" Z="0"/>
					<Vertex X="3787" Y="83767" Z="0"/>
					<Vertex X="3787" Y="84152" Z="0"/>
					<Vertex X="3916" Y="84409" Z="0"/>
					<Vertex X="3916" Y="84729" Z="0"/>
					<Vertex X="3980" Y="84986" Z="0"/>
					<Vertex X="4108" Y="85179" Z="0"/>
					<Vertex X="4108" Y="85500" Z="0"/>
					<Vertex X="4172" Y="85692" Z="0"/>
					<Vertex X="4172" Y="85885" Z="0"/>
					<Vertex X="4301" Y="86077" Z="0"/>
					<Vertex X="4365" Y="86334" Z="0"/>
					<Vertex X="4493" Y="86527" Z="0"/>
					<Vertex X="4493" Y="86655" Z="0"/>
					<Vertex X="4558" Y="86848" Z="0"/>
					<Vertex X="4686" Y="87104" Z="0"/>
					<Vertex X="4750" Y="87233" Z="0"/>
					<Vertex X="4878" Y="87554" Z="0"/>
					<Vertex X="4943" Y="87682" Z="0"/>
					<Vertex X="5071" Y="87811" Z="0"/>
					<Vertex X="5199" Y="88003" Z="0"/>
					<Vertex X="5264" Y="88196" Z="0"/>
					<Vertex X="5328" Y="88388" Z="0"/>
					<Vertex X="5520" Y="88581" Z="0"/>
					<Vertex X="5713" Y="88773" Z="0"/>
					<Vertex X="5841" Y="88838" Z="0"/>
					<Vertex X="5905" Y="89030" Z="0"/>
					<Vertex X="6098" Y="89223" Z="0"/>
					<Vertex X="6226" Y="89415" Z="0"/>
					<Vertex X="6483" Y="89608" Z="0"/>
					<Vertex X="6612" Y="89800" Z="0"/>
					<Vertex X="6804" Y="89929" Z="0"/>
					<Vertex X="6997" Y="89993" Z="0"/>
					<Vertex X="7189" Y="90121" Z="0"/>
					<Vertex X="7574" Y="90186" Z="0"/>
					<Vertex X="7767" Y="90314" Z="0"/>
					<Vertex X="7960" Y="90378" Z="0"/>
					<Vertex X="8152" Y="90506" Z="0"/>
					<Vertex X="8345" Y="90506" Z="0"/>
					<Vertex X="8601" Y="90571" Z="0"/>
					<Vertex X="8794" Y="90571" Z="0"/>
					<Vertex X="8987" Y="90571" Z="0"/>
					<Vertex X="9179" Y="90571" Z="0"/>
					<Vertex X="9372" Y="90571" Z="0"/>
					<Vertex X="9628" Y="90571" Z="0"/>
					<Vertex X="9885" Y="90571" Z="0"/>
					<Vertex X="10142" Y="90506" Z="0"/>
					<Vertex X="10335" Y="90506" Z="0"/>
					<Vertex X="10527" Y="90378" Z="0"/>
					<Vertex X="10720" Y="90314" Z="0"/>
					<Vertex X="10848" Y="90314" Z="0"/>
					<Vertex X="11041" Y="90186" Z="0"/>
					<Vertex X="11362" Y="89993" Z="0"/>
					<Vertex X="11490" Y="89929" Z="0"/>
					<Vertex X="11682" Y="89736" Z="0"/>
					<Vertex X="11875" Y="89544" Z="0"/>
					<Vertex X="12068" Y="89351" Z="0"/>
					<Vertex X="12260" Y="89158" Z="0"/>
					<Vertex X="12453" Y="88966" Z="0"/>
					<Vertex X="12645" Y="88773" Z="0"/>
					<Vertex X="12774" Y="88581" Z="0"/>
					<Vertex X="12966" Y="88260" Z="0"/>
					<Vertex X="13159" Y="88196" Z="0"/>
					<Vertex X="13351" Y="88003" Z="0"/>
					<Vertex X="13416" Y="87875" Z="0"/>
					<Vertex X="13608" Y="87682" Z="0"/>
					<Vertex X="13865" Y="87618" Z="0"/>
					<Vertex X="13929" Y="87425" Z="0"/>
					<Vertex X="14122" Y="87233" Z="0"/>
					<Vertex X="14186" Y="87040" Z="0"/>
					<Vertex X="14378" Y="86912" Z="0"/>
					<Vertex X="14507" Y="86719" Z="0"/>
					<Vertex X="14571" Y="86655" Z="0"/>
					<Vertex X="14699" Y="86527" Z="0"/>
					<Vertex X="14892" Y="86270" Z="0"/>
					<Vertex X="14956" Y="86077" Z="0"/>
					<Vertex X="15085" Y="85949" Z="0"/>
					<Vertex X="15149" Y="85756" Z="0"/>
					<Vertex X="15277" Y="85500" Z="0"/>
					<Vertex X="15341" Y="85307" Z="0"/>
					<Vertex X="15598" Y="84986" Z="0"/>
					<Vertex X="15662" Y="84729" Z="0"/>
					<Vertex X="15726" Y="84409" Z="0"/>
					<Vertex X="15855" Y="84216" Z="0"/>
					<Vertex X="15919" Y="83959" Z="0"/>
					<Vertex X="16047" Y="83574" Z="0"/>
					<Vertex X="16047" Y="83381" Z="0"/>
					<Vertex X="16112" Y="83061" Z="0"/>
					<Vertex X="16240" Y="82804" Z="0"/>
					<Vertex X="16240" Y="82611" Z="0"/>
					<Vertex X="16240" Y="82419" Z="0"/>
					<Vertex X="16240" Y="82226" Z="0"/>
					<Vertex X="16240" Y="81905" Z="0"/>
					<Vertex X="16240" Y="81777" Z="0"/>
					<Vertex X="16240" Y="81520" Z="0"/>
					<Vertex X="16240" Y="81327" Z="0"/>
					<Vertex X="16240" Y="81135" Z="0"/>
					<Vertex X="16112" Y="80878" Z="0"/>
					<Vertex X="16047" Y="80814" Z="0"/>
					<Vertex X="16047" Y="80493" Z="0"/>
					<Vertex X="15919" Y="80300" Z="0"/>
					<Vertex X="15726" Y="79979" Z="0"/>
					<Vertex X="15662" Y="79851" Z="0"/>
					<Vertex X="15598" Y="79723" Z="0"/>
					<Vertex X="15341" Y="79530" Z="0"/>
					<Vertex X="15277" Y="79209" Z="0"/>
					<Vertex X="15085" Y="78952" Z="0"/>
					<Vertex X="14892" Y="78760" Z="0"/>
					<Vertex X="14828" Y="78567" Z="0"/>
					<Vertex X="14699" Y="78375" Z="0"/>
					<Vertex X="14699" Y="78054" Z="0"/>
					<Vertex X="14571" Y="77797" Z="0"/>
					<Vertex X="14571" Y="77476" Z="0"/>
					<Vertex X="14571" Y="77219" Z="0"/>
					<Vertex X="14699" Y="76834" Z="0"/>
					<Vertex X="14892" Y="76642" Z="0"/>
					<Vertex X="14956" Y="76449" Z="0"/>
					<Vertex X="15149" Y="76128" Z="0"/>
					<Vertex X="15341" Y="76000" Z="0"/>
					<Vertex X="15726" Y="75743" Z="0"/>
					<Vertex X="15919" Y="75679" Z="0"/>
					<Vertex X="16240" Y="75550" Z="0"/>
					<Vertex X="16689" Y="75486" Z="0"/>
					<Vertex X="17010" Y="75486" Z="0"/>
					<Vertex X="17331" Y="75358" Z="0"/>
					<Vertex X="17652" Y="75358" Z="0"/>
					<Vertex X="18037" Y="75358" Z="0"/>
					<Vertex X="18551" Y="75294" Z="0"/>
					<Vertex X="19064" Y="75294" Z="0"/>
					<Vertex X="19385" Y="75165" Z="0"/>
					<Vertex X="20091" Y="75101" Z="0"/>
					<Vertex X="20476" Y="75037" Z="0"/>
					<Vertex X="20926" Y="75037" Z="0"/>
					<Vertex X="21439" Y="74909" Z="0"/>
					<Vertex X="22209" Y="74780" Z="0"/>
					<Vertex X="22659" Y="74716" Z="0"/>
					<Vertex X="23172" Y="74716" Z="0"/>
					<Vertex X="23557" Y="74716" Z="0"/>
					<Vertex X="24007" Y="74716" Z="0"/>
					<Vertex X="24713" Y="74588" Z="0"/>
					<Vertex X="25098" Y="74523" Z="0"/>
					<Vertex X="25676" Y="74395" Z="0"/>
					<Vertex X="26061" Y="74331" Z="0"/>
					<Vertex X="26639" Y="74202" Z="0"/>
					<Vertex X="26959" Y="74138" Z="0"/>
					<Vertex X="27216" Y="74331" Z="0"/>
					<Vertex X="32287" Y="73432" Z="0"/>
					<Vertex X="33186" Y="73432" Z="0"/>
					<Vertex X="33571" Y="73561" Z="0"/>
					<Vertex X="33892" Y="73561" Z="0"/>
					<Vertex X="34341" Y="73625" Z="0"/>
					<Vertex X="34598" Y="73753" Z="0"/>
					<Vertex X="34855" Y="73946" Z="0"/>
					<Vertex X="35240" Y="74074" Z="0"/>
					<Vertex X="35368" Y="74138" Z="0"/>
					<Vertex X="35497" Y="74331" Z="0"/>
					<Vertex X="35818" Y="74523" Z="0"/>
					<Vertex X="36010" Y="74588" Z="0"/>
					<Vertex X="36074" Y="74780" Z="0"/>
					<Vertex X="36331" Y="75037" Z="0"/>
					<Vertex X="36588" Y="75165" Z="0"/>
					<Vertex X="36780" Y="75294" Z="0"/>
					<Vertex X="36973" Y="75358" Z="0"/>
					<Vertex X="37101" Y="75550" Z="0"/>
					<Vertex X="37422" Y="75679" Z="0"/>
					<Vertex X="37615" Y="75871" Z="0"/>
					<Vertex X="37936" Y="76000" Z="0"/>
					<Vertex X="38193" Y="76064" Z="0"/>
					<Vertex X="38513" Y="76257" Z="0"/>
					<Vertex X="38770" Y="76449" Z="0"/>
					<Vertex X="39027" Y="76642" Z="0"/>
					<Vertex X="39284" Y="76706" Z="0"/>
					<Vertex X="39476" Y="76963" Z="0"/>
					<Vertex X="39669" Y="77091" Z="0"/>
					<Vertex X="39797" Y="77284" Z="0"/>
					<Vertex X="39926" Y="77412" Z="0"/>
					<Vertex X="40118" Y="77604" Z="0"/>
					<Vertex X="40311" Y="77797" Z="0"/>
					<Vertex X="40439" Y="77925" Z="0"/>
					<Vertex X="40503" Y="78054" Z="0"/>
					<Vertex X="40696" Y="78246" Z="0"/>
					<Vertex X="40760" Y="78439" Z="0"/>
					<Vertex X="41017" Y="78631" Z="0"/>
					<Vertex X="41081" Y="78760" Z="0"/>
					<Vertex X="41209" Y="78952" Z="0"/>
					<Vertex X="41274" Y="79145" Z="0"/>
					<Vertex X="41402" Y="79402" Z="0"/>
					<Vertex X="41466" Y="79594" Z="0"/>
					<Vertex X="41595" Y="79851" Z="0"/>
					<Vertex X="41659" Y="79979" Z="0"/>
					<Vertex X="41787" Y="80172" Z="0"/>
					<Vertex X="41851" Y="80365" Z="0"/>
					<Vertex X="41980" Y="80493" Z="0"/>
					<Vertex X="42044" Y="80814" Z="0"/>
					<Vertex X="42108" Y="80878" Z="0"/>
					<Vertex X="42301" Y="81071" Z="0"/>
					<Vertex X="42493" Y="81263" Z="0"/>
					<Vertex X="42750" Y="81327" Z="0"/>
					<Vertex X="42814" Y="81456" Z="0"/>
					<Vertex X="43135" Y="81520" Z="0"/>
					<Vertex X="43328" Y="81777" Z="0"/>
					<Vertex X="43520" Y="81841" Z="0"/>
					<Vertex X="43777" Y="81905" Z="0"/>
					<Vertex X="43970" Y="82034" Z="0"/>
					<Vertex X="44226" Y="82226" Z="0"/>
					<Vertex X="44483" Y="82290" Z="0"/>
					<Vertex X="44740" Y="82419" Z="0"/>
					<Vertex X="44868" Y="82419" Z="0"/>
					<Vertex X="45061" Y="82483" Z="0"/>
					<Vertex X="45125" Y="82483" Z="0"/>
					<Vertex X="45317" Y="82611" Z="0"/>
					<Vertex X="45446" Y="82611" Z="0"/>
					<Vertex X="45574" Y="82611" Z="0"/>
					<Vertex X="45895" Y="82611" Z="0"/>
					<Vertex X="46088" Y="82611" Z="0"/>
					<Vertex X="46409" Y="82611" Z="0"/>
					<Vertex X="46601" Y="82740" Z="0"/>
					<Vertex X="46794" Y="82740" Z="0"/>
					<Vertex X="47051" Y="82740" Z="0"/>
					<Vertex X="47179" Y="82740" Z="0"/>
					<Vertex X="47307" Y="82804" Z="0"/>
					<Vertex X="47436" Y="82868" Z="0"/>
					<Vertex X="47500" Y="82868" Z="0"/>
					<Vertex X="47628" Y="82996" Z="0"/>
					<Vertex X="47692" Y="83189" Z="0"/>
					<Vertex X="47821" Y="83381" Z="0"/>
					<Vertex X="47821" Y="83446" Z="0"/>
					<Vertex X="47692" Y="83638" Z="0"/>
					<Vertex X="47692" Y="83831" Z="0"/>
					<Vertex X="47692" Y="83959" Z="0"/>
					<Vertex X="47692" Y="84023" Z="0"/>
					<Vertex X="47692" Y="84152" Z="0"/>
					<Vertex X="47949" Y="84344" Z="0"/>
					<Vertex X="48142" Y="84409" Z="0"/>
					<Vertex X="48206" Y="84665" Z="0"/>
					<Vertex X="48527" Y="84729" Z="0"/>
					<Vertex X="48720" Y="84922" Z="0"/>
					<Vertex X="48976" Y="84986" Z="0"/>
					<Vertex X="49169" Y="85115" Z="0"/>
					<Vertex X="49426" Y="85307" Z="0"/>
					<Vertex X="49682" Y="85371" Z="0"/>
					<Vertex X="49875" Y="85500" Z="0"/>
					<Vertex X="50260" Y="85564" Z="0"/>
					<Vertex X="50453" Y="85692" Z="0"/>
					<Vertex X="50709" Y="85756" Z="0"/>
					<Vertex X="50902" Y="85885" Z="0"/>
					<Vertex X="50966" Y="85949" Z="0"/>
					<Vertex X="51159" Y="85949" Z="0"/>
					<Vertex X="51415" Y="85949" Z="0"/>
					<Vertex X="51608" Y="86077" Z="0"/>
					<Vertex X="51801" Y="86142" Z="0"/>
					<Vertex X="51865" Y="86142" Z="0"/>
					<Vertex X="52122" Y="86270" Z="0"/>
					<Vertex X="52378" Y="86270" Z="0"/>
					<Vertex X="52635" Y="86334" Z="0"/>
					<Vertex X="52828" Y="86334" Z="0"/>
					<Vertex X="53020" Y="86334" Z="0"/>
					<Vertex X="53213" Y="86463" Z="0"/>
					<Vertex X="53405" Y="86463" Z="0"/>
					<Vertex X="53534" Y="86527" Z="0"/>
					<Vertex X="53726" Y="86527" Z="0"/>
					<Vertex X="53983" Y="86527" Z="0"/>
					<Vertex X="54176" Y="86527" Z="0"/>
					<Vertex X="54368" Y="86527" Z="0"/>
					<Vertex X="54432" Y="86527" Z="0"/>
					<Vertex X="54625" Y="86655" Z="0"/>
					<Vertex X="54882" Y="86655" Z="0"/>
					<Vertex X="54946" Y="86527" Z="0"/>
					<Vertex X="55138" Y="86527" Z="0"/>
					<Vertex X="55267" Y="86527" Z="0"/>
					<Vertex X="55331" Y="86527" Z="0"/>
					<Vertex X="55524" Y="86527" Z="0"/>
					<Vertex X="55588" Y="86527" Z="0"/>
					<Vertex X="55716" Y="86527" Z="0"/>
					<Vertex X="55909" Y="86527" Z="0"/>
					<Vertex X="55973" Y="86463" Z="0"/>
					<Vertex X="56165" Y="86463" Z="0"/>
					<Vertex X="56294" Y="86334" Z="0"/>
					<Vertex X="56358" Y="86334" Z="0"/>
					<Vertex X="56486" Y="86270" Z="0"/>
					<Vertex X="56679" Y="86142" Z="0"/>
					<Vertex X="56679" Y="86077" Z="0"/>
					<Vertex X="56871" Y="85949" Z="0"/>
					<Vertex X="57000" Y="85885" Z="0"/>
					<Vertex X="57064" Y="85756" Z="0"/>
					<Vertex X="57192" Y="85564" Z="0"/>
					<Vertex X="57257" Y="85500" Z="0"/>
					<Vertex X="57257" Y="85307" Z="0"/>
					<Vertex X="57321" Y="85179" Z="0"/>
					<Vertex X="57321" Y="84922" Z="0"/>
					<Vertex X="57321" Y="84794" Z="0"/>
					<Vertex X="57449" Y="84537" Z="0"/>
					<Vertex X="57449" Y="84409" Z="0"/>
					<Vertex X="57449" Y="84216" Z="0"/>
					<Vertex X="57449" Y="84023" Z="0"/>
					<Vertex X="57449" Y="83831" Z="0"/>
					<Vertex X="57449" Y="83638" Z="0"/>
					<Vertex X="57578" Y="83574" Z="0"/>
					<Vertex X="57642" Y="83381" Z="0"/>
					<Vertex X="57642" Y="83189" Z="0"/>
					<Vertex X="57706" Y="82996" Z="0"/>
					<Vertex X="57706" Y="82868" Z="0"/>
					<Vertex X="57706" Y="82804" Z="0"/>
					<Vertex X="57706" Y="82740" Z="0"/>
					<Vertex X="57706" Y="82483" Z="0"/>
					<Vertex X="57706" Y="82419" Z="0"/>
					<Vertex X="57834" Y="82098" Z="0"/>
					<Vertex X="57899" Y="81905" Z="0"/>
					<Vertex X="58027" Y="81777" Z="0"/>
					<Vertex X="58219" Y="81520" Z="0"/>
					<Vertex X="58348" Y="81263" Z="0"/>
					<Vertex X="58540" Y="81071" Z="0"/>
					<Vertex X="58605" Y="80942" Z="0"/>
					<Vertex X="58797" Y="80878" Z="0"/>
					<Vertex X="58926" Y="80814" Z="0"/>
					<Vertex X="58990" Y="80686" Z="0"/>
					<Vertex X="59054" Y="80686" Z="0"/>
					<Vertex X="59311" Y="80686" Z="0"/>
					<Vertex X="59375" Y="80557" Z="0"/>
					<Vertex X="59632" Y="80557" Z="0"/>
					<Vertex X="59824" Y="80493" Z="0"/>
					<Vertex X="60081" Y="80365" Z="0"/>
					<Vertex X="60274" Y="80300" Z="0"/>
					<Vertex X="60338" Y="80172" Z="0"/>
					<Vertex X="60530" Y="80108" Z="0"/>
					<Vertex X="60723" Y="79979" Z="0"/>
					<Vertex X="60787" Y="79915" Z="0"/>
					<Vertex X="61044" Y="79851" Z="0"/>
					<Vertex X="61044" Y="79723" Z="0"/>
					<Vertex X="61172" Y="79594" Z="0"/>
					<Vertex X="61301" Y="79530" Z="0"/>
					<Vertex X="61493" Y="79338" Z="0"/>
					<Vertex X="61557" Y="79145" Z="0"/>
					<Vertex X="61814" Y="78952" Z="0"/>
					<Vertex X="62007" Y="78760" Z="0"/>
					<Vertex X="62071" Y="78439" Z="0"/>
					<Vertex X="62263" Y="78246" Z="0"/>
					<Vertex X="62263" Y="78054" Z="0"/>
					<Vertex X="62392" Y="77925" Z="0"/>
					<Vertex X="62456" Y="77669" Z="0"/>
					<Vertex X="62520" Y="77476" Z="0"/>
					<Vertex X="62520" Y="77219" Z="0"/>
					<Vertex X="62649" Y="77027" Z="0"/>
					<Vertex X="62841" Y="76706" Z="0"/>
					<Vertex X="62969" Y="76513" Z="0"/>
					<Vertex X="63034" Y="76257" Z="0"/>
					<Vertex X="63226" Y="76064" Z="0"/>
					<Vertex X="63547" Y="75871" Z="0"/>
					<Vertex X="63740" Y="75550" Z="0"/>
					<Vertex X="63932" Y="75358" Z="0"/>
					<Vertex X="63996" Y="75294" Z="0"/>
					<Vertex X="64189" Y="75037" Z="0"/>
					<Vertex X="64382" Y="74780" Z="0"/>
					<Vertex X="64510" Y="74588" Z="0"/>
					<Vertex X="64574" Y="74523" Z="0"/>
					<Vertex X="64703" Y="74331" Z="0"/>
					<Vertex X="64767" Y="74138" Z="0"/>
					<Vertex X="64831" Y="73946" Z="0"/>
					<Vertex X="64959" Y="73625" Z="0"/>
					<Vertex X="65023" Y="73561" Z="0"/>
					<Vertex X="65152" Y="73304" Z="0"/>
					<Vertex X="65216" Y="72983" Z="0"/>
					<Vertex X="65344" Y="72662" Z="0"/>
					<Vertex X="65473" Y="72405" Z="0"/>
					<Vertex X="65537" Y="72148" Z="0"/>
					<Vertex X="65537" Y="71827" Z="0"/>
					<Vertex X="65665" Y="71635" Z="0"/>
					<Vertex X="65730" Y="71250" Z="0"/>
					<Vertex X="65730" Y="71186" Z="0"/>
					<Vertex X="65858" Y="70865" Z="0"/>
					<Vertex X="65922" Y="70544" Z="0"/>
					<Vertex X="65922" Y="70480" Z="0"/>
					<Vertex X="65986" Y="70287" Z="0"/>
					<Vertex X="65986" Y="70094" Z="0"/>
					<Vertex X="65986" Y="69902" Z="0"/>
					<Vertex X="65986" Y="69709" Z="0"/>
					<Vertex X="65986" Y="69517" Z="0"/>
					<Vertex X="65922" Y="69260" Z="0"/>
					<Vertex X="65858" Y="69003" Z="0"/>
					<Vertex X="65858" Y="68811" Z="0"/>
					<Vertex X="65730" Y="68490" Z="0"/>
					<Vertex X="65665" Y="68297" Z="0"/>
					<Vertex X="65537" Y="67976" Z="0"/>
					<Vertex X="65473" Y="67591" Z="0"/>
					<Vertex X="65344" Y="67398" Z="0"/>
					<Vertex X="65152" Y="67013" Z="0"/>
					<Vertex X="65023" Y="66500" Z="0"/>
					<Vertex X="64831" Y="66243" Z="0"/>
					<Vertex X="64703" Y="65922" Z="0"/>
					<Vertex X="64574" Y="65665" Z="0"/>
					<Vertex X="64382" Y="65409" Z="0"/>
					<Vertex X="64125" Y="65088" Z="0"/>
					<Vertex X="63804" Y="64767" Z="0"/>
					<Vertex X="63547" Y="64510" Z="0"/>
					<Vertex X="63034" Y="64189" Z="0"/>
					<Vertex X="62777" Y="63932" Z="0"/>
					<Vertex X="62263" Y="63740" Z="0"/>
					<Vertex X="61814" Y="63483" Z="0"/>
					<Vertex X="61493" Y="63355" Z="0"/>
					<Vertex X="61044" Y="63226" Z="0"/>
					<Vertex X="60530" Y="63162" Z="0"/>
					<Vertex X="60274" Y="63034" Z="0"/>
					<Vertex X="59760" Y="63034" Z="0"/>
					<Vertex X="59311" Y="63034" Z="0"/>
					<Vertex X="58990" Y="63034" Z="0"/>
					<Vertex X="58605" Y="63162" Z="0"/>
					<Vertex X="58091" Y="63162" Z="0"/>
					<Vertex X="57834" Y="63226" Z="0"/>
					<Vertex X="57449" Y="63226" Z="0"/>
					<Vertex X="57064" Y="63226" Z="0"/>
					<Vertex X="56871" Y="63226" Z="0"/>
					<Vertex X="56358" Y="63355" Z="0"/>
					<Vertex X="55909" Y="63355" Z="0"/>
					<Vertex X="55524" Y="63355" Z="0"/>
					<Vertex X="55267" Y="63355" Z="0"/>
					<Vertex X="54882" Y="63355" Z="0"/>
					<Vertex X="54368" Y="63226" Z="0"/>
					<Vertex X="54176" Y="63226" Z="0"/>
					<Vertex X="53726" Y="63226" Z="0"/>
					<Vertex X="53405" Y="63162" Z="0"/>
					<Vertex X="53213" Y="63034" Z="0"/>
					<Vertex X="52828" Y="62969" Z="0"/>
					<Vertex X="52507" Y="62841" Z="0"/>
					<Vertex X="52122" Y="62713" Z="0"/>
					<Vertex X="51865" Y="62584" Z="0"/>
					<Vertex X="51608" Y="62520" Z="0"/>
					<Vertex X="51415" Y="62392" Z="0"/>
					<Vertex X="51159" Y="62263" Z="0"/>
					<Vertex X="50966" Y="62199" Z="0"/>
					<Vertex X="50902" Y="62199" Z="0"/>
					<Vertex X="50709" Y="62135" Z="0"/>
					<Vertex X="50517" Y="62135" Z="0"/>
					<Vertex X="50260" Y="62007" Z="0"/>
					<Vertex X="50132" Y="62007" Z="0"/>
					<Vertex X="49939" Y="61878" Z="0"/>
					<Vertex X="49682" Y="61814" Z="0"/>
					<Vertex X="49426" Y="61686" Z="0"/>
					<Vertex X="49233" Y="61621" Z="0"/>
					<Vertex X="49040" Y="61621" Z="0"/>
					<Vertex X="48912" Y="61429" Z="0"/>
					<Vertex X="48720" Y="61300" Z="0"/>
					<Vertex X="48591" Y="61236" Z="0"/>
					<Vertex X="48399" Y="61044" Z="0"/>
					<Vertex X="48206" Y="60851" Z="0"/>
					<Vertex X="48142" Y="60723" Z="0"/>
					<Vertex X="47949" Y="60530" Z="0"/>
					<Vertex X="47692" Y="60273" Z="0"/>
					<Vertex X="47628" Y="60145" Z="0"/>
					<Vertex X="47436" Y="59953" Z="0"/>
					<Vertex X="47307" Y="59696" Z="0"/>
					<Vertex X="47179" Y="59503" Z="0"/>
					<Vertex X="47051" Y="59246" Z="0"/>
					<Vertex X="46986" Y="58990" Z="0"/>
					<Vertex X="46858" Y="58733" Z="0"/>
					<Vertex X="46665" Y="58348" Z="0"/>
					<Vertex X="46409" Y="57963" Z="0"/>
					<Vertex X="46280" Y="57770" Z="0"/>
					<Vertex X="45959" Y="57513" Z="0"/>
					<Vertex X="45767" Y="57064" Z="0"/>
					<Vertex X="45574" Y="56871" Z="0"/>
					<Vertex X="45317" Y="56486" Z="0"/>
					<Vertex X="44932" Y="56230" Z="0"/>
					<Vertex X="44676" Y="55909" Z="0"/>
					<Vertex X="44226" Y="55716" Z="0"/>
					<Vertex X="43841" Y="55459" Z="0"/>
					<Vertex X="43584" Y="55395" Z="0"/>
					<Vertex X="43328" Y="55267" Z="0"/>
					<Vertex X="43135" Y="55138" Z="0"/>
					<Vertex X="42814" Y="55074" Z="0"/>
					<Vertex X="42493" Y="54946" Z="0"/>
					<Vertex X="42236" Y="54882" Z="0"/>
					<Vertex X="42044" Y="54882" Z="0"/>
					<Vertex X="41659" Y="54946" Z="0"/>
					<Vertex X="41402" Y="55074" Z="0"/>
					<Vertex X="41081" Y="55138" Z="0"/>
					<Vertex X="40760" Y="55395" Z="0"/>
					<Vertex X="40311" Y="55523" Z="0"/>
					<Vertex X="39926" Y="55716" Z="0"/>
					<Vertex X="39540" Y="55844" Z="0"/>
					<Vertex X="39155" Y="55909" Z="0"/>
					<Vertex X="38770" Y="56037" Z="0"/>
					<Vertex X="38385" Y="56037" Z="0"/>
					<Vertex X="38064" Y="56101" Z="0"/>
					<Vertex X="37936" Y="56101" Z="0"/>
					<Vertex X="37615" Y="56037" Z="0"/>
					<Vertex X="37422" Y="56037" Z="0"/>
					<Vertex X="37230" Y="55844" Z="0"/>
					<Vertex X="37037" Y="55844" Z="0"/>
					<Vertex X="36973" Y="55652" Z="0"/>
					<Vertex X="36780" Y="55523" Z="0"/>
					<Vertex X="36780" Y="55395" Z="0"/>
					<Vertex X="36780" Y="55138" Z="0"/>
					<Vertex X="36780" Y="54946" Z="0"/>
					<Vertex X="36780" Y="54882" Z="0"/>
					<Vertex X="36845" Y="54689" Z="0"/>
					<Vertex X="37037" Y="54432" Z="0"/>
					<Vertex X="37101" Y="54111" Z="0"/>
					<Vertex X="37230" Y="53790" Z="0"/>
					<Vertex X="37422" Y="53534" Z="0"/>
					<Vertex X="37551" Y="53148" Z="0"/>
					<Vertex X="37615" Y="52956" Z="0"/>
					<Vertex X="37615" Y="52635" Z="0"/>
					<Vertex X="37743" Y="52250" Z="0"/>
					<Vertex X="37743" Y="51865" Z="0"/>
					<Vertex X="37807" Y="51608" Z="0"/>
					<Vertex X="37936" Y="51223" Z="0"/>
					<Vertex X="38000" Y="50902" Z="0"/>
					<Vertex X="38000" Y="50645" Z="0"/>
					<Vertex X="38064" Y="50453" Z="0"/>
					<Vertex X="38064" Y="50260" Z="0"/>
					<Vertex X="38064" Y="50003" Z="0"/>
					<Vertex X="38064" Y="49746" Z="0"/>
					<Vertex X="38064" Y="49490" Z="0"/>
					<Vertex X="38000" Y="49361" Z="0"/>
					<Vertex X="37936" Y="49169" Z="0"/>
					<Vertex X="37743" Y="49040" Z="0"/>
					<Vertex X="37615" Y="48719" Z="0"/>
					<Vertex X="37422" Y="48591" Z="0"/>
					<Vertex X="37230" Y="48399" Z="0"/>
					<Vertex X="37037" Y="48206" Z="0"/>
					<Vertex X="36716" Y="47949" Z="0"/>
					<Vertex X="36459" Y="47821" Z="0"/>
					<Vertex X="36138" Y="47757" Z="0"/>
					<Vertex X="35882" Y="47628" Z="0"/>
					<Vertex X="35497" Y="47564" Z="0"/>
					<Vertex X="35176" Y="47436" Z="0"/>
					<Vertex X="34983" Y="47371" Z="0"/>
					<Vertex X="34598" Y="47371" Z="0"/>
					<Vertex X="34341" Y="47243" Z="0"/>
					<Vertex X="34020" Y="47179" Z="0"/>
					<Vertex X="33763" Y="47179" Z="0"/>
					<Vertex X="33443" Y="47051" Z="0"/>
					<Vertex X="33186" Y="46986" Z="0"/>
					<Vertex X="32993" Y="46858" Z="0"/>
					<Vertex X="32801" Y="46794" Z="0"/>
					<Vertex X="32608" Y="46601" Z="0"/>
					<Vertex X="32416" Y="46473" Z="0"/>
					<Vertex X="32223" Y="46280" Z="0"/>
					<Vertex X="32030" Y="46216" Z="0"/>
					<Vertex X="31838" Y="46024" Z="0"/>
					<Vertex X="31645" Y="45831" Z="0"/>
					<Vertex X="31453" Y="45510" Z="0"/>
					<Vertex X="31324" Y="45317" Z="0"/>
					<Vertex X="31132" Y="45061" Z="0"/>
					<Vertex X="30939" Y="44740" Z="0"/>
					<Vertex X="30875" Y="44483" Z="0"/>
					<Vertex X="30682" Y="44290" Z="0"/>
					<Vertex X="30554" Y="43969" Z="0"/>
					<Vertex X="30361" Y="43584" Z="0"/>
					<Vertex X="30361" Y="43392" Z="0"/>
					<Vertex X="30297" Y="43007" Z="0"/>
					<Vertex X="30169" Y="42750" Z="0"/>
					<Vertex X="30105" Y="42365" Z="0"/>
					<Vertex X="30105" Y="41851" Z="0"/>
					<Vertex X="30105" Y="41594" Z="0"/>
					<Vertex X="30105" Y="41274" Z="0"/>
					<Vertex X="30105" Y="41017" Z="0"/>
					<Vertex X="30169" Y="40696" Z="0"/>
					<Vertex X="30297" Y="40439" Z="0"/>
					<Vertex X="30361" Y="40054" Z="0"/>
					<Vertex X="30490" Y="39861" Z="0"/>
					<Vertex X="30554" Y="39476" Z="0"/>
					<Vertex X="30554" Y="39155" Z="0"/>
					<Vertex X="30554" Y="39091" Z="0"/>
					<Vertex X="30554" Y="38899" Z="0"/>
					<Vertex X="30490" Y="38578" Z="0"/>
					<Vertex X="30361" Y="38385" Z="0"/>
					<Vertex X="30361" Y="38192" Z="0"/>
					<Vertex X="30297" Y="37936" Z="0"/>
					<Vertex X="30169" Y="37743" Z="0"/>
					<Vertex X="30105" Y="37551" Z="0"/>
					<Vertex X="29976" Y="37230" Z="0"/>
					<Vertex X="29912" Y="36973" Z="0"/>
					<Vertex X="29784" Y="36780" Z="0"/>
					<Vertex X="29720" Y="36459" Z="0"/>
					<Vertex X="29720" Y="36267" Z="0"/>
					<Vertex X="29591" Y="36010" Z="0"/>
					<Vertex X="29527" Y="35817" Z="0"/>
					<Vertex X="29527" Y="35497" Z="0"/>
					<Vertex X="29527" Y="35304" Z="0"/>
					<Vertex X="29527" Y="35047" Z="0"/>
					<Vertex X="29527" Y="34855" Z="0"/>
					<Vertex X="29591" Y="34598" Z="0"/>
					<Vertex X="29720" Y="34341" Z="0"/>
					<Vertex X="29912" Y="34084" Z="0"/>
					<Vertex X="29976" Y="33892" Z="0"/>
					<Vertex X="30169" Y="33571" Z="0"/>
					<Vertex X="30361" Y="33314" Z="0"/>
					<Vertex X="30554" Y="32929" Z="0"/>
					<Vertex X="30747" Y="32608" Z="0"/>
					<Vertex X="30939" Y="32223" Z="0"/>
					<Vertex X="31132" Y="31774" Z="0"/>
					<Vertex X="31324" Y="31388" Z="0"/>
					<Vertex X="31453" Y="31003" Z="0"/>
					<Vertex X="31517" Y="30618" Z="0"/>
					<Vertex X="31645" Y="30297" Z="0"/>
					<Vertex X="31709" Y="29912" Z="0"/>
					<Vertex X="31838" Y="29655" Z="0"/>
					<Vertex X="31838" Y="29270" Z="0"/>
					<Vertex X="31838" Y="28949" Z="0"/>
					<Vertex X="31902" Y="28564" Z="0"/>
					<Vertex X="32030" Y="28307" Z="0"/>
					<Vertex X="32095" Y="27922" Z="0"/>
					<Vertex X="32223" Y="27601" Z="0"/>
					<Vertex X="32287" Y="27216" Z="0"/>
					<Vertex X="32416" Y="26831" Z="0"/>
					<Vertex X="32480" Y="26446" Z="0"/>
					<Vertex X="32672" Y="25997" Z="0"/>
					<Vertex X="32801" Y="25611" Z="0"/>
					<Vertex X="32865" Y="25226" Z="0"/>
					<Vertex X="32993" Y="24841" Z="0"/>
					<Vertex X="33057" Y="24263" Z="0"/>
					<Vertex X="33186" Y="23750" Z="0"/>
					<Vertex X="33378" Y="23301" Z="0"/>
					<Vertex X="33443" Y="22723" Z="0"/>
					<Vertex X="33635" Y="22338" Z="0"/>
					<Vertex X="33763" Y="21760" Z="0"/>
					<Vertex X="33828" Y="21247" Z="0"/>
					<Vertex X="33956" Y="20669" Z="0"/>
					<Vertex X="34020" Y="20220" Z="0"/>
					<Vertex X="34149" Y="19706" Z="0"/>
					<Vertex X="34213" Y="19321" Z="0"/>
					<Vertex X="34341" Y="18936" Z="0"/>
					<Vertex X="34405" Y="18486" Z="0"/>
					<Vertex X="34534" Y="18294" Z="0"/>
					<Vertex X="34726" Y="17909" Z="0"/>
					<Vertex X="34919" Y="17780" Z="0"/>
					<Vertex X="35111" Y="17588" Z="0"/>
					<Vertex X="35368" Y="17524" Z="0"/>
					<Vertex X="35753" Y="17331" Z="0"/>
					<Vertex X="36074" Y="17139" Z="0"/>
					<Vertex X="36524" Y="16946" Z="0"/>
					<Vertex X="36845" Y="16753" Z="0"/>
					<Vertex X="37294" Y="16432" Z="0"/>
					<Vertex X="37679" Y="16240" Z="0"/>
					<Vertex X="38000" Y="15983" Z="0"/>
					<Vertex X="38257" Y="15791" Z="0"/>
					<Vertex X="38449" Y="15598" Z="0"/>
					<Vertex X="38642" Y="15405" Z="0"/>
					<Vertex X="38834" Y="15084" Z="0"/>
					<Vertex X="39027" Y="14892" Z="0"/>
					<Vertex X="39220" Y="14635" Z="0"/>
					<Vertex X="39540" Y="14443" Z="0"/>
					<Vertex X="39733" Y="14250" Z="0"/>
					<Vertex X="39926" Y="14122" Z="0"/>
					<Vertex X="39990" Y="13929" Z="0"/>
					<Vertex X="40182" Y="13865" Z="0"/>
					<Vertex X="40311" Y="13672" Z="0"/>
					<Vertex X="40503" Y="13544" Z="0"/>
					<Vertex X="40568" Y="13351" Z="0"/>
					<Vertex X="40696" Y="13159" Z="0"/>
					<Vertex X="40760" Y="12966" Z="0"/>
					<Vertex X="40888" Y="12774" Z="0"/>
					<Vertex X="40888" Y="12581" Z="0"/>
					<Vertex X="40953" Y="12517" Z="0"/>
					<Vertex X="41081" Y="12324" Z="0"/>
					<Vertex X="41145" Y="12132" Z="0"/>
					<Vertex X="41145" Y="12003" Z="0"/>
					<Vertex X="41274" Y="11811" Z="0"/>
					<Vertex X="41274" Y="11747" Z="0"/>
					<Vertex X="41338" Y="11618" Z="0"/>
					<Vertex X="41338" Y="11426" Z="0"/>
					<Vertex X="41338" Y="11362" Z="0"/>
					<Vertex X="41466" Y="11233" Z="0"/>
					<Vertex X="41466" Y="11169" Z="0"/>
					<Vertex X="41466" Y="11041" Z="0"/>
					<Vertex X="41530" Y="10976" Z="0"/>
					<Vertex X="41530" Y="10848" Z="0"/>
					<Vertex X="41466" Y="10848" Z="0"/>
					<Vertex X="41530" Y="10784" Z="0"/>
					<Vertex X="41530" Y="10655" Z="0"/>
					<Vertex X="41530" Y="10655" Z="0"/>
				</Vertices>
			</Region>
		</Regions>
		<Plots/>
	</Annotation>
</Annotations>
