<Annotations MicronsPerPixel="0.252200">
	<Annotation Id="1" Name="" ReadOnly="0" NameReadOnly="0" LineColorReadOnly="0" Incremental="0" Type="4" LineColor="255" Visible="1" Selected="1" MarkupImagePath="" MacroName="">
		<Attributes/>
		<Regions>
			<RegionAttributeHeaders>
				<AttributeHeader Id="9999" Name="Region" ColumnWidth="-1"/>
				<AttributeHeader Id="9997" Name="Length" ColumnWidth="-1"/>
				<AttributeHeader Id="9996" Name="Area" ColumnWidth="-1"/>
				<AttributeHeader Id="9998" Name="Text" ColumnWidth="-1"/>
			</RegionAttributeHeaders>
			<Region Id="1" Type="0" Zoom="0.015498" Selected="1" ImageLocation="" ImageFocus="-1" Length="141047.5" Area="687213718.0" LengthMicrons="35572.2" AreaMicrons="43710118.6" Text="" NegativeROA="0" InputRegionId="0" Analyze="1" DisplayId="1">
				<Attributes/>
				<Vertices>
					<Vertex X="95751" Y="83470" Z="0"/>
					<Vertex X="95815" Y="83534" Z="0"/>
					<Vertex X="96135" Y="83662" Z="0"/>
					<Vertex X="96327" Y="83726" Z="0"/>
					<Vertex X="96391" Y="83854" Z="0"/>
					<Vertex X="96710" Y="83918" Z="0"/>
					<Vertex X="96902" Y="83918" Z="0"/>
					<Vertex X="97158" Y="84046" Z="0"/>
					<Vertex X="97350" Y="84046" Z="0"/>
					<Vertex X="97542" Y="84046" Z="0"/>
					<Vertex X="97798" Y="84046" Z="0"/>
					<Vertex X="97862" Y="84046" Z="0"/>
					<Vertex X="97990" Y="84046" Z="0"/>
					<Vertex X="98054" Y="84046" Z="0"/>
					<Vertex X="98054" Y="83918" Z="0"/>
					<Vertex X="98117" Y="83918" Z="0"/>
					<Vertex X="98245" Y="83854" Z="0"/>
					<Vertex X="98437" Y="83854" Z="0"/>
					<Vertex X="98629" Y="83726" Z="0"/>
					<Vertex X="98693" Y="83726" Z="0"/>
					<Vertex X="98821" Y="83662" Z="0"/>
					<Vertex X="99013" Y="83662" Z="0"/>
					<Vertex X="99077" Y="83534" Z="0"/>
					<Vertex X="99205" Y="83534" Z="0"/>
					<Vertex X="99525" Y="83470" Z="0"/>
					<Vertex X="99589" Y="83342" Z="0"/>
					<Vertex X="99844" Y="83342" Z="0"/>
					<Vertex X="100164" Y="83278" Z="0"/>
					<Vertex X="100420" Y="83278" Z="0"/>
					<Vertex X="100612" Y="83278" Z="0"/>
					<Vertex X="100804" Y="83151" Z="0"/>
					<Vertex X="101124" Y="83151" Z="0"/>
					<Vertex X="101252" Y="83151" Z="0"/>
					<Vertex X="101380" Y="83151" Z="0"/>
					<Vertex X="101571" Y="83087" Z="0"/>
					<Vertex X="101763" Y="83087" Z="0"/>
					<Vertex X="102083" Y="83087" Z="0"/>
					<Vertex X="102339" Y="83151" Z="0"/>
					<Vertex X="102531" Y="83087" Z="0"/>
					<Vertex X="102723" Y="83087" Z="0"/>
					<Vertex X="103043" Y="83087" Z="0"/>
					<Vertex X="103234" Y="83087" Z="0"/>
					<Vertex X="103426" Y="82959" Z="0"/>
					<Vertex X="103682" Y="82895" Z="0"/>
					<Vertex X="104002" Y="82767" Z="0"/>
					<Vertex X="104194" Y="82703" Z="0"/>
					<Vertex X="104450" Y="82703" Z="0"/>
					<Vertex X="104578" Y="82575" Z="0"/>
					<Vertex X="104833" Y="82511" Z="0"/>
					<Vertex X="105025" Y="82383" Z="0"/>
					<Vertex X="105217" Y="82383" Z="0"/>
					<Vertex X="105345" Y="82319" Z="0"/>
					<Vertex X="105601" Y="82319" Z="0"/>
					<Vertex X="105729" Y="82383" Z="0"/>
					<Vertex X="105793" Y="82383" Z="0"/>
					<Vertex X="105921" Y="82511" Z="0"/>
					<Vertex X="106113" Y="82575" Z="0"/>
					<Vertex X="106305" Y="82703" Z="0"/>
					<Vertex X="106369" Y="82767" Z="0"/>
					<Vertex X="106560" Y="82895" Z="0"/>
					<Vertex X="106752" Y="82959" Z="0"/>
					<Vertex X="106944" Y="83151" Z="0"/>
					<Vertex X="107136" Y="83151" Z="0"/>
					<Vertex X="107328" Y="83278" Z="0"/>
					<Vertex X="107520" Y="83342" Z="0"/>
					<Vertex X="107712" Y="83342" Z="0"/>
					<Vertex X="107840" Y="83342" Z="0"/>
					<Vertex X="108096" Y="83342" Z="0"/>
					<Vertex X="108223" Y="83342" Z="0"/>
					<Vertex X="108415" Y="83342" Z="0"/>
					<Vertex X="108607" Y="83342" Z="0"/>
					<Vertex X="108671" Y="83342" Z="0"/>
					<Vertex X="108799" Y="83278" Z="0"/>
					<Vertex X="108863" Y="83151" Z="0"/>
					<Vertex X="108863" Y="83087" Z="0"/>
					<Vertex X="108991" Y="82959" Z="0"/>
					<Vertex X="109055" Y="82959" Z="0"/>
					<Vertex X="109183" Y="82895" Z="0"/>
					<Vertex X="109247" Y="82767" Z="0"/>
					<Vertex X="109375" Y="82703" Z="0"/>
					<Vertex X="109375" Y="82575" Z="0"/>
					<Vertex X="109439" Y="82511" Z="0"/>
					<Vertex X="109439" Y="82319" Z="0"/>
					<Vertex X="109567" Y="82191" Z="0"/>
					<Vertex X="109567" Y="82127" Z="0"/>
					<Vertex X="109567" Y="81935" Z="0"/>
					<Vertex X="109631" Y="81743" Z="0"/>
					<Vertex X="109631" Y="81424" Z="0"/>
					<Vertex X="109759" Y="81232" Z="0"/>
					<Vertex X="109823" Y="80976" Z="0"/>
					<Vertex X="109823" Y="80656" Z="0"/>
					<Vertex X="109950" Y="80464" Z="0"/>
					<Vertex X="110014" Y="80272" Z="0"/>
					<Vertex X="110014" Y="79888" Z="0"/>
					<Vertex X="110142" Y="79633" Z="0"/>
					<Vertex X="110142" Y="79313" Z="0"/>
					<Vertex X="110142" Y="79121" Z="0"/>
					<Vertex X="110206" Y="78801" Z="0"/>
					<Vertex X="110206" Y="78481" Z="0"/>
					<Vertex X="110334" Y="78289" Z="0"/>
					<Vertex X="110334" Y="77906" Z="0"/>
					<Vertex X="110398" Y="77586" Z="0"/>
					<Vertex X="110526" Y="77394" Z="0"/>
					<Vertex X="110526" Y="77138" Z="0"/>
					<Vertex X="110718" Y="76882" Z="0"/>
					<Vertex X="110782" Y="76562" Z="0"/>
					<Vertex X="110974" Y="76243" Z="0"/>
					<Vertex X="111102" Y="76051" Z="0"/>
					<Vertex X="111166" Y="75923" Z="0"/>
					<Vertex X="111358" Y="75475" Z="0"/>
					<Vertex X="111486" Y="75283" Z="0"/>
					<Vertex X="111549" Y="75091" Z="0"/>
					<Vertex X="111677" Y="75027" Z="0"/>
					<Vertex X="111677" Y="74708" Z="0"/>
					<Vertex X="111741" Y="74452" Z="0"/>
					<Vertex X="111869" Y="74260" Z="0"/>
					<Vertex X="111869" Y="74004" Z="0"/>
					<Vertex X="111933" Y="73556" Z="0"/>
					<Vertex X="111933" Y="73364" Z="0"/>
					<Vertex X="111933" Y="73108" Z="0"/>
					<Vertex X="111933" Y="72789" Z="0"/>
					<Vertex X="111869" Y="72597" Z="0"/>
					<Vertex X="111869" Y="72405" Z="0"/>
					<Vertex X="111741" Y="72149" Z="0"/>
					<Vertex X="111677" Y="71957" Z="0"/>
					<Vertex X="111677" Y="71765" Z="0"/>
					<Vertex X="111486" Y="71445" Z="0"/>
					<Vertex X="111486" Y="71382" Z="0"/>
					<Vertex X="111358" Y="71190" Z="0"/>
					<Vertex X="111294" Y="71126" Z="0"/>
					<Vertex X="111166" Y="70870" Z="0"/>
					<Vertex X="111166" Y="70806" Z="0"/>
					<Vertex X="111102" Y="70678" Z="0"/>
					<Vertex X="110910" Y="70486" Z="0"/>
					<Vertex X="110782" Y="70358" Z="0"/>
					<Vertex X="110718" Y="70230" Z="0"/>
					<Vertex X="110647" Y="70202" Z="0"/>
					<Vertex X="109636" Y="69171" Z="0"/>
					<Vertex X="109417" Y="68973" Z="0"/>
					<Vertex X="109239" Y="68814" Z="0"/>
					<Vertex X="109120" Y="68695" Z="0"/>
					<Vertex X="109041" Y="68616" Z="0"/>
					<Vertex X="108922" Y="68517" Z="0"/>
					<Vertex X="108763" Y="68378" Z="0"/>
					<Vertex X="108684" Y="68279" Z="0"/>
					<Vertex X="108585" Y="68220" Z="0"/>
					<Vertex X="108525" Y="68121" Z="0"/>
					<Vertex X="108446" Y="68041" Z="0"/>
					<Vertex X="108287" Y="67942" Z="0"/>
					<Vertex X="108208" Y="67902" Z="0"/>
					<Vertex X="108109" Y="67823" Z="0"/>
					<Vertex X="108050" Y="67764" Z="0"/>
					<Vertex X="107931" Y="67704" Z="0"/>
					<Vertex X="107851" Y="67684" Z="0"/>
					<Vertex X="107752" Y="67645" Z="0"/>
					<Vertex X="107693" Y="67645" Z="0"/>
					<Vertex X="107554" Y="67645" Z="0"/>
					<Vertex X="107455" Y="67645" Z="0"/>
					<Vertex X="107316" Y="67704" Z="0"/>
					<Vertex X="107256" Y="67764" Z="0"/>
					<Vertex X="107157" Y="67823" Z="0"/>
					<Vertex X="107078" Y="67902" Z="0"/>
					<Vertex X="106919" Y="68041" Z="0"/>
					<Vertex X="106840" Y="68160" Z="0"/>
					<Vertex X="106781" Y="68239" Z="0"/>
					<Vertex X="106682" Y="68398" Z="0"/>
					<Vertex X="106622" Y="68497" Z="0"/>
					<Vertex X="106563" Y="68616" Z="0"/>
					<Vertex X="106503" Y="68795" Z="0"/>
					<Vertex X="106503" Y="68914" Z="0"/>
					<Vertex X="106444" Y="69052" Z="0"/>
					<Vertex X="106424" Y="69132" Z="0"/>
					<Vertex X="106384" Y="69251" Z="0"/>
					<Vertex X="106364" Y="69389" Z="0"/>
					<Vertex X="106325" Y="69528" Z="0"/>
					<Vertex X="106265" Y="69588" Z="0"/>
					<Vertex X="106206" Y="69707" Z="0"/>
					<Vertex X="106186" Y="69766" Z="0"/>
					<Vertex X="106126" Y="69826" Z="0"/>
					<Vertex X="106067" Y="69865" Z="0"/>
					<Vertex X="105968" Y="69905" Z="0"/>
					<Vertex X="105889" Y="69944" Z="0"/>
					<Vertex X="105829" Y="69944" Z="0"/>
					<Vertex X="105730" Y="69964" Z="0"/>
					<Vertex X="105651" Y="69964" Z="0"/>
					<Vertex X="105552" Y="69964" Z="0"/>
					<Vertex X="105413" Y="70004" Z="0"/>
					<Vertex X="105294" Y="70024" Z="0"/>
					<Vertex X="105175" Y="70063" Z="0"/>
					<Vertex X="105056" Y="70063" Z="0"/>
					<Vertex X="104877" Y="70103" Z="0"/>
					<Vertex X="104758" Y="70103" Z="0"/>
					<Vertex X="104640" Y="70103" Z="0"/>
					<Vertex X="104521" Y="70103" Z="0"/>
					<Vertex X="104302" Y="70123" Z="0"/>
					<Vertex X="104164" Y="70123" Z="0"/>
					<Vertex X="104045" Y="70143" Z="0"/>
					<Vertex X="103827" Y="70202" Z="0"/>
					<Vertex X="103668" Y="70242" Z="0"/>
					<Vertex X="103549" Y="70301" Z="0"/>
					<Vertex X="103391" Y="70361" Z="0"/>
					<Vertex X="103172" Y="70480" Z="0"/>
					<Vertex X="103053" Y="70539" Z="0"/>
					<Vertex X="102954" Y="70619" Z="0"/>
					<Vertex X="102835" Y="70718" Z="0"/>
					<Vertex X="102736" Y="70777" Z="0"/>
					<Vertex X="102558" Y="70896" Z="0"/>
					<Vertex X="102479" Y="70956" Z="0"/>
					<Vertex X="102360" Y="71055" Z="0"/>
					<Vertex X="102221" Y="71075" Z="0"/>
					<Vertex X="102062" Y="71193" Z="0"/>
					<Vertex X="101904" Y="71253" Z="0"/>
					<Vertex X="101765" Y="71312" Z="0"/>
					<Vertex X="101547" Y="71372" Z="0"/>
					<Vertex X="101388" Y="71392" Z="0"/>
					<Vertex X="101230" Y="71392" Z="0"/>
					<Vertex X="101011" Y="71431" Z="0"/>
					<Vertex X="100853" Y="71392" Z="0"/>
					<Vertex X="100694" Y="71372" Z="0"/>
					<Vertex X="100555" Y="71352" Z="0"/>
					<Vertex X="100476" Y="71293" Z="0"/>
					<Vertex X="100318" Y="71154" Z="0"/>
					<Vertex X="100278" Y="71094" Z="0"/>
					<Vertex X="100218" Y="71015" Z="0"/>
					<Vertex X="100179" Y="70916" Z="0"/>
					<Vertex X="100119" Y="70797" Z="0"/>
					<Vertex X="100080" Y="70718" Z="0"/>
					<Vertex X="100060" Y="70579" Z="0"/>
					<Vertex X="100060" Y="70480" Z="0"/>
					<Vertex X="100060" Y="70400" Z="0"/>
					<Vertex X="100060" Y="70242" Z="0"/>
					<Vertex X="100060" Y="70182" Z="0"/>
					<Vertex X="100020" Y="70103" Z="0"/>
					<Vertex X="100000" Y="69964" Z="0"/>
					<Vertex X="99941" Y="69865" Z="0"/>
					<Vertex X="99921" Y="69766" Z="0"/>
					<Vertex X="99862" Y="69707" Z="0"/>
					<Vertex X="99762" Y="69607" Z="0"/>
					<Vertex X="99703" Y="69568" Z="0"/>
					<Vertex X="99643" Y="69508" Z="0"/>
					<Vertex X="99544" Y="69429" Z="0"/>
					<Vertex X="99425" Y="69350" Z="0"/>
					<Vertex X="99386" Y="69251" Z="0"/>
					<Vertex X="99247" Y="69211" Z="0"/>
					<Vertex X="99148" Y="69132" Z="0"/>
					<Vertex X="99029" Y="69072" Z="0"/>
					<Vertex X="98930" Y="69013" Z="0"/>
					<Vertex X="98791" Y="68933" Z="0"/>
					<Vertex X="98672" Y="68914" Z="0"/>
					<Vertex X="98553" Y="68834" Z="0"/>
					<Vertex X="98394" Y="68795" Z="0"/>
					<Vertex X="98295" Y="68755" Z="0"/>
					<Vertex X="98176" Y="68695" Z="0"/>
					<Vertex X="98077" Y="68676" Z="0"/>
					<Vertex X="97919" Y="68577" Z="0"/>
					<Vertex X="97820" Y="68517" Z="0"/>
					<Vertex X="97720" Y="68458" Z="0"/>
					<Vertex X="97562" Y="68398" Z="0"/>
					<Vertex X="97483" Y="68339" Z="0"/>
					<Vertex X="97383" Y="68279" Z="0"/>
					<Vertex X="97284" Y="68220" Z="0"/>
					<Vertex X="97205" Y="68101" Z="0"/>
					<Vertex X="97185" Y="68041" Z="0"/>
					<Vertex X="97106" Y="67982" Z="0"/>
					<Vertex X="97066" Y="67863" Z="0"/>
					<Vertex X="97007" Y="67803" Z="0"/>
					<Vertex X="96908" Y="67704" Z="0"/>
					<Vertex X="96848" Y="67684" Z="0"/>
					<Vertex X="96749" Y="67625" Z="0"/>
					<Vertex X="96670" Y="67565" Z="0"/>
					<Vertex X="96610" Y="67506" Z="0"/>
					<Vertex X="96491" Y="67446" Z="0"/>
					<Vertex X="96432" Y="67407" Z="0"/>
					<Vertex X="96352" Y="67367" Z="0"/>
					<Vertex X="96253" Y="67328" Z="0"/>
					<Vertex X="96115" Y="67268" Z="0"/>
					<Vertex X="96015" Y="67228" Z="0"/>
					<Vertex X="95877" Y="67209" Z="0"/>
					<Vertex X="95778" Y="67169" Z="0"/>
					<Vertex X="95678" Y="67149" Z="0"/>
					<Vertex X="95500" Y="67109" Z="0"/>
					<Vertex X="95401" Y="67090" Z="0"/>
					<Vertex X="95282" Y="67050" Z="0"/>
					<Vertex X="95084" Y="67010" Z="0"/>
					<Vertex X="94984" Y="66971" Z="0"/>
					<Vertex X="94826" Y="66971" Z="0"/>
					<Vertex X="94647" Y="66911" Z="0"/>
					<Vertex X="94509" Y="66872" Z="0"/>
					<Vertex X="94350" Y="66852" Z="0"/>
					<Vertex X="94132" Y="66812" Z="0"/>
					<Vertex X="94013" Y="66792" Z="0"/>
					<Vertex X="93874" Y="66753" Z="0"/>
					<Vertex X="93676" Y="66713" Z="0"/>
					<Vertex X="93517" Y="66713" Z="0"/>
					<Vertex X="93339" Y="66634" Z="0"/>
					<Vertex X="93220" Y="66614" Z="0"/>
					<Vertex X="93042" Y="66554" Z="0"/>
					<Vertex X="92903" Y="66515" Z="0"/>
					<Vertex X="92784" Y="66475" Z="0"/>
					<Vertex X="92605" Y="66435" Z="0"/>
					<Vertex X="92447" Y="66416" Z="0"/>
					<Vertex X="92249" Y="66336" Z="0"/>
					<Vertex X="92130" Y="66277" Z="0"/>
					<Vertex X="91971" Y="66257" Z="0"/>
					<Vertex X="91773" Y="66197" Z="0"/>
					<Vertex X="91654" Y="66138" Z="0"/>
					<Vertex X="91495" Y="66118" Z="0"/>
					<Vertex X="91257" Y="66039" Z="0"/>
					<Vertex X="91119" Y="66019" Z="0"/>
					<Vertex X="90861" Y="65979" Z="0"/>
					<Vertex X="90722" Y="65960" Z="0"/>
					<Vertex X="90484" Y="65920" Z="0"/>
					<Vertex X="90306" Y="65920" Z="0"/>
					<Vertex X="90167" Y="65900" Z="0"/>
					<Vertex X="89870" Y="65900" Z="0"/>
					<Vertex X="89671" Y="65900" Z="0"/>
					<Vertex X="89493" Y="65900" Z="0"/>
					<Vertex X="89235" Y="65900" Z="0"/>
					<Vertex X="89017" Y="65900" Z="0"/>
					<Vertex X="88839" Y="65900" Z="0"/>
					<Vertex X="88581" Y="65920" Z="0"/>
					<Vertex X="88363" Y="65920" Z="0"/>
					<Vertex X="88105" Y="65920" Z="0"/>
					<Vertex X="87927" Y="65920" Z="0"/>
					<Vertex X="87748" Y="65920" Z="0"/>
					<Vertex X="87471" Y="65960" Z="0"/>
					<Vertex X="87332" Y="65960" Z="0"/>
					<Vertex X="87193" Y="65960" Z="0"/>
					<Vertex X="86935" Y="65979" Z="0"/>
					<Vertex X="86816" Y="66019" Z="0"/>
					<Vertex X="86638" Y="66039" Z="0"/>
					<Vertex X="86440" Y="66098" Z="0"/>
					<Vertex X="86281" Y="66138" Z="0"/>
					<Vertex X="86043" Y="66217" Z="0"/>
					<Vertex X="85924" Y="66277" Z="0"/>
					<Vertex X="85785" Y="66336" Z="0"/>
					<Vertex X="85607" Y="66455" Z="0"/>
					<Vertex X="85488" Y="66515" Z="0"/>
					<Vertex X="85369" Y="66634" Z="0"/>
					<Vertex X="85211" Y="66753" Z="0"/>
					<Vertex X="85032" Y="66931" Z="0"/>
					<Vertex X="84893" Y="67169" Z="0"/>
					<Vertex X="84774" Y="67328" Z="0"/>
					<Vertex X="84655" Y="67526" Z="0"/>
					<Vertex X="84556" Y="67684" Z="0"/>
					<Vertex X="84477" Y="67922" Z="0"/>
					<Vertex X="84417" Y="68101" Z="0"/>
					<Vertex X="84358" Y="68239" Z="0"/>
					<Vertex X="84239" Y="68458" Z="0"/>
					<Vertex X="84180" Y="68577" Z="0"/>
					<Vertex X="84120" Y="68695" Z="0"/>
					<Vertex X="84001" Y="68914" Z="0"/>
					<Vertex X="83942" Y="69013" Z="0"/>
					<Vertex X="83843" Y="69132" Z="0"/>
					<Vertex X="83724" Y="69350" Z="0"/>
					<Vertex X="83644" Y="69508" Z="0"/>
					<Vertex X="83466" Y="69687" Z="0"/>
					<Vertex X="83367" Y="69766" Z="0"/>
					<Vertex X="83287" Y="69865" Z="0"/>
					<Vertex X="83109" Y="70004" Z="0"/>
					<Vertex X="82990" Y="70063" Z="0"/>
					<Vertex X="82891" Y="70044" Z="0"/>
					<Vertex X="81285" Y="70440" Z="0"/>
					<Vertex X="80571" Y="70619" Z="0"/>
					<Vertex X="80274" Y="70718" Z="0"/>
					<Vertex X="80076" Y="70758" Z="0"/>
					<Vertex X="79739" Y="70797" Z="0"/>
					<Vertex X="79441" Y="70837" Z="0"/>
					<Vertex X="79144" Y="70896" Z="0"/>
					<Vertex X="78787" Y="70976" Z="0"/>
					<Vertex X="78569" Y="71015" Z="0"/>
					<Vertex X="78232" Y="71114" Z="0"/>
					<Vertex X="77915" Y="71174" Z="0"/>
					<Vertex X="77756" Y="71214" Z="0"/>
					<Vertex X="77479" Y="71273" Z="0"/>
					<Vertex X="77181" Y="71352" Z="0"/>
					<Vertex X="76963" Y="71412" Z="0"/>
					<Vertex X="76686" Y="71491" Z="0"/>
					<Vertex X="76408" Y="71570" Z="0"/>
					<Vertex X="76190" Y="71650" Z="0"/>
					<Vertex X="75893" Y="71729" Z="0"/>
					<Vertex X="75734" Y="71808" Z="0"/>
					<Vertex X="75437" Y="71947" Z="0"/>
					<Vertex X="75159" Y="72026" Z="0"/>
					<Vertex X="74901" Y="72145" Z="0"/>
					<Vertex X="74624" Y="72244" Z="0"/>
					<Vertex X="74366" Y="72363" Z="0"/>
					<Vertex X="74168" Y="72443" Z="0"/>
					<Vertex X="73950" Y="72601" Z="0"/>
					<Vertex X="73791" Y="72681" Z="0"/>
					<Vertex X="73533" Y="72800" Z="0"/>
					<Vertex X="73295" Y="72938" Z="0"/>
					<Vertex X="73157" Y="73037" Z="0"/>
					<Vertex X="72939" Y="73176" Z="0"/>
					<Vertex X="72820" Y="73275" Z="0"/>
					<Vertex X="72621" Y="73414" Z="0"/>
					<Vertex X="72423" Y="73573" Z="0"/>
					<Vertex X="72245" Y="73731" Z="0"/>
					<Vertex X="72146" Y="73811" Z="0"/>
					<Vertex X="71987" Y="73949" Z="0"/>
					<Vertex X="71848" Y="74049" Z="0"/>
					<Vertex X="71690" Y="74227" Z="0"/>
					<Vertex X="71531" Y="74366" Z="0"/>
					<Vertex X="71471" Y="74465" Z="0"/>
					<Vertex X="71353" Y="74584" Z="0"/>
					<Vertex X="71273" Y="74643" Z="0"/>
					<Vertex X="71154" Y="74762" Z="0"/>
					<Vertex X="71055" Y="74842" Z="0"/>
					<Vertex X="70936" Y="75000" Z="0"/>
					<Vertex X="70857" Y="75080" Z="0"/>
					<Vertex X="70778" Y="75179" Z="0"/>
					<Vertex X="70698" Y="75298" Z="0"/>
					<Vertex X="70639" Y="75377" Z="0"/>
					<Vertex X="70520" Y="75496" Z="0"/>
					<Vertex X="70421" Y="75654" Z="0"/>
					<Vertex X="70341" Y="75773" Z="0"/>
					<Vertex X="70242" Y="75912" Z="0"/>
					<Vertex X="70183" Y="76031" Z="0"/>
					<Vertex X="70163" Y="76130" Z="0"/>
					<Vertex X="70123" Y="76249" Z="0"/>
					<Vertex X="70123" Y="76329" Z="0"/>
					<Vertex X="70104" Y="76447" Z="0"/>
					<Vertex X="70044" Y="76606" Z="0"/>
					<Vertex X="70024" Y="76745" Z="0"/>
					<Vertex X="69985" Y="76884" Z="0"/>
					<Vertex X="69945" Y="77022" Z="0"/>
					<Vertex X="69945" Y="77141" Z="0"/>
					<Vertex X="69925" Y="77201" Z="0"/>
					<Vertex X="69925" Y="77280" Z="0"/>
					<Vertex X="69925" Y="77419" Z="0"/>
					<Vertex X="69925" Y="77459" Z="0"/>
					<Vertex X="69925" Y="77617" Z="0"/>
					<Vertex X="69925" Y="77716" Z="0"/>
					<Vertex X="69885" Y="77815" Z="0"/>
					<Vertex X="69885" Y="77915" Z="0"/>
					<Vertex X="69885" Y="78034" Z="0"/>
					<Vertex X="69866" Y="78152" Z="0"/>
					<Vertex X="69826" Y="78232" Z="0"/>
					<Vertex X="69826" Y="78311" Z="0"/>
					<Vertex X="69786" Y="78410" Z="0"/>
					<Vertex X="69747" Y="78509" Z="0"/>
					<Vertex X="69707" Y="78529" Z="0"/>
					<Vertex X="69687" Y="78628" Z="0"/>
					<Vertex X="69648" Y="78688" Z="0"/>
					<Vertex X="69628" Y="78747" Z="0"/>
					<Vertex X="69588" Y="78807" Z="0"/>
					<Vertex X="69568" Y="78866" Z="0"/>
					<Vertex X="69529" Y="78906" Z="0"/>
					<Vertex X="69509" Y="78965" Z="0"/>
					<Vertex X="69509" Y="78985" Z="0"/>
					<Vertex X="69489" Y="79045" Z="0"/>
					<Vertex X="69449" Y="79084" Z="0"/>
					<Vertex X="69390" Y="79124" Z="0"/>
					<Vertex X="69330" Y="79203" Z="0"/>
					<Vertex X="69291" Y="79263" Z="0"/>
					<Vertex X="69251" Y="79342" Z="0"/>
					<Vertex X="69172" Y="79401" Z="0"/>
					<Vertex X="69112" Y="79501" Z="0"/>
					<Vertex X="69053" Y="79580" Z="0"/>
					<Vertex X="68993" Y="79659" Z="0"/>
					<Vertex X="68973" Y="79758" Z="0"/>
					<Vertex X="68954" Y="79818" Z="0"/>
					<Vertex X="68914" Y="79877" Z="0"/>
					<Vertex X="68855" Y="79937" Z="0"/>
					<Vertex X="68855" Y="79996" Z="0"/>
					<Vertex X="68795" Y="80056" Z="0"/>
					<Vertex X="68755" Y="80115" Z="0"/>
					<Vertex X="68696" Y="80175" Z="0"/>
					<Vertex X="68676" Y="80254" Z="0"/>
					<Vertex X="68636" Y="80313" Z="0"/>
					<Vertex X="68577" Y="80393" Z="0"/>
					<Vertex X="68557" Y="80432" Z="0"/>
					<Vertex X="68517" Y="80492" Z="0"/>
					<Vertex X="68498" Y="80551" Z="0"/>
					<Vertex X="68458" Y="80611" Z="0"/>
					<Vertex X="68418" Y="80690" Z="0"/>
					<Vertex X="68418" Y="80710" Z="0"/>
					<Vertex X="68339" Y="80769" Z="0"/>
					<Vertex X="68339" Y="80829" Z="0"/>
					<Vertex X="68280" Y="80888" Z="0"/>
					<Vertex X="68220" Y="80948" Z="0"/>
					<Vertex X="68200" Y="80988" Z="0"/>
					<Vertex X="68141" Y="81027" Z="0"/>
					<Vertex X="68081" Y="81087" Z="0"/>
					<Vertex X="68042" Y="81146" Z="0"/>
					<Vertex X="67982" Y="81206" Z="0"/>
					<Vertex X="67923" Y="81285" Z="0"/>
					<Vertex X="67843" Y="81325" Z="0"/>
					<Vertex X="67804" Y="81384" Z="0"/>
					<Vertex X="67744" Y="81444" Z="0"/>
					<Vertex X="67724" Y="81483" Z="0"/>
					<Vertex X="67665" Y="81543" Z="0"/>
					<Vertex X="67606" Y="81602" Z="0"/>
					<Vertex X="67506" Y="81662" Z="0"/>
					<Vertex X="67447" Y="81681" Z="0"/>
					<Vertex X="67387" Y="81741" Z="0"/>
					<Vertex X="67308" Y="81800" Z="0"/>
					<Vertex X="67268" Y="81880" Z="0"/>
					<Vertex X="67209" Y="81900" Z="0"/>
					<Vertex X="67150" Y="81919" Z="0"/>
					<Vertex X="67090" Y="81979" Z="0"/>
					<Vertex X="67070" Y="82018" Z="0"/>
					<Vertex X="67050" Y="82038" Z="0"/>
					<Vertex X="66971" Y="82098" Z="0"/>
					<Vertex X="66912" Y="82137" Z="0"/>
					<Vertex X="66892" Y="82177" Z="0"/>
					<Vertex X="66832" Y="82197" Z="0"/>
					<Vertex X="66773" Y="82217" Z="0"/>
					<Vertex X="66733" Y="82256" Z="0"/>
					<Vertex X="66713" Y="82256" Z="0"/>
					<Vertex X="66674" Y="82256" Z="0"/>
					<Vertex X="66674" Y="82276" Z="0"/>
					<Vertex X="66654" Y="82276" Z="0"/>
					<Vertex X="66614" Y="82276" Z="0"/>
					<Vertex X="66594" Y="82276" Z="0"/>
					<Vertex X="66555" Y="82276" Z="0"/>
					<Vertex X="66555" Y="82256" Z="0"/>
					<Vertex X="66535" Y="82217" Z="0"/>
					<Vertex X="66535" Y="82197" Z="0"/>
					<Vertex X="66535" Y="82177" Z="0"/>
					<Vertex X="66555" Y="82137" Z="0"/>
					<Vertex X="66555" Y="82098" Z="0"/>
					<Vertex X="66594" Y="82078" Z="0"/>
					<Vertex X="66594" Y="82038" Z="0"/>
					<Vertex X="66594" Y="82018" Z="0"/>
					<Vertex X="66614" Y="81979" Z="0"/>
					<Vertex X="66614" Y="81959" Z="0"/>
					<Vertex X="66654" Y="81919" Z="0"/>
					<Vertex X="66654" Y="81880" Z="0"/>
					<Vertex X="66654" Y="81840" Z="0"/>
					<Vertex X="66674" Y="81800" Z="0"/>
					<Vertex X="66674" Y="81781" Z="0"/>
					<Vertex X="66674" Y="81741" Z="0"/>
					<Vertex X="66674" Y="81721" Z="0"/>
					<Vertex X="66654" Y="81721" Z="0"/>
					<Vertex X="66654" Y="81681" Z="0"/>
					<Vertex X="66614" Y="81681" Z="0"/>
					<Vertex X="66594" Y="81681" Z="0"/>
					<Vertex X="66594" Y="81662" Z="0"/>
					<Vertex X="66555" Y="81622" Z="0"/>
					<Vertex X="66515" Y="81622" Z="0"/>
					<Vertex X="66436" Y="81602" Z="0"/>
					<Vertex X="66376" Y="81582" Z="0"/>
					<Vertex X="66317" Y="81582" Z="0"/>
					<Vertex X="66198" Y="81543" Z="0"/>
					<Vertex X="66138" Y="81503" Z="0"/>
					<Vertex X="66019" Y="81483" Z="0"/>
					<Vertex X="65980" Y="81483" Z="0"/>
					<Vertex X="65881" Y="81444" Z="0"/>
					<Vertex X="65782" Y="81384" Z="0"/>
					<Vertex X="65702" Y="81364" Z="0"/>
					<Vertex X="65643" Y="81325" Z="0"/>
					<Vertex X="65544" Y="81305" Z="0"/>
					<Vertex X="65484" Y="81285" Z="0"/>
					<Vertex X="65445" Y="81285" Z="0"/>
					<Vertex X="65345" Y="81206" Z="0"/>
					<Vertex X="65286" Y="81186" Z="0"/>
					<Vertex X="65226" Y="81146" Z="0"/>
					<Vertex X="65167" Y="81126" Z="0"/>
					<Vertex X="65068" Y="81067" Z="0"/>
					<Vertex X="65048" Y="81027" Z="0"/>
					<Vertex X="64949" Y="81007" Z="0"/>
					<Vertex X="64870" Y="80948" Z="0"/>
					<Vertex X="64770" Y="80888" Z="0"/>
					<Vertex X="64751" Y="80849" Z="0"/>
					<Vertex X="64671" Y="80789" Z="0"/>
					<Vertex X="64572" Y="80730" Z="0"/>
					<Vertex X="64473" Y="80690" Z="0"/>
					<Vertex X="64453" Y="80611" Z="0"/>
					<Vertex X="64334" Y="80551" Z="0"/>
					<Vertex X="64275" Y="80492" Z="0"/>
					<Vertex X="64215" Y="80472" Z="0"/>
					<Vertex X="64136" Y="80413" Z="0"/>
					<Vertex X="64037" Y="80353" Z="0"/>
					<Vertex X="63997" Y="80294" Z="0"/>
					<Vertex X="63938" Y="80254" Z="0"/>
					<Vertex X="63878" Y="80175" Z="0"/>
					<Vertex X="63858" Y="80115" Z="0"/>
					<Vertex X="63819" Y="80095" Z="0"/>
					<Vertex X="63759" Y="80016" Z="0"/>
					<Vertex X="63740" Y="79937" Z="0"/>
					<Vertex X="63680" Y="79877" Z="0"/>
					<Vertex X="63640" Y="79838" Z="0"/>
					<Vertex X="63601" Y="79798" Z="0"/>
					<Vertex X="63521" Y="79719" Z="0"/>
					<Vertex X="63502" Y="79699" Z="0"/>
					<Vertex X="63402" Y="79659" Z="0"/>
					<Vertex X="63343" Y="79600" Z="0"/>
					<Vertex X="63284" Y="79580" Z="0"/>
					<Vertex X="63264" Y="79560" Z="0"/>
					<Vertex X="63204" Y="79520" Z="0"/>
					<Vertex X="63145" Y="79520" Z="0"/>
					<Vertex X="63085" Y="79501" Z="0"/>
					<Vertex X="63065" Y="79501" Z="0"/>
					<Vertex X="63026" Y="79520" Z="0"/>
					<Vertex X="62986" Y="79560" Z="0"/>
					<Vertex X="62927" Y="79600" Z="0"/>
					<Vertex X="62867" Y="79699" Z="0"/>
					<Vertex X="62847" Y="79758" Z="0"/>
					<Vertex X="62748" Y="79877" Z="0"/>
					<Vertex X="62669" Y="79996" Z="0"/>
					<Vertex X="62570" Y="80095" Z="0"/>
					<Vertex X="62451" Y="80195" Z="0"/>
					<Vertex X="62332" Y="80353" Z="0"/>
					<Vertex X="62193" Y="80492" Z="0"/>
					<Vertex X="62035" Y="80611" Z="0"/>
					<Vertex X="61896" Y="80769" Z="0"/>
					<Vertex X="61717" Y="80908" Z="0"/>
					<Vertex X="61618" Y="81027" Z="0"/>
					<Vertex X="61499" Y="81186" Z="0"/>
					<Vertex X="61380" Y="81364" Z="0"/>
					<Vertex X="61261" Y="81582" Z="0"/>
					<Vertex X="61162" Y="81800" Z="0"/>
					<Vertex X="61063" Y="82038" Z="0"/>
					<Vertex X="60964" Y="82316" Z="0"/>
					<Vertex X="60904" Y="82435" Z="0"/>
					<Vertex X="60825" Y="82633" Z="0"/>
					<Vertex X="60766" Y="82792" Z="0"/>
					<Vertex X="60706" Y="82930" Z="0"/>
					<Vertex X="60607" Y="82970" Z="0"/>
					<Vertex X="60488" Y="84338" Z="0"/>
					<Vertex X="60468" Y="85032" Z="0"/>
					<Vertex X="60428" Y="85388" Z="0"/>
					<Vertex X="60428" Y="85745" Z="0"/>
					<Vertex X="60468" Y="86102" Z="0"/>
					<Vertex X="60488" Y="86459" Z="0"/>
					<Vertex X="60528" Y="86776" Z="0"/>
					<Vertex X="60567" Y="87113" Z="0"/>
					<Vertex X="60647" Y="87450" Z="0"/>
					<Vertex X="60726" Y="87748" Z="0"/>
					<Vertex X="60785" Y="87946" Z="0"/>
					<Vertex X="60964" Y="88342" Z="0"/>
					<Vertex X="61102" Y="88600" Z="0"/>
					<Vertex X="61202" Y="88779" Z="0"/>
					<Vertex X="61321" Y="89036" Z="0"/>
					<Vertex X="61479" Y="89274" Z="0"/>
					<Vertex X="61618" Y="89492" Z="0"/>
					<Vertex X="61796" Y="89691" Z="0"/>
					<Vertex X="61955" Y="89869" Z="0"/>
					<Vertex X="62094" Y="90047" Z="0"/>
					<Vertex X="62272" Y="90166" Z="0"/>
					<Vertex X="62470" Y="90325" Z="0"/>
					<Vertex X="62629" Y="90444" Z="0"/>
					<Vertex X="62807" Y="90523" Z="0"/>
					<Vertex X="63045" Y="90583" Z="0"/>
					<Vertex X="63263" Y="90682" Z="0"/>
					<Vertex X="63442" Y="90741" Z="0"/>
					<Vertex X="63581" Y="90801" Z="0"/>
					<Vertex X="63858" Y="90880" Z="0"/>
					<Vertex X="64076" Y="90940" Z="0"/>
					<Vertex X="64215" Y="90999" Z="0"/>
					<Vertex X="64413" Y="91058" Z="0"/>
					<Vertex X="64651" Y="91098" Z="0"/>
					<Vertex X="64869" Y="91158" Z="0"/>
					<Vertex X="65107" Y="91177" Z="0"/>
					<Vertex X="65306" Y="91217" Z="0"/>
					<Vertex X="65524" Y="91237" Z="0"/>
					<Vertex X="65722" Y="91277" Z="0"/>
					<Vertex X="65841" Y="91277" Z="0"/>
					<Vertex X="66019" Y="91316" Z="0"/>
					<Vertex X="66217" Y="91336" Z="0"/>
					<Vertex X="66376" Y="91336" Z="0"/>
					<Vertex X="66555" Y="91336" Z="0"/>
					<Vertex X="66773" Y="91336" Z="0"/>
					<Vertex X="66951" Y="91316" Z="0"/>
					<Vertex X="67149" Y="91277" Z="0"/>
					<Vertex X="67328" Y="91237" Z="0"/>
					<Vertex X="67506" Y="91217" Z="0"/>
					<Vertex X="67665" Y="91177" Z="0"/>
					<Vertex X="67843" Y="91158" Z="0"/>
					<Vertex X="68041" Y="91058" Z="0"/>
					<Vertex X="68260" Y="90999" Z="0"/>
					<Vertex X="68458" Y="90880" Z="0"/>
					<Vertex X="68676" Y="90761" Z="0"/>
					<Vertex X="68894" Y="90642" Z="0"/>
					<Vertex X="69092" Y="90523" Z="0"/>
					<Vertex X="69231" Y="90424" Z="0"/>
					<Vertex X="69469" Y="90265" Z="0"/>
					<Vertex X="69687" Y="90087" Z="0"/>
					<Vertex X="69925" Y="89909" Z="0"/>
					<Vertex X="70163" Y="89730" Z="0"/>
					<Vertex X="70401" Y="89532" Z="0"/>
					<Vertex X="70619" Y="89334" Z="0"/>
					<Vertex X="70758" Y="89195" Z="0"/>
					<Vertex X="70876" Y="89016" Z="0"/>
					<Vertex X="70956" Y="88838" Z="0"/>
					<Vertex X="71035" Y="88640" Z="0"/>
					<Vertex X="71154" Y="88422" Z="0"/>
					<Vertex X="71233" Y="88204" Z="0"/>
					<Vertex X="71332" Y="88045" Z="0"/>
					<Vertex X="71451" Y="87886" Z="0"/>
					<Vertex X="71590" Y="87708" Z="0"/>
					<Vertex X="71749" Y="87549" Z="0"/>
					<Vertex X="71888" Y="87411" Z="0"/>
					<Vertex X="72066" Y="87292" Z="0"/>
					<Vertex X="72284" Y="87153" Z="0"/>
					<Vertex X="72502" Y="87034" Z="0"/>
					<Vertex X="72700" Y="86955" Z="0"/>
					<Vertex X="72938" Y="86875" Z="0"/>
					<Vertex X="73196" Y="86816" Z="0"/>
					<Vertex X="73434" Y="86776" Z="0"/>
					<Vertex X="73672" Y="86816" Z="0"/>
					<Vertex X="73830" Y="86816" Z="0"/>
					<Vertex X="74088" Y="86875" Z="0"/>
					<Vertex X="74366" Y="86955" Z="0"/>
					<Vertex X="74683" Y="87074" Z="0"/>
					<Vertex X="74861" Y="87153" Z="0"/>
					<Vertex X="75159" Y="87173" Z="0"/>
					<Vertex X="75456" Y="87173" Z="0"/>
					<Vertex X="75754" Y="87153" Z="0"/>
					<Vertex X="76051" Y="87113" Z="0"/>
					<Vertex X="76368" Y="87034" Z="0"/>
					<Vertex X="76705" Y="86935" Z="0"/>
					<Vertex X="77042" Y="86816" Z="0"/>
					<Vertex X="77359" Y="86657" Z="0"/>
					<Vertex X="77578" Y="86558" Z="0"/>
					<Vertex X="77974" Y="86320" Z="0"/>
					<Vertex X="78252" Y="86062" Z="0"/>
					<Vertex X="78450" Y="85924" Z="0"/>
					<Vertex X="78727" Y="85686" Z="0"/>
					<Vertex X="78985" Y="85428" Z="0"/>
					<Vertex X="79302" Y="85150" Z="0"/>
					<Vertex X="79520" Y="84853" Z="0"/>
					<Vertex X="79798" Y="84576" Z="0"/>
					<Vertex X="80036" Y="84278" Z="0"/>
					<Vertex X="80274" Y="84060" Z="0"/>
					<Vertex X="80512" Y="83822" Z="0"/>
					<Vertex X="80710" Y="83624" Z="0"/>
					<Vertex X="80908" Y="83426" Z="0"/>
					<Vertex X="81047" Y="83307" Z="0"/>
					<Vertex X="81285" Y="83168" Z="0"/>
					<Vertex X="81523" Y="82970" Z="0"/>
					<Vertex X="81761" Y="82871" Z="0"/>
					<Vertex X="81999" Y="82771" Z="0"/>
					<Vertex X="82157" Y="82672" Z="0"/>
					<Vertex X="82395" Y="82593" Z="0"/>
					<Vertex X="82653" Y="82494" Z="0"/>
					<Vertex X="82930" Y="82434" Z="0"/>
					<Vertex X="83248" Y="82415" Z="0"/>
					<Vertex X="83585" Y="82355" Z="0"/>
					<Vertex X="83922" Y="82296" Z="0"/>
					<Vertex X="84338" Y="82276" Z="0"/>
					<Vertex X="84715" Y="82236" Z="0"/>
					<Vertex X="85091" Y="82196" Z="0"/>
					<Vertex X="85448" Y="82196" Z="0"/>
					<Vertex X="85805" Y="82236" Z="0"/>
					<Vertex X="86102" Y="82296" Z="0"/>
					<Vertex X="86360" Y="82415" Z="0"/>
					<Vertex X="86598" Y="82533" Z="0"/>
					<Vertex X="86816" Y="82672" Z="0"/>
					<Vertex X="86955" Y="82831" Z="0"/>
					<Vertex X="87133" Y="83009" Z="0"/>
					<Vertex X="87312" Y="83168" Z="0"/>
					<Vertex X="87470" Y="83208" Z="0"/>
					<Vertex X="87768" Y="83307" Z="0"/>
					<Vertex X="88085" Y="83327" Z="0"/>
					<Vertex X="88422" Y="83327" Z="0"/>
					<Vertex X="88779" Y="83327" Z="0"/>
					<Vertex X="89136" Y="83267" Z="0"/>
					<Vertex X="89374" Y="83208" Z="0"/>
					<Vertex X="89691" Y="83128" Z="0"/>
					<Vertex X="89968" Y="82970" Z="0"/>
					<Vertex X="90226" Y="82871" Z="0"/>
					<Vertex X="90504" Y="82712" Z="0"/>
					<Vertex X="90742" Y="82593" Z="0"/>
					<Vertex X="90920" Y="82533" Z="0"/>
					<Vertex X="91277" Y="82434" Z="0"/>
					<Vertex X="91574" Y="82415" Z="0"/>
					<Vertex X="91872" Y="82415" Z="0"/>
					<Vertex X="92189" Y="82434" Z="0"/>
					<Vertex X="92526" Y="82494" Z="0"/>
					<Vertex X="92883" Y="82593" Z="0"/>
					<Vertex X="93260" Y="82652" Z="0"/>
					<Vertex X="93656" Y="82732" Z="0"/>
					<Vertex X="93914" Y="82791" Z="0"/>
					<Vertex X="94370" Y="82890" Z="0"/>
					<Vertex X="94746" Y="82970" Z="0"/>
					<Vertex X="95143" Y="83069" Z="0"/>
					<Vertex X="95440" Y="83168" Z="0"/>
					<Vertex X="95698" Y="83247" Z="0"/>
					<Vertex X="95857" Y="83327" Z="0"/>
					<Vertex X="95876" Y="83366" Z="0"/>
					<Vertex X="95751" Y="83470" Z="0"/>
				</Vertices>
			</Region>
		</Regions>
		<Plots/>
	</Annotation>
</Annotations>
