<Annotations MicronsPerPixel="0.252200">
	<Annotation Id="1" Name="" ReadOnly="0" NameReadOnly="0" LineColorReadOnly="0" Incremental="0" Type="4" LineColor="255" Visible="1" Selected="1" MarkupImagePath="" MacroName="">
		<Attributes/>
		<Regions>
			<RegionAttributeHeaders>
				<AttributeHeader Id="9999" Name="Region" ColumnWidth="-1"/>
				<AttributeHeader Id="9997" Name="Length" ColumnWidth="-1"/>
				<AttributeHeader Id="9996" Name="Area" ColumnWidth="-1"/>
				<AttributeHeader Id="9998" Name="Text" ColumnWidth="-1"/>
			</RegionAttributeHeaders>
			<Region Id="1" Type="0" Zoom="0.015383" Selected="1" ImageLocation="" ImageFocus="-1" Length="192953.9" Area="1698690235.5" LengthMicrons="48663.0" AreaMicrons="108044920.6" Text="" NegativeROA="0" InputRegionId="0" Analyze="1" DisplayId="1">
				<Attributes/>
				<Vertices>
					<Vertex X="103617" Y="902" Z="0"/>
					<Vertex X="99235" Y="3157" Z="0"/>
					<Vertex X="98977" Y="3609" Z="0"/>
					<Vertex X="98848" Y="3802" Z="0"/>
					<Vertex X="98784" Y="4124" Z="0"/>
					<Vertex X="98590" Y="4382" Z="0"/>
					<Vertex X="98397" Y="4704" Z="0"/>
					<Vertex X="98268" Y="4962" Z="0"/>
					<Vertex X="98204" Y="5284" Z="0"/>
					<Vertex X="98075" Y="5477" Z="0"/>
					<Vertex X="98011" Y="5735" Z="0"/>
					<Vertex X="97882" Y="5928" Z="0"/>
					<Vertex X="97817" Y="6122" Z="0"/>
					<Vertex X="97688" Y="6444" Z="0"/>
					<Vertex X="97624" Y="6637" Z="0"/>
					<Vertex X="97495" Y="6702" Z="0"/>
					<Vertex X="97302" Y="6830" Z="0"/>
					<Vertex X="97237" Y="7024" Z="0"/>
					<Vertex X="97044" Y="7088" Z="0"/>
					<Vertex X="96851" Y="7217" Z="0"/>
					<Vertex X="96657" Y="7282" Z="0"/>
					<Vertex X="96464" Y="7475" Z="0"/>
					<Vertex X="96271" Y="7604" Z="0"/>
					<Vertex X="96077" Y="7668" Z="0"/>
					<Vertex X="95884" Y="7797" Z="0"/>
					<Vertex X="95755" Y="7861" Z="0"/>
					<Vertex X="95562" Y="7861" Z="0"/>
					<Vertex X="95369" Y="7990" Z="0"/>
					<Vertex X="95175" Y="8184" Z="0"/>
					<Vertex X="94982" Y="8248" Z="0"/>
					<Vertex X="94724" Y="8377" Z="0"/>
					<Vertex X="94531" Y="8441" Z="0"/>
					<Vertex X="94338" Y="8570" Z="0"/>
					<Vertex X="94144" Y="8635" Z="0"/>
					<Vertex X="94015" Y="8764" Z="0"/>
					<Vertex X="93822" Y="8828" Z="0"/>
					<Vertex X="93629" Y="8957" Z="0"/>
					<Vertex X="93435" Y="9021" Z="0"/>
					<Vertex X="93371" Y="9021" Z="0"/>
					<Vertex X="93178" Y="9150" Z="0"/>
					<Vertex X="92855" Y="9215" Z="0"/>
					<Vertex X="92791" Y="9344" Z="0"/>
					<Vertex X="92598" Y="9408" Z="0"/>
					<Vertex X="92404" Y="9537" Z="0"/>
					<Vertex X="92211" Y="9730" Z="0"/>
					<Vertex X="92018" Y="9795" Z="0"/>
					<Vertex X="91889" Y="9988" Z="0"/>
					<Vertex X="91696" Y="10117" Z="0"/>
					<Vertex X="91631" Y="10310" Z="0"/>
					<Vertex X="91502" Y="10503" Z="0"/>
					<Vertex X="91438" Y="10568" Z="0"/>
					<Vertex X="91309" Y="10761" Z="0"/>
					<Vertex X="91245" Y="10890" Z="0"/>
					<Vertex X="91116" Y="11083" Z="0"/>
					<Vertex X="91051" Y="11277" Z="0"/>
					<Vertex X="91051" Y="11470" Z="0"/>
					<Vertex X="90922" Y="11663" Z="0"/>
					<Vertex X="90858" Y="11857" Z="0"/>
					<Vertex X="90729" Y="12050" Z="0"/>
					<Vertex X="90665" Y="12308" Z="0"/>
					<Vertex X="90471" Y="12630" Z="0"/>
					<Vertex X="90342" Y="12823" Z="0"/>
					<Vertex X="90278" Y="13081" Z="0"/>
					<Vertex X="90149" Y="13274" Z="0"/>
					<Vertex X="90085" Y="13468" Z="0"/>
					<Vertex X="89956" Y="13790" Z="0"/>
					<Vertex X="89891" Y="13983" Z="0"/>
					<Vertex X="89891" Y="14241" Z="0"/>
					<Vertex X="89762" Y="14434" Z="0"/>
					<Vertex X="89762" Y="14627" Z="0"/>
					<Vertex X="89762" Y="14950" Z="0"/>
					<Vertex X="89762" Y="15143" Z="0"/>
					<Vertex X="89698" Y="15336" Z="0"/>
					<Vertex X="89698" Y="15530" Z="0"/>
					<Vertex X="89698" Y="15723" Z="0"/>
					<Vertex X="89698" Y="15981" Z="0"/>
					<Vertex X="89698" Y="16303" Z="0"/>
					<Vertex X="89698" Y="16561" Z="0"/>
					<Vertex X="89698" Y="16883" Z="0"/>
					<Vertex X="89698" Y="17076" Z="0"/>
					<Vertex X="89698" Y="17269" Z="0"/>
					<Vertex X="89698" Y="17527" Z="0"/>
					<Vertex X="89569" Y="17720" Z="0"/>
					<Vertex X="89569" Y="18043" Z="0"/>
					<Vertex X="89569" Y="18236" Z="0"/>
					<Vertex X="89505" Y="18494" Z="0"/>
					<Vertex X="89376" Y="18816" Z="0"/>
					<Vertex X="89311" Y="19009" Z="0"/>
					<Vertex X="89183" Y="19267" Z="0"/>
					<Vertex X="89118" Y="19460" Z="0"/>
					<Vertex X="88925" Y="19782" Z="0"/>
					<Vertex X="88925" Y="19976" Z="0"/>
					<Vertex X="88731" Y="20169" Z="0"/>
					<Vertex X="88603" Y="20362" Z="0"/>
					<Vertex X="88538" Y="20556" Z="0"/>
					<Vertex X="88216" Y="21071" Z="0"/>
					<Vertex X="88152" Y="21200" Z="0"/>
					<Vertex X="88023" Y="21522" Z="0"/>
					<Vertex X="87829" Y="21716" Z="0"/>
					<Vertex X="87765" Y="21909" Z="0"/>
					<Vertex X="87636" Y="22102" Z="0"/>
					<Vertex X="87572" Y="22296" Z="0"/>
					<Vertex X="87443" Y="22553" Z="0"/>
					<Vertex X="87378" Y="22747" Z="0"/>
					<Vertex X="87249" Y="23069" Z="0"/>
					<Vertex X="87185" Y="23262" Z="0"/>
					<Vertex X="87056" Y="23520" Z="0"/>
					<Vertex X="87056" Y="23713" Z="0"/>
					<Vertex X="86992" Y="23842" Z="0"/>
					<Vertex X="86863" Y="24100" Z="0"/>
					<Vertex X="86798" Y="24229" Z="0"/>
					<Vertex X="86669" Y="24422" Z="0"/>
					<Vertex X="86605" Y="24615" Z="0"/>
					<Vertex X="86476" Y="24809" Z="0"/>
					<Vertex X="86476" Y="24873" Z="0"/>
					<Vertex X="86412" Y="25195" Z="0"/>
					<Vertex X="86412" Y="25260" Z="0"/>
					<Vertex X="86412" Y="25453" Z="0"/>
					<Vertex X="86283" Y="25711" Z="0"/>
					<Vertex X="86283" Y="25904" Z="0"/>
					<Vertex X="86218" Y="26033" Z="0"/>
					<Vertex X="86218" Y="26226" Z="0"/>
					<Vertex X="86154" Y="26548" Z="0"/>
					<Vertex X="86154" Y="26742" Z="0"/>
					<Vertex X="86025" Y="27000" Z="0"/>
					<Vertex X="86025" Y="27193" Z="0"/>
					<Vertex X="86025" Y="27515" Z="0"/>
					<Vertex X="86025" Y="27773" Z="0"/>
					<Vertex X="86025" Y="27966" Z="0"/>
					<Vertex X="86025" Y="28353" Z="0"/>
					<Vertex X="86025" Y="28546" Z="0"/>
					<Vertex X="86025" Y="28804" Z="0"/>
					<Vertex X="86025" Y="28933" Z="0"/>
					<Vertex X="86025" Y="29126" Z="0"/>
					<Vertex X="86025" Y="29319" Z="0"/>
					<Vertex X="86154" Y="29642" Z="0"/>
					<Vertex X="86154" Y="29706" Z="0"/>
					<Vertex X="86218" Y="29899" Z="0"/>
					<Vertex X="86218" Y="30093" Z="0"/>
					<Vertex X="86218" Y="30286" Z="0"/>
					<Vertex X="86283" Y="30415" Z="0"/>
					<Vertex X="86283" Y="30608" Z="0"/>
					<Vertex X="86283" Y="30801" Z="0"/>
					<Vertex X="86412" Y="31124" Z="0"/>
					<Vertex X="86412" Y="31188" Z="0"/>
					<Vertex X="86476" Y="31381" Z="0"/>
					<Vertex X="86476" Y="31575" Z="0"/>
					<Vertex X="86476" Y="31897" Z="0"/>
					<Vertex X="86605" Y="32090" Z="0"/>
					<Vertex X="86669" Y="32219" Z="0"/>
					<Vertex X="86669" Y="32477" Z="0"/>
					<Vertex X="86798" Y="32606" Z="0"/>
					<Vertex X="86927" Y="32863" Z="0"/>
					<Vertex X="86992" Y="33057" Z="0"/>
					<Vertex X="87056" Y="33186" Z="0"/>
					<Vertex X="87056" Y="33443" Z="0"/>
					<Vertex X="87185" Y="33572" Z="0"/>
					<Vertex X="87378" Y="33830" Z="0"/>
					<Vertex X="87443" Y="34088" Z="0"/>
					<Vertex X="87572" Y="34281" Z="0"/>
					<Vertex X="87765" Y="34474" Z="0"/>
					<Vertex X="87894" Y="34668" Z="0"/>
					<Vertex X="87958" Y="34797" Z="0"/>
					<Vertex X="88023" Y="34925" Z="0"/>
					<Vertex X="88152" Y="35054" Z="0"/>
					<Vertex X="88216" Y="35248" Z="0"/>
					<Vertex X="88409" Y="35441" Z="0"/>
					<Vertex X="88603" Y="35505" Z="0"/>
					<Vertex X="88731" Y="35763" Z="0"/>
					<Vertex X="88925" Y="35956" Z="0"/>
					<Vertex X="88989" Y="36021" Z="0"/>
					<Vertex X="89183" Y="36085" Z="0"/>
					<Vertex X="89311" Y="36343" Z="0"/>
					<Vertex X="89376" Y="36408" Z="0"/>
					<Vertex X="89634" Y="36472" Z="0"/>
					<Vertex X="89762" Y="36601" Z="0"/>
					<Vertex X="89956" Y="36601" Z="0"/>
					<Vertex X="90149" Y="36601" Z="0"/>
					<Vertex X="90342" Y="36601" Z="0"/>
					<Vertex X="90536" Y="36601" Z="0"/>
					<Vertex X="90665" Y="36601" Z="0"/>
					<Vertex X="90858" Y="36601" Z="0"/>
					<Vertex X="91051" Y="36601" Z="0"/>
					<Vertex X="91245" Y="36472" Z="0"/>
					<Vertex X="91438" Y="36472" Z="0"/>
					<Vertex X="91631" Y="36472" Z="0"/>
					<Vertex X="91696" Y="36472" Z="0"/>
					<Vertex X="91889" Y="36472" Z="0"/>
					<Vertex X="92082" Y="36472" Z="0"/>
					<Vertex X="92211" Y="36601" Z="0"/>
					<Vertex X="92340" Y="36730" Z="0"/>
					<Vertex X="92469" Y="36794" Z="0"/>
					<Vertex X="92598" Y="36923" Z="0"/>
					<Vertex X="92662" Y="37052" Z="0"/>
					<Vertex X="92662" Y="37181" Z="0"/>
					<Vertex X="92791" Y="37374" Z="0"/>
					<Vertex X="92855" Y="37696" Z="0"/>
					<Vertex X="92855" Y="37825" Z="0"/>
					<Vertex X="92855" Y="37954" Z="0"/>
					<Vertex X="92855" Y="38212" Z="0"/>
					<Vertex X="92855" Y="38341" Z="0"/>
					<Vertex X="92791" Y="38534" Z="0"/>
					<Vertex X="92791" Y="38727" Z="0"/>
					<Vertex X="92662" Y="38856" Z="0"/>
					<Vertex X="92598" Y="39114" Z="0"/>
					<Vertex X="92469" Y="39307" Z="0"/>
					<Vertex X="92404" Y="39372" Z="0"/>
					<Vertex X="92404" Y="39629" Z="0"/>
					<Vertex X="92211" Y="39823" Z="0"/>
					<Vertex X="92211" Y="39952" Z="0"/>
					<Vertex X="92082" Y="40080" Z="0"/>
					<Vertex X="92018" Y="40209" Z="0"/>
					<Vertex X="91889" Y="40274" Z="0"/>
					<Vertex X="91824" Y="40338" Z="0"/>
					<Vertex X="91696" Y="40467" Z="0"/>
					<Vertex X="91631" Y="40596" Z="0"/>
					<Vertex X="91502" Y="40596" Z="0"/>
					<Vertex X="91438" Y="40596" Z="0"/>
					<Vertex X="91245" Y="40596" Z="0"/>
					<Vertex X="91116" Y="40660" Z="0"/>
					<Vertex X="91051" Y="40660" Z="0"/>
					<Vertex X="90922" Y="40660" Z="0"/>
					<Vertex X="90729" Y="40660" Z="0"/>
					<Vertex X="90536" Y="40660" Z="0"/>
					<Vertex X="90471" Y="40789" Z="0"/>
					<Vertex X="90342" Y="40789" Z="0"/>
					<Vertex X="90278" Y="40789" Z="0"/>
					<Vertex X="90085" Y="40789" Z="0"/>
					<Vertex X="89956" Y="40854" Z="0"/>
					<Vertex X="89891" Y="41047" Z="0"/>
					<Vertex X="89698" Y="41111" Z="0"/>
					<Vertex X="89505" Y="41434" Z="0"/>
					<Vertex X="89376" Y="41627" Z="0"/>
					<Vertex X="89183" Y="41820" Z="0"/>
					<Vertex X="89118" Y="42078" Z="0"/>
					<Vertex X="88925" Y="42400" Z="0"/>
					<Vertex X="88731" Y="42658" Z="0"/>
					<Vertex X="88538" Y="42980" Z="0"/>
					<Vertex X="88216" Y="43496" Z="0"/>
					<Vertex X="88023" Y="43753" Z="0"/>
					<Vertex X="87894" Y="44011" Z="0"/>
					<Vertex X="87765" Y="44333" Z="0"/>
					<Vertex X="87572" Y="44720" Z="0"/>
					<Vertex X="87378" Y="44978" Z="0"/>
					<Vertex X="87185" Y="45429" Z="0"/>
					<Vertex X="87056" Y="45687" Z="0"/>
					<Vertex X="86927" Y="45944" Z="0"/>
					<Vertex X="86669" Y="46267" Z="0"/>
					<Vertex X="85187" Y="50391" Z="0"/>
					<Vertex X="84800" Y="51679" Z="0"/>
					<Vertex X="84607" Y="52259" Z="0"/>
					<Vertex X="84414" Y="52968" Z="0"/>
					<Vertex X="84156" Y="53484" Z="0"/>
					<Vertex X="83963" Y="54257" Z="0"/>
					<Vertex X="83769" Y="55030" Z="0"/>
					<Vertex X="83640" Y="55546" Z="0"/>
					<Vertex X="83576" Y="55997" Z="0"/>
					<Vertex X="83383" Y="56834" Z="0"/>
					<Vertex X="83318" Y="57285" Z="0"/>
					<Vertex X="83189" Y="57801" Z="0"/>
					<Vertex X="83189" Y="58252" Z="0"/>
					<Vertex X="83061" Y="58768" Z="0"/>
					<Vertex X="83061" Y="59412" Z="0"/>
					<Vertex X="82996" Y="59863" Z="0"/>
					<Vertex X="82996" Y="60379" Z="0"/>
					<Vertex X="82996" Y="60765" Z="0"/>
					<Vertex X="82996" Y="61216" Z="0"/>
					<Vertex X="83061" Y="61538" Z="0"/>
					<Vertex X="83189" Y="61796" Z="0"/>
					<Vertex X="83189" Y="62118" Z="0"/>
					<Vertex X="83318" Y="62376" Z="0"/>
					<Vertex X="83447" Y="62698" Z="0"/>
					<Vertex X="83576" Y="62956" Z="0"/>
					<Vertex X="83640" Y="63149" Z="0"/>
					<Vertex X="83769" Y="63343" Z="0"/>
					<Vertex X="83963" Y="63472" Z="0"/>
					<Vertex X="84092" Y="63665" Z="0"/>
					<Vertex X="84220" Y="63729" Z="0"/>
					<Vertex X="84414" Y="63858" Z="0"/>
					<Vertex X="84607" Y="63923" Z="0"/>
					<Vertex X="84800" Y="64051" Z="0"/>
					<Vertex X="85187" Y="64116" Z="0"/>
					<Vertex X="85509" Y="64116" Z="0"/>
					<Vertex X="85702" Y="64116" Z="0"/>
					<Vertex X="85896" Y="64116" Z="0"/>
					<Vertex X="86154" Y="64116" Z="0"/>
					<Vertex X="86476" Y="64116" Z="0"/>
					<Vertex X="86669" Y="64051" Z="0"/>
					<Vertex X="86862" Y="64051" Z="0"/>
					<Vertex X="87120" Y="64051" Z="0"/>
					<Vertex X="87313" Y="63923" Z="0"/>
					<Vertex X="87636" Y="63858" Z="0"/>
					<Vertex X="87829" Y="63729" Z="0"/>
					<Vertex X="88022" Y="63665" Z="0"/>
					<Vertex X="88216" Y="63600" Z="0"/>
					<Vertex X="88409" Y="63472" Z="0"/>
					<Vertex X="88796" Y="63149" Z="0"/>
					<Vertex X="89053" Y="63085" Z="0"/>
					<Vertex X="89247" Y="62892" Z="0"/>
					<Vertex X="89440" Y="62763" Z="0"/>
					<Vertex X="89633" Y="62698" Z="0"/>
					<Vertex X="89827" Y="62569" Z="0"/>
					<Vertex X="90020" Y="62569" Z="0"/>
					<Vertex X="90149" Y="62505" Z="0"/>
					<Vertex X="90342" Y="62376" Z="0"/>
					<Vertex X="90535" Y="62312" Z="0"/>
					<Vertex X="90729" Y="62183" Z="0"/>
					<Vertex X="90986" Y="62118" Z="0"/>
					<Vertex X="91115" Y="61989" Z="0"/>
					<Vertex X="91309" Y="61925" Z="0"/>
					<Vertex X="91502" Y="61796" Z="0"/>
					<Vertex X="91695" Y="61732" Z="0"/>
					<Vertex X="91889" Y="61667" Z="0"/>
					<Vertex X="92146" Y="61538" Z="0"/>
					<Vertex X="92340" Y="61410" Z="0"/>
					<Vertex X="92533" Y="61345" Z="0"/>
					<Vertex X="92726" Y="61216" Z="0"/>
					<Vertex X="92984" Y="61152" Z="0"/>
					<Vertex X="93113" Y="61023" Z="0"/>
					<Vertex X="93306" Y="60958" Z="0"/>
					<Vertex X="93628" Y="60701" Z="0"/>
					<Vertex X="93822" Y="60443" Z="0"/>
					<Vertex X="94015" Y="60250" Z="0"/>
					<Vertex X="94079" Y="60056" Z="0"/>
					<Vertex X="94208" Y="59863" Z="0"/>
					<Vertex X="94402" Y="59476" Z="0"/>
					<Vertex X="94595" Y="59219" Z="0"/>
					<Vertex X="94788" Y="58896" Z="0"/>
					<Vertex X="94982" Y="58510" Z="0"/>
					<Vertex X="95175" Y="58123" Z="0"/>
					<Vertex X="95239" Y="57865" Z="0"/>
					<Vertex X="95497" Y="57543" Z="0"/>
					<Vertex X="95561" Y="57350" Z="0"/>
					<Vertex X="95755" Y="56963" Z="0"/>
					<Vertex X="95819" Y="56706" Z="0"/>
					<Vertex X="96013" Y="56512" Z="0"/>
					<Vertex X="96141" Y="56190" Z="0"/>
					<Vertex X="96335" Y="55932" Z="0"/>
					<Vertex X="96593" Y="55546" Z="0"/>
					<Vertex X="96786" Y="55223" Z="0"/>
					<Vertex X="97108" Y="55030" Z="0"/>
					<Vertex X="97301" Y="54901" Z="0"/>
					<Vertex X="97559" Y="54579" Z="0"/>
					<Vertex X="97881" Y="54450" Z="0"/>
					<Vertex X="98268" Y="54192" Z="0"/>
					<Vertex X="98590" Y="53999" Z="0"/>
					<Vertex X="98848" Y="53806" Z="0"/>
					<Vertex X="99234" Y="53613" Z="0"/>
					<Vertex X="99557" Y="53419" Z="0"/>
					<Vertex X="99943" Y="53226" Z="0"/>
					<Vertex X="100201" Y="53226" Z="0"/>
					<Vertex X="100394" Y="53097" Z="0"/>
					<Vertex X="100588" Y="53097" Z="0"/>
					<Vertex X="100781" Y="53097" Z="0"/>
					<Vertex X="100974" Y="53097" Z="0"/>
					<Vertex X="101296" Y="53226" Z="0"/>
					<Vertex X="101361" Y="53226" Z="0"/>
					<Vertex X="101683" Y="53290" Z="0"/>
					<Vertex X="101876" Y="53419" Z="0"/>
					<Vertex X="102070" Y="53484" Z="0"/>
					<Vertex X="102199" Y="53484" Z="0"/>
					<Vertex X="102392" Y="53484" Z="0"/>
					<Vertex X="102714" Y="53484" Z="0"/>
					<Vertex X="103036" Y="53484" Z="0"/>
					<Vertex X="103423" Y="53484" Z="0"/>
					<Vertex X="103810" Y="53419" Z="0"/>
					<Vertex X="104067" Y="53290" Z="0"/>
					<Vertex X="104390" Y="53226" Z="0"/>
					<Vertex X="104841" Y="53097" Z="0"/>
					<Vertex X="105163" Y="53033" Z="0"/>
					<Vertex X="105485" Y="52968" Z="0"/>
					<Vertex X="105872" Y="52968" Z="0"/>
					<Vertex X="106323" Y="52710" Z="0"/>
					<Vertex X="106709" Y="52646" Z="0"/>
					<Vertex X="107096" Y="52517" Z="0"/>
					<Vertex X="107547" Y="52259" Z="0"/>
					<Vertex X="107934" Y="52195" Z="0"/>
					<Vertex X="108320" Y="52002" Z="0"/>
					<Vertex X="108707" Y="51744" Z="0"/>
					<Vertex X="108965" Y="51550" Z="0"/>
					<Vertex X="109287" Y="51357" Z="0"/>
					<Vertex X="109609" Y="51228" Z="0"/>
					<Vertex X="110060" Y="50906" Z="0"/>
					<Vertex X="110382" Y="50713" Z="0"/>
					<Vertex X="110640" Y="50519" Z="0"/>
					<Vertex X="111027" Y="50262" Z="0"/>
					<Vertex X="111220" Y="50068" Z="0"/>
					<Vertex X="111542" Y="49811" Z="0"/>
					<Vertex X="111735" Y="49553" Z="0"/>
					<Vertex X="111929" Y="49360" Z="0"/>
					<Vertex X="112187" Y="49102" Z="0"/>
					<Vertex X="112444" Y="48651" Z="0"/>
					<Vertex X="112638" Y="48393" Z="0"/>
					<Vertex X="112960" Y="48135" Z="0"/>
					<Vertex X="113153" Y="47813" Z="0"/>
					<Vertex X="113540" Y="47362" Z="0"/>
					<Vertex X="113862" Y="46911" Z="0"/>
					<Vertex X="114120" Y="46653" Z="0"/>
					<Vertex X="114313" Y="46267" Z="0"/>
					<Vertex X="114571" Y="45816" Z="0"/>
					<Vertex X="114828" Y="45493" Z="0"/>
					<Vertex X="115022" Y="45107" Z="0"/>
					<Vertex X="115215" Y="44591" Z="0"/>
					<Vertex X="115408" Y="44333" Z="0"/>
					<Vertex X="115473" Y="44011" Z="0"/>
					<Vertex X="115666" Y="43753" Z="0"/>
					<Vertex X="115859" Y="43302" Z="0"/>
					<Vertex X="115924" Y="42916" Z="0"/>
					<Vertex X="116117" Y="42594" Z="0"/>
					<Vertex X="116311" Y="42014" Z="0"/>
					<Vertex X="116439" Y="41691" Z="0"/>
					<Vertex X="116568" Y="41369" Z="0"/>
					<Vertex X="116762" Y="40725" Z="0"/>
					<Vertex X="116826" Y="40467" Z="0"/>
					<Vertex X="116955" Y="40145" Z="0"/>
					<Vertex X="117148" Y="39565" Z="0"/>
					<Vertex X="117213" Y="39243" Z="0"/>
					<Vertex X="117406" Y="38792" Z="0"/>
					<Vertex X="117535" Y="38405" Z="0"/>
					<Vertex X="117664" Y="37954" Z="0"/>
					<Vertex X="117793" Y="37567" Z="0"/>
					<Vertex X="117857" Y="37116" Z="0"/>
					<Vertex X="118050" Y="36665" Z="0"/>
					<Vertex X="118308" Y="36214" Z="0"/>
					<Vertex X="118373" Y="35828" Z="0"/>
					<Vertex X="118501" Y="35441" Z="0"/>
					<Vertex X="118695" Y="35054" Z="0"/>
					<Vertex X="118759" Y="34474" Z="0"/>
					<Vertex X="118888" Y="34088" Z="0"/>
					<Vertex X="118953" Y="33701" Z="0"/>
					<Vertex X="119017" Y="33315" Z="0"/>
					<Vertex X="119146" Y="32735" Z="0"/>
					<Vertex X="119275" Y="32348" Z="0"/>
					<Vertex X="119404" Y="31961" Z="0"/>
					<Vertex X="119532" Y="31575" Z="0"/>
					<Vertex X="119597" Y="31188" Z="0"/>
					<Vertex X="119790" Y="30608" Z="0"/>
					<Vertex X="119919" Y="30221" Z="0"/>
					<Vertex X="120048" Y="29899" Z="0"/>
					<Vertex X="120112" Y="29577" Z="0"/>
					<Vertex X="120241" Y="29062" Z="0"/>
					<Vertex X="120306" Y="28804" Z="0"/>
					<Vertex X="120435" Y="28417" Z="0"/>
					<Vertex X="120499" Y="27966" Z="0"/>
					<Vertex X="120628" Y="27708" Z="0"/>
					<Vertex X="120692" Y="27451" Z="0"/>
					<Vertex X="120757" Y="26871" Z="0"/>
					<Vertex X="120757" Y="26484" Z="0"/>
					<Vertex X="120886" Y="26162" Z="0"/>
					<Vertex X="121015" Y="25775" Z="0"/>
					<Vertex X="121079" Y="25195" Z="0"/>
					<Vertex X="121079" Y="24809" Z="0"/>
					<Vertex X="121143" Y="24293" Z="0"/>
					<Vertex X="121272" Y="24035" Z="0"/>
					<Vertex X="121337" Y="23584" Z="0"/>
					<Vertex X="121466" Y="23004" Z="0"/>
					<Vertex X="121466" Y="22553" Z="0"/>
					<Vertex X="121530" Y="22167" Z="0"/>
					<Vertex X="121659" Y="21845" Z="0"/>
					<Vertex X="121788" Y="21265" Z="0"/>
					<Vertex X="121852" Y="20814" Z="0"/>
					<Vertex X="122046" Y="20362" Z="0"/>
					<Vertex X="122046" Y="19976" Z="0"/>
					<Vertex X="122174" Y="19589" Z="0"/>
					<Vertex X="122239" Y="19138" Z="0"/>
					<Vertex X="122368" Y="18816" Z="0"/>
					<Vertex X="122368" Y="18429" Z="0"/>
					<Vertex X="122368" Y="17914" Z="0"/>
					<Vertex X="122368" Y="17656" Z="0"/>
					<Vertex X="122432" Y="17269" Z="0"/>
					<Vertex X="122432" Y="17012" Z="0"/>
					<Vertex X="122432" Y="16754" Z="0"/>
					<Vertex X="122522" Y="13799" Z="0"/>
					<Vertex X="122383" Y="12451" Z="0"/>
					<Vertex X="122383" Y="12193" Z="0"/>
					<Vertex X="122383" Y="12074" Z="0"/>
					<Vertex X="122383" Y="11916" Z="0"/>
					<Vertex X="122423" Y="11876" Z="0"/>
					<Vertex X="122423" Y="11797" Z="0"/>
					<Vertex X="122443" Y="11777" Z="0"/>
					<Vertex X="122482" Y="11757" Z="0"/>
					<Vertex X="122522" Y="11717" Z="0"/>
					<Vertex X="122601" Y="11658" Z="0"/>
					<Vertex X="122621" Y="11618" Z="0"/>
					<Vertex X="122680" Y="11618" Z="0"/>
					<Vertex X="122740" Y="11618" Z="0"/>
					<Vertex X="122839" Y="11598" Z="0"/>
					<Vertex X="122899" Y="11598" Z="0"/>
					<Vertex X="122978" Y="11618" Z="0"/>
					<Vertex X="123037" Y="11618" Z="0"/>
					<Vertex X="123176" Y="11697" Z="0"/>
					<Vertex X="123295" Y="11757" Z="0"/>
					<Vertex X="123394" Y="11797" Z="0"/>
					<Vertex X="123493" Y="11836" Z="0"/>
					<Vertex X="123592" Y="11896" Z="0"/>
					<Vertex X="123692" Y="11916" Z="0"/>
					<Vertex X="123751" Y="11955" Z="0"/>
					<Vertex X="123870" Y="12015" Z="0"/>
					<Vertex X="123929" Y="12015" Z="0"/>
					<Vertex X="124088" Y="12054" Z="0"/>
					<Vertex X="124167" Y="12054" Z="0"/>
					<Vertex X="124286" Y="12074" Z="0"/>
					<Vertex X="124445" Y="12074" Z="0"/>
					<Vertex X="124524" Y="12054" Z="0"/>
					<Vertex X="124663" Y="12015" Z="0"/>
					<Vertex X="124802" Y="11995" Z="0"/>
					<Vertex X="125178" Y="11777" Z="0"/>
					<Vertex X="125238" Y="11757" Z="0"/>
					<Vertex X="125337" Y="11697" Z="0"/>
					<Vertex X="125377" Y="11658" Z="0"/>
					<Vertex X="125476" Y="11618" Z="0"/>
					<Vertex X="125496" Y="11598" Z="0"/>
					<Vertex X="125575" Y="11539" Z="0"/>
					<Vertex X="125634" Y="11499" Z="0"/>
					<Vertex X="125714" Y="11440" Z="0"/>
					<Vertex X="125734" Y="11400" Z="0"/>
					<Vertex X="125773" Y="11360" Z="0"/>
					<Vertex X="125813" Y="11301" Z="0"/>
					<Vertex X="125872" Y="11202" Z="0"/>
					<Vertex X="125872" Y="11162" Z="0"/>
					<Vertex X="125912" Y="11023" Z="0"/>
					<Vertex X="125912" Y="10984" Z="0"/>
					<Vertex X="125971" Y="10865" Z="0"/>
					<Vertex X="126011" Y="10805" Z="0"/>
					<Vertex X="126031" Y="10706" Z="0"/>
					<Vertex X="126071" Y="10607" Z="0"/>
					<Vertex X="126110" Y="10528" Z="0"/>
					<Vertex X="126130" Y="10409" Z="0"/>
					<Vertex X="126190" Y="10310" Z="0"/>
					<Vertex X="126229" Y="10230" Z="0"/>
					<Vertex X="126249" Y="10131" Z="0"/>
					<Vertex X="126309" Y="9973" Z="0"/>
					<Vertex X="126348" Y="9834" Z="0"/>
					<Vertex X="126368" Y="9755" Z="0"/>
					<Vertex X="126427" Y="9576" Z="0"/>
					<Vertex X="126447" Y="9457" Z="0"/>
					<Vertex X="126487" Y="9338" Z="0"/>
					<Vertex X="126507" Y="9219" Z="0"/>
					<Vertex X="126546" Y="9100" Z="0"/>
					<Vertex X="126606" Y="8922" Z="0"/>
					<Vertex X="126646" Y="8803" Z="0"/>
					<Vertex X="126646" Y="8684" Z="0"/>
					<Vertex X="126705" Y="8506" Z="0"/>
					<Vertex X="126705" Y="8387" Z="0"/>
					<Vertex X="126764" Y="8208" Z="0"/>
					<Vertex X="126764" Y="8089" Z="0"/>
					<Vertex X="126764" Y="7970" Z="0"/>
					<Vertex X="126784" Y="7792" Z="0"/>
					<Vertex X="126784" Y="7713" Z="0"/>
					<Vertex X="126804" Y="7574" Z="0"/>
					<Vertex X="126804" Y="7455" Z="0"/>
					<Vertex X="126804" Y="7316" Z="0"/>
					<Vertex X="126844" Y="7197" Z="0"/>
					<Vertex X="126844" Y="7078" Z="0"/>
					<Vertex X="126883" Y="6920" Z="0"/>
					<Vertex X="126883" Y="6781" Z="0"/>
					<Vertex X="126883" Y="6662" Z="0"/>
					<Vertex X="126903" Y="6543" Z="0"/>
					<Vertex X="126903" Y="6384" Z="0"/>
					<Vertex X="126903" Y="6265" Z="0"/>
					<Vertex X="126943" Y="6126" Z="0"/>
					<Vertex X="126943" Y="6008" Z="0"/>
					<Vertex X="126943" Y="5889" Z="0"/>
					<Vertex X="126963" Y="5690" Z="0"/>
					<Vertex X="126963" Y="5552" Z="0"/>
					<Vertex X="126963" Y="5452" Z="0"/>
					<Vertex X="126983" Y="5333" Z="0"/>
					<Vertex X="126983" Y="5036" Z="0"/>
					<Vertex X="126983" Y="4858" Z="0"/>
					<Vertex X="126983" Y="4659" Z="0"/>
					<Vertex X="126963" Y="4362" Z="0"/>
					<Vertex X="126963" Y="4065" Z="0"/>
					<Vertex X="126963" Y="3966" Z="0"/>
					<Vertex X="126963" Y="3847" Z="0"/>
					<Vertex X="126963" Y="3747" Z="0"/>
					<Vertex X="126963" Y="3628" Z="0"/>
					<Vertex X="126963" Y="3510" Z="0"/>
					<Vertex X="126963" Y="3410" Z="0"/>
					<Vertex X="126963" Y="3331" Z="0"/>
					<Vertex X="126963" Y="3252" Z="0"/>
					<Vertex X="126963" Y="3153" Z="0"/>
					<Vertex X="126983" Y="3034" Z="0"/>
					<Vertex X="126983" Y="2954" Z="0"/>
					<Vertex X="126983" Y="2875" Z="0"/>
					<Vertex X="126983" Y="2796" Z="0"/>
					<Vertex X="127022" Y="2677" Z="0"/>
					<Vertex X="127022" Y="2617" Z="0"/>
					<Vertex X="127022" Y="2518" Z="0"/>
					<Vertex X="127042" Y="2439" Z="0"/>
					<Vertex X="127042" Y="2280" Z="0"/>
					<Vertex X="127042" Y="2201" Z="0"/>
					<Vertex X="127082" Y="2102" Z="0"/>
					<Vertex X="127082" Y="1963" Z="0"/>
					<Vertex X="127082" Y="1884" Z="0"/>
					<Vertex X="127082" Y="1785" Z="0"/>
					<Vertex X="127082" Y="1705" Z="0"/>
					<Vertex X="127082" Y="1606" Z="0"/>
					<Vertex X="127102" Y="1527" Z="0"/>
					<Vertex X="127102" Y="1388" Z="0"/>
					<Vertex X="127102" Y="1309" Z="0"/>
					<Vertex X="127102" Y="1249" Z="0"/>
					<Vertex X="127082" Y="1170" Z="0"/>
					<Vertex X="127082" Y="1111" Z="0"/>
					<Vertex X="127082" Y="992" Z="0"/>
					<Vertex X="127082" Y="893" Z="0"/>
					<Vertex X="127042" Y="833" Z="0"/>
					<Vertex X="127042" Y="714" Z="0"/>
					<Vertex X="127022" Y="655" Z="0"/>
					<Vertex X="126983" Y="595" Z="0"/>
					<Vertex X="126983" Y="536" Z="0"/>
					<Vertex X="126963" Y="456" Z="0"/>
					<Vertex X="126943" Y="397" Z="0"/>
					<Vertex X="126903" Y="357" Z="0"/>
					<Vertex X="126883" Y="298" Z="0"/>
					<Vertex X="126804" Y="238" Z="0"/>
					<Vertex X="126784" Y="218" Z="0"/>
					<Vertex X="126764" Y="139" Z="0"/>
					<Vertex X="126705" Y="119" Z="0"/>
					<Vertex X="126646" Y="100" Z="0"/>
					<Vertex X="126606" Y="100" Z="0"/>
					<Vertex X="126546" Y="60" Z="0"/>
					<Vertex X="126427" Y="60" Z="0"/>
					<Vertex X="126368" Y="40" Z="0"/>
					<Vertex X="126309" Y="40" Z="0"/>
					<Vertex X="126249" Y="40" Z="0"/>
					<Vertex X="126170" Y="40" Z="0"/>
					<Vertex X="126071" Y="0" Z="0"/>
					<Vertex X="125971" Y="0" Z="0"/>
					<Vertex X="125892" Y="0" Z="0"/>
					<Vertex X="125734" Y="0" Z="0"/>
					<Vertex X="125654" Y="0" Z="0"/>
					<Vertex X="125555" Y="-39" Z="0"/>
					<Vertex X="125436" Y="-39" Z="0"/>
					<Vertex X="125357" Y="-39" Z="0"/>
					<Vertex X="125139" Y="-39" Z="0"/>
					<Vertex X="125059" Y="-39" Z="0"/>
					<Vertex X="124941" Y="-39" Z="0"/>
					<Vertex X="124722" Y="-39" Z="0"/>
					<Vertex X="124604" Y="-39" Z="0"/>
					<Vertex X="124485" Y="-39" Z="0"/>
					<Vertex X="124306" Y="-39" Z="0"/>
					<Vertex X="124187" Y="-59" Z="0"/>
					<Vertex X="124068" Y="-59" Z="0"/>
					<Vertex X="123929" Y="-59" Z="0"/>
					<Vertex X="123810" Y="-59" Z="0"/>
					<Vertex X="123711" Y="-59" Z="0"/>
					<Vertex X="123573" Y="-59" Z="0"/>
					<Vertex X="123454" Y="-99" Z="0"/>
					<Vertex X="123374" Y="-99" Z="0"/>
					<Vertex X="123216" Y="-99" Z="0"/>
					<Vertex X="123097" Y="-99" Z="0"/>
					<Vertex X="122998" Y="-99" Z="0"/>
					<Vertex X="122859" Y="-99" Z="0"/>
					<Vertex X="122740" Y="-99" Z="0"/>
					<Vertex X="122680" Y="-99" Z="0"/>
					<Vertex X="122522" Y="-99" Z="0"/>
					<Vertex X="122462" Y="-119" Z="0"/>
					<Vertex X="120856" Y="-59" Z="0"/>
					<Vertex X="120738" Y="-59" Z="0"/>
					<Vertex X="120658" Y="-59" Z="0"/>
					<Vertex X="120619" Y="-59" Z="0"/>
					<Vertex X="120559" Y="-39" Z="0"/>
					<Vertex X="120539" Y="-39" Z="0"/>
					<Vertex X="120440" Y="0" Z="0"/>
					<Vertex X="120420" Y="0" Z="0"/>
					<Vertex X="120361" Y="0" Z="0"/>
					<Vertex X="120301" Y="0" Z="0"/>
					<Vertex X="120262" Y="0" Z="0"/>
					<Vertex X="120242" Y="20" Z="0"/>
					<Vertex X="120202" Y="20" Z="0"/>
					<Vertex X="120202" Y="60" Z="0"/>
					<Vertex X="120182" Y="60" Z="0"/>
					<Vertex X="120182" Y="80" Z="0"/>
					<Vertex X="120143" Y="139" Z="0"/>
					<Vertex X="120123" Y="179" Z="0"/>
					<Vertex X="120083" Y="199" Z="0"/>
					<Vertex X="120063" Y="258" Z="0"/>
					<Vertex X="119964" Y="377" Z="0"/>
					<Vertex X="119905" Y="476" Z="0"/>
					<Vertex X="119826" Y="556" Z="0"/>
					<Vertex X="119667" Y="694" Z="0"/>
					<Vertex X="119588" Y="734" Z="0"/>
					<Vertex X="119469" Y="833" Z="0"/>
					<Vertex X="119330" Y="952" Z="0"/>
					<Vertex X="119191" Y="1031" Z="0"/>
					<Vertex X="119072" Y="1130" Z="0"/>
					<Vertex X="118953" Y="1210" Z="0"/>
					<Vertex X="118814" Y="1329" Z="0"/>
					<Vertex X="118695" Y="1428" Z="0"/>
					<Vertex X="118577" Y="1487" Z="0"/>
					<Vertex X="118458" Y="1567" Z="0"/>
					<Vertex X="118259" Y="1686" Z="0"/>
					<Vertex X="118121" Y="1785" Z="0"/>
					<Vertex X="117942" Y="1864" Z="0"/>
					<Vertex X="117863" Y="1923" Z="0"/>
					<Vertex X="117744" Y="2023" Z="0"/>
					<Vertex X="117625" Y="2082" Z="0"/>
					<Vertex X="117565" Y="2142" Z="0"/>
					<Vertex X="117506" Y="2201" Z="0"/>
					<Vertex X="117446" Y="2221" Z="0"/>
					<Vertex X="117347" Y="2280" Z="0"/>
					<Vertex X="117288" Y="2320" Z="0"/>
					<Vertex X="117268" Y="2340" Z="0"/>
					<Vertex X="117169" Y="2340" Z="0"/>
					<Vertex X="117149" Y="2379" Z="0"/>
					<Vertex X="117090" Y="2379" Z="0"/>
					<Vertex X="117030" Y="2379" Z="0"/>
					<Vertex X="116991" Y="2379" Z="0"/>
					<Vertex X="116931" Y="2340" Z="0"/>
					<Vertex X="116911" Y="2340" Z="0"/>
					<Vertex X="116812" Y="2340" Z="0"/>
					<Vertex X="116753" Y="2320" Z="0"/>
					<Vertex X="116673" Y="2280" Z="0"/>
					<Vertex X="116614" Y="2280" Z="0"/>
					<Vertex X="116515" Y="2261" Z="0"/>
					<Vertex X="116455" Y="2261" Z="0"/>
					<Vertex X="116316" Y="2261" Z="0"/>
					<Vertex X="116197" Y="2221" Z="0"/>
					<Vertex X="116098" Y="2221" Z="0"/>
					<Vertex X="115979" Y="2201" Z="0"/>
					<Vertex X="115900" Y="2201" Z="0"/>
					<Vertex X="115722" Y="2161" Z="0"/>
					<Vertex X="115563" Y="2142" Z="0"/>
					<Vertex X="115484" Y="2102" Z="0"/>
					<Vertex X="115385" Y="2082" Z="0"/>
					<Vertex X="115266" Y="2042" Z="0"/>
					<Vertex X="115206" Y="2023" Z="0"/>
					<Vertex X="115127" Y="1983" Z="0"/>
					<Vertex X="115028" Y="1923" Z="0"/>
					<Vertex X="114968" Y="1923" Z="0"/>
					<Vertex X="114889" Y="1864" Z="0"/>
					<Vertex X="114830" Y="1844" Z="0"/>
					<Vertex X="114770" Y="1805" Z="0"/>
					<Vertex X="114671" Y="1745" Z="0"/>
					<Vertex X="114552" Y="1725" Z="0"/>
					<Vertex X="114473" Y="1666" Z="0"/>
					<Vertex X="114374" Y="1626" Z="0"/>
					<Vertex X="114255" Y="1547" Z="0"/>
					<Vertex X="114136" Y="1507" Z="0"/>
					<Vertex X="114056" Y="1448" Z="0"/>
					<Vertex X="113898" Y="1388" Z="0"/>
					<Vertex X="113779" Y="1368" Z="0"/>
					<Vertex X="113640" Y="1309" Z="0"/>
					<Vertex X="113521" Y="1269" Z="0"/>
					<Vertex X="113402" Y="1249" Z="0"/>
					<Vertex X="113243" Y="1190" Z="0"/>
					<Vertex X="113125" Y="1150" Z="0"/>
					<Vertex X="113045" Y="1091" Z="0"/>
					<Vertex X="112946" Y="1071" Z="0"/>
					<Vertex X="112807" Y="1031" Z="0"/>
					<Vertex X="112688" Y="1011" Z="0"/>
					<Vertex X="112569" Y="1011" Z="0"/>
					<Vertex X="112450" Y="972" Z="0"/>
					<Vertex X="112332" Y="952" Z="0"/>
					<Vertex X="112232" Y="912" Z="0"/>
					<Vertex X="112054" Y="893" Z="0"/>
					<Vertex X="111935" Y="853" Z="0"/>
					<Vertex X="111757" Y="833" Z="0"/>
					<Vertex X="111638" Y="793" Z="0"/>
					<Vertex X="111519" Y="774" Z="0"/>
					<Vertex X="111320" Y="734" Z="0"/>
					<Vertex X="111201" Y="734" Z="0"/>
					<Vertex X="110983" Y="714" Z="0"/>
					<Vertex X="110864" Y="694" Z="0"/>
					<Vertex X="110726" Y="694" Z="0"/>
					<Vertex X="110508" Y="694" Z="0"/>
					<Vertex X="110369" Y="655" Z="0"/>
					<Vertex X="110210" Y="655" Z="0"/>
					<Vertex X="110012" Y="655" Z="0"/>
					<Vertex X="109853" Y="655" Z="0"/>
					<Vertex X="109734" Y="655" Z="0"/>
					<Vertex X="109536" Y="655" Z="0"/>
					<Vertex X="109417" Y="655" Z="0"/>
					<Vertex X="109259" Y="655" Z="0"/>
					<Vertex X="109060" Y="655" Z="0"/>
					<Vertex X="108902" Y="655" Z="0"/>
					<Vertex X="108783" Y="655" Z="0"/>
					<Vertex X="108584" Y="655" Z="0"/>
					<Vertex X="108426" Y="655" Z="0"/>
					<Vertex X="108287" Y="655" Z="0"/>
					<Vertex X="108109" Y="655" Z="0"/>
					<Vertex X="107891" Y="655" Z="0"/>
					<Vertex X="107752" Y="655" Z="0"/>
					<Vertex X="107534" Y="655" Z="0"/>
					<Vertex X="107395" Y="655" Z="0"/>
					<Vertex X="107217" Y="655" Z="0"/>
					<Vertex X="106998" Y="655" Z="0"/>
					<Vertex X="106860" Y="655" Z="0"/>
					<Vertex X="106701" Y="655" Z="0"/>
					<Vertex X="106523" Y="655" Z="0"/>
					<Vertex X="106384" Y="655" Z="0"/>
					<Vertex X="106265" Y="655" Z="0"/>
					<Vertex X="106086" Y="655" Z="0"/>
					<Vertex X="105968" Y="655" Z="0"/>
					<Vertex X="105749" Y="655" Z="0"/>
					<Vertex X="105670" Y="655" Z="0"/>
					<Vertex X="105551" Y="694" Z="0"/>
					<Vertex X="105373" Y="694" Z="0"/>
					<Vertex X="105254" Y="714" Z="0"/>
					<Vertex X="105095" Y="734" Z="0"/>
					<Vertex X="105016" Y="734" Z="0"/>
					<Vertex X="104956" Y="734" Z="0"/>
					<Vertex X="104837" Y="774" Z="0"/>
					<Vertex X="104778" Y="774" Z="0"/>
					<Vertex X="104718" Y="774" Z="0"/>
					<Vertex X="104619" Y="793" Z="0"/>
					<Vertex X="104600" Y="793" Z="0"/>
					<Vertex X="104500" Y="793" Z="0"/>
					<Vertex X="104441" Y="793" Z="0"/>
					<Vertex X="104362" Y="793" Z="0"/>
					<Vertex X="104322" Y="833" Z="0"/>
					<Vertex X="104263" Y="833" Z="0"/>
					<Vertex X="104203" Y="833" Z="0"/>
					<Vertex X="104144" Y="853" Z="0"/>
					<Vertex X="104084" Y="853" Z="0"/>
					<Vertex X="104005" Y="893" Z="0"/>
					<Vertex X="103945" Y="893" Z="0"/>
					<Vertex X="103846" Y="893" Z="0"/>
					<Vertex X="103787" Y="912" Z="0"/>
					<Vertex X="103767" Y="912" Z="0"/>
					<Vertex X="103707" Y="912" Z="0"/>
					<Vertex X="103668" Y="952" Z="0"/>
					<Vertex X="103707" Y="952" Z="0"/>
					<Vertex X="103668" Y="952" Z="0"/>
					<Vertex X="103648" Y="952" Z="0"/>
					<Vertex X="103608" Y="952" Z="0"/>
					<Vertex X="103617" Y="902" Z="0"/>
				</Vertices>
			</Region>
		</Regions>
		<Plots/>
	</Annotation>
</Annotations>
