<Annotations MicronsPerPixel="0.252200">
	<Annotation Id="1" Name="" ReadOnly="0" NameReadOnly="0" LineColorReadOnly="0" Incremental="0" Type="4" LineColor="255" Visible="1" Selected="1" MarkupImagePath="" MacroName="">
		<Attributes/>
		<Regions>
			<RegionAttributeHeaders>
				<AttributeHeader Id="9999" Name="Region" ColumnWidth="-1"/>
				<AttributeHeader Id="9997" Name="Length" ColumnWidth="-1"/>
				<AttributeHeader Id="9996" Name="Area" ColumnWidth="-1"/>
				<AttributeHeader Id="9998" Name="Text" ColumnWidth="-1"/>
			</RegionAttributeHeaders>
			<Region Id="1" Type="0" Zoom="0.017167" Selected="1" ImageLocation="" ImageFocus="-1" Length="281714.7" Area="1952630832.0" LengthMicrons="71048.4" AreaMicrons="124196771.6" Text="" NegativeROA="0" InputRegionId="0" Analyze="1" DisplayId="1">
				<Attributes/>
				<Vertices>
					<Vertex X="37648" Y="35050" Z="0"/>
					<Vertex X="33144" Y="33779" Z="0"/>
					<Vertex X="32797" Y="33606" Z="0"/>
					<Vertex X="32624" Y="33491" Z="0"/>
					<Vertex X="32566" Y="33433" Z="0"/>
					<Vertex X="32393" Y="33433" Z="0"/>
					<Vertex X="32220" Y="33317" Z="0"/>
					<Vertex X="32047" Y="33260" Z="0"/>
					<Vertex X="31931" Y="33260" Z="0"/>
					<Vertex X="31758" Y="33144" Z="0"/>
					<Vertex X="31527" Y="33086" Z="0"/>
					<Vertex X="31238" Y="32971" Z="0"/>
					<Vertex X="31065" Y="32913" Z="0"/>
					<Vertex X="30892" Y="32913" Z="0"/>
					<Vertex X="30661" Y="32798" Z="0"/>
					<Vertex X="30488" Y="32740" Z="0"/>
					<Vertex X="30314" Y="32625" Z="0"/>
					<Vertex X="30141" Y="32567" Z="0"/>
					<Vertex X="29968" Y="32451" Z="0"/>
					<Vertex X="29622" Y="32394" Z="0"/>
					<Vertex X="29448" Y="32394" Z="0"/>
					<Vertex X="29160" Y="32278" Z="0"/>
					<Vertex X="28986" Y="32278" Z="0"/>
					<Vertex X="28813" Y="32220" Z="0"/>
					<Vertex X="28640" Y="32220" Z="0"/>
					<Vertex X="28467" Y="32220" Z="0"/>
					<Vertex X="28293" Y="32105" Z="0"/>
					<Vertex X="28062" Y="32105" Z="0"/>
					<Vertex X="27774" Y="32105" Z="0"/>
					<Vertex X="27543" Y="32105" Z="0"/>
					<Vertex X="27196" Y="32105" Z="0"/>
					<Vertex X="26908" Y="32105" Z="0"/>
					<Vertex X="26677" Y="32220" Z="0"/>
					<Vertex X="26388" Y="32278" Z="0"/>
					<Vertex X="26041" Y="32394" Z="0"/>
					<Vertex X="25695" Y="32567" Z="0"/>
					<Vertex X="25349" Y="32740" Z="0"/>
					<Vertex X="25118" Y="32913" Z="0"/>
					<Vertex X="24656" Y="33144" Z="0"/>
					<Vertex X="24425" Y="33317" Z="0"/>
					<Vertex X="24078" Y="33491" Z="0"/>
					<Vertex X="23616" Y="33779" Z="0"/>
					<Vertex X="23385" Y="34010" Z="0"/>
					<Vertex X="23039" Y="34184" Z="0"/>
					<Vertex X="22750" Y="34357" Z="0"/>
					<Vertex X="22519" Y="34530" Z="0"/>
					<Vertex X="22230" Y="34703" Z="0"/>
					<Vertex X="22057" Y="34877" Z="0"/>
					<Vertex X="21826" Y="35050" Z="0"/>
					<Vertex X="21538" Y="35223" Z="0"/>
					<Vertex X="21364" Y="35396" Z="0"/>
					<Vertex X="21133" Y="35685" Z="0"/>
					<Vertex X="20960" Y="35916" Z="0"/>
					<Vertex X="20671" Y="36089" Z="0"/>
					<Vertex X="20498" Y="36262" Z="0"/>
					<Vertex X="20325" Y="36436" Z="0"/>
					<Vertex X="20152" Y="36724" Z="0"/>
					<Vertex X="19979" Y="36897" Z="0"/>
					<Vertex X="19805" Y="37071" Z="0"/>
					<Vertex X="19632" Y="37128" Z="0"/>
					<Vertex X="19574" Y="37302" Z="0"/>
					<Vertex X="19401" Y="37590" Z="0"/>
					<Vertex X="19286" Y="37764" Z="0"/>
					<Vertex X="19228" Y="37821" Z="0"/>
					<Vertex X="19055" Y="37995" Z="0"/>
					<Vertex X="19055" Y="38110" Z="0"/>
					<Vertex X="18881" Y="38168" Z="0"/>
					<Vertex X="18881" Y="38341" Z="0"/>
					<Vertex X="18766" Y="38514" Z="0"/>
					<Vertex X="18708" Y="38630" Z="0"/>
					<Vertex X="18708" Y="38803" Z="0"/>
					<Vertex X="18593" Y="38861" Z="0"/>
					<Vertex X="18593" Y="39034" Z="0"/>
					<Vertex X="18708" Y="39207" Z="0"/>
					<Vertex X="18708" Y="39496" Z="0"/>
					<Vertex X="18766" Y="39669" Z="0"/>
					<Vertex X="18766" Y="39842" Z="0"/>
					<Vertex X="18881" Y="40016" Z="0"/>
					<Vertex X="18881" Y="40073" Z="0"/>
					<Vertex X="18939" Y="40247" Z="0"/>
					<Vertex X="18939" Y="40420" Z="0"/>
					<Vertex X="18939" Y="40593" Z="0"/>
					<Vertex X="18939" Y="40766" Z="0"/>
					<Vertex X="18939" Y="40939" Z="0"/>
					<Vertex X="18939" Y="41113" Z="0"/>
					<Vertex X="18881" Y="41286" Z="0"/>
					<Vertex X="18881" Y="41401" Z="0"/>
					<Vertex X="18766" Y="41575" Z="0"/>
					<Vertex X="18708" Y="41690" Z="0"/>
					<Vertex X="18593" Y="41748" Z="0"/>
					<Vertex X="18535" Y="41921" Z="0"/>
					<Vertex X="18362" Y="41979" Z="0"/>
					<Vertex X="18189" Y="42152" Z="0"/>
					<Vertex X="18073" Y="42268" Z="0"/>
					<Vertex X="17900" Y="42268" Z="0"/>
					<Vertex X="17842" Y="42383" Z="0"/>
					<Vertex X="17669" Y="42441" Z="0"/>
					<Vertex X="17496" Y="42499" Z="0"/>
					<Vertex X="17322" Y="42614" Z="0"/>
					<Vertex X="17034" Y="42672" Z="0"/>
					<Vertex X="16860" Y="42672" Z="0"/>
					<Vertex X="16687" Y="42787" Z="0"/>
					<Vertex X="16514" Y="42787" Z="0"/>
					<Vertex X="16283" Y="42845" Z="0"/>
					<Vertex X="16110" Y="42845" Z="0"/>
					<Vertex X="15821" Y="42960" Z="0"/>
					<Vertex X="15648" Y="42960" Z="0"/>
					<Vertex X="15417" Y="42960" Z="0"/>
					<Vertex X="14955" Y="42960" Z="0"/>
					<Vertex X="14724" Y="42960" Z="0"/>
					<Vertex X="14435" Y="42960" Z="0"/>
					<Vertex X="14204" Y="42960" Z="0"/>
					<Vertex X="13858" Y="42960" Z="0"/>
					<Vertex X="13396" Y="42960" Z="0"/>
					<Vertex X="13165" Y="42960" Z="0"/>
					<Vertex X="12876" Y="42960" Z="0"/>
					<Vertex X="12645" Y="42960" Z="0"/>
					<Vertex X="12183" Y="42960" Z="0"/>
					<Vertex X="12010" Y="42845" Z="0"/>
					<Vertex X="11779" Y="42845" Z="0"/>
					<Vertex X="11606" Y="42787" Z="0"/>
					<Vertex X="11317" Y="42787" Z="0"/>
					<Vertex X="11144" Y="42672" Z="0"/>
					<Vertex X="10971" Y="42499" Z="0"/>
					<Vertex X="10797" Y="42441" Z="0"/>
					<Vertex X="10624" Y="42383" Z="0"/>
					<Vertex X="10451" Y="42268" Z="0"/>
					<Vertex X="10393" Y="42152" Z="0"/>
					<Vertex X="10220" Y="42094" Z="0"/>
					<Vertex X="10047" Y="41979" Z="0"/>
					<Vertex X="9874" Y="41921" Z="0"/>
					<Vertex X="9700" Y="41806" Z="0"/>
					<Vertex X="9412" Y="41748" Z="0"/>
					<Vertex X="9238" Y="41690" Z="0"/>
					<Vertex X="9007" Y="41575" Z="0"/>
					<Vertex X="8719" Y="41459" Z="0"/>
					<Vertex X="8545" Y="41459" Z="0"/>
					<Vertex X="8372" Y="41401" Z="0"/>
					<Vertex X="8141" Y="41401" Z="0"/>
					<Vertex X="7968" Y="41286" Z="0"/>
					<Vertex X="7679" Y="41286" Z="0"/>
					<Vertex X="7448" Y="41286" Z="0"/>
					<Vertex X="7160" Y="41286" Z="0"/>
					<Vertex X="6813" Y="41286" Z="0"/>
					<Vertex X="6582" Y="41401" Z="0"/>
					<Vertex X="6409" Y="41401" Z="0"/>
					<Vertex X="6120" Y="41401" Z="0"/>
					<Vertex X="5774" Y="41459" Z="0"/>
					<Vertex X="5543" Y="41575" Z="0"/>
					<Vertex X="5370" Y="41575" Z="0"/>
					<Vertex X="5081" Y="41690" Z="0"/>
					<Vertex X="4850" Y="41690" Z="0"/>
					<Vertex X="4677" Y="41748" Z="0"/>
					<Vertex X="4504" Y="41921" Z="0"/>
					<Vertex X="4215" Y="41979" Z="0"/>
					<Vertex X="4042" Y="42094" Z="0"/>
					<Vertex X="3868" Y="42268" Z="0"/>
					<Vertex X="3811" Y="42383" Z="0"/>
					<Vertex X="3695" Y="42499" Z="0"/>
					<Vertex X="3695" Y="42672" Z="0"/>
					<Vertex X="3637" Y="42845" Z="0"/>
					<Vertex X="3695" Y="43191" Z="0"/>
					<Vertex X="3695" Y="43480" Z="0"/>
					<Vertex X="3695" Y="43711" Z="0"/>
					<Vertex X="3811" Y="44000" Z="0"/>
					<Vertex X="3811" Y="44346" Z="0"/>
					<Vertex X="3868" Y="44693" Z="0"/>
					<Vertex X="3868" Y="45039" Z="0"/>
					<Vertex X="3868" Y="45386" Z="0"/>
					<Vertex X="3984" Y="45617" Z="0"/>
					<Vertex X="3984" Y="45905" Z="0"/>
					<Vertex X="3984" Y="46425" Z="0"/>
					<Vertex X="3984" Y="46656" Z="0"/>
					<Vertex X="3984" Y="47002" Z="0"/>
					<Vertex X="4042" Y="47464" Z="0"/>
					<Vertex X="4042" Y="47811" Z="0"/>
					<Vertex X="4157" Y="48042" Z="0"/>
					<Vertex X="4157" Y="48388" Z="0"/>
					<Vertex X="4157" Y="48735" Z="0"/>
					<Vertex X="4215" Y="49081" Z="0"/>
					<Vertex X="4215" Y="49543" Z="0"/>
					<Vertex X="4330" Y="49947" Z="0"/>
					<Vertex X="4330" Y="50409" Z="0"/>
					<Vertex X="4388" Y="50813" Z="0"/>
					<Vertex X="4388" Y="51506" Z="0"/>
					<Vertex X="4504" Y="51968" Z="0"/>
					<Vertex X="4504" Y="52373" Z="0"/>
					<Vertex X="4504" Y="53008" Z="0"/>
					<Vertex X="4561" Y="53412" Z="0"/>
					<Vertex X="4561" Y="53932" Z="0"/>
					<Vertex X="4561" Y="54393" Z="0"/>
					<Vertex X="4561" Y="54855" Z="0"/>
					<Vertex X="4561" Y="55260" Z="0"/>
					<Vertex X="4561" Y="55664" Z="0"/>
					<Vertex X="4561" Y="56126" Z="0"/>
					<Vertex X="4504" Y="56703" Z="0"/>
					<Vertex X="4504" Y="57050" Z="0"/>
					<Vertex X="4504" Y="57512" Z="0"/>
					<Vertex X="4388" Y="57858" Z="0"/>
					<Vertex X="4388" Y="58262" Z="0"/>
					<Vertex X="4330" Y="58609" Z="0"/>
					<Vertex X="4330" Y="59071" Z="0"/>
					<Vertex X="4215" Y="59417" Z="0"/>
					<Vertex X="4157" Y="59764" Z="0"/>
					<Vertex X="4157" Y="60110" Z="0"/>
					<Vertex X="4042" Y="60456" Z="0"/>
					<Vertex X="3984" Y="60687" Z="0"/>
					<Vertex X="3984" Y="61034" Z="0"/>
					<Vertex X="3868" Y="61496" Z="0"/>
					<Vertex X="3868" Y="61842" Z="0"/>
					<Vertex X="3811" Y="62362" Z="0"/>
					<Vertex X="3811" Y="62708" Z="0"/>
					<Vertex X="3695" Y="63055" Z="0"/>
					<Vertex X="3695" Y="63401" Z="0"/>
					<Vertex X="3695" Y="63632" Z="0"/>
					<Vertex X="3637" Y="63979" Z="0"/>
					<Vertex X="3637" Y="64267" Z="0"/>
					<Vertex X="3637" Y="64614" Z="0"/>
					<Vertex X="3637" Y="64845" Z="0"/>
					<Vertex X="3637" Y="65307" Z="0"/>
					<Vertex X="3695" Y="65653" Z="0"/>
					<Vertex X="3695" Y="65942" Z="0"/>
					<Vertex X="3695" Y="66173" Z="0"/>
					<Vertex X="3811" Y="66404" Z="0"/>
					<Vertex X="3868" Y="66693" Z="0"/>
					<Vertex X="3984" Y="66866" Z="0"/>
					<Vertex X="4157" Y="67039" Z="0"/>
					<Vertex X="4330" Y="67212" Z="0"/>
					<Vertex X="4504" Y="67270" Z="0"/>
					<Vertex X="4850" Y="67443" Z="0"/>
					<Vertex X="5023" Y="67559" Z="0"/>
					<Vertex X="5254" Y="67674" Z="0"/>
					<Vertex X="5543" Y="67732" Z="0"/>
					<Vertex X="5716" Y="67732" Z="0"/>
					<Vertex X="5947" Y="67790" Z="0"/>
					<Vertex X="6236" Y="67790" Z="0"/>
					<Vertex X="6467" Y="67790" Z="0"/>
					<Vertex X="6813" Y="67790" Z="0"/>
					<Vertex X="7102" Y="67790" Z="0"/>
					<Vertex X="7333" Y="67790" Z="0"/>
					<Vertex X="7622" Y="67732" Z="0"/>
					<Vertex X="7853" Y="67732" Z="0"/>
					<Vertex X="8199" Y="67732" Z="0"/>
					<Vertex X="8372" Y="67732" Z="0"/>
					<Vertex X="8545" Y="67790" Z="0"/>
					<Vertex X="8719" Y="67790" Z="0"/>
					<Vertex X="9007" Y="67790" Z="0"/>
					<Vertex X="9181" Y="67905" Z="0"/>
					<Vertex X="9354" Y="67905" Z="0"/>
					<Vertex X="9527" Y="67963" Z="0"/>
					<Vertex X="9700" Y="68078" Z="0"/>
					<Vertex X="9874" Y="68136" Z="0"/>
					<Vertex X="10047" Y="68252" Z="0"/>
					<Vertex X="10220" Y="68309" Z="0"/>
					<Vertex X="10393" Y="68540" Z="0"/>
					<Vertex X="10566" Y="68598" Z="0"/>
					<Vertex X="10740" Y="68829" Z="0"/>
					<Vertex X="10913" Y="68945" Z="0"/>
					<Vertex X="10971" Y="69118" Z="0"/>
					<Vertex X="11086" Y="69176" Z="0"/>
					<Vertex X="11259" Y="69291" Z="0"/>
					<Vertex X="11317" Y="69407" Z="0"/>
					<Vertex X="11433" Y="69464" Z="0"/>
					<Vertex X="11490" Y="69522" Z="0"/>
					<Vertex X="11606" Y="69695" Z="0"/>
					<Vertex X="11664" Y="69811" Z="0"/>
					<Vertex X="11779" Y="69868" Z="0"/>
					<Vertex X="11837" Y="69984" Z="0"/>
					<Vertex X="11837" Y="70157" Z="0"/>
					<Vertex X="11952" Y="70330" Z="0"/>
					<Vertex X="11952" Y="70388" Z="0"/>
					<Vertex X="12010" Y="70561" Z="0"/>
					<Vertex X="12010" Y="70908" Z="0"/>
					<Vertex X="12010" Y="71139" Z="0"/>
					<Vertex X="12010" Y="71254" Z="0"/>
					<Vertex X="12010" Y="71428" Z="0"/>
					<Vertex X="12010" Y="71601" Z="0"/>
					<Vertex X="12010" Y="71889" Z="0"/>
					<Vertex X="11952" Y="72063" Z="0"/>
					<Vertex X="11952" Y="72409" Z="0"/>
					<Vertex X="11837" Y="72582" Z="0"/>
					<Vertex X="11837" Y="72756" Z="0"/>
					<Vertex X="11779" Y="72929" Z="0"/>
					<Vertex X="11664" Y="73102" Z="0"/>
					<Vertex X="11606" Y="73275" Z="0"/>
					<Vertex X="11317" Y="73622" Z="0"/>
					<Vertex X="11259" Y="73795" Z="0"/>
					<Vertex X="11086" Y="74026" Z="0"/>
					<Vertex X="10913" Y="74199" Z="0"/>
					<Vertex X="10740" Y="74372" Z="0"/>
					<Vertex X="10566" Y="74546" Z="0"/>
					<Vertex X="10393" Y="74834" Z="0"/>
					<Vertex X="10220" Y="75065" Z="0"/>
					<Vertex X="10047" Y="75239" Z="0"/>
					<Vertex X="9758" Y="75527" Z="0"/>
					<Vertex X="9643" Y="75700" Z="0"/>
					<Vertex X="9412" Y="75874" Z="0"/>
					<Vertex X="9181" Y="76105" Z="0"/>
					<Vertex X="9007" Y="76336" Z="0"/>
					<Vertex X="8834" Y="76451" Z="0"/>
					<Vertex X="8719" Y="76740" Z="0"/>
					<Vertex X="8545" Y="76913" Z="0"/>
					<Vertex X="8372" Y="77144" Z="0"/>
					<Vertex X="8315" Y="77317" Z="0"/>
					<Vertex X="8084" Y="77664" Z="0"/>
					<Vertex X="7968" Y="77952" Z="0"/>
					<Vertex X="7795" Y="78183" Z="0"/>
					<Vertex X="7679" Y="78472" Z="0"/>
					<Vertex X="7506" Y="78703" Z="0"/>
					<Vertex X="7506" Y="78876" Z="0"/>
					<Vertex X="7448" Y="79050" Z="0"/>
					<Vertex X="7333" Y="79338" Z="0"/>
					<Vertex X="7448" Y="79569" Z="0"/>
					<Vertex X="7448" Y="79858" Z="0"/>
					<Vertex X="7506" Y="80031" Z="0"/>
					<Vertex X="7506" Y="80262" Z="0"/>
					<Vertex X="7622" Y="80551" Z="0"/>
					<Vertex X="7795" Y="80724" Z="0"/>
					<Vertex X="7853" Y="80897" Z="0"/>
					<Vertex X="8084" Y="81071" Z="0"/>
					<Vertex X="8199" Y="81302" Z="0"/>
					<Vertex X="8372" Y="81417" Z="0"/>
					<Vertex X="8545" Y="81590" Z="0"/>
					<Vertex X="8661" Y="81648" Z="0"/>
					<Vertex X="8719" Y="81763" Z="0"/>
					<Vertex X="8892" Y="81763" Z="0"/>
					<Vertex X="9065" Y="81821" Z="0"/>
					<Vertex X="9238" Y="81821" Z="0"/>
					<Vertex X="9412" Y="81821" Z="0"/>
					<Vertex X="9643" Y="81763" Z="0"/>
					<Vertex X="9874" Y="81763" Z="0"/>
					<Vertex X="10105" Y="81648" Z="0"/>
					<Vertex X="10393" Y="81590" Z="0"/>
					<Vertex X="10566" Y="81590" Z="0"/>
					<Vertex X="10797" Y="81475" Z="0"/>
					<Vertex X="11086" Y="81417" Z="0"/>
					<Vertex X="11317" Y="81417" Z="0"/>
					<Vertex X="11779" Y="81302" Z="0"/>
					<Vertex X="12010" Y="81302" Z="0"/>
					<Vertex X="12183" Y="81302" Z="0"/>
					<Vertex X="12472" Y="81244" Z="0"/>
					<Vertex X="12818" Y="81128" Z="0"/>
					<Vertex X="13049" Y="80955" Z="0"/>
					<Vertex X="13338" Y="80897" Z="0"/>
					<Vertex X="13627" Y="80724" Z="0"/>
					<Vertex X="13858" Y="80551" Z="0"/>
					<Vertex X="14089" Y="80435" Z="0"/>
					<Vertex X="14377" Y="80204" Z="0"/>
					<Vertex X="14782" Y="79916" Z="0"/>
					<Vertex X="15186" Y="79685" Z="0"/>
					<Vertex X="15475" Y="79512" Z="0"/>
					<Vertex X="15763" Y="79338" Z="0"/>
					<Vertex X="16168" Y="79050" Z="0"/>
					<Vertex X="16456" Y="78992" Z="0"/>
					<Vertex X="16745" Y="78819" Z="0"/>
					<Vertex X="17034" Y="78645" Z="0"/>
					<Vertex X="17496" Y="78472" Z="0"/>
					<Vertex X="17727" Y="78357" Z="0"/>
					<Vertex X="18015" Y="78299" Z="0"/>
					<Vertex X="18362" Y="78126" Z="0"/>
					<Vertex X="18593" Y="78010" Z="0"/>
					<Vertex X="18997" Y="77952" Z="0"/>
					<Vertex X="19401" Y="77779" Z="0"/>
					<Vertex X="19632" Y="77779" Z="0"/>
					<Vertex X="19921" Y="77779" Z="0"/>
					<Vertex X="20152" Y="77779" Z="0"/>
					<Vertex X="20556" Y="77779" Z="0"/>
					<Vertex X="20787" Y="77779" Z="0"/>
					<Vertex X="21018" Y="77779" Z="0"/>
					<Vertex X="21307" Y="77664" Z="0"/>
					<Vertex X="21480" Y="77664" Z="0"/>
					<Vertex X="21826" Y="77491" Z="0"/>
					<Vertex X="22173" Y="77433" Z="0"/>
					<Vertex X="22346" Y="77260" Z="0"/>
					<Vertex X="22750" Y="76971" Z="0"/>
					<Vertex X="23039" Y="76740" Z="0"/>
					<Vertex X="23212" Y="76567" Z="0"/>
					<Vertex X="23443" Y="76336" Z="0"/>
					<Vertex X="23732" Y="76047" Z="0"/>
					<Vertex X="23963" Y="75758" Z="0"/>
					<Vertex X="24136" Y="75585" Z="0"/>
					<Vertex X="24540" Y="75239" Z="0"/>
					<Vertex X="24771" Y="75065" Z="0"/>
					<Vertex X="24944" Y="74834" Z="0"/>
					<Vertex X="25233" Y="74661" Z="0"/>
					<Vertex X="25349" Y="74372" Z="0"/>
					<Vertex X="25637" Y="74199" Z="0"/>
					<Vertex X="25868" Y="74026" Z="0"/>
					<Vertex X="26099" Y="73853" Z="0"/>
					<Vertex X="26330" Y="73795" Z="0"/>
					<Vertex X="26503" Y="73737" Z="0"/>
					<Vertex X="26677" Y="73622" Z="0"/>
					<Vertex X="26850" Y="73449" Z="0"/>
					<Vertex X="26908" Y="73449" Z="0"/>
					<Vertex X="27081" Y="73333" Z="0"/>
					<Vertex X="27196" Y="73275" Z="0"/>
					<Vertex X="27254" Y="73102" Z="0"/>
					<Vertex X="27370" Y="72987" Z="0"/>
					<Vertex X="27427" Y="72813" Z="0"/>
					<Vertex X="27427" Y="72640" Z="0"/>
					<Vertex X="27427" Y="72467" Z="0"/>
					<Vertex X="27427" Y="72294" Z="0"/>
					<Vertex X="27370" Y="72120" Z="0"/>
					<Vertex X="27254" Y="72005" Z="0"/>
					<Vertex X="27081" Y="71774" Z="0"/>
					<Vertex X="26908" Y="71601" Z="0"/>
					<Vertex X="26792" Y="71543" Z="0"/>
					<Vertex X="26503" Y="71370" Z="0"/>
					<Vertex X="26330" Y="71254" Z="0"/>
					<Vertex X="25984" Y="71197" Z="0"/>
					<Vertex X="25637" Y="71139" Z="0"/>
					<Vertex X="25464" Y="70908" Z="0"/>
					<Vertex X="25233" Y="70850" Z="0"/>
					<Vertex X="24944" Y="70735" Z="0"/>
					<Vertex X="24656" Y="70677" Z="0"/>
					<Vertex X="24251" Y="70504" Z="0"/>
					<Vertex X="23905" Y="70388" Z="0"/>
					<Vertex X="23674" Y="70330" Z="0"/>
					<Vertex X="23270" Y="70273" Z="0"/>
					<Vertex X="22866" Y="70157" Z="0"/>
					<Vertex X="22519" Y="70042" Z="0"/>
					<Vertex X="22173" Y="69984" Z="0"/>
					<Vertex X="21711" Y="69868" Z="0"/>
					<Vertex X="21480" Y="69811" Z="0"/>
					<Vertex X="21307" Y="69638" Z="0"/>
					<Vertex X="21018" Y="69522" Z="0"/>
					<Vertex X="20671" Y="69291" Z="0"/>
					<Vertex X="20556" Y="69118" Z="0"/>
					<Vertex X="20267" Y="69002" Z="0"/>
					<Vertex X="20094" Y="68771" Z="0"/>
					<Vertex X="19921" Y="68656" Z="0"/>
					<Vertex X="19748" Y="68540" Z="0"/>
					<Vertex X="19459" Y="68252" Z="0"/>
					<Vertex X="19401" Y="68136" Z="0"/>
					<Vertex X="19228" Y="67963" Z="0"/>
					<Vertex X="19055" Y="67790" Z="0"/>
					<Vertex X="18881" Y="67559" Z="0"/>
					<Vertex X="18766" Y="67386" Z="0"/>
					<Vertex X="18708" Y="67097" Z="0"/>
					<Vertex X="18593" Y="66924" Z="0"/>
					<Vertex X="18593" Y="66577" Z="0"/>
					<Vertex X="18708" Y="66404" Z="0"/>
					<Vertex X="18766" Y="66231" Z="0"/>
					<Vertex X="18997" Y="66000" Z="0"/>
					<Vertex X="19112" Y="65827" Z="0"/>
					<Vertex X="19286" Y="65711" Z="0"/>
					<Vertex X="19459" Y="65538" Z="0"/>
					<Vertex X="19748" Y="65480" Z="0"/>
					<Vertex X="20094" Y="65365" Z="0"/>
					<Vertex X="20325" Y="65307" Z="0"/>
					<Vertex X="20556" Y="65307" Z="0"/>
					<Vertex X="20787" Y="65365" Z="0"/>
					<Vertex X="21018" Y="65480" Z="0"/>
					<Vertex X="21191" Y="65538" Z="0"/>
					<Vertex X="21307" Y="65653" Z="0"/>
					<Vertex X="21480" Y="65711" Z="0"/>
					<Vertex X="21711" Y="66000" Z="0"/>
					<Vertex X="21826" Y="66231" Z="0"/>
					<Vertex X="22000" Y="66404" Z="0"/>
					<Vertex X="22173" Y="66577" Z="0"/>
					<Vertex X="22404" Y="66808" Z="0"/>
					<Vertex X="22577" Y="66866" Z="0"/>
					<Vertex X="22866" Y="66866" Z="0"/>
					<Vertex X="23097" Y="66866" Z="0"/>
					<Vertex X="23559" Y="66693" Z="0"/>
					<Vertex X="23905" Y="66577" Z="0"/>
					<Vertex X="24251" Y="66404" Z="0"/>
					<Vertex X="24829" Y="66173" Z="0"/>
					<Vertex X="25118" Y="65942" Z="0"/>
					<Vertex X="25464" Y="65711" Z="0"/>
					<Vertex X="25868" Y="65365" Z="0"/>
					<Vertex X="26099" Y="65191" Z="0"/>
					<Vertex X="26330" Y="64960" Z="0"/>
					<Vertex X="26677" Y="64614" Z="0"/>
					<Vertex X="26850" Y="64325" Z="0"/>
					<Vertex X="27081" Y="64210" Z="0"/>
					<Vertex X="27254" Y="63979" Z="0"/>
					<Vertex X="27543" Y="63806" Z="0"/>
					<Vertex X="27774" Y="63748" Z="0"/>
					<Vertex X="27947" Y="63575" Z="0"/>
					<Vertex X="28120" Y="63575" Z="0"/>
					<Vertex X="28467" Y="63517" Z="0"/>
					<Vertex X="28640" Y="63517" Z="0"/>
					<Vertex X="28813" Y="63517" Z="0"/>
					<Vertex X="28986" Y="63517" Z="0"/>
					<Vertex X="29333" Y="63575" Z="0"/>
					<Vertex X="29622" Y="63632" Z="0"/>
					<Vertex X="29795" Y="63748" Z="0"/>
					<Vertex X="29968" Y="63748" Z="0"/>
					<Vertex X="30314" Y="63921" Z="0"/>
					<Vertex X="30488" Y="64094" Z="0"/>
					<Vertex X="30661" Y="64210" Z="0"/>
					<Vertex X="30834" Y="64325" Z="0"/>
					<Vertex X="31181" Y="64614" Z="0"/>
					<Vertex X="31354" Y="64787" Z="0"/>
					<Vertex X="31527" Y="64960" Z="0"/>
					<Vertex X="31585" Y="65191" Z="0"/>
					<Vertex X="31873" Y="65538" Z="0"/>
					<Vertex X="31931" Y="65827" Z="0"/>
					<Vertex X="32104" Y="66057" Z="0"/>
					<Vertex X="32220" Y="66231" Z="0"/>
					<Vertex X="32335" Y="66404" Z="0"/>
					<Vertex X="32393" Y="66693" Z="0"/>
					<Vertex X="32451" Y="67039" Z="0"/>
					<Vertex X="32451" Y="67212" Z="0"/>
					<Vertex X="32566" Y="67443" Z="0"/>
					<Vertex X="32566" Y="67674" Z="0"/>
					<Vertex X="32566" Y="68078" Z="0"/>
					<Vertex X="32566" Y="68309" Z="0"/>
					<Vertex X="32451" Y="68656" Z="0"/>
					<Vertex X="32451" Y="68945" Z="0"/>
					<Vertex X="32566" Y="69291" Z="0"/>
					<Vertex X="32566" Y="69522" Z="0"/>
					<Vertex X="32566" Y="69695" Z="0"/>
					<Vertex X="32624" Y="70042" Z="0"/>
					<Vertex X="32624" Y="70330" Z="0"/>
					<Vertex X="32740" Y="70677" Z="0"/>
					<Vertex X="32797" Y="70908" Z="0"/>
					<Vertex X="32913" Y="71139" Z="0"/>
					<Vertex X="33086" Y="71428" Z="0"/>
					<Vertex X="33202" Y="71601" Z="0"/>
					<Vertex X="33259" Y="71774" Z="0"/>
					<Vertex X="33317" Y="72063" Z="0"/>
					<Vertex X="33433" Y="72236" Z="0"/>
					<Vertex X="33606" Y="72409" Z="0"/>
					<Vertex X="33664" Y="72467" Z="0"/>
					<Vertex X="33779" Y="72756" Z="0"/>
					<Vertex X="33894" Y="72813" Z="0"/>
					<Vertex X="33952" Y="72987" Z="0"/>
					<Vertex X="34125" Y="73160" Z="0"/>
					<Vertex X="34183" Y="73275" Z="0"/>
					<Vertex X="34356" Y="73449" Z="0"/>
					<Vertex X="34530" Y="73506" Z="0"/>
					<Vertex X="34761" Y="73737" Z="0"/>
					<Vertex X="34818" Y="73795" Z="0"/>
					<Vertex X="35049" Y="73853" Z="0"/>
					<Vertex X="35165" Y="74026" Z="0"/>
					<Vertex X="35338" Y="74141" Z="0"/>
					<Vertex X="35511" Y="74199" Z="0"/>
					<Vertex X="35569" Y="74315" Z="0"/>
					<Vertex X="35742" Y="74488" Z="0"/>
					<Vertex X="35915" Y="74546" Z="0"/>
					<Vertex X="35915" Y="74661" Z="0"/>
					<Vertex X="36089" Y="74719" Z="0"/>
					<Vertex X="36204" Y="74834" Z="0"/>
					<Vertex X="36377" Y="74834" Z="0"/>
					<Vertex X="36551" Y="74892" Z="0"/>
					<Vertex X="36608" Y="75008" Z="0"/>
					<Vertex X="36782" Y="75065" Z="0"/>
					<Vertex X="37013" Y="75065" Z="0"/>
					<Vertex X="37070" Y="75065" Z="0"/>
					<Vertex X="37301" Y="75181" Z="0"/>
					<Vertex X="37590" Y="75181" Z="0"/>
					<Vertex X="37763" Y="75181" Z="0"/>
					<Vertex X="37994" Y="75181" Z="0"/>
					<Vertex X="38225" Y="75181" Z="0"/>
					<Vertex X="38341" Y="75181" Z="0"/>
					<Vertex X="38745" Y="75181" Z="0"/>
					<Vertex X="38976" Y="75181" Z="0"/>
					<Vertex X="39207" Y="75181" Z="0"/>
					<Vertex X="39496" Y="75181" Z="0"/>
					<Vertex X="39842" Y="75065" Z="0"/>
					<Vertex X="40015" Y="75008" Z="0"/>
					<Vertex X="40362" Y="74892" Z="0"/>
					<Vertex X="40881" Y="74834" Z="0"/>
					<Vertex X="41170" Y="74719" Z="0"/>
					<Vertex X="41632" Y="74546" Z="0"/>
					<Vertex X="41921" Y="74488" Z="0"/>
					<Vertex X="42209" Y="74488" Z="0"/>
					<Vertex X="42614" Y="74315" Z="0"/>
					<Vertex X="42960" Y="74315" Z="0"/>
					<Vertex X="43191" Y="74199" Z="0"/>
					<Vertex X="43595" Y="74199" Z="0"/>
					<Vertex X="43768" Y="74141" Z="0"/>
					<Vertex X="44115" Y="74141" Z="0"/>
					<Vertex X="44346" Y="74026" Z="0"/>
					<Vertex X="44577" Y="74026" Z="0"/>
					<Vertex X="44866" Y="73968" Z="0"/>
					<Vertex X="45039" Y="73968" Z="0"/>
					<Vertex X="45385" Y="73853" Z="0"/>
					<Vertex X="45558" Y="73795" Z="0"/>
					<Vertex X="45847" Y="73737" Z="0"/>
					<Vertex X="45963" Y="73737" Z="0"/>
					<Vertex X="46309" Y="73622" Z="0"/>
					<Vertex X="46598" Y="73506" Z="0"/>
					<Vertex X="46887" Y="73449" Z="0"/>
					<Vertex X="47233" Y="73333" Z="0"/>
					<Vertex X="47464" Y="73275" Z="0"/>
					<Vertex X="47810" Y="73160" Z="0"/>
					<Vertex X="48330" Y="72987" Z="0"/>
					<Vertex X="48677" Y="72929" Z="0"/>
					<Vertex X="49196" Y="72756" Z="0"/>
					<Vertex X="49543" Y="72582" Z="0"/>
					<Vertex X="50062" Y="72409" Z="0"/>
					<Vertex X="50409" Y="72236" Z="0"/>
					<Vertex X="50755" Y="72063" Z="0"/>
					<Vertex X="51275" Y="71774" Z="0"/>
					<Vertex X="51621" Y="71601" Z="0"/>
					<Vertex X="52199" Y="71428" Z="0"/>
					<Vertex X="52776" Y="71254" Z="0"/>
					<Vertex X="53123" Y="71139" Z="0"/>
					<Vertex X="53527" Y="70908" Z="0"/>
					<Vertex X="53873" Y="70850" Z="0"/>
					<Vertex X="54220" Y="70735" Z="0"/>
					<Vertex X="54682" Y="70677" Z="0"/>
					<Vertex X="54855" Y="70561" Z="0"/>
					<Vertex X="55086" Y="70504" Z="0"/>
					<Vertex X="55432" Y="70330" Z="0"/>
					<Vertex X="55663" Y="70273" Z="0"/>
					<Vertex X="56068" Y="70042" Z="0"/>
					<Vertex X="56299" Y="69868" Z="0"/>
					<Vertex X="56530" Y="69811" Z="0"/>
					<Vertex X="56818" Y="69638" Z="0"/>
					<Vertex X="56992" Y="69522" Z="0"/>
					<Vertex X="57165" Y="69407" Z="0"/>
					<Vertex X="57453" Y="69291" Z="0"/>
					<Vertex X="57684" Y="69118" Z="0"/>
					<Vertex X="57973" Y="68945" Z="0"/>
					<Vertex X="58204" Y="68771" Z="0"/>
					<Vertex X="58608" Y="68598" Z="0"/>
					<Vertex X="59012" Y="68425" Z="0"/>
					<Vertex X="59532" Y="68136" Z="0"/>
					<Vertex X="59763" Y="67963" Z="0"/>
					<Vertex X="60283" Y="67732" Z="0"/>
					<Vertex X="60572" Y="67674" Z="0"/>
					<Vertex X="60803" Y="67443" Z="0"/>
					<Vertex X="61149" Y="67270" Z="0"/>
					<Vertex X="61438" Y="67212" Z="0"/>
					<Vertex X="61669" Y="67039" Z="0"/>
					<Vertex X="61842" Y="66924" Z="0"/>
					<Vertex X="62015" Y="66866" Z="0"/>
					<Vertex X="62131" Y="66866" Z="0"/>
					<Vertex X="62131" Y="66808" Z="0"/>
					<Vertex X="62131" Y="66693" Z="0"/>
					<Vertex X="62188" Y="66519" Z="0"/>
					<Vertex X="62304" Y="66346" Z="0"/>
					<Vertex X="62362" Y="66173" Z="0"/>
					<Vertex X="62477" Y="66000" Z="0"/>
					<Vertex X="62477" Y="65711" Z="0"/>
					<Vertex X="62477" Y="65538" Z="0"/>
					<Vertex X="62477" Y="65191" Z="0"/>
					<Vertex X="62477" Y="65076" Z="0"/>
					<Vertex X="62362" Y="64787" Z="0"/>
					<Vertex X="62362" Y="64498" Z="0"/>
					<Vertex X="62188" Y="64441" Z="0"/>
					<Vertex X="62131" Y="64094" Z="0"/>
					<Vertex X="61900" Y="63806" Z="0"/>
					<Vertex X="61842" Y="63632" Z="0"/>
					<Vertex X="61553" Y="63401" Z="0"/>
					<Vertex X="61438" Y="63228" Z="0"/>
					<Vertex X="61207" Y="62939" Z="0"/>
					<Vertex X="60976" Y="62708" Z="0"/>
					<Vertex X="60745" Y="62477" Z="0"/>
					<Vertex X="60572" Y="62246" Z="0"/>
					<Vertex X="60283" Y="62131" Z="0"/>
					<Vertex X="60110" Y="61900" Z="0"/>
					<Vertex X="59936" Y="61785" Z="0"/>
					<Vertex X="59763" Y="61611" Z="0"/>
					<Vertex X="59532" Y="61323" Z="0"/>
					<Vertex X="59359" Y="61149" Z="0"/>
					<Vertex X="59070" Y="60976" Z="0"/>
					<Vertex X="59012" Y="60803" Z="0"/>
					<Vertex X="58724" Y="60630" Z="0"/>
					<Vertex X="58435" Y="60514" Z="0"/>
					<Vertex X="58320" Y="60456" Z="0"/>
					<Vertex X="58031" Y="60456" Z="0"/>
					<Vertex X="57858" Y="60341" Z="0"/>
					<Vertex X="57511" Y="60341" Z="0"/>
					<Vertex X="57338" Y="60341" Z="0"/>
					<Vertex X="56876" Y="60456" Z="0"/>
					<Vertex X="56472" Y="60456" Z="0"/>
					<Vertex X="56125" Y="60456" Z="0"/>
					<Vertex X="55490" Y="60514" Z="0"/>
					<Vertex X="55201" Y="60630" Z="0"/>
					<Vertex X="54566" Y="60630" Z="0"/>
					<Vertex X="54047" Y="60630" Z="0"/>
					<Vertex X="53700" Y="60630" Z="0"/>
					<Vertex X="53354" Y="60630" Z="0"/>
					<Vertex X="52834" Y="60630" Z="0"/>
					<Vertex X="52199" Y="60630" Z="0"/>
					<Vertex X="51910" Y="60630" Z="0"/>
					<Vertex X="51275" Y="60514" Z="0"/>
					<Vertex X="50929" Y="60514" Z="0"/>
					<Vertex X="50524" Y="60514" Z="0"/>
					<Vertex X="50062" Y="60514" Z="0"/>
					<Vertex X="49658" Y="60514" Z="0"/>
					<Vertex X="49196" Y="60514" Z="0"/>
					<Vertex X="48965" Y="60456" Z="0"/>
					<Vertex X="48619" Y="60456" Z="0"/>
					<Vertex X="48330" Y="60341" Z="0"/>
					<Vertex X="47868" Y="60283" Z="0"/>
					<Vertex X="47637" Y="60283" Z="0"/>
					<Vertex X="47233" Y="60168" Z="0"/>
					<Vertex X="46944" Y="60110" Z="0"/>
					<Vertex X="46425" Y="59995" Z="0"/>
					<Vertex X="46078" Y="59937" Z="0"/>
					<Vertex X="45558" Y="59879" Z="0"/>
					<Vertex X="45212" Y="59764" Z="0"/>
					<Vertex X="44577" Y="59590" Z="0"/>
					<Vertex X="44288" Y="59475" Z="0"/>
					<Vertex X="43768" Y="59302" Z="0"/>
					<Vertex X="43480" Y="59302" Z="0"/>
					<Vertex X="43018" Y="59186" Z="0"/>
					<Vertex X="42729" Y="59071" Z="0"/>
					<Vertex X="42325" Y="58897" Z="0"/>
					<Vertex X="42094" Y="58897" Z="0"/>
					<Vertex X="41863" Y="58724" Z="0"/>
					<Vertex X="41632" Y="58724" Z="0"/>
					<Vertex X="41459" Y="58666" Z="0"/>
					<Vertex X="41343" Y="58551" Z="0"/>
					<Vertex X="41228" Y="58435" Z="0"/>
					<Vertex X="41170" Y="58320" Z="0"/>
					<Vertex X="41055" Y="58320" Z="0"/>
					<Vertex X="41055" Y="58147" Z="0"/>
					<Vertex X="41055" Y="58031" Z="0"/>
					<Vertex X="41055" Y="57858" Z="0"/>
					<Vertex X="41228" Y="57685" Z="0"/>
					<Vertex X="41228" Y="57512" Z="0"/>
					<Vertex X="41401" Y="57338" Z="0"/>
					<Vertex X="41574" Y="57281" Z="0"/>
					<Vertex X="41747" Y="57165" Z="0"/>
					<Vertex X="41921" Y="57050" Z="0"/>
					<Vertex X="42209" Y="57050" Z="0"/>
					<Vertex X="42440" Y="57050" Z="0"/>
					<Vertex X="42787" Y="57050" Z="0"/>
					<Vertex X="43018" Y="57165" Z="0"/>
					<Vertex X="43422" Y="57281" Z="0"/>
					<Vertex X="43768" Y="57338" Z="0"/>
					<Vertex X="43999" Y="57338" Z="0"/>
					<Vertex X="44346" Y="57338" Z="0"/>
					<Vertex X="44692" Y="57338" Z="0"/>
					<Vertex X="44981" Y="57165" Z="0"/>
					<Vertex X="45154" Y="57165" Z="0"/>
					<Vertex X="45385" Y="56992" Z="0"/>
					<Vertex X="45558" Y="56876" Z="0"/>
					<Vertex X="45674" Y="56703" Z="0"/>
					<Vertex X="45905" Y="56645" Z="0"/>
					<Vertex X="46078" Y="56472" Z="0"/>
					<Vertex X="46309" Y="56299" Z="0"/>
					<Vertex X="46598" Y="56184" Z="0"/>
					<Vertex X="46713" Y="56126" Z="0"/>
					<Vertex X="46944" Y="55953" Z="0"/>
					<Vertex X="47233" Y="55837" Z="0"/>
					<Vertex X="47406" Y="55779" Z="0"/>
					<Vertex X="47695" Y="55722" Z="0"/>
					<Vertex X="47984" Y="55722" Z="0"/>
					<Vertex X="48157" Y="55722" Z="0"/>
					<Vertex X="48446" Y="55722" Z="0"/>
					<Vertex X="48677" Y="55779" Z="0"/>
					<Vertex X="48792" Y="55837" Z="0"/>
					<Vertex X="48965" Y="56068" Z="0"/>
					<Vertex X="49023" Y="56126" Z="0"/>
					<Vertex X="49196" Y="56299" Z="0"/>
					<Vertex X="49427" Y="56472" Z="0"/>
					<Vertex X="49543" Y="56588" Z="0"/>
					<Vertex X="49716" Y="56703" Z="0"/>
					<Vertex X="50005" Y="56876" Z="0"/>
					<Vertex X="50178" Y="56876" Z="0"/>
					<Vertex X="50524" Y="56992" Z="0"/>
					<Vertex X="50929" Y="57050" Z="0"/>
					<Vertex X="51217" Y="57050" Z="0"/>
					<Vertex X="51621" Y="57050" Z="0"/>
					<Vertex X="52141" Y="57050" Z="0"/>
					<Vertex X="52488" Y="57165" Z="0"/>
					<Vertex X="52950" Y="57165" Z="0"/>
					<Vertex X="53354" Y="57281" Z="0"/>
					<Vertex X="53700" Y="57281" Z="0"/>
					<Vertex X="54220" Y="57338" Z="0"/>
					<Vertex X="54509" Y="57338" Z="0"/>
					<Vertex X="54971" Y="57338" Z="0"/>
					<Vertex X="55490" Y="57338" Z="0"/>
					<Vertex X="56125" Y="57281" Z="0"/>
					<Vertex X="56472" Y="57165" Z="0"/>
					<Vertex X="57049" Y="57165" Z="0"/>
					<Vertex X="57511" Y="57050" Z="0"/>
					<Vertex X="58031" Y="56992" Z="0"/>
					<Vertex X="58608" Y="56876" Z="0"/>
					<Vertex X="59186" Y="56819" Z="0"/>
					<Vertex X="59590" Y="56703" Z="0"/>
					<Vertex X="59994" Y="56645" Z="0"/>
					<Vertex X="60341" Y="56588" Z="0"/>
					<Vertex X="60572" Y="56472" Z="0"/>
					<Vertex X="60918" Y="56299" Z="0"/>
					<Vertex X="61091" Y="56184" Z="0"/>
					<Vertex X="61207" Y="56068" Z="0"/>
					<Vertex X="61322" Y="55779" Z="0"/>
					<Vertex X="61438" Y="55722" Z="0"/>
					<Vertex X="61495" Y="55548" Z="0"/>
					<Vertex X="61553" Y="55260" Z="0"/>
					<Vertex X="61669" Y="55086" Z="0"/>
					<Vertex X="61842" Y="54855" Z="0"/>
					<Vertex X="62015" Y="54567" Z="0"/>
					<Vertex X="62131" Y="54393" Z="0"/>
					<Vertex X="62188" Y="54220" Z="0"/>
					<Vertex X="62362" Y="53989" Z="0"/>
					<Vertex X="62535" Y="53701" Z="0"/>
					<Vertex X="62650" Y="53527" Z="0"/>
					<Vertex X="62708" Y="53354" Z="0"/>
					<Vertex X="62881" Y="53181" Z="0"/>
					<Vertex X="62997" Y="53008" Z="0"/>
					<Vertex X="63054" Y="52834" Z="0"/>
					<Vertex X="63170" Y="52719" Z="0"/>
					<Vertex X="63228" Y="52603" Z="0"/>
					<Vertex X="63285" Y="52373" Z="0"/>
					<Vertex X="63285" Y="52199" Z="0"/>
					<Vertex X="63285" Y="52026" Z="0"/>
					<Vertex X="63401" Y="51911" Z="0"/>
					<Vertex X="63401" Y="51680" Z="0"/>
					<Vertex X="63285" Y="51449" Z="0"/>
					<Vertex X="63285" Y="51275" Z="0"/>
					<Vertex X="63228" Y="50987" Z="0"/>
					<Vertex X="63170" Y="50756" Z="0"/>
					<Vertex X="63054" Y="50409" Z="0"/>
					<Vertex X="62881" Y="50236" Z="0"/>
					<Vertex X="62708" Y="49890" Z="0"/>
					<Vertex X="62535" Y="49601" Z="0"/>
					<Vertex X="62477" Y="49370" Z="0"/>
					<Vertex X="62304" Y="49197" Z="0"/>
					<Vertex X="62131" Y="48908" Z="0"/>
					<Vertex X="62015" Y="48561" Z="0"/>
					<Vertex X="61842" Y="48273" Z="0"/>
					<Vertex X="61669" Y="47984" Z="0"/>
					<Vertex X="61553" Y="47638" Z="0"/>
					<Vertex X="61322" Y="47291" Z="0"/>
					<Vertex X="61149" Y="46945" Z="0"/>
					<Vertex X="60976" Y="46541" Z="0"/>
					<Vertex X="60803" Y="46310" Z="0"/>
					<Vertex X="60629" Y="45905" Z="0"/>
					<Vertex X="60456" Y="45559" Z="0"/>
					<Vertex X="60283" Y="45212" Z="0"/>
					<Vertex X="60110" Y="44866" Z="0"/>
					<Vertex X="59994" Y="44577" Z="0"/>
					<Vertex X="59936" Y="44173" Z="0"/>
					<Vertex X="59936" Y="43827" Z="0"/>
					<Vertex X="59936" Y="43538" Z="0"/>
					<Vertex X="59936" Y="43307" Z="0"/>
					<Vertex X="59994" Y="43134" Z="0"/>
					<Vertex X="60110" Y="42845" Z="0"/>
					<Vertex X="60167" Y="42787" Z="0"/>
					<Vertex X="60341" Y="42672" Z="0"/>
					<Vertex X="60456" Y="42614" Z="0"/>
					<Vertex X="60572" Y="42556" Z="0"/>
					<Vertex X="60572" Y="42441" Z="0"/>
					<Vertex X="60572" Y="42268" Z="0"/>
					<Vertex X="60629" Y="42094" Z="0"/>
					<Vertex X="60629" Y="41921" Z="0"/>
					<Vertex X="60629" Y="41690" Z="0"/>
					<Vertex X="60572" Y="41459" Z="0"/>
					<Vertex X="60572" Y="41228" Z="0"/>
					<Vertex X="60456" Y="40939" Z="0"/>
					<Vertex X="60456" Y="40824" Z="0"/>
					<Vertex X="60341" Y="40535" Z="0"/>
					<Vertex X="60341" Y="40362" Z="0"/>
					<Vertex X="60167" Y="40189" Z="0"/>
					<Vertex X="59994" Y="40016" Z="0"/>
					<Vertex X="59936" Y="39785" Z="0"/>
					<Vertex X="59763" Y="39611" Z="0"/>
					<Vertex X="59590" Y="39496" Z="0"/>
					<Vertex X="59417" Y="39207" Z="0"/>
					<Vertex X="59186" Y="39092" Z="0"/>
					<Vertex X="58897" Y="38918" Z="0"/>
					<Vertex X="58724" Y="38745" Z="0"/>
					<Vertex X="58435" Y="38457" Z="0"/>
					<Vertex X="58320" Y="38283" Z="0"/>
					<Vertex X="58031" Y="38110" Z="0"/>
					<Vertex X="57800" Y="37879" Z="0"/>
					<Vertex X="57453" Y="37648" Z="0"/>
					<Vertex X="57049" Y="37475" Z="0"/>
					<Vertex X="56876" Y="37359" Z="0"/>
					<Vertex X="56530" Y="37186" Z="0"/>
					<Vertex X="56299" Y="36955" Z="0"/>
					<Vertex X="56057" Y="36826" Z="0"/>
					<Vertex X="55809" Y="36211" Z="0"/>
					<Vertex X="55661" Y="36042" Z="0"/>
					<Vertex X="55581" Y="35983" Z="0"/>
					<Vertex X="55512" Y="35923" Z="0"/>
					<Vertex X="55403" Y="35844" Z="0"/>
					<Vertex X="55314" Y="35795" Z="0"/>
					<Vertex X="55244" Y="35735" Z="0"/>
					<Vertex X="55165" Y="35695" Z="0"/>
					<Vertex X="55046" Y="35616" Z="0"/>
					<Vertex X="54957" Y="35577" Z="0"/>
					<Vertex X="54858" Y="35527" Z="0"/>
					<Vertex X="54709" Y="35467" Z="0"/>
					<Vertex X="54600" Y="35418" Z="0"/>
					<Vertex X="54511" Y="35358" Z="0"/>
					<Vertex X="54412" Y="35319" Z="0"/>
					<Vertex X="54263" Y="35249" Z="0"/>
					<Vertex X="54174" Y="35200" Z="0"/>
					<Vertex X="54035" Y="35121" Z="0"/>
					<Vertex X="53946" Y="35081" Z="0"/>
					<Vertex X="53827" Y="35002" Z="0"/>
					<Vertex X="53757" Y="34942" Z="0"/>
					<Vertex X="53678" Y="34902" Z="0"/>
					<Vertex X="53559" Y="34843" Z="0"/>
					<Vertex X="53490" Y="34783" Z="0"/>
					<Vertex X="53410" Y="34734" Z="0"/>
					<Vertex X="53291" Y="34665" Z="0"/>
					<Vertex X="53222" Y="34615" Z="0"/>
					<Vertex X="53163" Y="34585" Z="0"/>
					<Vertex X="53053" Y="34536" Z="0"/>
					<Vertex X="52994" Y="34516" Z="0"/>
					<Vertex X="52925" Y="34466" Z="0"/>
					<Vertex X="52845" Y="34456" Z="0"/>
					<Vertex X="52726" Y="34417" Z="0"/>
					<Vertex X="52657" Y="34377" Z="0"/>
					<Vertex X="52578" Y="34367" Z="0"/>
					<Vertex X="52479" Y="34318" Z="0"/>
					<Vertex X="52419" Y="34308" Z="0"/>
					<Vertex X="52340" Y="34278" Z="0"/>
					<Vertex X="52251" Y="34248" Z="0"/>
					<Vertex X="52191" Y="34218" Z="0"/>
					<Vertex X="52132" Y="34189" Z="0"/>
					<Vertex X="52042" Y="34139" Z="0"/>
					<Vertex X="51983" Y="34119" Z="0"/>
					<Vertex X="51864" Y="34070" Z="0"/>
					<Vertex X="51775" Y="34040" Z="0"/>
					<Vertex X="51686" Y="34010" Z="0"/>
					<Vertex X="51527" Y="33971" Z="0"/>
					<Vertex X="51408" Y="33921" Z="0"/>
					<Vertex X="51289" Y="33872" Z="0"/>
					<Vertex X="51111" Y="33822" Z="0"/>
					<Vertex X="50992" Y="33772" Z="0"/>
					<Vertex X="50793" Y="33713" Z="0"/>
					<Vertex X="50665" Y="33673" Z="0"/>
					<Vertex X="50546" Y="33624" Z="0"/>
					<Vertex X="50367" Y="33564" Z="0"/>
					<Vertex X="50278" Y="33534" Z="0"/>
					<Vertex X="50189" Y="33495" Z="0"/>
					<Vertex X="50050" Y="33445" Z="0"/>
					<Vertex X="49961" Y="33435" Z="0"/>
					<Vertex X="49832" Y="33396" Z="0"/>
					<Vertex X="49743" Y="33376" Z="0"/>
					<Vertex X="49604" Y="33356" Z="0"/>
					<Vertex X="49505" Y="33346" Z="0"/>
					<Vertex X="49416" Y="33326" Z="0"/>
					<Vertex X="49306" Y="33316" Z="0"/>
					<Vertex X="49158" Y="33316" Z="0"/>
					<Vertex X="49059" Y="33297" Z="0"/>
					<Vertex X="48940" Y="33297" Z="0"/>
					<Vertex X="48791" Y="33277" Z="0"/>
					<Vertex X="48682" Y="33277" Z="0"/>
					<Vertex X="48583" Y="33277" Z="0"/>
					<Vertex X="48434" Y="33277" Z="0"/>
					<Vertex X="48345" Y="33277" Z="0"/>
					<Vertex X="48276" Y="33277" Z="0"/>
					<Vertex X="48166" Y="33297" Z="0"/>
					<Vertex X="48107" Y="33297" Z="0"/>
					<Vertex X="48048" Y="33316" Z="0"/>
					<Vertex X="47968" Y="33326" Z="0"/>
					<Vertex X="47929" Y="33326" Z="0"/>
					<Vertex X="47889" Y="33326" Z="0"/>
					<Vertex X="47859" Y="33326" Z="0"/>
					<Vertex X="47839" Y="33326" Z="0"/>
					<Vertex X="47790" Y="33316" Z="0"/>
					<Vertex X="47760" Y="33297" Z="0"/>
					<Vertex X="47740" Y="33267" Z="0"/>
					<Vertex X="47711" Y="33257" Z="0"/>
					<Vertex X="47681" Y="33227" Z="0"/>
					<Vertex X="47631" Y="33188" Z="0"/>
					<Vertex X="47601" Y="33148" Z="0"/>
					<Vertex X="47572" Y="33128" Z="0"/>
					<Vertex X="47512" Y="33088" Z="0"/>
					<Vertex X="47473" Y="33059" Z="0"/>
					<Vertex X="47443" Y="33029" Z="0"/>
					<Vertex X="47364" Y="32989" Z="0"/>
					<Vertex X="47324" Y="32940" Z="0"/>
					<Vertex X="47284" Y="32910" Z="0"/>
					<Vertex X="47225" Y="32850" Z="0"/>
					<Vertex X="47185" Y="32811" Z="0"/>
					<Vertex X="47136" Y="32781" Z="0"/>
					<Vertex X="47096" Y="32741" Z="0"/>
					<Vertex X="47036" Y="32682" Z="0"/>
					<Vertex X="47007" Y="32652" Z="0"/>
					<Vertex X="46947" Y="32613" Z="0"/>
					<Vertex X="46917" Y="32583" Z="0"/>
					<Vertex X="46868" Y="32553" Z="0"/>
					<Vertex X="46828" Y="32523" Z="0"/>
					<Vertex X="46769" Y="32494" Z="0"/>
					<Vertex X="46689" Y="32454" Z="0"/>
					<Vertex X="46650" Y="32434" Z="0"/>
					<Vertex X="46580" Y="32424" Z="0"/>
					<Vertex X="46521" Y="32404" Z="0"/>
					<Vertex X="46452" Y="32404" Z="0"/>
					<Vertex X="46382" Y="32404" Z="0"/>
					<Vertex X="46313" Y="32404" Z="0"/>
					<Vertex X="46214" Y="32404" Z="0"/>
					<Vertex X="46144" Y="32424" Z="0"/>
					<Vertex X="46065" Y="32434" Z="0"/>
					<Vertex X="45966" Y="32454" Z="0"/>
					<Vertex X="45887" Y="32464" Z="0"/>
					<Vertex X="45817" Y="32494" Z="0"/>
					<Vertex X="45718" Y="32523" Z="0"/>
					<Vertex X="45639" Y="32543" Z="0"/>
					<Vertex X="45569" Y="32563" Z="0"/>
					<Vertex X="45431" Y="32613" Z="0"/>
					<Vertex X="45351" Y="32642" Z="0"/>
					<Vertex X="45262" Y="32652" Z="0"/>
					<Vertex X="45153" Y="32722" Z="0"/>
					<Vertex X="45074" Y="32741" Z="0"/>
					<Vertex X="44994" Y="32781" Z="0"/>
					<Vertex X="44895" Y="32821" Z="0"/>
					<Vertex X="44816" Y="32850" Z="0"/>
					<Vertex X="44727" Y="32900" Z="0"/>
					<Vertex X="44677" Y="32930" Z="0"/>
					<Vertex X="44628" Y="32950" Z="0"/>
					<Vertex X="44568" Y="32999" Z="0"/>
					<Vertex X="44519" Y="33029" Z="0"/>
					<Vertex X="44499" Y="33049" Z="0"/>
					<Vertex X="44439" Y="33098" Z="0"/>
					<Vertex X="44410" Y="33128" Z="0"/>
					<Vertex X="44380" Y="33178" Z="0"/>
					<Vertex X="44330" Y="33237" Z="0"/>
					<Vertex X="44301" Y="33277" Z="0"/>
					<Vertex X="44281" Y="33326" Z="0"/>
					<Vertex X="44251" Y="33386" Z="0"/>
					<Vertex X="44231" Y="33445" Z="0"/>
					<Vertex X="44211" Y="33495" Z="0"/>
					<Vertex X="44182" Y="33564" Z="0"/>
					<Vertex X="44152" Y="33653" Z="0"/>
					<Vertex X="44122" Y="33693" Z="0"/>
					<Vertex X="44112" Y="33762" Z="0"/>
					<Vertex X="44082" Y="33832" Z="0"/>
					<Vertex X="44063" Y="33872" Z="0"/>
					<Vertex X="44033" Y="33951" Z="0"/>
					<Vertex X="44013" Y="34000" Z="0"/>
					<Vertex X="44003" Y="34060" Z="0"/>
					<Vertex X="44003" Y="34129" Z="0"/>
					<Vertex X="43983" Y="34169" Z="0"/>
					<Vertex X="43973" Y="34218" Z="0"/>
					<Vertex X="43973" Y="34268" Z="0"/>
					<Vertex X="43963" Y="34288" Z="0"/>
					<Vertex X="43963" Y="34337" Z="0"/>
					<Vertex X="43944" Y="34367" Z="0"/>
					<Vertex X="43944" Y="34397" Z="0"/>
					<Vertex X="43944" Y="34427" Z="0"/>
					<Vertex X="43963" Y="34456" Z="0"/>
					<Vertex X="43963" Y="34466" Z="0"/>
					<Vertex X="43973" Y="34496" Z="0"/>
					<Vertex X="43983" Y="34536" Z="0"/>
					<Vertex X="44003" Y="34555" Z="0"/>
					<Vertex X="44013" Y="34615" Z="0"/>
					<Vertex X="44043" Y="34694" Z="0"/>
					<Vertex X="44082" Y="34764" Z="0"/>
					<Vertex X="44112" Y="34823" Z="0"/>
					<Vertex X="44142" Y="34932" Z="0"/>
					<Vertex X="44172" Y="34992" Z="0"/>
					<Vertex X="44191" Y="35061" Z="0"/>
					<Vertex X="44251" Y="35170" Z="0"/>
					<Vertex X="44281" Y="35230" Z="0"/>
					<Vertex X="44310" Y="35289" Z="0"/>
					<Vertex X="44360" Y="35378" Z="0"/>
					<Vertex X="44390" Y="35438" Z="0"/>
					<Vertex X="44410" Y="35477" Z="0"/>
					<Vertex X="44449" Y="35557" Z="0"/>
					<Vertex X="44479" Y="35596" Z="0"/>
					<Vertex X="44519" Y="35676" Z="0"/>
					<Vertex X="44548" Y="35715" Z="0"/>
					<Vertex X="44598" Y="35795" Z="0"/>
					<Vertex X="44618" Y="35844" Z="0"/>
					<Vertex X="44647" Y="35884" Z="0"/>
					<Vertex X="44657" Y="35943" Z="0"/>
					<Vertex X="44677" Y="36003" Z="0"/>
					<Vertex X="44707" Y="36072" Z="0"/>
					<Vertex X="44717" Y="36151" Z="0"/>
					<Vertex X="44747" Y="36211" Z="0"/>
					<Vertex X="44766" Y="36300" Z="0"/>
					<Vertex X="44776" Y="36379" Z="0"/>
					<Vertex X="44786" Y="36429" Z="0"/>
					<Vertex X="44816" Y="36548" Z="0"/>
					<Vertex X="44836" Y="36657" Z="0"/>
					<Vertex X="44846" Y="36736" Z="0"/>
					<Vertex X="44866" Y="36806" Z="0"/>
					<Vertex X="44866" Y="36895" Z="0"/>
					<Vertex X="44885" Y="36954" Z="0"/>
					<Vertex X="44885" Y="37044" Z="0"/>
					<Vertex X="44885" Y="37133" Z="0"/>
					<Vertex X="44885" Y="37192" Z="0"/>
					<Vertex X="44866" Y="37281" Z="0"/>
					<Vertex X="44836" Y="37391" Z="0"/>
					<Vertex X="44806" Y="37470" Z="0"/>
					<Vertex X="44786" Y="37539" Z="0"/>
					<Vertex X="44766" Y="37628" Z="0"/>
					<Vertex X="44727" Y="37688" Z="0"/>
					<Vertex X="44707" Y="37757" Z="0"/>
					<Vertex X="44677" Y="37847" Z="0"/>
					<Vertex X="44628" Y="37906" Z="0"/>
					<Vertex X="44578" Y="38015" Z="0"/>
					<Vertex X="44538" Y="38065" Z="0"/>
					<Vertex X="44479" Y="38174" Z="0"/>
					<Vertex X="44439" Y="38233" Z="0"/>
					<Vertex X="44380" Y="38352" Z="0"/>
					<Vertex X="44330" Y="38431" Z="0"/>
					<Vertex X="44301" Y="38501" Z="0"/>
					<Vertex X="44231" Y="38620" Z="0"/>
					<Vertex X="44182" Y="38709" Z="0"/>
					<Vertex X="44152" Y="38778" Z="0"/>
					<Vertex X="44092" Y="38887" Z="0"/>
					<Vertex X="44043" Y="38977" Z="0"/>
					<Vertex X="43983" Y="39096" Z="0"/>
					<Vertex X="43944" Y="39155" Z="0"/>
					<Vertex X="43884" Y="39254" Z="0"/>
					<Vertex X="43854" Y="39333" Z="0"/>
					<Vertex X="43795" Y="39423" Z="0"/>
					<Vertex X="43745" Y="39512" Z="0"/>
					<Vertex X="43716" Y="39571" Z="0"/>
					<Vertex X="43696" Y="39661" Z="0"/>
					<Vertex X="43676" Y="39700" Z="0"/>
					<Vertex X="43636" Y="39789" Z="0"/>
					<Vertex X="43617" Y="39849" Z="0"/>
					<Vertex X="43577" Y="39928" Z="0"/>
					<Vertex X="43547" Y="39988" Z="0"/>
					<Vertex X="43527" Y="40027" Z="0"/>
					<Vertex X="43478" Y="40107" Z="0"/>
					<Vertex X="43448" Y="40136" Z="0"/>
					<Vertex X="43428" Y="40216" Z="0"/>
					<Vertex X="43379" Y="40255" Z="0"/>
					<Vertex X="43339" Y="40315" Z="0"/>
					<Vertex X="43289" Y="40354" Z="0"/>
					<Vertex X="43240" Y="40404" Z="0"/>
					<Vertex X="43180" Y="40463" Z="0"/>
					<Vertex X="43141" Y="40493" Z="0"/>
					<Vertex X="43071" Y="40553" Z="0"/>
					<Vertex X="43022" Y="40582" Z="0"/>
					<Vertex X="42942" Y="40622" Z="0"/>
					<Vertex X="42893" Y="40642" Z="0"/>
					<Vertex X="42814" Y="40672" Z="0"/>
					<Vertex X="42754" Y="40701" Z="0"/>
					<Vertex X="42645" Y="40731" Z="0"/>
					<Vertex X="42576" Y="40761" Z="0"/>
					<Vertex X="42516" Y="40771" Z="0"/>
					<Vertex X="42407" Y="40791" Z="0"/>
					<Vertex X="42308" Y="40820" Z="0"/>
					<Vertex X="42219" Y="40830" Z="0"/>
					<Vertex X="42140" Y="40850" Z="0"/>
					<Vertex X="42021" Y="40890" Z="0"/>
					<Vertex X="41941" Y="40910" Z="0"/>
					<Vertex X="41832" Y="40949" Z="0"/>
					<Vertex X="41773" Y="40969" Z="0"/>
					<Vertex X="41684" Y="40999" Z="0"/>
					<Vertex X="41624" Y="41029" Z="0"/>
					<Vertex X="41545" Y="41038" Z="0"/>
					<Vertex X="41505" Y="41058" Z="0"/>
					<Vertex X="41426" Y="41068" Z="0"/>
					<Vertex X="41386" Y="41068" Z="0"/>
					<Vertex X="41297" Y="41068" Z="0"/>
					<Vertex X="41218" Y="41068" Z="0"/>
					<Vertex X="41178" Y="41038" Z="0"/>
					<Vertex X="41119" Y="40979" Z="0"/>
					<Vertex X="41059" Y="40939" Z="0"/>
					<Vertex X="41000" Y="40850" Z="0"/>
					<Vertex X="40970" Y="40791" Z="0"/>
					<Vertex X="40920" Y="40682" Z="0"/>
					<Vertex X="40910" Y="40612" Z="0"/>
					<Vertex X="40910" Y="40523" Z="0"/>
					<Vertex X="40910" Y="40404" Z="0"/>
					<Vertex X="40910" Y="40285" Z="0"/>
					<Vertex X="40920" Y="40226" Z="0"/>
					<Vertex X="40940" Y="40136" Z="0"/>
					<Vertex X="40970" Y="40047" Z="0"/>
					<Vertex X="40990" Y="39988" Z="0"/>
					<Vertex X="41029" Y="39898" Z="0"/>
					<Vertex X="41039" Y="39849" Z="0"/>
					<Vertex X="41069" Y="39770" Z="0"/>
					<Vertex X="41109" Y="39670" Z="0"/>
					<Vertex X="41119" Y="39601" Z="0"/>
					<Vertex X="41128" Y="39552" Z="0"/>
					<Vertex X="41148" Y="39482" Z="0"/>
					<Vertex X="41158" Y="39423" Z="0"/>
					<Vertex X="41158" Y="39373" Z="0"/>
					<Vertex X="41158" Y="39324" Z="0"/>
					<Vertex X="41158" Y="39254" Z="0"/>
					<Vertex X="41158" Y="39185" Z="0"/>
					<Vertex X="41148" Y="39105" Z="0"/>
					<Vertex X="41128" Y="39046" Z="0"/>
					<Vertex X="41119" Y="39006" Z="0"/>
					<Vertex X="41089" Y="38917" Z="0"/>
					<Vertex X="41039" Y="38838" Z="0"/>
					<Vertex X="41009" Y="38798" Z="0"/>
					<Vertex X="40970" Y="38739" Z="0"/>
					<Vertex X="40940" Y="38689" Z="0"/>
					<Vertex X="40881" Y="38649" Z="0"/>
					<Vertex X="40841" Y="38600" Z="0"/>
					<Vertex X="40772" Y="38560" Z="0"/>
					<Vertex X="40732" Y="38531" Z="0"/>
					<Vertex X="40653" Y="38501" Z="0"/>
					<Vertex X="40613" Y="38481" Z="0"/>
					<Vertex X="40534" Y="38451" Z="0"/>
					<Vertex X="40474" Y="38441" Z="0"/>
					<Vertex X="40435" Y="38441" Z="0"/>
					<Vertex X="40345" Y="38431" Z="0"/>
					<Vertex X="40256" Y="38412" Z="0"/>
					<Vertex X="40207" Y="38412" Z="0"/>
					<Vertex X="40147" Y="38412" Z="0"/>
					<Vertex X="40088" Y="38392" Z="0"/>
					<Vertex X="40038" Y="38382" Z="0"/>
					<Vertex X="39998" Y="38362" Z="0"/>
					<Vertex X="39959" Y="38322" Z="0"/>
					<Vertex X="39929" Y="38293" Z="0"/>
					<Vertex X="39889" Y="38243" Z="0"/>
					<Vertex X="39850" Y="38203" Z="0"/>
					<Vertex X="39790" Y="38144" Z="0"/>
					<Vertex X="39770" Y="38094" Z="0"/>
					<Vertex X="39701" Y="38025" Z="0"/>
					<Vertex X="39661" Y="37946" Z="0"/>
					<Vertex X="39602" Y="37866" Z="0"/>
					<Vertex X="39572" Y="37817" Z="0"/>
					<Vertex X="39523" Y="37737" Z="0"/>
					<Vertex X="39463" Y="37648" Z="0"/>
					<Vertex X="39453" Y="37609" Z="0"/>
					<Vertex X="39404" Y="37539" Z="0"/>
					<Vertex X="39394" Y="37500" Z="0"/>
					<Vertex X="39354" Y="37440" Z="0"/>
					<Vertex X="39334" Y="37410" Z="0"/>
					<Vertex X="39285" Y="37371" Z="0"/>
					<Vertex X="39275" Y="37341" Z="0"/>
					<Vertex X="39235" Y="37311" Z="0"/>
					<Vertex X="39186" Y="37272" Z="0"/>
					<Vertex X="39136" Y="37252" Z="0"/>
					<Vertex X="39086" Y="37222" Z="0"/>
					<Vertex X="39037" Y="37192" Z="0"/>
					<Vertex X="38977" Y="37182" Z="0"/>
					<Vertex X="38928" Y="37143" Z="0"/>
					<Vertex X="38858" Y="37123" Z="0"/>
					<Vertex X="38799" Y="37093" Z="0"/>
					<Vertex X="38749" Y="37054" Z="0"/>
					<Vertex X="38700" Y="37034" Z="0"/>
					<Vertex X="38660" Y="36994" Z="0"/>
					<Vertex X="38601" Y="36954" Z="0"/>
					<Vertex X="38551" Y="36925" Z="0"/>
					<Vertex X="38502" Y="36905" Z="0"/>
					<Vertex X="38442" Y="36865" Z="0"/>
					<Vertex X="38412" Y="36845" Z="0"/>
					<Vertex X="38363" Y="36826" Z="0"/>
					<Vertex X="38333" Y="36796" Z="0"/>
					<Vertex X="38303" Y="36776" Z="0"/>
					<Vertex X="38283" Y="36746" Z="0"/>
					<Vertex X="38264" Y="36736" Z="0"/>
					<Vertex X="38234" Y="36697" Z="0"/>
					<Vertex X="38204" Y="36657" Z="0"/>
					<Vertex X="38184" Y="36647" Z="0"/>
					<Vertex X="38165" Y="36598" Z="0"/>
					<Vertex X="38125" Y="36548" Z="0"/>
					<Vertex X="38115" Y="36508" Z="0"/>
					<Vertex X="38085" Y="36449" Z="0"/>
					<Vertex X="38065" Y="36389" Z="0"/>
					<Vertex X="38055" Y="36350" Z="0"/>
					<Vertex X="38036" Y="36270" Z="0"/>
					<Vertex X="38036" Y="36211" Z="0"/>
					<Vertex X="38036" Y="36161" Z="0"/>
					<Vertex X="38055" Y="36092" Z="0"/>
					<Vertex X="38055" Y="36042" Z="0"/>
					<Vertex X="38065" Y="35973" Z="0"/>
					<Vertex X="38065" Y="35923" Z="0"/>
					<Vertex X="38065" Y="35834" Z="0"/>
					<Vertex X="38055" Y="35775" Z="0"/>
					<Vertex X="38055" Y="35715" Z="0"/>
					<Vertex X="38026" Y="35646" Z="0"/>
					<Vertex X="37996" Y="35586" Z="0"/>
					<Vertex X="37976" Y="35537" Z="0"/>
					<Vertex X="37937" Y="35467" Z="0"/>
					<Vertex X="37907" Y="35408" Z="0"/>
					<Vertex X="37877" Y="35378" Z="0"/>
					<Vertex X="37847" Y="35319" Z="0"/>
					<Vertex X="37818" Y="35289" Z="0"/>
					<Vertex X="37798" Y="35259" Z="0"/>
					<Vertex X="37788" Y="35239" Z="0"/>
					<Vertex X="37788" Y="35230" Z="0"/>
					<Vertex X="37768" Y="35230" Z="0"/>
					<Vertex X="37768" Y="35210" Z="0"/>
					<Vertex X="37648" Y="35050" Z="0"/>
				</Vertices>
			</Region>
		</Regions>
		<Plots/>
	</Annotation>
</Annotations>
