<Annotations MicronsPerPixel="0.252200">
	<Annotation Id="1" Name="" ReadOnly="0" NameReadOnly="0" LineColorReadOnly="0" Incremental="0" Type="4" LineColor="16711935" Visible="1" Selected="1" MarkupImagePath="" MacroName="">
		<Attributes/>
		<Regions>
			<RegionAttributeHeaders>
				<AttributeHeader Id="9999" Name="Region" ColumnWidth="-1"/>
				<AttributeHeader Id="9997" Name="Length" ColumnWidth="-1"/>
				<AttributeHeader Id="9996" Name="Area" ColumnWidth="-1"/>
				<AttributeHeader Id="9998" Name="Text" ColumnWidth="-1"/>
			</RegionAttributeHeaders>
			<Region Id="1" Type="0" Zoom="0.015393" Selected="1" ImageLocation="" ImageFocus="-1" Length="195125.4" Area="940396073.0" LengthMicrons="49210.6" AreaMicrons="59813741.8" Text="" NegativeROA="0" InputRegionId="0" Analyze="1" DisplayId="1">
				<Attributes/>
				<Vertices>
					<Vertex X="103489" Y="5216" Z="0"/>
					<Vertex X="98401" Y="4122" Z="0"/>
					<Vertex X="98015" Y="4122" Z="0"/>
					<Vertex X="97822" Y="4057" Z="0"/>
					<Vertex X="97628" Y="4057" Z="0"/>
					<Vertex X="97242" Y="3928" Z="0"/>
					<Vertex X="96920" Y="3928" Z="0"/>
					<Vertex X="96727" Y="3864" Z="0"/>
					<Vertex X="96469" Y="3864" Z="0"/>
					<Vertex X="96276" Y="3735" Z="0"/>
					<Vertex X="96083" Y="3735" Z="0"/>
					<Vertex X="95761" Y="3671" Z="0"/>
					<Vertex X="95568" Y="3671" Z="0"/>
					<Vertex X="95374" Y="3671" Z="0"/>
					<Vertex X="95117" Y="3671" Z="0"/>
					<Vertex X="94924" Y="3542" Z="0"/>
					<Vertex X="94602" Y="3542" Z="0"/>
					<Vertex X="94344" Y="3542" Z="0"/>
					<Vertex X="94215" Y="3542" Z="0"/>
					<Vertex X="94022" Y="3542" Z="0"/>
					<Vertex X="93829" Y="3542" Z="0"/>
					<Vertex X="93764" Y="3542" Z="0"/>
					<Vertex X="93571" Y="3542" Z="0"/>
					<Vertex X="93378" Y="3542" Z="0"/>
					<Vertex X="93185" Y="3542" Z="0"/>
					<Vertex X="93056" Y="3671" Z="0"/>
					<Vertex X="92798" Y="3671" Z="0"/>
					<Vertex X="92670" Y="3735" Z="0"/>
					<Vertex X="92476" Y="3864" Z="0"/>
					<Vertex X="92283" Y="3928" Z="0"/>
					<Vertex X="92219" Y="4057" Z="0"/>
					<Vertex X="92026" Y="4122" Z="0"/>
					<Vertex X="91897" Y="4250" Z="0"/>
					<Vertex X="91832" Y="4315" Z="0"/>
					<Vertex X="91639" Y="4508" Z="0"/>
					<Vertex X="91446" Y="4701" Z="0"/>
					<Vertex X="91253" Y="4830" Z="0"/>
					<Vertex X="91124" Y="5023" Z="0"/>
					<Vertex X="90931" Y="5087" Z="0"/>
					<Vertex X="90738" Y="5281" Z="0"/>
					<Vertex X="90544" Y="5474" Z="0"/>
					<Vertex X="90351" Y="5796" Z="0"/>
					<Vertex X="90287" Y="5989" Z="0"/>
					<Vertex X="90094" Y="6182" Z="0"/>
					<Vertex X="89965" Y="6375" Z="0"/>
					<Vertex X="89900" Y="6633" Z="0"/>
					<Vertex X="89772" Y="6826" Z="0"/>
					<Vertex X="89707" Y="7148" Z="0"/>
					<Vertex X="89578" Y="7406" Z="0"/>
					<Vertex X="89514" Y="7599" Z="0"/>
					<Vertex X="89321" Y="7921" Z="0"/>
					<Vertex X="89192" Y="8114" Z="0"/>
					<Vertex X="89128" Y="8501" Z="0"/>
					<Vertex X="88935" Y="8887" Z="0"/>
					<Vertex X="88806" Y="9080" Z="0"/>
					<Vertex X="88741" Y="9338" Z="0"/>
					<Vertex X="88613" Y="9531" Z="0"/>
					<Vertex X="88613" Y="9853" Z="0"/>
					<Vertex X="88419" Y="10239" Z="0"/>
					<Vertex X="88355" Y="10626" Z="0"/>
					<Vertex X="88226" Y="10883" Z="0"/>
					<Vertex X="88162" Y="11205" Z="0"/>
					<Vertex X="88162" Y="11463" Z="0"/>
					<Vertex X="88033" Y="11656" Z="0"/>
					<Vertex X="87969" Y="11978" Z="0"/>
					<Vertex X="87840" Y="12236" Z="0"/>
					<Vertex X="87775" Y="12558" Z="0"/>
					<Vertex X="87647" Y="12751" Z="0"/>
					<Vertex X="87647" Y="13009" Z="0"/>
					<Vertex X="87582" Y="13331" Z="0"/>
					<Vertex X="87453" Y="13524" Z="0"/>
					<Vertex X="87389" Y="13910" Z="0"/>
					<Vertex X="87389" Y="14103" Z="0"/>
					<Vertex X="87260" Y="14361" Z="0"/>
					<Vertex X="87173" Y="14631" Z="0"/>
					<Vertex X="86905" Y="15305" Z="0"/>
					<Vertex X="86737" Y="15692" Z="0"/>
					<Vertex X="86638" Y="15930" Z="0"/>
					<Vertex X="86558" Y="16138" Z="0"/>
					<Vertex X="86489" Y="16346" Z="0"/>
					<Vertex X="86410" Y="16564" Z="0"/>
					<Vertex X="86380" Y="16713" Z="0"/>
					<Vertex X="86340" Y="16861" Z="0"/>
					<Vertex X="86291" Y="17069" Z="0"/>
					<Vertex X="86291" Y="17208" Z="0"/>
					<Vertex X="86281" Y="17327" Z="0"/>
					<Vertex X="86261" Y="17506" Z="0"/>
					<Vertex X="86251" Y="17625" Z="0"/>
					<Vertex X="86251" Y="17744" Z="0"/>
					<Vertex X="86251" Y="17902" Z="0"/>
					<Vertex X="86251" Y="17991" Z="0"/>
					<Vertex X="86261" Y="18130" Z="0"/>
					<Vertex X="86291" Y="18279" Z="0"/>
					<Vertex X="86310" Y="18408" Z="0"/>
					<Vertex X="86320" Y="18497" Z="0"/>
					<Vertex X="86370" Y="18616" Z="0"/>
					<Vertex X="86380" Y="18705" Z="0"/>
					<Vertex X="86410" Y="18844" Z="0"/>
					<Vertex X="86429" Y="18973" Z="0"/>
					<Vertex X="86439" Y="19052" Z="0"/>
					<Vertex X="86469" Y="19121" Z="0"/>
					<Vertex X="86489" Y="19240" Z="0"/>
					<Vertex X="86499" Y="19320" Z="0"/>
					<Vertex X="86499" Y="19389" Z="0"/>
					<Vertex X="86519" Y="19498" Z="0"/>
					<Vertex X="86529" Y="19538" Z="0"/>
					<Vertex X="86558" Y="19617" Z="0"/>
					<Vertex X="86578" Y="19657" Z="0"/>
					<Vertex X="86608" Y="19706" Z="0"/>
					<Vertex X="86618" Y="19766" Z="0"/>
					<Vertex X="86638" Y="19795" Z="0"/>
					<Vertex X="86657" Y="19835" Z="0"/>
					<Vertex X="86667" Y="19885" Z="0"/>
					<Vertex X="86677" Y="19924" Z="0"/>
					<Vertex X="86697" Y="19944" Z="0"/>
					<Vertex X="86697" Y="19954" Z="0"/>
					<Vertex X="86747" Y="19924" Z="0"/>
					<Vertex X="86776" Y="20024" Z="0"/>
					<Vertex X="86796" Y="20133" Z="0"/>
					<Vertex X="86836" Y="20281" Z="0"/>
					<Vertex X="86856" Y="20380" Z="0"/>
					<Vertex X="86885" Y="20559" Z="0"/>
					<Vertex X="86915" Y="20668" Z="0"/>
					<Vertex X="86945" Y="20826" Z="0"/>
					<Vertex X="86955" Y="20945" Z="0"/>
					<Vertex X="86975" Y="21064" Z="0"/>
					<Vertex X="87004" Y="21243" Z="0"/>
					<Vertex X="87014" Y="21382" Z="0"/>
					<Vertex X="87034" Y="21590" Z="0"/>
					<Vertex X="87044" Y="21719" Z="0"/>
					<Vertex X="87064" Y="21867" Z="0"/>
					<Vertex X="87074" Y="22075" Z="0"/>
					<Vertex X="87093" Y="22234" Z="0"/>
					<Vertex X="87103" Y="22432" Z="0"/>
					<Vertex X="87103" Y="22581" Z="0"/>
					<Vertex X="87123" Y="22720" Z="0"/>
					<Vertex X="87123" Y="22928" Z="0"/>
					<Vertex X="87133" Y="23057" Z="0"/>
					<Vertex X="87133" Y="23196" Z="0"/>
					<Vertex X="87133" Y="23384" Z="0"/>
					<Vertex X="87133" Y="23523" Z="0"/>
					<Vertex X="87133" Y="23642" Z="0"/>
					<Vertex X="87133" Y="23820" Z="0"/>
					<Vertex X="87123" Y="23939" Z="0"/>
					<Vertex X="87123" Y="24058" Z="0"/>
					<Vertex X="87093" Y="24236" Z="0"/>
					<Vertex X="87074" Y="24355" Z="0"/>
					<Vertex X="87064" Y="24474" Z="0"/>
					<Vertex X="87014" Y="24653" Z="0"/>
					<Vertex X="86984" Y="24772" Z="0"/>
					<Vertex X="86945" Y="24891" Z="0"/>
					<Vertex X="86865" Y="25069" Z="0"/>
					<Vertex X="86826" Y="25188" Z="0"/>
					<Vertex X="86737" Y="25396" Z="0"/>
					<Vertex X="86657" Y="25535" Z="0"/>
					<Vertex X="86558" Y="25733" Z="0"/>
					<Vertex X="86469" Y="25882" Z="0"/>
					<Vertex X="86390" Y="26051" Z="0"/>
					<Vertex X="86241" Y="26288" Z="0"/>
					<Vertex X="86142" Y="26467" Z="0"/>
					<Vertex X="85735" Y="27181" Z="0"/>
					<Vertex X="85527" Y="27835" Z="0"/>
					<Vertex X="85438" Y="27875" Z="0"/>
					<Vertex X="85408" Y="27964" Z="0"/>
					<Vertex X="85378" Y="28113" Z="0"/>
					<Vertex X="85349" Y="28222" Z="0"/>
					<Vertex X="85339" Y="28321" Z="0"/>
					<Vertex X="85309" Y="28470" Z="0"/>
					<Vertex X="85289" Y="28589" Z="0"/>
					<Vertex X="85259" Y="28757" Z="0"/>
					<Vertex X="85250" Y="28876" Z="0"/>
					<Vertex X="85230" Y="28995" Z="0"/>
					<Vertex X="85200" Y="29173" Z="0"/>
					<Vertex X="85200" Y="29292" Z="0"/>
					<Vertex X="85190" Y="29411" Z="0"/>
					<Vertex X="85190" Y="29570" Z="0"/>
					<Vertex X="85190" Y="29689" Z="0"/>
					<Vertex X="85190" Y="29808" Z="0"/>
					<Vertex X="85190" Y="29976" Z="0"/>
					<Vertex X="85200" Y="30095" Z="0"/>
					<Vertex X="85220" Y="30194" Z="0"/>
					<Vertex X="85250" Y="30363" Z="0"/>
					<Vertex X="85279" Y="30462" Z="0"/>
					<Vertex X="85309" Y="30581" Z="0"/>
					<Vertex X="85349" Y="30740" Z="0"/>
					<Vertex X="85378" Y="30849" Z="0"/>
					<Vertex X="85438" Y="31017" Z="0"/>
					<Vertex X="85468" Y="31116" Z="0"/>
					<Vertex X="85517" Y="31225" Z="0"/>
					<Vertex X="85557" Y="31324" Z="0"/>
					<Vertex X="85636" Y="31493" Z="0"/>
					<Vertex X="85676" Y="31592" Z="0"/>
					<Vertex X="85725" Y="31701" Z="0"/>
					<Vertex X="85815" Y="31850" Z="0"/>
					<Vertex X="85854" Y="31949" Z="0"/>
					<Vertex X="85914" Y="32038" Z="0"/>
					<Vertex X="86003" Y="32177" Z="0"/>
					<Vertex X="86052" Y="32266" Z="0"/>
					<Vertex X="86112" Y="32355" Z="0"/>
					<Vertex X="86181" Y="32484" Z="0"/>
					<Vertex X="86241" Y="32564" Z="0"/>
					<Vertex X="86320" Y="32682" Z="0"/>
					<Vertex X="86380" Y="32742" Z="0"/>
					<Vertex X="86419" Y="32801" Z="0"/>
					<Vertex X="86479" Y="32891" Z="0"/>
					<Vertex X="86508" Y="32960" Z="0"/>
					<Vertex X="86528" Y="33039" Z="0"/>
					<Vertex X="86528" Y="33168" Z="0"/>
					<Vertex X="86508" Y="33257" Z="0"/>
					<Vertex X="86499" Y="33337" Z="0"/>
					<Vertex X="86469" Y="33466" Z="0"/>
					<Vertex X="86439" Y="33545" Z="0"/>
					<Vertex X="86380" Y="33694" Z="0"/>
					<Vertex X="86350" Y="33793" Z="0"/>
					<Vertex X="86300" Y="33902" Z="0"/>
					<Vertex X="86231" Y="34090" Z="0"/>
					<Vertex X="86181" Y="34209" Z="0"/>
					<Vertex X="86142" Y="34328" Z="0"/>
					<Vertex X="86082" Y="34526" Z="0"/>
					<Vertex X="86052" Y="34645" Z="0"/>
					<Vertex X="86003" Y="34843" Z="0"/>
					<Vertex X="85973" Y="34952" Z="0"/>
					<Vertex X="85963" Y="35091" Z="0"/>
					<Vertex X="85953" Y="35220" Z="0"/>
					<Vertex X="85914" Y="35418" Z="0"/>
					<Vertex X="85914" Y="35537" Z="0"/>
					<Vertex X="85904" Y="35656" Z="0"/>
					<Vertex X="85914" Y="35825" Z="0"/>
					<Vertex X="85914" Y="35944" Z="0"/>
					<Vertex X="85953" Y="36112" Z="0"/>
					<Vertex X="85953" Y="36241" Z="0"/>
					<Vertex X="85973" Y="36400" Z="0"/>
					<Vertex X="86003" Y="36489" Z="0"/>
					<Vertex X="86052" Y="36618" Z="0"/>
					<Vertex X="86082" Y="36717" Z="0"/>
					<Vertex X="86112" Y="36786" Z="0"/>
					<Vertex X="86171" Y="36905" Z="0"/>
					<Vertex X="86211" Y="36965" Z="0"/>
					<Vertex X="86261" Y="37034" Z="0"/>
					<Vertex X="86330" Y="37113" Z="0"/>
					<Vertex X="86389" Y="37173" Z="0"/>
					<Vertex X="86439" Y="37213" Z="0"/>
					<Vertex X="86528" Y="37292" Z="0"/>
					<Vertex X="86736" Y="37510" Z="0"/>
					<Vertex X="87272" Y="38025" Z="0"/>
					<Vertex X="87292" Y="38105" Z="0"/>
					<Vertex X="87322" Y="38175" Z="0"/>
					<Vertex X="87381" Y="38293" Z="0"/>
					<Vertex X="87411" Y="38383" Z="0"/>
					<Vertex X="87431" Y="38472" Z="0"/>
					<Vertex X="87461" Y="38591" Z="0"/>
					<Vertex X="87471" Y="38680" Z="0"/>
					<Vertex X="87490" Y="38769" Z="0"/>
					<Vertex X="87500" Y="38908" Z="0"/>
					<Vertex X="87490" Y="38977" Z="0"/>
					<Vertex X="87471" Y="39067" Z="0"/>
					<Vertex X="87461" Y="39205" Z="0"/>
					<Vertex X="87431" Y="39275" Z="0"/>
					<Vertex X="87401" Y="39354" Z="0"/>
					<Vertex X="87352" Y="39473" Z="0"/>
					<Vertex X="87312" Y="39562" Z="0"/>
					<Vertex X="87262" Y="39632" Z="0"/>
					<Vertex X="87223" Y="39711" Z="0"/>
					<Vertex X="87134" Y="39830" Z="0"/>
					<Vertex X="87074" Y="39899" Z="0"/>
					<Vertex X="86965" Y="40008" Z="0"/>
					<Vertex X="86896" Y="40078" Z="0"/>
					<Vertex X="86806" Y="40157" Z="0"/>
					<Vertex X="86717" Y="40246" Z="0"/>
					<Vertex X="86598" Y="40365" Z="0"/>
					<Vertex X="86509" Y="40435" Z="0"/>
					<Vertex X="86420" Y="40514" Z="0"/>
					<Vertex X="86331" Y="40583" Z="0"/>
					<Vertex X="86192" Y="40702" Z="0"/>
					<Vertex X="86103" Y="40782" Z="0"/>
					<Vertex X="86013" Y="40871" Z="0"/>
					<Vertex X="85894" Y="41019" Z="0"/>
					<Vertex X="85825" Y="41109" Z="0"/>
					<Vertex X="85746" Y="41208" Z="0"/>
					<Vertex X="85657" Y="41376" Z="0"/>
					<Vertex X="85597" Y="41495" Z="0"/>
					<Vertex X="85528" Y="41624" Z="0"/>
					<Vertex X="85448" Y="41803" Z="0"/>
					<Vertex X="85379" Y="42001" Z="0"/>
					<Vertex X="85349" Y="42130" Z="0"/>
					<Vertex X="85320" Y="42268" Z="0"/>
					<Vertex X="85270" Y="42457" Z="0"/>
					<Vertex X="85230" Y="42596" Z="0"/>
					<Vertex X="85201" Y="42744" Z="0"/>
					<Vertex X="85171" Y="42962" Z="0"/>
					<Vertex X="85141" Y="43101" Z="0"/>
					<Vertex X="85121" Y="43319" Z="0"/>
					<Vertex X="85121" Y="43458" Z="0"/>
					<Vertex X="85141" Y="43587" Z="0"/>
					<Vertex X="85151" Y="43765" Z="0"/>
					<Vertex X="85171" Y="43874" Z="0"/>
					<Vertex X="85210" Y="43973" Z="0"/>
					<Vertex X="85240" Y="44063" Z="0"/>
					<Vertex X="85329" Y="44172" Z="0"/>
					<Vertex X="85379" Y="44231" Z="0"/>
					<Vertex X="85438" Y="44291" Z="0"/>
					<Vertex X="85538" Y="44330" Z="0"/>
					<Vertex X="85617" Y="44360" Z="0"/>
					<Vertex X="85686" Y="44360" Z="0"/>
					<Vertex X="85775" Y="44360" Z="0"/>
					<Vertex X="85885" Y="44360" Z="0"/>
					<Vertex X="85974" Y="44350" Z="0"/>
					<Vertex X="86033" Y="44350" Z="0"/>
					<Vertex X="86152" Y="44330" Z="0"/>
					<Vertex X="86241" Y="44320" Z="0"/>
					<Vertex X="86311" Y="44271" Z="0"/>
					<Vertex X="86450" Y="44231" Z="0"/>
					<Vertex X="86539" Y="44182" Z="0"/>
					<Vertex X="86608" Y="44152" Z="0"/>
					<Vertex X="86727" Y="44112" Z="0"/>
					<Vertex X="86816" Y="44083" Z="0"/>
					<Vertex X="86906" Y="44053" Z="0"/>
					<Vertex X="87044" Y="44003" Z="0"/>
					<Vertex X="87114" Y="43973" Z="0"/>
					<Vertex X="87193" Y="43964" Z="0"/>
					<Vertex X="87312" Y="43944" Z="0"/>
					<Vertex X="87381" Y="43934" Z="0"/>
					<Vertex X="87471" Y="43914" Z="0"/>
					<Vertex X="87560" Y="43904" Z="0"/>
					<Vertex X="87699" Y="43874" Z="0"/>
					<Vertex X="87788" Y="43855" Z="0"/>
					<Vertex X="87877" Y="43845" Z="0"/>
					<Vertex X="87966" Y="43825" Z="0"/>
					<Vertex X="88085" Y="43825" Z="0"/>
					<Vertex X="88155" Y="43825" Z="0"/>
					<Vertex X="88234" Y="43855" Z="0"/>
					<Vertex X="88323" Y="43904" Z="0"/>
					<Vertex X="88383" Y="43954" Z="0"/>
					<Vertex X="88442" Y="44003" Z="0"/>
					<Vertex X="88492" Y="44073" Z="0"/>
					<Vertex X="88551" Y="44172" Z="0"/>
					<Vertex X="88561" Y="44241" Z="0"/>
					<Vertex X="88591" Y="44301" Z="0"/>
					<Vertex X="88591" Y="44410" Z="0"/>
					<Vertex X="88591" Y="44469" Z="0"/>
					<Vertex X="88561" Y="44558" Z="0"/>
					<Vertex X="88521" Y="44667" Z="0"/>
					<Vertex X="88432" Y="44816" Z="0"/>
					<Vertex X="88353" Y="44925" Z="0"/>
					<Vertex X="88264" Y="45044" Z="0"/>
					<Vertex X="88125" Y="45242" Z="0"/>
					<Vertex X="87996" Y="45450" Z="0"/>
					<Vertex X="87887" Y="45579" Z="0"/>
					<Vertex X="87758" Y="45817" Z="0"/>
					<Vertex X="87609" Y="46065" Z="0"/>
					<Vertex X="87500" Y="46214" Z="0"/>
					<Vertex X="87352" Y="46432" Z="0"/>
					<Vertex X="87282" Y="46600" Z="0"/>
					<Vertex X="87173" Y="46739" Z="0"/>
					<Vertex X="87044" Y="47007" Z="0"/>
					<Vertex X="86955" Y="47175" Z="0"/>
					<Vertex X="86876" Y="47334" Z="0"/>
					<Vertex X="86787" Y="47483" Z="0"/>
					<Vertex X="86638" Y="47830" Z="0"/>
					<Vertex X="86390" Y="48464" Z="0"/>
					<Vertex X="86370" Y="48552" Z="0"/>
					<Vertex X="86340" Y="48641" Z="0"/>
					<Vertex X="86320" Y="48731" Z="0"/>
					<Vertex X="86320" Y="48879" Z="0"/>
					<Vertex X="86310" Y="48988" Z="0"/>
					<Vertex X="86290" Y="49107" Z="0"/>
					<Vertex X="86290" Y="49266" Z="0"/>
					<Vertex X="86290" Y="49385" Z="0"/>
					<Vertex X="86290" Y="49504" Z="0"/>
					<Vertex X="86290" Y="49643" Z="0"/>
					<Vertex X="86290" Y="49831" Z="0"/>
					<Vertex X="86290" Y="49970" Z="0"/>
					<Vertex X="86290" Y="50118" Z="0"/>
					<Vertex X="86310" Y="50327" Z="0"/>
					<Vertex X="86320" Y="50456" Z="0"/>
					<Vertex X="86350" Y="50574" Z="0"/>
					<Vertex X="86399" Y="50753" Z="0"/>
					<Vertex X="86439" Y="50842" Z="0"/>
					<Vertex X="86499" Y="50931" Z="0"/>
					<Vertex X="86578" Y="51050" Z="0"/>
					<Vertex X="86647" Y="51159" Z="0"/>
					<Vertex X="86707" Y="51229" Z="0"/>
					<Vertex X="86756" Y="51288" Z="0"/>
					<Vertex X="86826" Y="51397" Z="0"/>
					<Vertex X="86855" Y="51467" Z="0"/>
					<Vertex X="86885" Y="51556" Z="0"/>
					<Vertex X="86915" Y="51645" Z="0"/>
					<Vertex X="86964" Y="51794" Z="0"/>
					<Vertex X="86974" Y="51903" Z="0"/>
					<Vertex X="87004" Y="52002" Z="0"/>
					<Vertex X="87034" Y="52180" Z="0"/>
					<Vertex X="87054" Y="52289" Z="0"/>
					<Vertex X="87064" Y="52418" Z="0"/>
					<Vertex X="87083" Y="52537" Z="0"/>
					<Vertex X="87123" Y="52706" Z="0"/>
					<Vertex X="87143" Y="52825" Z="0"/>
					<Vertex X="87173" Y="52924" Z="0"/>
					<Vertex X="87202" Y="53132" Z="0"/>
					<Vertex X="87212" Y="53271" Z="0"/>
					<Vertex X="87242" Y="53390" Z="0"/>
					<Vertex X="87262" Y="53519" Z="0"/>
					<Vertex X="87301" Y="53717" Z="0"/>
					<Vertex X="87321" Y="53836" Z="0"/>
					<Vertex X="87351" Y="53955" Z="0"/>
					<Vertex X="87381" Y="54143" Z="0"/>
					<Vertex X="87411" Y="54262" Z="0"/>
					<Vertex X="87420" Y="54401" Z="0"/>
					<Vertex X="87470" Y="54589" Z="0"/>
					<Vertex X="87500" Y="54728" Z="0"/>
					<Vertex X="87510" Y="54847" Z="0"/>
					<Vertex X="87559" Y="55045" Z="0"/>
					<Vertex X="87569" Y="55164" Z="0"/>
					<Vertex X="87619" Y="55343" Z="0"/>
					<Vertex X="87648" Y="55442" Z="0"/>
					<Vertex X="87678" Y="55561" Z="0"/>
					<Vertex X="87718" Y="55660" Z="0"/>
					<Vertex X="87777" Y="55838" Z="0"/>
					<Vertex X="87827" Y="55947" Z="0"/>
					<Vertex X="87867" Y="56056" Z="0"/>
					<Vertex X="87916" Y="56165" Z="0"/>
					<Vertex X="88005" Y="56354" Z="0"/>
					<Vertex X="88065" Y="56453" Z="0"/>
					<Vertex X="88124" Y="56572" Z="0"/>
					<Vertex X="88223" Y="56730" Z="0"/>
					<Vertex X="88303" Y="56839" Z="0"/>
					<Vertex X="88422" Y="56998" Z="0"/>
					<Vertex X="88521" Y="57107" Z="0"/>
					<Vertex X="88610" Y="57196" Z="0"/>
					<Vertex X="88778" Y="57345" Z="0"/>
					<Vertex X="88878" Y="57414" Z="0"/>
					<Vertex X="88987" Y="57474" Z="0"/>
					<Vertex X="89145" Y="57563" Z="0"/>
					<Vertex X="89264" Y="57622" Z="0"/>
					<Vertex X="89373" Y="57692" Z="0"/>
					<Vertex X="89532" Y="57791" Z="0"/>
					<Vertex X="89651" Y="57860" Z="0"/>
					<Vertex X="89760" Y="57920" Z="0"/>
					<Vertex X="89879" Y="57989" Z="0"/>
					<Vertex X="90047" Y="58069" Z="0"/>
					<Vertex X="90146" Y="58128" Z="0"/>
					<Vertex X="90265" Y="58187" Z="0"/>
					<Vertex X="90365" Y="58267" Z="0"/>
					<Vertex X="90543" Y="58356" Z="0"/>
					<Vertex X="90662" Y="58415" Z="0"/>
					<Vertex X="90781" Y="58475" Z="0"/>
					<Vertex X="90959" Y="58544" Z="0"/>
					<Vertex X="91078" Y="58594" Z="0"/>
					<Vertex X="91217" Y="58624" Z="0"/>
					<Vertex X="91395" Y="58663" Z="0"/>
					<Vertex X="91514" Y="58693" Z="0"/>
					<Vertex X="91633" Y="58713" Z="0"/>
					<Vertex X="91752" Y="58743" Z="0"/>
					<Vertex X="91951" Y="58753" Z="0"/>
					<Vertex X="92070" Y="58772" Z="0"/>
					<Vertex X="92258" Y="58782" Z="0"/>
					<Vertex X="92377" Y="58782" Z="0"/>
					<Vertex X="92516" Y="58782" Z="0"/>
					<Vertex X="92635" Y="58782" Z="0"/>
					<Vertex X="92823" Y="58772" Z="0"/>
					<Vertex X="92942" Y="58772" Z="0"/>
					<Vertex X="93091" Y="58753" Z="0"/>
					<Vertex X="93209" Y="58743" Z="0"/>
					<Vertex X="93408" Y="58713" Z="0"/>
					<Vertex X="93517" Y="58683" Z="0"/>
					<Vertex X="93656" Y="58653" Z="0"/>
					<Vertex X="93775" Y="58604" Z="0"/>
					<Vertex X="94052" Y="58515" Z="0"/>
					<Vertex X="94726" Y="58118" Z="0"/>
					<Vertex X="94746" Y="58069" Z="0"/>
					<Vertex X="94815" Y="58019" Z="0"/>
					<Vertex X="94934" Y="57950" Z="0"/>
					<Vertex X="95014" Y="57890" Z="0"/>
					<Vertex X="95103" Y="57831" Z="0"/>
					<Vertex X="95222" Y="57722" Z="0"/>
					<Vertex X="95311" Y="57652" Z="0"/>
					<Vertex X="95410" Y="57563" Z="0"/>
					<Vertex X="95499" Y="57474" Z="0"/>
					<Vertex X="95638" Y="57335" Z="0"/>
					<Vertex X="95727" Y="57246" Z="0"/>
					<Vertex X="95817" Y="57157" Z="0"/>
					<Vertex X="95906" Y="57087" Z="0"/>
					<Vertex X="96005" Y="56968" Z="0"/>
					<Vertex X="96094" Y="56889" Z="0"/>
					<Vertex X="96173" Y="56820" Z="0"/>
					<Vertex X="96273" Y="56711" Z="0"/>
					<Vertex X="96332" Y="56641" Z="0"/>
					<Vertex X="96411" Y="56582" Z="0"/>
					<Vertex X="96510" Y="56473" Z="0"/>
					<Vertex X="96590" Y="56413" Z="0"/>
					<Vertex X="96679" Y="56314" Z="0"/>
					<Vertex X="96748" Y="56255" Z="0"/>
					<Vertex X="96808" Y="56175" Z="0"/>
					<Vertex X="96867" Y="56116" Z="0"/>
					<Vertex X="96957" Y="56017" Z="0"/>
					<Vertex X="97016" Y="55938" Z="0"/>
					<Vertex X="97095" Y="55868" Z="0"/>
					<Vertex X="97165" Y="55779" Z="0"/>
					<Vertex X="97224" Y="55719" Z="0"/>
					<Vertex X="97284" Y="55640" Z="0"/>
					<Vertex X="97343" Y="55601" Z="0"/>
					<Vertex X="97403" Y="55551" Z="0"/>
					<Vertex X="97512" Y="55491" Z="0"/>
					<Vertex X="97571" Y="55462" Z="0"/>
					<Vertex X="97631" Y="55452" Z="0"/>
					<Vertex X="97720" Y="55452" Z="0"/>
					<Vertex X="97779" Y="55452" Z="0"/>
					<Vertex X="97868" Y="55482" Z="0"/>
					<Vertex X="97928" Y="55491" Z="0"/>
					<Vertex X="97987" Y="55521" Z="0"/>
					<Vertex X="98077" Y="55571" Z="0"/>
					<Vertex X="98146" Y="55610" Z="0"/>
					<Vertex X="98206" Y="55660" Z="0"/>
					<Vertex X="98265" Y="55700" Z="0"/>
					<Vertex X="98344" Y="55789" Z="0"/>
					<Vertex X="98374" Y="55868" Z="0"/>
					<Vertex X="98414" Y="55938" Z="0"/>
					<Vertex X="98463" Y="56076" Z="0"/>
					<Vertex X="98473" Y="56175" Z="0"/>
					<Vertex X="98493" Y="56285" Z="0"/>
					<Vertex X="98493" Y="56443" Z="0"/>
					<Vertex X="98493" Y="56552" Z="0"/>
					<Vertex X="98493" Y="56671" Z="0"/>
					<Vertex X="98493" Y="56790" Z="0"/>
					<Vertex X="98473" Y="56978" Z="0"/>
					<Vertex X="98473" Y="57117" Z="0"/>
					<Vertex X="98463" Y="57246" Z="0"/>
					<Vertex X="98443" Y="57444" Z="0"/>
					<Vertex X="98414" Y="57593" Z="0"/>
					<Vertex X="98404" Y="57722" Z="0"/>
					<Vertex X="98404" Y="57861" Z="0"/>
					<Vertex X="98404" Y="58069" Z="0"/>
					<Vertex X="98404" Y="58198" Z="0"/>
					<Vertex X="98404" Y="58336" Z="0"/>
					<Vertex X="98443" Y="58515" Z="0"/>
					<Vertex X="98473" Y="58634" Z="0"/>
					<Vertex X="98513" Y="58753" Z="0"/>
					<Vertex X="98552" Y="58852" Z="0"/>
					<Vertex X="98622" Y="59001" Z="0"/>
					<Vertex X="98701" Y="59090" Z="0"/>
					<Vertex X="98780" Y="59179" Z="0"/>
					<Vertex X="98909" Y="59298" Z="0"/>
					<Vertex X="98999" Y="59377" Z="0"/>
					<Vertex X="99088" Y="59437" Z="0"/>
					<Vertex X="99217" Y="59526" Z="0"/>
					<Vertex X="99326" Y="59566" Z="0"/>
					<Vertex X="99425" Y="59595" Z="0"/>
					<Vertex X="99534" Y="59645" Z="0"/>
					<Vertex X="99663" Y="59675" Z="0"/>
					<Vertex X="99772" Y="59685" Z="0"/>
					<Vertex X="99861" Y="59714" Z="0"/>
					<Vertex X="99950" Y="59714" Z="0"/>
					<Vertex X="100079" Y="59734" Z="0"/>
					<Vertex X="100158" Y="59744" Z="0"/>
					<Vertex X="100248" Y="59764" Z="0"/>
					<Vertex X="100347" Y="59794" Z="0"/>
					<Vertex X="100426" Y="59823" Z="0"/>
					<Vertex X="100485" Y="59853" Z="0"/>
					<Vertex X="100575" Y="59913" Z="0"/>
					<Vertex X="100634" Y="59972" Z="0"/>
					<Vertex X="100684" Y="60032" Z="0"/>
					<Vertex X="100723" Y="60111" Z="0"/>
					<Vertex X="100803" Y="60210" Z="0"/>
					<Vertex X="100842" Y="60289" Z="0"/>
					<Vertex X="100892" Y="60359" Z="0"/>
					<Vertex X="100932" Y="60448" Z="0"/>
					<Vertex X="100991" Y="60597" Z="0"/>
					<Vertex X="101021" Y="60686" Z="0"/>
					<Vertex X="101050" Y="60795" Z="0"/>
					<Vertex X="101100" Y="60934" Z="0"/>
					<Vertex X="101140" Y="61043" Z="0"/>
					<Vertex X="101169" Y="61142" Z="0"/>
					<Vertex X="101219" Y="61251" Z="0"/>
					<Vertex X="101249" Y="61360" Z="0"/>
					<Vertex X="101288" Y="61518" Z="0"/>
					<Vertex X="101318" Y="61618" Z="0"/>
					<Vertex X="101338" Y="61727" Z="0"/>
					<Vertex X="101368" Y="61885" Z="0"/>
					<Vertex X="101397" Y="61994" Z="0"/>
					<Vertex X="101397" Y="62103" Z="0"/>
					<Vertex X="101407" Y="62212" Z="0"/>
					<Vertex X="101407" Y="62401" Z="0"/>
					<Vertex X="101397" Y="62510" Z="0"/>
					<Vertex X="101397" Y="62649" Z="0"/>
					<Vertex X="101397" Y="62748" Z="0"/>
					<Vertex X="101397" Y="62877" Z="0"/>
					<Vertex X="101368" Y="63035" Z="0"/>
					<Vertex X="101368" Y="63164" Z="0"/>
					<Vertex X="101338" Y="63283" Z="0"/>
					<Vertex X="101318" Y="63422" Z="0"/>
					<Vertex X="101269" Y="63630" Z="0"/>
					<Vertex X="101249" Y="63759" Z="0"/>
					<Vertex X="101219" Y="63957" Z="0"/>
					<Vertex X="101160" Y="64145" Z="0"/>
					<Vertex X="101130" Y="64284" Z="0"/>
					<Vertex X="101100" Y="64423" Z="0"/>
					<Vertex X="101050" Y="64710" Z="0"/>
					<Vertex X="101001" Y="65365" Z="0"/>
					<Vertex X="100977" Y="65493" Z="0"/>
					<Vertex X="100913" Y="65815" Z="0"/>
					<Vertex X="100977" Y="66137" Z="0"/>
					<Vertex X="100977" Y="66331" Z="0"/>
					<Vertex X="100977" Y="66524" Z="0"/>
					<Vertex X="101106" Y="66846" Z="0"/>
					<Vertex X="101106" Y="67039" Z="0"/>
					<Vertex X="101170" Y="67232" Z="0"/>
					<Vertex X="101299" Y="67297" Z="0"/>
					<Vertex X="101363" Y="67425" Z="0"/>
					<Vertex X="101492" Y="67619" Z="0"/>
					<Vertex X="101492" Y="67747" Z="0"/>
					<Vertex X="101685" Y="67941" Z="0"/>
					<Vertex X="101750" Y="68069" Z="0"/>
					<Vertex X="101879" Y="68198" Z="0"/>
					<Vertex X="101943" Y="68391" Z="0"/>
					<Vertex X="102072" Y="68456" Z="0"/>
					<Vertex X="102136" Y="68713" Z="0"/>
					<Vertex X="102265" Y="68907" Z="0"/>
					<Vertex X="102329" Y="69164" Z="0"/>
					<Vertex X="102523" Y="69357" Z="0"/>
					<Vertex X="102651" Y="69551" Z="0"/>
					<Vertex X="102845" Y="69872" Z="0"/>
					<Vertex X="102909" Y="70001" Z="0"/>
					<Vertex X="103102" Y="70194" Z="0"/>
					<Vertex X="103295" Y="70516" Z="0"/>
					<Vertex X="103489" Y="70710" Z="0"/>
					<Vertex X="103617" Y="70903" Z="0"/>
					<Vertex X="103811" Y="71160" Z="0"/>
					<Vertex X="103875" Y="71354" Z="0"/>
					<Vertex X="104004" Y="71611" Z="0"/>
					<Vertex X="104068" Y="71869" Z="0"/>
					<Vertex X="104068" Y="72062" Z="0"/>
					<Vertex X="104197" Y="72255" Z="0"/>
					<Vertex X="104197" Y="72448" Z="0"/>
					<Vertex X="104197" Y="72642" Z="0"/>
					<Vertex X="104197" Y="72899" Z="0"/>
					<Vertex X="104261" Y="73221" Z="0"/>
					<Vertex X="104261" Y="73414" Z="0"/>
					<Vertex X="104261" Y="73608" Z="0"/>
					<Vertex X="104261" Y="73865" Z="0"/>
					<Vertex X="104390" Y="74058" Z="0"/>
					<Vertex X="104390" Y="74380" Z="0"/>
					<Vertex X="104455" Y="74574" Z="0"/>
					<Vertex X="104455" Y="74831" Z="0"/>
					<Vertex X="104583" Y="75024" Z="0"/>
					<Vertex X="104648" Y="75218" Z="0"/>
					<Vertex X="104841" Y="75540" Z="0"/>
					<Vertex X="105034" Y="75733" Z="0"/>
					<Vertex X="105163" Y="75926" Z="0"/>
					<Vertex X="105356" Y="76184" Z="0"/>
					<Vertex X="105549" Y="76312" Z="0"/>
					<Vertex X="105743" Y="76441" Z="0"/>
					<Vertex X="105936" Y="76506" Z="0"/>
					<Vertex X="106193" Y="76699" Z="0"/>
					<Vertex X="106387" Y="76699" Z="0"/>
					<Vertex X="106515" Y="76763" Z="0"/>
					<Vertex X="106709" Y="76763" Z="0"/>
					<Vertex X="106966" Y="76892" Z="0"/>
					<Vertex X="107288" Y="76892" Z="0"/>
					<Vertex X="107481" Y="76892" Z="0"/>
					<Vertex X="107674" Y="76892" Z="0"/>
					<Vertex X="107932" Y="76892" Z="0"/>
					<Vertex X="108125" Y="76892" Z="0"/>
					<Vertex X="108318" Y="76892" Z="0"/>
					<Vertex X="108512" Y="76892" Z="0"/>
					<Vertex X="108640" Y="76892" Z="0"/>
					<Vertex X="108898" Y="76892" Z="0"/>
					<Vertex X="109091" Y="76892" Z="0"/>
					<Vertex X="109284" Y="76892" Z="0"/>
					<Vertex X="109478" Y="76956" Z="0"/>
					<Vertex X="109800" Y="76956" Z="0"/>
					<Vertex X="109993" Y="77085" Z="0"/>
					<Vertex X="110250" Y="77085" Z="0"/>
					<Vertex X="110444" Y="77085" Z="0"/>
					<Vertex X="110637" Y="77150" Z="0"/>
					<Vertex X="110959" Y="77278" Z="0"/>
					<Vertex X="111152" Y="77278" Z="0"/>
					<Vertex X="111345" Y="77407" Z="0"/>
					<Vertex X="111538" Y="77472" Z="0"/>
					<Vertex X="111732" Y="77472" Z="0"/>
					<Vertex X="111989" Y="77536" Z="0"/>
					<Vertex X="112118" Y="77665" Z="0"/>
					<Vertex X="112182" Y="77665" Z="0"/>
					<Vertex X="112376" Y="77729" Z="0"/>
					<Vertex X="112504" Y="77729" Z="0"/>
					<Vertex X="112698" Y="77729" Z="0"/>
					<Vertex X="112762" Y="77729" Z="0"/>
					<Vertex X="112891" Y="77729" Z="0"/>
					<Vertex X="112955" Y="77665" Z="0"/>
					<Vertex X="113277" Y="77536" Z="0"/>
					<Vertex X="113342" Y="77472" Z="0"/>
					<Vertex X="113535" Y="77407" Z="0"/>
					<Vertex X="113664" Y="77150" Z="0"/>
					<Vertex X="113857" Y="76956" Z="0"/>
					<Vertex X="113857" Y="76892" Z="0"/>
					<Vertex X="114050" Y="76570" Z="0"/>
					<Vertex X="114050" Y="76506" Z="0"/>
					<Vertex X="114114" Y="76312" Z="0"/>
					<Vertex X="114114" Y="76119" Z="0"/>
					<Vertex X="114243" Y="75990" Z="0"/>
					<Vertex X="114243" Y="75733" Z="0"/>
					<Vertex X="114243" Y="75540" Z="0"/>
					<Vertex X="114243" Y="75346" Z="0"/>
					<Vertex X="114243" Y="75153" Z="0"/>
					<Vertex X="114114" Y="74960" Z="0"/>
					<Vertex X="114050" Y="74767" Z="0"/>
					<Vertex X="113921" Y="74574" Z="0"/>
					<Vertex X="113857" Y="74252" Z="0"/>
					<Vertex X="113664" Y="74058" Z="0"/>
					<Vertex X="113470" Y="73801" Z="0"/>
					<Vertex X="113342" Y="73672" Z="0"/>
					<Vertex X="113148" Y="73608" Z="0"/>
					<Vertex X="112891" Y="73414" Z="0"/>
					<Vertex X="112698" Y="73092" Z="0"/>
					<Vertex X="111538" Y="72062" Z="0"/>
					<Vertex X="111216" Y="71869" Z="0"/>
					<Vertex X="110766" Y="71289" Z="0"/>
					<Vertex X="110444" Y="70967" Z="0"/>
					<Vertex X="110250" Y="70838" Z="0"/>
					<Vertex X="109864" Y="70323" Z="0"/>
					<Vertex X="109606" Y="70130" Z="0"/>
					<Vertex X="109284" Y="69872" Z="0"/>
					<Vertex X="108898" Y="69551" Z="0"/>
					<Vertex X="108640" Y="69164" Z="0"/>
					<Vertex X="108447" Y="68971" Z="0"/>
					<Vertex X="108125" Y="68585" Z="0"/>
					<Vertex X="108061" Y="68391" Z="0"/>
					<Vertex X="107868" Y="68005" Z="0"/>
					<Vertex X="107739" Y="67747" Z="0"/>
					<Vertex X="107674" Y="67490" Z="0"/>
					<Vertex X="107546" Y="67103" Z="0"/>
					<Vertex X="107546" Y="66910" Z="0"/>
					<Vertex X="107481" Y="66653" Z="0"/>
					<Vertex X="107481" Y="66137" Z="0"/>
					<Vertex X="107353" Y="65880" Z="0"/>
					<Vertex X="107353" Y="65558" Z="0"/>
					<Vertex X="107288" Y="65171" Z="0"/>
					<Vertex X="107288" Y="64914" Z="0"/>
					<Vertex X="107288" Y="64592" Z="0"/>
					<Vertex X="107159" Y="64205" Z="0"/>
					<Vertex X="107159" Y="63948" Z="0"/>
					<Vertex X="107095" Y="63561" Z="0"/>
					<Vertex X="107095" Y="63239" Z="0"/>
					<Vertex X="106966" Y="62982" Z="0"/>
					<Vertex X="106966" Y="62660" Z="0"/>
					<Vertex X="106902" Y="62209" Z="0"/>
					<Vertex X="106902" Y="61951" Z="0"/>
					<Vertex X="106709" Y="61436" Z="0"/>
					<Vertex X="106709" Y="61179" Z="0"/>
					<Vertex X="106580" Y="60535" Z="0"/>
					<Vertex X="106515" Y="60084" Z="0"/>
					<Vertex X="106387" Y="59698" Z="0"/>
					<Vertex X="106322" Y="59182" Z="0"/>
					<Vertex X="106193" Y="58732" Z="0"/>
					<Vertex X="106193" Y="58345" Z="0"/>
					<Vertex X="106129" Y="58023" Z="0"/>
					<Vertex X="106129" Y="57572" Z="0"/>
					<Vertex X="106000" Y="57250" Z="0"/>
					<Vertex X="106000" Y="56993" Z="0"/>
					<Vertex X="105936" Y="56478" Z="0"/>
					<Vertex X="105936" Y="56284" Z="0"/>
					<Vertex X="105936" Y="56027" Z="0"/>
					<Vertex X="105807" Y="55512" Z="0"/>
					<Vertex X="105807" Y="55318" Z="0"/>
					<Vertex X="105807" Y="54996" Z="0"/>
					<Vertex X="105807" Y="54674" Z="0"/>
					<Vertex X="105807" Y="54352" Z="0"/>
					<Vertex X="105807" Y="54095" Z="0"/>
					<Vertex X="105743" Y="53902" Z="0"/>
					<Vertex X="105743" Y="53580" Z="0"/>
					<Vertex X="105614" Y="53322" Z="0"/>
					<Vertex X="105421" Y="52871" Z="0"/>
					<Vertex X="105356" Y="52420" Z="0"/>
					<Vertex X="105163" Y="51970" Z="0"/>
					<Vertex X="105034" Y="51583" Z="0"/>
					<Vertex X="104841" Y="51197" Z="0"/>
					<Vertex X="104648" Y="50811" Z="0"/>
					<Vertex X="104390" Y="50231" Z="0"/>
					<Vertex X="104197" Y="49716" Z="0"/>
					<Vertex X="104068" Y="49458" Z="0"/>
					<Vertex X="103875" Y="49007" Z="0"/>
					<Vertex X="103811" Y="48685" Z="0"/>
					<Vertex X="103682" Y="48363" Z="0"/>
					<Vertex X="103489" Y="47977" Z="0"/>
					<Vertex X="103295" Y="47719" Z="0"/>
					<Vertex X="103231" Y="47462" Z="0"/>
					<Vertex X="103038" Y="46947" Z="0"/>
					<Vertex X="102909" Y="46625" Z="0"/>
					<Vertex X="102845" Y="46496" Z="0"/>
					<Vertex X="102716" Y="46174" Z="0"/>
					<Vertex X="102523" Y="45787" Z="0"/>
					<Vertex X="102458" Y="45530" Z="0"/>
					<Vertex X="102265" Y="45337" Z="0"/>
					<Vertex X="102136" Y="44821" Z="0"/>
					<Vertex X="101943" Y="44628" Z="0"/>
					<Vertex X="101879" Y="44371" Z="0"/>
					<Vertex X="101685" Y="43920" Z="0"/>
					<Vertex X="101557" Y="43662" Z="0"/>
					<Vertex X="101492" Y="43276" Z="0"/>
					<Vertex X="101299" Y="42889" Z="0"/>
					<Vertex X="101170" Y="42632" Z="0"/>
					<Vertex X="101106" Y="42374" Z="0"/>
					<Vertex X="100913" Y="41923" Z="0"/>
					<Vertex X="100784" Y="41730" Z="0"/>
					<Vertex X="100719" Y="41473" Z="0"/>
					<Vertex X="100591" Y="40958" Z="0"/>
					<Vertex X="100526" Y="40764" Z="0"/>
					<Vertex X="100526" Y="40378" Z="0"/>
					<Vertex X="100333" Y="40056" Z="0"/>
					<Vertex X="100333" Y="39927" Z="0"/>
					<Vertex X="100204" Y="39734" Z="0"/>
					<Vertex X="100140" Y="39412" Z="0"/>
					<Vertex X="100140" Y="39090" Z="0"/>
					<Vertex X="100011" Y="38832" Z="0"/>
					<Vertex X="100011" Y="38639" Z="0"/>
					<Vertex X="100011" Y="38446" Z="0"/>
					<Vertex X="100011" Y="38253" Z="0"/>
					<Vertex X="99947" Y="38060" Z="0"/>
					<Vertex X="100011" Y="37673" Z="0"/>
					<Vertex X="100011" Y="37480" Z="0"/>
					<Vertex X="100011" Y="37158" Z="0"/>
					<Vertex X="100011" Y="36900" Z="0"/>
					<Vertex X="100011" Y="36578" Z="0"/>
					<Vertex X="100140" Y="36321" Z="0"/>
					<Vertex X="100140" Y="35934" Z="0"/>
					<Vertex X="100011" Y="35677" Z="0"/>
					<Vertex X="100011" Y="35290" Z="0"/>
					<Vertex X="100011" Y="34775" Z="0"/>
					<Vertex X="100011" Y="34389" Z="0"/>
					<Vertex X="100011" Y="33938" Z="0"/>
					<Vertex X="100011" Y="33552" Z="0"/>
					<Vertex X="100011" Y="33230" Z="0"/>
					<Vertex X="100011" Y="32650" Z="0"/>
					<Vertex X="100011" Y="32393" Z="0"/>
					<Vertex X="100011" Y="32071" Z="0"/>
					<Vertex X="100011" Y="31620" Z="0"/>
					<Vertex X="100011" Y="31298" Z="0"/>
					<Vertex X="100140" Y="30847" Z="0"/>
					<Vertex X="100140" Y="30525" Z="0"/>
					<Vertex X="100204" Y="30139" Z="0"/>
					<Vertex X="100333" Y="29881" Z="0"/>
					<Vertex X="100333" Y="29623" Z="0"/>
					<Vertex X="100333" Y="29237" Z="0"/>
					<Vertex X="100397" Y="28979" Z="0"/>
					<Vertex X="100526" Y="28786" Z="0"/>
					<Vertex X="100526" Y="28400" Z="0"/>
					<Vertex X="100591" Y="28142" Z="0"/>
					<Vertex X="100719" Y="27756" Z="0"/>
					<Vertex X="100784" Y="27563" Z="0"/>
					<Vertex X="100977" Y="27176" Z="0"/>
					<Vertex X="100977" Y="26854" Z="0"/>
					<Vertex X="101106" Y="26468" Z="0"/>
					<Vertex X="101170" Y="26146" Z="0"/>
					<Vertex X="101299" Y="25888" Z="0"/>
					<Vertex X="101363" Y="25437" Z="0"/>
					<Vertex X="101363" Y="25051" Z="0"/>
					<Vertex X="101492" Y="24665" Z="0"/>
					<Vertex X="101492" Y="24149" Z="0"/>
					<Vertex X="101557" Y="23763" Z="0"/>
					<Vertex X="101685" Y="23441" Z="0"/>
					<Vertex X="101685" Y="22926" Z="0"/>
					<Vertex X="101685" Y="22604" Z="0"/>
					<Vertex X="101685" Y="22282" Z="0"/>
					<Vertex X="101557" Y="21831" Z="0"/>
					<Vertex X="101557" Y="21638" Z="0"/>
					<Vertex X="101557" Y="21123" Z="0"/>
					<Vertex X="101557" Y="20865" Z="0"/>
					<Vertex X="101492" Y="20479" Z="0"/>
					<Vertex X="101492" Y="20221" Z="0"/>
					<Vertex X="101363" Y="19899" Z="0"/>
					<Vertex X="101363" Y="19642" Z="0"/>
					<Vertex X="101363" Y="19191" Z="0"/>
					<Vertex X="101363" Y="18933" Z="0"/>
					<Vertex X="101363" Y="18611" Z="0"/>
					<Vertex X="101492" Y="18354" Z="0"/>
					<Vertex X="101492" Y="18160" Z="0"/>
					<Vertex X="101492" Y="17774" Z="0"/>
					<Vertex X="101492" Y="17581" Z="0"/>
					<Vertex X="101492" Y="17194" Z="0"/>
					<Vertex X="101492" Y="17001" Z="0"/>
					<Vertex X="101492" Y="16615" Z="0"/>
					<Vertex X="101492" Y="16293" Z="0"/>
					<Vertex X="101557" Y="16035" Z="0"/>
					<Vertex X="101557" Y="15520" Z="0"/>
					<Vertex X="101685" Y="15262" Z="0"/>
					<Vertex X="101750" Y="14747" Z="0"/>
					<Vertex X="101879" Y="14361" Z="0"/>
					<Vertex X="101943" Y="13910" Z="0"/>
					<Vertex X="102072" Y="13524" Z="0"/>
					<Vertex X="102136" Y="13009" Z="0"/>
					<Vertex X="102136" Y="12751" Z="0"/>
					<Vertex X="102136" Y="12236" Z="0"/>
					<Vertex X="102265" Y="11849" Z="0"/>
					<Vertex X="102329" Y="11399" Z="0"/>
					<Vertex X="102329" Y="11012" Z="0"/>
					<Vertex X="102329" Y="10690" Z="0"/>
					<Vertex X="102329" Y="10304" Z="0"/>
					<Vertex X="102329" Y="10046" Z="0"/>
					<Vertex X="102329" Y="9724" Z="0"/>
					<Vertex X="102329" Y="9338" Z="0"/>
					<Vertex X="102458" Y="9145" Z="0"/>
					<Vertex X="102458" Y="8951" Z="0"/>
					<Vertex X="102458" Y="8758" Z="0"/>
					<Vertex X="102523" Y="8501" Z="0"/>
					<Vertex X="102651" Y="8372" Z="0"/>
					<Vertex X="102716" Y="8179" Z="0"/>
					<Vertex X="102716" Y="8114" Z="0"/>
					<Vertex X="102845" Y="7985" Z="0"/>
					<Vertex X="102909" Y="7792" Z="0"/>
					<Vertex X="103038" Y="7599" Z="0"/>
					<Vertex X="103102" Y="7535" Z="0"/>
					<Vertex X="103102" Y="7406" Z="0"/>
					<Vertex X="103102" Y="7213" Z="0"/>
					<Vertex X="103231" Y="7148" Z="0"/>
					<Vertex X="103231" Y="6955" Z="0"/>
					<Vertex X="103231" Y="6826" Z="0"/>
					<Vertex X="103295" Y="6762" Z="0"/>
					<Vertex X="103295" Y="6633" Z="0"/>
					<Vertex X="103295" Y="6440" Z="0"/>
					<Vertex X="103424" Y="6247" Z="0"/>
					<Vertex X="103424" Y="6182" Z="0"/>
					<Vertex X="103424" Y="6053" Z="0"/>
					<Vertex X="103424" Y="5989" Z="0"/>
					<Vertex X="103424" Y="5796" Z="0"/>
					<Vertex X="103424" Y="5667" Z="0"/>
					<Vertex X="103424" Y="5474" Z="0"/>
					<Vertex X="103424" Y="5409" Z="0"/>
					<Vertex X="103424" Y="5281" Z="0"/>
					<Vertex X="103424" Y="5216" Z="0"/>
					<Vertex X="103424" Y="5216" Z="0"/>
					<Vertex X="103424" Y="5087" Z="0"/>
					<Vertex X="103489" Y="5216" Z="0"/>
				</Vertices>
			</Region>
		</Regions>
		<Plots/>
	</Annotation>
</Annotations>
