<Annotations MicronsPerPixel="0.252200">
	<Annotation Id="1" Name="" ReadOnly="0" NameReadOnly="0" LineColorReadOnly="0" Incremental="0" Type="4" LineColor="16776960" Visible="1" Selected="1" MarkupImagePath="" MacroName="">
		<Attributes/>
		<Regions>
			<RegionAttributeHeaders>
				<AttributeHeader Id="9999" Name="Region" ColumnWidth="-1"/>
				<AttributeHeader Id="9997" Name="Length" ColumnWidth="-1"/>
				<AttributeHeader Id="9996" Name="Area" ColumnWidth="-1"/>
				<AttributeHeader Id="9998" Name="Text" ColumnWidth="-1"/>
			</RegionAttributeHeaders>
			<Region Id="1" Type="0" Zoom="0.015418" Selected="1" ImageLocation="" ImageFocus="-1" Length="131212.2" Area="669308199.5" LengthMicrons="33091.7" AreaMicrons="42571240.9" Text="" NegativeROA="0" InputRegionId="0" Analyze="1" DisplayId="1">
				<Attributes/>
				<Vertices>
					<Vertex X="29126" Y="69632" Z="0"/>
					<Vertex X="24304" Y="67896" Z="0"/>
					<Vertex X="23918" Y="67188" Z="0"/>
					<Vertex X="23854" Y="66996" Z="0"/>
					<Vertex X="23725" Y="66803" Z="0"/>
					<Vertex X="23661" Y="66738" Z="0"/>
					<Vertex X="23468" Y="66546" Z="0"/>
					<Vertex X="23339" Y="66353" Z="0"/>
					<Vertex X="23082" Y="66160" Z="0"/>
					<Vertex X="22953" Y="66160" Z="0"/>
					<Vertex X="22696" Y="65967" Z="0"/>
					<Vertex X="22503" Y="65838" Z="0"/>
					<Vertex X="22375" Y="65774" Z="0"/>
					<Vertex X="22182" Y="65645" Z="0"/>
					<Vertex X="21989" Y="65452" Z="0"/>
					<Vertex X="21796" Y="65388" Z="0"/>
					<Vertex X="21603" Y="65324" Z="0"/>
					<Vertex X="21410" Y="65195" Z="0"/>
					<Vertex X="21217" Y="65195" Z="0"/>
					<Vertex X="21025" Y="65067" Z="0"/>
					<Vertex X="20767" Y="65002" Z="0"/>
					<Vertex X="20639" Y="65002" Z="0"/>
					<Vertex X="20382" Y="64874" Z="0"/>
					<Vertex X="20253" Y="64874" Z="0"/>
					<Vertex X="20060" Y="64874" Z="0"/>
					<Vertex X="19867" Y="64874" Z="0"/>
					<Vertex X="19674" Y="64874" Z="0"/>
					<Vertex X="19482" Y="64874" Z="0"/>
					<Vertex X="19289" Y="64874" Z="0"/>
					<Vertex X="19224" Y="65002" Z="0"/>
					<Vertex X="19031" Y="65002" Z="0"/>
					<Vertex X="18839" Y="65067" Z="0"/>
					<Vertex X="18646" Y="65195" Z="0"/>
					<Vertex X="18324" Y="65388" Z="0"/>
					<Vertex X="18131" Y="65581" Z="0"/>
					<Vertex X="18067" Y="65774" Z="0"/>
					<Vertex X="17874" Y="66031" Z="0"/>
					<Vertex X="17746" Y="66224" Z="0"/>
					<Vertex X="17681" Y="66417" Z="0"/>
					<Vertex X="17488" Y="66738" Z="0"/>
					<Vertex X="17488" Y="66996" Z="0"/>
					<Vertex X="17360" Y="67381" Z="0"/>
					<Vertex X="17295" Y="67703" Z="0"/>
					<Vertex X="17295" Y="67960" Z="0"/>
					<Vertex X="17167" Y="68281" Z="0"/>
					<Vertex X="17167" Y="68539" Z="0"/>
					<Vertex X="17167" Y="68924" Z="0"/>
					<Vertex X="17167" Y="69246" Z="0"/>
					<Vertex X="17103" Y="69503" Z="0"/>
					<Vertex X="17103" Y="69696" Z="0"/>
					<Vertex X="16974" Y="70017" Z="0"/>
					<Vertex X="16974" Y="70275" Z="0"/>
					<Vertex X="16781" Y="70596" Z="0"/>
					<Vertex X="16781" Y="70853" Z="0"/>
					<Vertex X="16588" Y="71110" Z="0"/>
					<Vertex X="16395" Y="71368" Z="0"/>
					<Vertex X="16202" Y="71625" Z="0"/>
					<Vertex X="16010" Y="71946" Z="0"/>
					<Vertex X="15817" Y="72139" Z="0"/>
					<Vertex X="15752" Y="72396" Z="0"/>
					<Vertex X="15559" Y="72718" Z="0"/>
					<Vertex X="15367" Y="72975" Z="0"/>
					<Vertex X="15238" Y="73168" Z="0"/>
					<Vertex X="15174" Y="73361" Z="0"/>
					<Vertex X="15045" Y="73682" Z="0"/>
					<Vertex X="14981" Y="73939" Z="0"/>
					<Vertex X="14981" Y="74261" Z="0"/>
					<Vertex X="14852" Y="74518" Z="0"/>
					<Vertex X="14852" Y="74840" Z="0"/>
					<Vertex X="14852" Y="75033" Z="0"/>
					<Vertex X="14852" Y="75483" Z="0"/>
					<Vertex X="14981" Y="75868" Z="0"/>
					<Vertex X="14981" Y="76190" Z="0"/>
					<Vertex X="15045" Y="76576" Z="0"/>
					<Vertex X="15174" Y="76833" Z="0"/>
					<Vertex X="15174" Y="77219" Z="0"/>
					<Vertex X="15238" Y="77604" Z="0"/>
					<Vertex X="15367" Y="78054" Z="0"/>
					<Vertex X="15431" Y="78569" Z="0"/>
					<Vertex X="15624" Y="78955" Z="0"/>
					<Vertex X="15624" Y="79469" Z="0"/>
					<Vertex X="15752" Y="79855" Z="0"/>
					<Vertex X="15945" Y="80240" Z="0"/>
					<Vertex X="16010" Y="80626" Z="0"/>
					<Vertex X="16138" Y="81012" Z="0"/>
					<Vertex X="16331" Y="81269" Z="0"/>
					<Vertex X="16395" Y="81655" Z="0"/>
					<Vertex X="16588" Y="82041" Z="0"/>
					<Vertex X="16781" Y="82619" Z="0"/>
					<Vertex X="16974" Y="83069" Z="0"/>
					<Vertex X="17167" Y="83455" Z="0"/>
					<Vertex X="17295" Y="83841" Z="0"/>
					<Vertex X="17488" Y="84098" Z="0"/>
					<Vertex X="17553" Y="84484" Z="0"/>
					<Vertex X="17810" Y="84805" Z="0"/>
					<Vertex X="17938" Y="85063" Z="0"/>
					<Vertex X="18131" Y="85448" Z="0"/>
					<Vertex X="18260" Y="85770" Z="0"/>
					<Vertex X="18453" Y="86027" Z="0"/>
					<Vertex X="18646" Y="86349" Z="0"/>
					<Vertex X="18839" Y="86477" Z="0"/>
					<Vertex X="19031" Y="86799" Z="0"/>
					<Vertex X="19224" Y="87056" Z="0"/>
					<Vertex X="19546" Y="87442" Z="0"/>
					<Vertex X="19803" Y="87763" Z="0"/>
					<Vertex X="19996" Y="87956" Z="0"/>
					<Vertex X="20189" Y="88149" Z="0"/>
					<Vertex X="20382" Y="88406" Z="0"/>
					<Vertex X="20446" Y="88663" Z="0"/>
					<Vertex X="20639" Y="88920" Z="0"/>
					<Vertex X="20832" Y="89178" Z="0"/>
					<Vertex X="20960" Y="89370" Z="0"/>
					<Vertex X="21025" Y="89628" Z="0"/>
					<Vertex X="21153" Y="89756" Z="0"/>
					<Vertex X="21282" Y="89885" Z="0"/>
					<Vertex X="21282" Y="90078" Z="0"/>
					<Vertex X="21346" Y="90271" Z="0"/>
					<Vertex X="21410" Y="90463" Z="0"/>
					<Vertex X="21539" Y="90592" Z="0"/>
					<Vertex X="21539" Y="90656" Z="0"/>
					<Vertex X="21603" Y="90656" Z="0"/>
					<Vertex X="21732" Y="90721" Z="0"/>
					<Vertex X="21925" Y="90849" Z="0"/>
					<Vertex X="21989" Y="90849" Z="0"/>
					<Vertex X="22118" Y="90849" Z="0"/>
					<Vertex X="22375" Y="90914" Z="0"/>
					<Vertex X="22503" Y="90914" Z="0"/>
					<Vertex X="22696" Y="90914" Z="0"/>
					<Vertex X="22889" Y="90849" Z="0"/>
					<Vertex X="23082" Y="90849" Z="0"/>
					<Vertex X="23275" Y="90721" Z="0"/>
					<Vertex X="23661" Y="90656" Z="0"/>
					<Vertex X="23918" Y="90592" Z="0"/>
					<Vertex X="24111" Y="90592" Z="0"/>
					<Vertex X="24304" Y="90463" Z="0"/>
					<Vertex X="24497" Y="90335" Z="0"/>
					<Vertex X="24818" Y="90271" Z="0"/>
					<Vertex X="25011" Y="90142" Z="0"/>
					<Vertex X="25268" Y="90078" Z="0"/>
					<Vertex X="25590" Y="89949" Z="0"/>
					<Vertex X="25847" Y="89885" Z="0"/>
					<Vertex X="26168" Y="89756" Z="0"/>
					<Vertex X="26554" Y="89692" Z="0"/>
					<Vertex X="26811" Y="89628" Z="0"/>
					<Vertex X="27133" Y="89499" Z="0"/>
					<Vertex X="27518" Y="89370" Z="0"/>
					<Vertex X="27904" Y="89178" Z="0"/>
					<Vertex X="28290" Y="89113" Z="0"/>
					<Vertex X="28547" Y="88985" Z="0"/>
					<Vertex X="28997" Y="88856" Z="0"/>
					<Vertex X="29319" Y="88727" Z="0"/>
					<Vertex X="29962" Y="88406" Z="0"/>
					<Vertex X="30283" Y="88213" Z="0"/>
					<Vertex X="30733" Y="88149" Z="0"/>
					<Vertex X="30990" Y="87956" Z="0"/>
					<Vertex X="31376" Y="87892" Z="0"/>
					<Vertex X="31762" Y="87763" Z="0"/>
					<Vertex X="32212" Y="87570" Z="0"/>
					<Vertex X="32598" Y="87442" Z="0"/>
					<Vertex X="32984" Y="87313" Z="0"/>
					<Vertex X="33434" Y="87184" Z="0"/>
					<Vertex X="33691" Y="87056" Z="0"/>
					<Vertex X="34077" Y="86991" Z="0"/>
					<Vertex X="34334" Y="86799" Z="0"/>
					<Vertex X="34720" Y="86734" Z="0"/>
					<Vertex X="35170" Y="86477" Z="0"/>
					<Vertex X="35298" Y="86477" Z="0"/>
					<Vertex X="35813" Y="86349" Z="0"/>
					<Vertex X="36070" Y="86091" Z="0"/>
					<Vertex X="36391" Y="86027" Z="0"/>
					<Vertex X="36648" Y="85963" Z="0"/>
					<Vertex X="36906" Y="85770" Z="0"/>
					<Vertex X="37163" Y="85641" Z="0"/>
					<Vertex X="37356" Y="85448" Z="0"/>
					<Vertex X="37613" Y="85256" Z="0"/>
					<Vertex X="37934" Y="84934" Z="0"/>
					<Vertex X="38192" Y="84805" Z="0"/>
					<Vertex X="38384" Y="84677" Z="0"/>
					<Vertex X="38513" Y="84484" Z="0"/>
					<Vertex X="38706" Y="84291" Z="0"/>
					<Vertex X="39092" Y="84034" Z="0"/>
					<Vertex X="39285" Y="83841" Z="0"/>
					<Vertex X="39477" Y="83584" Z="0"/>
					<Vertex X="39735" Y="83520" Z="0"/>
					<Vertex X="40120" Y="83327" Z="0"/>
					<Vertex X="40378" Y="83327" Z="0"/>
					<Vertex X="40635" Y="83198" Z="0"/>
					<Vertex X="41021" Y="83134" Z="0"/>
					<Vertex X="41342" Y="83069" Z="0"/>
					<Vertex X="41599" Y="83069" Z="0"/>
					<Vertex X="41985" Y="82941" Z="0"/>
					<Vertex X="42435" Y="82941" Z="0"/>
					<Vertex X="42821" Y="82941" Z="0"/>
					<Vertex X="43207" Y="82941" Z="0"/>
					<Vertex X="43592" Y="82877" Z="0"/>
					<Vertex X="44107" Y="82877" Z="0"/>
					<Vertex X="44492" Y="82877" Z="0"/>
					<Vertex X="45071" Y="82748" Z="0"/>
					<Vertex X="45457" Y="82619" Z="0"/>
					<Vertex X="45843" Y="82619" Z="0"/>
					<Vertex X="46228" Y="82491" Z="0"/>
					<Vertex X="46614" Y="82362" Z="0"/>
					<Vertex X="47000" Y="82234" Z="0"/>
					<Vertex X="47321" Y="82169" Z="0"/>
					<Vertex X="47514" Y="82041" Z="0"/>
					<Vertex X="47707" Y="82041" Z="0"/>
					<Vertex X="47964" Y="82041" Z="0"/>
					<Vertex X="48286" Y="82041" Z="0"/>
					<Vertex X="48479" Y="82041" Z="0"/>
					<Vertex X="48672" Y="82169" Z="0"/>
					<Vertex X="48800" Y="82234" Z="0"/>
					<Vertex X="49122" Y="82362" Z="0"/>
					<Vertex X="49315" Y="82491" Z="0"/>
					<Vertex X="49508" Y="82619" Z="0"/>
					<Vertex X="49765" Y="82748" Z="0"/>
					<Vertex X="50086" Y="82877" Z="0"/>
					<Vertex X="50408" Y="83134" Z="0"/>
					<Vertex X="50536" Y="83327" Z="0"/>
					<Vertex X="50729" Y="83520" Z="0"/>
					<Vertex X="50986" Y="83841" Z="0"/>
					<Vertex X="51179" Y="84034" Z="0"/>
					<Vertex X="51372" Y="84162" Z="0"/>
					<Vertex X="51758" Y="84548" Z="0"/>
					<Vertex X="52015" Y="84805" Z="0"/>
					<Vertex X="52208" Y="84934" Z="0"/>
					<Vertex X="52465" Y="85127" Z="0"/>
					<Vertex X="52722" Y="85256" Z="0"/>
					<Vertex X="52915" Y="85448" Z="0"/>
					<Vertex X="53108" Y="85641" Z="0"/>
					<Vertex X="53365" Y="85834" Z="0"/>
					<Vertex X="53558" Y="85963" Z="0"/>
					<Vertex X="53751" Y="86091" Z="0"/>
					<Vertex X="53944" Y="86220" Z="0"/>
					<Vertex X="54008" Y="86349" Z="0"/>
					<Vertex X="54201" Y="86349" Z="0"/>
					<Vertex X="54330" Y="86413" Z="0"/>
					<Vertex X="54523" Y="86413" Z="0"/>
					<Vertex X="54715" Y="86477" Z="0"/>
					<Vertex X="54844" Y="86477" Z="0"/>
					<Vertex X="54908" Y="86606" Z="0"/>
					<Vertex X="55037" Y="86606" Z="0"/>
					<Vertex X="55230" Y="86477" Z="0"/>
					<Vertex X="55294" Y="86477" Z="0"/>
					<Vertex X="55423" Y="86477" Z="0"/>
					<Vertex X="55551" Y="86413" Z="0"/>
					<Vertex X="55680" Y="86349" Z="0"/>
					<Vertex X="55744" Y="86220" Z="0"/>
					<Vertex X="55937" Y="86091" Z="0"/>
					<Vertex X="56066" Y="86027" Z="0"/>
					<Vertex X="56259" Y="85834" Z="0"/>
					<Vertex X="56387" Y="85770" Z="0"/>
					<Vertex X="56451" Y="85513" Z="0"/>
					<Vertex X="56580" Y="85320" Z="0"/>
					<Vertex X="56644" Y="85127" Z="0"/>
					<Vertex X="56644" Y="84934" Z="0"/>
					<Vertex X="56773" Y="84805" Z="0"/>
					<Vertex X="56837" Y="84484" Z="0"/>
					<Vertex X="56966" Y="84034" Z="0"/>
					<Vertex X="57030" Y="83584" Z="0"/>
					<Vertex X="57159" Y="83327" Z="0"/>
					<Vertex X="57159" Y="83069" Z="0"/>
					<Vertex X="57223" Y="82748" Z="0"/>
					<Vertex X="57287" Y="82362" Z="0"/>
					<Vertex X="57609" Y="81976" Z="0"/>
					<Vertex X="57673" Y="81655" Z="0"/>
					<Vertex X="57930" Y="81398" Z="0"/>
					<Vertex X="58123" Y="81141" Z="0"/>
					<Vertex X="58316" Y="80948" Z="0"/>
					<Vertex X="58509" Y="80691" Z="0"/>
					<Vertex X="58702" Y="80305" Z="0"/>
					<Vertex X="58766" Y="80048" Z="0"/>
					<Vertex X="58895" Y="79855" Z="0"/>
					<Vertex X="58959" Y="79597" Z="0"/>
					<Vertex X="59023" Y="79340" Z="0"/>
					<Vertex X="59152" Y="79083" Z="0"/>
					<Vertex X="59152" Y="78762" Z="0"/>
					<Vertex X="59152" Y="78569" Z="0"/>
					<Vertex X="59152" Y="78376" Z="0"/>
					<Vertex X="59152" Y="78247" Z="0"/>
					<Vertex X="59152" Y="77926" Z="0"/>
					<Vertex X="59152" Y="77733" Z="0"/>
					<Vertex X="59023" Y="77347" Z="0"/>
					<Vertex X="59023" Y="77154" Z="0"/>
					<Vertex X="59023" Y="76961" Z="0"/>
					<Vertex X="58959" Y="76768" Z="0"/>
					<Vertex X="58895" Y="76447" Z="0"/>
					<Vertex X="58895" Y="76254" Z="0"/>
					<Vertex X="58766" Y="76061" Z="0"/>
					<Vertex X="58702" Y="75804" Z="0"/>
					<Vertex X="58573" Y="75611" Z="0"/>
					<Vertex X="58509" Y="75418" Z="0"/>
					<Vertex X="58380" Y="75290" Z="0"/>
					<Vertex X="58380" Y="75097" Z="0"/>
					<Vertex X="58187" Y="75033" Z="0"/>
					<Vertex X="58123" Y="74775" Z="0"/>
					<Vertex X="57995" Y="74647" Z="0"/>
					<Vertex X="57930" Y="74454" Z="0"/>
					<Vertex X="57802" Y="74325" Z="0"/>
					<Vertex X="57673" Y="74132" Z="0"/>
					<Vertex X="57609" Y="73939" Z="0"/>
					<Vertex X="57416" Y="73811" Z="0"/>
					<Vertex X="57223" Y="73554" Z="0"/>
					<Vertex X="57159" Y="73489" Z="0"/>
					<Vertex X="56966" Y="73297" Z="0"/>
					<Vertex X="56773" Y="73104" Z="0"/>
					<Vertex X="56644" Y="73039" Z="0"/>
					<Vertex X="56387" Y="72846" Z="0"/>
					<Vertex X="56194" Y="72718" Z="0"/>
					<Vertex X="55937" Y="72589" Z="0"/>
					<Vertex X="55873" Y="72525" Z="0"/>
					<Vertex X="55680" Y="72332" Z="0"/>
					<Vertex X="55487" Y="72204" Z="0"/>
					<Vertex X="55294" Y="72139" Z="0"/>
					<Vertex X="55101" Y="72011" Z="0"/>
					<Vertex X="55037" Y="71882" Z="0"/>
					<Vertex X="54844" Y="71882" Z="0"/>
					<Vertex X="54651" Y="71625" Z="0"/>
					<Vertex X="54330" Y="71561" Z="0"/>
					<Vertex X="54137" Y="71561" Z="0"/>
					<Vertex X="53944" Y="71432" Z="0"/>
					<Vertex X="53687" Y="71432" Z="0"/>
					<Vertex X="53365" Y="71368" Z="0"/>
					<Vertex X="53172" Y="71368" Z="0"/>
					<Vertex X="52915" Y="71368" Z="0"/>
					<Vertex X="52722" Y="71239" Z="0"/>
					<Vertex X="52401" Y="71239" Z="0"/>
					<Vertex X="52015" Y="71239" Z="0"/>
					<Vertex X="51822" Y="71239" Z="0"/>
					<Vertex X="51629" Y="71239" Z="0"/>
					<Vertex X="51372" Y="71239" Z="0"/>
					<Vertex X="51179" Y="71239" Z="0"/>
					<Vertex X="50986" Y="71239" Z="0"/>
					<Vertex X="50665" Y="71175" Z="0"/>
					<Vertex X="50408" Y="71175" Z="0"/>
					<Vertex X="50215" Y="71046" Z="0"/>
					<Vertex X="49893" Y="71046" Z="0"/>
					<Vertex X="49508" Y="70982" Z="0"/>
					<Vertex X="49250" Y="70918" Z="0"/>
					<Vertex X="48993" Y="70789" Z="0"/>
					<Vertex X="48543" Y="70660" Z="0"/>
					<Vertex X="48286" Y="70596" Z="0"/>
					<Vertex X="47964" Y="70468" Z="0"/>
					<Vertex X="47514" Y="70403" Z="0"/>
					<Vertex X="47193" Y="70275" Z="0"/>
					<Vertex X="46936" Y="70210" Z="0"/>
					<Vertex X="46614" Y="70017" Z="0"/>
					<Vertex X="46293" Y="70017" Z="0"/>
					<Vertex X="46036" Y="69953" Z="0"/>
					<Vertex X="45457" Y="69825" Z="0"/>
					<Vertex X="45200" Y="69825" Z="0"/>
					<Vertex X="44814" Y="69696" Z="0"/>
					<Vertex X="44492" Y="69696" Z="0"/>
					<Vertex X="43978" Y="69696" Z="0"/>
					<Vertex X="43721" Y="69696" Z="0"/>
					<Vertex X="43399" Y="69696" Z="0"/>
					<Vertex X="43142" Y="69696" Z="0"/>
					<Vertex X="42949" Y="69696" Z="0"/>
					<Vertex X="42756" Y="69696" Z="0"/>
					<Vertex X="42371" Y="69825" Z="0"/>
					<Vertex X="42178" Y="69825" Z="0"/>
					<Vertex X="41985" Y="69953" Z="0"/>
					<Vertex X="41663" Y="69953" Z="0"/>
					<Vertex X="41342" Y="70017" Z="0"/>
					<Vertex X="41021" Y="70082" Z="0"/>
					<Vertex X="40828" Y="70210" Z="0"/>
					<Vertex X="40442" Y="70275" Z="0"/>
					<Vertex X="40120" Y="70403" Z="0"/>
					<Vertex X="39863" Y="70403" Z="0"/>
					<Vertex X="39606" Y="70468" Z="0"/>
					<Vertex X="39285" Y="70596" Z="0"/>
					<Vertex X="38899" Y="70660" Z="0"/>
					<Vertex X="38642" Y="70789" Z="0"/>
					<Vertex X="38384" Y="70918" Z="0"/>
					<Vertex X="38127" Y="70918" Z="0"/>
					<Vertex X="37741" Y="71046" Z="0"/>
					<Vertex X="37420" Y="71175" Z="0"/>
					<Vertex X="37163" Y="71239" Z="0"/>
					<Vertex X="36970" Y="71368" Z="0"/>
					<Vertex X="36648" Y="71561" Z="0"/>
					<Vertex X="36456" Y="71625" Z="0"/>
					<Vertex X="36198" Y="71753" Z="0"/>
					<Vertex X="36005" Y="71882" Z="0"/>
					<Vertex X="35813" Y="71946" Z="0"/>
					<Vertex X="35491" Y="72011" Z="0"/>
					<Vertex X="35298" Y="72139" Z="0"/>
					<Vertex X="35234" Y="72139" Z="0"/>
					<Vertex X="35041" Y="72139" Z="0"/>
					<Vertex X="34720" Y="72139" Z="0"/>
					<Vertex X="34655" Y="72139" Z="0"/>
					<Vertex X="34462" Y="72139" Z="0"/>
					<Vertex X="34269" Y="72139" Z="0"/>
					<Vertex X="33948" Y="72139" Z="0"/>
					<Vertex X="33691" Y="72011" Z="0"/>
					<Vertex X="33434" Y="72011" Z="0"/>
					<Vertex X="33176" Y="72011" Z="0"/>
					<Vertex X="32919" Y="72011" Z="0"/>
					<Vertex X="32598" Y="72139" Z="0"/>
					<Vertex X="32148" Y="72204" Z="0"/>
					<Vertex X="31955" Y="72396" Z="0"/>
					<Vertex X="31633" Y="72525" Z="0"/>
					<Vertex X="31376" Y="72718" Z="0"/>
					<Vertex X="30990" Y="72911" Z="0"/>
					<Vertex X="30669" Y="73104" Z="0"/>
					<Vertex X="30476" Y="73168" Z="0"/>
					<Vertex X="30283" Y="73297" Z="0"/>
					<Vertex X="30090" Y="73361" Z="0"/>
					<Vertex X="29833" Y="73554" Z="0"/>
					<Vertex X="29640" Y="73682" Z="0"/>
					<Vertex X="29254" Y="73875" Z="0"/>
					<Vertex X="29062" Y="73939" Z="0"/>
					<Vertex X="28869" Y="74068" Z="0"/>
					<Vertex X="28483" Y="74132" Z="0"/>
					<Vertex X="28290" Y="74132" Z="0"/>
					<Vertex X="28097" Y="74132" Z="0"/>
					<Vertex X="27776" Y="74132" Z="0"/>
					<Vertex X="27583" Y="74068" Z="0"/>
					<Vertex X="27518" Y="73939" Z="0"/>
					<Vertex X="27326" Y="73747" Z="0"/>
					<Vertex X="27197" Y="73554" Z="0"/>
					<Vertex X="27133" Y="73489" Z="0"/>
					<Vertex X="27004" Y="73297" Z="0"/>
					<Vertex X="27004" Y="72975" Z="0"/>
					<Vertex X="27133" Y="72718" Z="0"/>
					<Vertex X="27197" Y="72525" Z="0"/>
					<Vertex X="27326" Y="72332" Z="0"/>
					<Vertex X="27390" Y="72139" Z="0"/>
					<Vertex X="27518" Y="71946" Z="0"/>
					<Vertex X="27711" Y="71818" Z="0"/>
					<Vertex X="27904" Y="71625" Z="0"/>
					<Vertex X="27969" Y="71561" Z="0"/>
					<Vertex X="28097" Y="71368" Z="0"/>
					<Vertex X="28161" Y="71368" Z="0"/>
					<Vertex X="28290" Y="71239" Z="0"/>
					<Vertex X="28354" Y="71110" Z="0"/>
					<Vertex X="28483" Y="70982" Z="0"/>
					<Vertex X="28547" Y="70982" Z="0"/>
					<Vertex X="28676" Y="70789" Z="0"/>
					<Vertex X="28740" Y="70789" Z="0"/>
					<Vertex X="28869" Y="70660" Z="0"/>
					<Vertex X="28933" Y="70596" Z="0"/>
					<Vertex X="29062" Y="70596" Z="0"/>
					<Vertex X="29062" Y="70468" Z="0"/>
					<Vertex X="29126" Y="70403" Z="0"/>
					<Vertex X="29254" Y="70403" Z="0"/>
					<Vertex X="29254" Y="70275" Z="0"/>
					<Vertex X="29319" Y="70275" Z="0"/>
					<Vertex X="29319" Y="70210" Z="0"/>
					<Vertex X="29319" Y="70082" Z="0"/>
					<Vertex X="29319" Y="70017" Z="0"/>
					<Vertex X="29319" Y="70017" Z="0"/>
					<Vertex X="29319" Y="69889" Z="0"/>
					<Vertex X="29319" Y="69825" Z="0"/>
					<Vertex X="29126" Y="69632" Z="0"/>
				</Vertices>
			</Region>
		</Regions>
		<Plots/>
	</Annotation>
</Annotations>
