<Annotations MicronsPerPixel="0.252200">
	<Annotation Id="1" Name="" ReadOnly="0" NameReadOnly="0" LineColorReadOnly="0" Incremental="0" Type="4" LineColor="65535" Visible="1" Selected="1" MarkupImagePath="" MacroName="">
		<Attributes/>
		<Regions>
			<RegionAttributeHeaders>
				<AttributeHeader Id="9999" Name="Region" ColumnWidth="-1"/>
				<AttributeHeader Id="9997" Name="Length" ColumnWidth="-1"/>
				<AttributeHeader Id="9996" Name="Area" ColumnWidth="-1"/>
				<AttributeHeader Id="9998" Name="Text" ColumnWidth="-1"/>
			</RegionAttributeHeaders>
			<Region Id="1" Type="0" Zoom="0.015388" Selected="1" ImageLocation="" ImageFocus="-1" Length="287543.7" Area="2856379360.0" LengthMicrons="72518.5" AreaMicrons="181679552.2" Text="" NegativeROA="0" InputRegionId="0" Analyze="1" DisplayId="1">
				<Attributes/>
				<Vertices>
					<Vertex X="21322" Y="30148" Z="0"/>
					<Vertex X="18488" Y="33755" Z="0"/>
					<Vertex X="18423" Y="34142" Z="0"/>
					<Vertex X="18294" Y="34206" Z="0"/>
					<Vertex X="18230" Y="34528" Z="0"/>
					<Vertex X="18230" Y="34722" Z="0"/>
					<Vertex X="18101" Y="34915" Z="0"/>
					<Vertex X="18101" Y="35108" Z="0"/>
					<Vertex X="18037" Y="35173" Z="0"/>
					<Vertex X="18037" Y="35366" Z="0"/>
					<Vertex X="18037" Y="35559" Z="0"/>
					<Vertex X="17908" Y="35881" Z="0"/>
					<Vertex X="17908" Y="36074" Z="0"/>
					<Vertex X="17908" Y="36268" Z="0"/>
					<Vertex X="17908" Y="36654" Z="0"/>
					<Vertex X="17908" Y="36912" Z="0"/>
					<Vertex X="17844" Y="37105" Z="0"/>
					<Vertex X="17844" Y="37492" Z="0"/>
					<Vertex X="17844" Y="37814" Z="0"/>
					<Vertex X="17715" Y="38071" Z="0"/>
					<Vertex X="17715" Y="38393" Z="0"/>
					<Vertex X="17650" Y="38651" Z="0"/>
					<Vertex X="17650" Y="38844" Z="0"/>
					<Vertex X="17650" Y="39166" Z="0"/>
					<Vertex X="17521" Y="39424" Z="0"/>
					<Vertex X="17521" Y="39746" Z="0"/>
					<Vertex X="17457" Y="40004" Z="0"/>
					<Vertex X="17457" Y="40326" Z="0"/>
					<Vertex X="17328" Y="40777" Z="0"/>
					<Vertex X="17328" Y="41099" Z="0"/>
					<Vertex X="17264" Y="41292" Z="0"/>
					<Vertex X="17135" Y="41550" Z="0"/>
					<Vertex X="17135" Y="41872" Z="0"/>
					<Vertex X="17071" Y="42130" Z="0"/>
					<Vertex X="17071" Y="42452" Z="0"/>
					<Vertex X="16942" Y="42709" Z="0"/>
					<Vertex X="16942" Y="43032" Z="0"/>
					<Vertex X="16877" Y="43418" Z="0"/>
					<Vertex X="16748" Y="43676" Z="0"/>
					<Vertex X="16684" Y="43998" Z="0"/>
					<Vertex X="16684" Y="44255" Z="0"/>
					<Vertex X="16555" Y="44578" Z="0"/>
					<Vertex X="16491" Y="44964" Z="0"/>
					<Vertex X="16362" Y="45222" Z="0"/>
					<Vertex X="16298" Y="45544" Z="0"/>
					<Vertex X="16169" Y="45801" Z="0"/>
					<Vertex X="16104" Y="46059" Z="0"/>
					<Vertex X="15975" Y="46317" Z="0"/>
					<Vertex X="15911" Y="46639" Z="0"/>
					<Vertex X="15782" Y="46961" Z="0"/>
					<Vertex X="15718" Y="47348" Z="0"/>
					<Vertex X="15589" Y="47670" Z="0"/>
					<Vertex X="15524" Y="47927" Z="0"/>
					<Vertex X="15396" Y="48121" Z="0"/>
					<Vertex X="15331" Y="48507" Z="0"/>
					<Vertex X="15202" Y="48829" Z="0"/>
					<Vertex X="15138" Y="49087" Z="0"/>
					<Vertex X="15009" Y="49409" Z="0"/>
					<Vertex X="14945" Y="49667" Z="0"/>
					<Vertex X="14816" Y="49989" Z="0"/>
					<Vertex X="14816" Y="50375" Z="0"/>
					<Vertex X="14623" Y="50762" Z="0"/>
					<Vertex X="14558" Y="51148" Z="0"/>
					<Vertex X="14558" Y="51406" Z="0"/>
					<Vertex X="14429" Y="51728" Z="0"/>
					<Vertex X="14365" Y="52114" Z="0"/>
					<Vertex X="14236" Y="52372" Z="0"/>
					<Vertex X="14172" Y="52759" Z="0"/>
					<Vertex X="14043" Y="53081" Z="0"/>
					<Vertex X="13978" Y="53338" Z="0"/>
					<Vertex X="13850" Y="53660" Z="0"/>
					<Vertex X="13785" Y="53918" Z="0"/>
					<Vertex X="13656" Y="54240" Z="0"/>
					<Vertex X="13463" Y="54627" Z="0"/>
					<Vertex X="13463" Y="54884" Z="0"/>
					<Vertex X="13399" Y="55207" Z="0"/>
					<Vertex X="13270" Y="55464" Z="0"/>
					<Vertex X="13205" Y="55851" Z="0"/>
					<Vertex X="13077" Y="56237" Z="0"/>
					<Vertex X="13012" Y="56753" Z="0"/>
					<Vertex X="12883" Y="57139" Z="0"/>
					<Vertex X="12819" Y="57526" Z="0"/>
					<Vertex X="12690" Y="57976" Z="0"/>
					<Vertex X="12626" Y="58556" Z="0"/>
					<Vertex X="12497" Y="58943" Z="0"/>
					<Vertex X="12432" Y="59458" Z="0"/>
					<Vertex X="12304" Y="59845" Z="0"/>
					<Vertex X="12239" Y="60296" Z="0"/>
					<Vertex X="12110" Y="60875" Z="0"/>
					<Vertex X="12046" Y="61391" Z="0"/>
					<Vertex X="11917" Y="61842" Z="0"/>
					<Vertex X="11853" Y="62228" Z="0"/>
					<Vertex X="11659" Y="62937" Z="0"/>
					<Vertex X="11531" Y="63194" Z="0"/>
					<Vertex X="11531" Y="63581" Z="0"/>
					<Vertex X="11466" Y="64032" Z="0"/>
					<Vertex X="11337" Y="64354" Z="0"/>
					<Vertex X="11337" Y="64676" Z="0"/>
					<Vertex X="11273" Y="65127" Z="0"/>
					<Vertex X="11144" Y="65513" Z="0"/>
					<Vertex X="11080" Y="65900" Z="0"/>
					<Vertex X="10951" Y="66415" Z="0"/>
					<Vertex X="10886" Y="66802" Z="0"/>
					<Vertex X="10758" Y="67188" Z="0"/>
					<Vertex X="10693" Y="67768" Z="0"/>
					<Vertex X="10564" Y="68155" Z="0"/>
					<Vertex X="10500" Y="68412" Z="0"/>
					<Vertex X="10371" Y="68992" Z="0"/>
					<Vertex X="10307" Y="69314" Z="0"/>
					<Vertex X="10307" Y="69701" Z="0"/>
					<Vertex X="10178" Y="69958" Z="0"/>
					<Vertex X="10113" Y="70474" Z="0"/>
					<Vertex X="9985" Y="70731" Z="0"/>
					<Vertex X="9985" Y="71053" Z="0"/>
					<Vertex X="9920" Y="71311" Z="0"/>
					<Vertex X="9920" Y="71504" Z="0"/>
					<Vertex X="9791" Y="71826" Z="0"/>
					<Vertex X="9791" Y="72020" Z="0"/>
					<Vertex X="9727" Y="72213" Z="0"/>
					<Vertex X="9598" Y="72599" Z="0"/>
					<Vertex X="9534" Y="72664" Z="0"/>
					<Vertex X="9534" Y="72857" Z="0"/>
					<Vertex X="9405" Y="73050" Z="0"/>
					<Vertex X="9405" Y="73244" Z="0"/>
					<Vertex X="9340" Y="73437" Z="0"/>
					<Vertex X="9147" Y="73759" Z="0"/>
					<Vertex X="9018" Y="73952" Z="0"/>
					<Vertex X="8954" Y="74145" Z="0"/>
					<Vertex X="8825" Y="74339" Z="0"/>
					<Vertex X="8761" Y="74532" Z="0"/>
					<Vertex X="8632" Y="74725" Z="0"/>
					<Vertex X="8567" Y="74918" Z="0"/>
					<Vertex X="8439" Y="75176" Z="0"/>
					<Vertex X="8374" Y="75498" Z="0"/>
					<Vertex X="8181" Y="75756" Z="0"/>
					<Vertex X="8181" Y="76078" Z="0"/>
					<Vertex X="7988" Y="76336" Z="0"/>
					<Vertex X="7859" Y="76658" Z="0"/>
					<Vertex X="7665" Y="77109" Z="0"/>
					<Vertex X="7601" Y="77431" Z="0"/>
					<Vertex X="7472" Y="77688" Z="0"/>
					<Vertex X="7408" Y="78010" Z="0"/>
					<Vertex X="7279" Y="78268" Z="0"/>
					<Vertex X="7086" Y="78590" Z="0"/>
					<Vertex X="7021" Y="78848" Z="0"/>
					<Vertex X="6892" Y="79170" Z="0"/>
					<Vertex X="6828" Y="79428" Z="0"/>
					<Vertex X="6699" Y="79621" Z="0"/>
					<Vertex X="6635" Y="79943" Z="0"/>
					<Vertex X="6506" Y="80136" Z="0"/>
					<Vertex X="6442" Y="80330" Z="0"/>
					<Vertex X="6313" Y="80523" Z="0"/>
					<Vertex X="6119" Y="80716" Z="0"/>
					<Vertex X="6055" Y="80780" Z="0"/>
					<Vertex X="5862" Y="80909" Z="0"/>
					<Vertex X="5733" Y="81103" Z="0"/>
					<Vertex X="5540" Y="81167" Z="0"/>
					<Vertex X="5475" Y="81360" Z="0"/>
					<Vertex X="5282" Y="81618" Z="0"/>
					<Vertex X="5089" Y="81940" Z="0"/>
					<Vertex X="4896" Y="82133" Z="0"/>
					<Vertex X="4767" Y="82455" Z="0"/>
					<Vertex X="4702" Y="82713" Z="0"/>
					<Vertex X="4509" Y="83100" Z="0"/>
					<Vertex X="4380" Y="83422" Z="0"/>
					<Vertex X="4187" Y="83679" Z="0"/>
					<Vertex X="4123" Y="84001" Z="0"/>
					<Vertex X="3994" Y="84259" Z="0"/>
					<Vertex X="3929" Y="84581" Z="0"/>
					<Vertex X="3800" Y="84839" Z="0"/>
					<Vertex X="3736" Y="85161" Z="0"/>
					<Vertex X="3607" Y="85354" Z="0"/>
					<Vertex X="3607" Y="85612" Z="0"/>
					<Vertex X="3543" Y="85805" Z="0"/>
					<Vertex X="3543" Y="85998" Z="0"/>
					<Vertex X="3414" Y="86320" Z="0"/>
					<Vertex X="3414" Y="86514" Z="0"/>
					<Vertex X="3414" Y="86707" Z="0"/>
					<Vertex X="3414" Y="86900" Z="0"/>
					<Vertex X="3414" Y="87158" Z="0"/>
					<Vertex X="3414" Y="87416" Z="0"/>
					<Vertex X="3543" Y="87480" Z="0"/>
					<Vertex X="3607" Y="87673" Z="0"/>
					<Vertex X="3736" Y="88060" Z="0"/>
					<Vertex X="3800" Y="88253" Z="0"/>
					<Vertex X="3994" Y="88446" Z="0"/>
					<Vertex X="4123" Y="88639" Z="0"/>
					<Vertex X="4316" Y="88897" Z="0"/>
					<Vertex X="4509" Y="89155" Z="0"/>
					<Vertex X="4702" Y="89284" Z="0"/>
					<Vertex X="4896" Y="89477" Z="0"/>
					<Vertex X="5089" Y="89670" Z="0"/>
					<Vertex X="5282" Y="89863" Z="0"/>
					<Vertex X="5540" Y="90185" Z="0"/>
					<Vertex X="5733" Y="90379" Z="0"/>
					<Vertex X="5926" Y="90572" Z="0"/>
					<Vertex X="6119" Y="90765" Z="0"/>
					<Vertex X="6313" Y="90959" Z="0"/>
					<Vertex X="6506" Y="91152" Z="0"/>
					<Vertex X="6699" Y="91345" Z="0"/>
					<Vertex X="6892" Y="91409" Z="0"/>
					<Vertex X="7086" Y="91603" Z="0"/>
					<Vertex X="7408" Y="91796" Z="0"/>
					<Vertex X="7601" Y="92054" Z="0"/>
					<Vertex X="7794" Y="92182" Z="0"/>
					<Vertex X="7988" Y="92311" Z="0"/>
					<Vertex X="8181" Y="92505" Z="0"/>
					<Vertex X="8245" Y="92569" Z="0"/>
					<Vertex X="8374" Y="92698" Z="0"/>
					<Vertex X="8439" Y="92698" Z="0"/>
					<Vertex X="8567" Y="92762" Z="0"/>
					<Vertex X="8632" Y="92891" Z="0"/>
					<Vertex X="8761" Y="92891" Z="0"/>
					<Vertex X="8825" Y="92891" Z="0"/>
					<Vertex X="8954" Y="92891" Z="0"/>
					<Vertex X="9018" Y="92891" Z="0"/>
					<Vertex X="9147" Y="93020" Z="0"/>
					<Vertex X="9212" Y="93020" Z="0"/>
					<Vertex X="9340" Y="93020" Z="0"/>
					<Vertex X="9534" Y="93020" Z="0"/>
					<Vertex X="9727" Y="93020" Z="0"/>
					<Vertex X="9791" Y="93020" Z="0"/>
					<Vertex X="9985" Y="93020" Z="0"/>
					<Vertex X="10178" Y="93084" Z="0"/>
					<Vertex X="10371" Y="93084" Z="0"/>
					<Vertex X="10564" Y="93149" Z="0"/>
					<Vertex X="10758" Y="93149" Z="0"/>
					<Vertex X="10951" Y="93149" Z="0"/>
					<Vertex X="11273" Y="93278" Z="0"/>
					<Vertex X="11466" Y="93278" Z="0"/>
					<Vertex X="11724" Y="93342" Z="0"/>
					<Vertex X="12046" Y="93342" Z="0"/>
					<Vertex X="12304" Y="93342" Z="0"/>
					<Vertex X="12626" Y="93471" Z="0"/>
					<Vertex X="12883" Y="93471" Z="0"/>
					<Vertex X="13077" Y="93471" Z="0"/>
					<Vertex X="13399" Y="93471" Z="0"/>
					<Vertex X="13592" Y="93471" Z="0"/>
					<Vertex X="13914" Y="93471" Z="0"/>
					<Vertex X="14043" Y="93471" Z="0"/>
					<Vertex X="14429" Y="93471" Z="0"/>
					<Vertex X="14623" Y="93471" Z="0"/>
					<Vertex X="14945" Y="93471" Z="0"/>
					<Vertex X="15138" Y="93342" Z="0"/>
					<Vertex X="15331" Y="93342" Z="0"/>
					<Vertex X="15653" Y="93342" Z="0"/>
					<Vertex X="15782" Y="93342" Z="0"/>
					<Vertex X="16104" Y="93342" Z="0"/>
					<Vertex X="16491" Y="93342" Z="0"/>
					<Vertex X="16748" Y="93342" Z="0"/>
					<Vertex X="16942" Y="93342" Z="0"/>
					<Vertex X="17328" Y="93342" Z="0"/>
					<Vertex X="17650" Y="93342" Z="0"/>
					<Vertex X="17908" Y="93342" Z="0"/>
					<Vertex X="18230" Y="93342" Z="0"/>
					<Vertex X="18488" Y="93342" Z="0"/>
					<Vertex X="18810" Y="93278" Z="0"/>
					<Vertex X="19261" Y="93278" Z="0"/>
					<Vertex X="19647" Y="93278" Z="0"/>
					<Vertex X="19969" Y="93278" Z="0"/>
					<Vertex X="20227" Y="93278" Z="0"/>
					<Vertex X="20549" Y="93149" Z="0"/>
					<Vertex X="20936" Y="93149" Z="0"/>
					<Vertex X="21193" Y="93149" Z="0"/>
					<Vertex X="21580" Y="93149" Z="0"/>
					<Vertex X="22095" Y="93149" Z="0"/>
					<Vertex X="22482" Y="93084" Z="0"/>
					<Vertex X="22739" Y="93084" Z="0"/>
					<Vertex X="23126" Y="93084" Z="0"/>
					<Vertex X="23448" Y="93084" Z="0"/>
					<Vertex X="23834" Y="93084" Z="0"/>
					<Vertex X="24221" Y="93084" Z="0"/>
					<Vertex X="24479" Y="93084" Z="0"/>
					<Vertex X="24865" Y="93084" Z="0"/>
					<Vertex X="25187" Y="93084" Z="0"/>
					<Vertex X="25638" Y="93084" Z="0"/>
					<Vertex X="26089" Y="93084" Z="0"/>
					<Vertex X="26347" Y="93020" Z="0"/>
					<Vertex X="26604" Y="93020" Z="0"/>
					<Vertex X="26926" Y="93020" Z="0"/>
					<Vertex X="27377" Y="92891" Z="0"/>
					<Vertex X="27699" Y="92762" Z="0"/>
					<Vertex X="27957" Y="92698" Z="0"/>
					<Vertex X="28344" Y="92698" Z="0"/>
					<Vertex X="28666" Y="92569" Z="0"/>
					<Vertex X="28923" Y="92505" Z="0"/>
					<Vertex X="29246" Y="92376" Z="0"/>
					<Vertex X="29568" Y="92376" Z="0"/>
					<Vertex X="29890" Y="92311" Z="0"/>
					<Vertex X="30405" Y="92182" Z="0"/>
					<Vertex X="30663" Y="92182" Z="0"/>
					<Vertex X="30985" Y="92182" Z="0"/>
					<Vertex X="31371" Y="92118" Z="0"/>
					<Vertex X="31629" Y="92118" Z="0"/>
					<Vertex X="32015" Y="92118" Z="0"/>
					<Vertex X="32595" Y="92118" Z="0"/>
					<Vertex X="33046" Y="92118" Z="0"/>
					<Vertex X="33304" Y="92118" Z="0"/>
					<Vertex X="33690" Y="92118" Z="0"/>
					<Vertex X="34077" Y="92118" Z="0"/>
					<Vertex X="34528" Y="92118" Z="0"/>
					<Vertex X="34914" Y="92118" Z="0"/>
					<Vertex X="35236" Y="92118" Z="0"/>
					<Vertex X="35494" Y="92054" Z="0"/>
					<Vertex X="35881" Y="92054" Z="0"/>
					<Vertex X="36203" Y="92054" Z="0"/>
					<Vertex X="36589" Y="92054" Z="0"/>
					<Vertex X="37040" Y="91925" Z="0"/>
					<Vertex X="37362" Y="91925" Z="0"/>
					<Vertex X="37749" Y="91925" Z="0"/>
					<Vertex X="37942" Y="91796" Z="0"/>
					<Vertex X="38328" Y="91796" Z="0"/>
					<Vertex X="38715" Y="91732" Z="0"/>
					<Vertex X="38973" Y="91603" Z="0"/>
					<Vertex X="39295" Y="91603" Z="0"/>
					<Vertex X="39552" Y="91538" Z="0"/>
					<Vertex X="39874" Y="91409" Z="0"/>
					<Vertex X="40197" Y="91345" Z="0"/>
					<Vertex X="40454" Y="91216" Z="0"/>
					<Vertex X="40841" Y="91152" Z="0"/>
					<Vertex X="41098" Y="91087" Z="0"/>
					<Vertex X="41421" Y="90959" Z="0"/>
					<Vertex X="41678" Y="90765" Z="0"/>
					<Vertex X="42065" Y="90636" Z="0"/>
					<Vertex X="42580" Y="90443" Z="0"/>
					<Vertex X="42709" Y="90379" Z="0"/>
					<Vertex X="43160" Y="90250" Z="0"/>
					<Vertex X="43417" Y="90121" Z="0"/>
					<Vertex X="43740" Y="89992" Z="0"/>
					<Vertex X="44126" Y="89863" Z="0"/>
					<Vertex X="44513" Y="89799" Z="0"/>
					<Vertex X="44899" Y="89670" Z="0"/>
					<Vertex X="45414" Y="89477" Z="0"/>
					<Vertex X="45672" Y="89477" Z="0"/>
					<Vertex X="45930" Y="89412" Z="0"/>
					<Vertex X="46381" Y="89284" Z="0"/>
					<Vertex X="46767" Y="89219" Z="0"/>
					<Vertex X="47218" Y="89155" Z="0"/>
					<Vertex X="47605" Y="88897" Z="0"/>
					<Vertex X="47927" Y="88833" Z="0"/>
					<Vertex X="48184" Y="88704" Z="0"/>
					<Vertex X="48506" Y="88704" Z="0"/>
					<Vertex X="48764" Y="88639" Z="0"/>
					<Vertex X="49151" Y="88639" Z="0"/>
					<Vertex X="49408" Y="88639" Z="0"/>
					<Vertex X="49602" Y="88639" Z="0"/>
					<Vertex X="49859" Y="88639" Z="0"/>
					<Vertex X="50053" Y="88639" Z="0"/>
					<Vertex X="50375" Y="88704" Z="0"/>
					<Vertex X="50697" Y="88704" Z="0"/>
					<Vertex X="51019" Y="88704" Z="0"/>
					<Vertex X="51276" Y="88704" Z="0"/>
					<Vertex X="51470" Y="88833" Z="0"/>
					<Vertex X="51856" Y="88833" Z="0"/>
					<Vertex X="52178" Y="88833" Z="0"/>
					<Vertex X="52565" Y="88897" Z="0"/>
					<Vertex X="52823" Y="88897" Z="0"/>
					<Vertex X="53080" Y="89026" Z="0"/>
					<Vertex X="53402" Y="89026" Z="0"/>
					<Vertex X="53724" Y="89026" Z="0"/>
					<Vertex X="53918" Y="89155" Z="0"/>
					<Vertex X="54175" Y="89155" Z="0"/>
					<Vertex X="54562" Y="89155" Z="0"/>
					<Vertex X="54755" Y="89219" Z="0"/>
					<Vertex X="55077" Y="89219" Z="0"/>
					<Vertex X="55335" Y="89284" Z="0"/>
					<Vertex X="55528" Y="89284" Z="0"/>
					<Vertex X="55850" Y="89284" Z="0"/>
					<Vertex X="56172" Y="89284" Z="0"/>
					<Vertex X="56365" Y="89412" Z="0"/>
					<Vertex X="56688" Y="89412" Z="0"/>
					<Vertex X="57074" Y="89412" Z="0"/>
					<Vertex X="57267" Y="89412" Z="0"/>
					<Vertex X="57783" Y="89412" Z="0"/>
					<Vertex X="58040" Y="89412" Z="0"/>
					<Vertex X="58298" Y="89412" Z="0"/>
					<Vertex X="58620" Y="89412" Z="0"/>
					<Vertex X="58942" Y="89284" Z="0"/>
					<Vertex X="59393" Y="89284" Z="0"/>
					<Vertex X="59651" Y="89219" Z="0"/>
					<Vertex X="59973" Y="89155" Z="0"/>
					<Vertex X="60295" Y="89155" Z="0"/>
					<Vertex X="60682" Y="89026" Z="0"/>
					<Vertex X="60939" Y="88897" Z="0"/>
					<Vertex X="61326" Y="88704" Z="0"/>
					<Vertex X="61583" Y="88704" Z="0"/>
					<Vertex X="61777" Y="88511" Z="0"/>
					<Vertex X="62034" Y="88446" Z="0"/>
					<Vertex X="62228" Y="88382" Z="0"/>
					<Vertex X="62421" Y="88189" Z="0"/>
					<Vertex X="62485" Y="88060" Z="0"/>
					<Vertex X="62678" Y="87866" Z="0"/>
					<Vertex X="62743" Y="87673" Z="0"/>
					<Vertex X="63001" Y="87480" Z="0"/>
					<Vertex X="63065" Y="87416" Z="0"/>
					<Vertex X="63129" Y="87287" Z="0"/>
					<Vertex X="63258" Y="87093" Z="0"/>
					<Vertex X="63323" Y="86900" Z="0"/>
					<Vertex X="63451" Y="86836" Z="0"/>
					<Vertex X="63516" Y="86578" Z="0"/>
					<Vertex X="63645" Y="86449" Z="0"/>
					<Vertex X="63838" Y="86127" Z="0"/>
					<Vertex X="63967" Y="85869" Z="0"/>
					<Vertex X="64160" Y="85612" Z="0"/>
					<Vertex X="64353" Y="85483" Z="0"/>
					<Vertex X="64482" Y="85290" Z="0"/>
					<Vertex X="64869" Y="85032" Z="0"/>
					<Vertex X="65191" Y="84968" Z="0"/>
					<Vertex X="65513" Y="84839" Z="0"/>
					<Vertex X="65771" Y="84839" Z="0"/>
					<Vertex X="66221" Y="84839" Z="0"/>
					<Vertex X="66544" Y="84968" Z="0"/>
					<Vertex X="66930" Y="84968" Z="0"/>
					<Vertex X="67317" Y="85161" Z="0"/>
					<Vertex X="67703" Y="85290" Z="0"/>
					<Vertex X="67961" Y="85483" Z="0"/>
					<Vertex X="68476" Y="85741" Z="0"/>
					<Vertex X="68669" Y="85934" Z="0"/>
					<Vertex X="68991" Y="86256" Z="0"/>
					<Vertex X="69249" Y="86449" Z="0"/>
					<Vertex X="69442" Y="86578" Z="0"/>
					<Vertex X="69636" Y="86836" Z="0"/>
					<Vertex X="69829" Y="87093" Z="0"/>
					<Vertex X="69958" Y="87287" Z="0"/>
					<Vertex X="70022" Y="87480" Z="0"/>
					<Vertex X="70087" Y="87673" Z="0"/>
					<Vertex X="70215" Y="87866" Z="0"/>
					<Vertex X="70409" Y="88189" Z="0"/>
					<Vertex X="70473" Y="88382" Z="0"/>
					<Vertex X="70473" Y="88639" Z="0"/>
					<Vertex X="70602" Y="88833" Z="0"/>
					<Vertex X="70731" Y="89026" Z="0"/>
					<Vertex X="70731" Y="89412" Z="0"/>
					<Vertex X="70731" Y="89606" Z="0"/>
					<Vertex X="70731" Y="89863" Z="0"/>
					<Vertex X="70731" Y="90185" Z="0"/>
					<Vertex X="70731" Y="90379" Z="0"/>
					<Vertex X="70731" Y="90636" Z="0"/>
					<Vertex X="70731" Y="90830" Z="0"/>
					<Vertex X="70731" Y="91087" Z="0"/>
					<Vertex X="70795" Y="91345" Z="0"/>
					<Vertex X="70795" Y="91538" Z="0"/>
					<Vertex X="70795" Y="91732" Z="0"/>
					<Vertex X="70924" Y="92054" Z="0"/>
					<Vertex X="70924" Y="92182" Z="0"/>
					<Vertex X="70988" Y="92505" Z="0"/>
					<Vertex X="71117" Y="92569" Z="0"/>
					<Vertex X="71182" Y="92762" Z="0"/>
					<Vertex X="71310" Y="93020" Z="0"/>
					<Vertex X="71375" Y="93084" Z="0"/>
					<Vertex X="71439" Y="93149" Z="0"/>
					<Vertex X="71697" Y="93278" Z="0"/>
					<Vertex X="71826" Y="93278" Z="0"/>
					<Vertex X="72019" Y="93342" Z="0"/>
					<Vertex X="72212" Y="93471" Z="0"/>
					<Vertex X="72341" Y="93471" Z="0"/>
					<Vertex X="72728" Y="93535" Z="0"/>
					<Vertex X="72921" Y="93535" Z="0"/>
					<Vertex X="73114" Y="93535" Z="0"/>
					<Vertex X="73436" Y="93664" Z="0"/>
					<Vertex X="73887" Y="93664" Z="0"/>
					<Vertex X="74209" Y="93664" Z="0"/>
					<Vertex X="74403" Y="93535" Z="0"/>
					<Vertex X="74660" Y="93535" Z="0"/>
					<Vertex X="74918" Y="93535" Z="0"/>
					<Vertex X="75176" Y="93471" Z="0"/>
					<Vertex X="75626" Y="93342" Z="0"/>
					<Vertex X="75884" Y="93278" Z="0"/>
					<Vertex X="76206" Y="93149" Z="0"/>
					<Vertex X="76593" Y="93084" Z="0"/>
					<Vertex X="76915" Y="93084" Z="0"/>
					<Vertex X="77173" Y="93020" Z="0"/>
					<Vertex X="77430" Y="92891" Z="0"/>
					<Vertex X="78074" Y="92698" Z="0"/>
					<Vertex X="78332" Y="92569" Z="0"/>
					<Vertex X="78525" Y="92505" Z="0"/>
					<Vertex X="78912" Y="92376" Z="0"/>
					<Vertex X="79105" Y="92311" Z="0"/>
					<Vertex X="79298" Y="92182" Z="0"/>
					<Vertex X="79492" Y="92182" Z="0"/>
					<Vertex X="79685" Y="92118" Z="0"/>
					<Vertex X="80007" Y="92054" Z="0"/>
					<Vertex X="80071" Y="91925" Z="0"/>
					<Vertex X="80265" Y="91796" Z="0"/>
					<Vertex X="80393" Y="91732" Z="0"/>
					<Vertex X="80458" Y="91603" Z="0"/>
					<Vertex X="80715" Y="91409" Z="0"/>
					<Vertex X="80844" Y="91216" Z="0"/>
					<Vertex X="81038" Y="91152" Z="0"/>
					<Vertex X="81231" Y="90959" Z="0"/>
					<Vertex X="81424" Y="90765" Z="0"/>
					<Vertex X="81553" Y="90572" Z="0"/>
					<Vertex X="81746" Y="90379" Z="0"/>
					<Vertex X="81811" Y="90185" Z="0"/>
					<Vertex X="82133" Y="89799" Z="0"/>
					<Vertex X="82326" Y="89606" Z="0"/>
					<Vertex X="82390" Y="89412" Z="0"/>
					<Vertex X="82648" Y="89219" Z="0"/>
					<Vertex X="82648" Y="89026" Z="0"/>
					<Vertex X="82777" Y="88833" Z="0"/>
					<Vertex X="82841" Y="88704" Z="0"/>
					<Vertex X="82841" Y="88511" Z="0"/>
					<Vertex X="82970" Y="88382" Z="0"/>
					<Vertex X="83099" Y="88189" Z="0"/>
					<Vertex X="83099" Y="87931" Z="0"/>
					<Vertex X="83099" Y="87738" Z="0"/>
					<Vertex X="83099" Y="87480" Z="0"/>
					<Vertex X="83163" Y="87287" Z="0"/>
					<Vertex X="83163" Y="86965" Z="0"/>
					<Vertex X="83163" Y="86836" Z="0"/>
					<Vertex X="83163" Y="86514" Z="0"/>
					<Vertex X="83163" Y="86320" Z="0"/>
					<Vertex X="83099" Y="85998" Z="0"/>
					<Vertex X="83099" Y="85869" Z="0"/>
					<Vertex X="83099" Y="85483" Z="0"/>
					<Vertex X="83099" Y="85290" Z="0"/>
					<Vertex X="83099" Y="84968" Z="0"/>
					<Vertex X="83099" Y="84774" Z="0"/>
					<Vertex X="83099" Y="84452" Z="0"/>
					<Vertex X="83099" Y="84323" Z="0"/>
					<Vertex X="83099" Y="84001" Z="0"/>
					<Vertex X="83099" Y="83679" Z="0"/>
					<Vertex X="83099" Y="83228" Z="0"/>
					<Vertex X="83099" Y="82971" Z="0"/>
					<Vertex X="83099" Y="82713" Z="0"/>
					<Vertex X="83163" Y="82262" Z="0"/>
					<Vertex X="83292" Y="82004" Z="0"/>
					<Vertex X="83292" Y="81682" Z="0"/>
					<Vertex X="83357" Y="81425" Z="0"/>
					<Vertex X="83357" Y="81103" Z="0"/>
					<Vertex X="83357" Y="80716" Z="0"/>
					<Vertex X="83485" Y="80523" Z="0"/>
					<Vertex X="83485" Y="80330" Z="0"/>
					<Vertex X="83550" Y="80072" Z="0"/>
					<Vertex X="83550" Y="79814" Z="0"/>
					<Vertex X="83550" Y="79685" Z="0"/>
					<Vertex X="83550" Y="79363" Z="0"/>
					<Vertex X="83614" Y="79170" Z="0"/>
					<Vertex X="83614" Y="78977" Z="0"/>
					<Vertex X="83743" Y="78784" Z="0"/>
					<Vertex X="83872" Y="78590" Z="0"/>
					<Vertex X="83872" Y="78397" Z="0"/>
					<Vertex X="83936" Y="78010" Z="0"/>
					<Vertex X="84065" Y="77753" Z="0"/>
					<Vertex X="84065" Y="77560" Z="0"/>
					<Vertex X="84194" Y="77044" Z="0"/>
					<Vertex X="84194" Y="76851" Z="0"/>
					<Vertex X="84387" Y="76529" Z="0"/>
					<Vertex X="84516" Y="76271" Z="0"/>
					<Vertex X="84709" Y="75756" Z="0"/>
					<Vertex X="84838" Y="75498" Z="0"/>
					<Vertex X="85032" Y="75112" Z="0"/>
					<Vertex X="85225" Y="74790" Z="0"/>
					<Vertex X="85611" Y="74339" Z="0"/>
					<Vertex X="85805" Y="74017" Z="0"/>
					<Vertex X="85933" Y="73759" Z="0"/>
					<Vertex X="86255" Y="73437" Z="0"/>
					<Vertex X="86578" Y="73050" Z="0"/>
					<Vertex X="86642" Y="72857" Z="0"/>
					<Vertex X="86835" Y="72599" Z="0"/>
					<Vertex X="86964" Y="72535" Z="0"/>
					<Vertex X="87028" Y="72342" Z="0"/>
					<Vertex X="87157" Y="72213" Z="0"/>
					<Vertex X="87222" Y="72020" Z="0"/>
					<Vertex X="87286" Y="71891" Z="0"/>
					<Vertex X="87415" Y="71826" Z="0"/>
					<Vertex X="87544" Y="71633" Z="0"/>
					<Vertex X="87544" Y="71504" Z="0"/>
					<Vertex X="87608" Y="71375" Z="0"/>
					<Vertex X="87673" Y="71053" Z="0"/>
					<Vertex X="87673" Y="70925" Z="0"/>
					<Vertex X="87673" Y="70731" Z="0"/>
					<Vertex X="87673" Y="70474" Z="0"/>
					<Vertex X="87673" Y="70409" Z="0"/>
					<Vertex X="87608" Y="70087" Z="0"/>
					<Vertex X="87608" Y="69894" Z="0"/>
					<Vertex X="87608" Y="69572" Z="0"/>
					<Vertex X="87608" Y="69443" Z="0"/>
					<Vertex X="87608" Y="68992" Z="0"/>
					<Vertex X="87608" Y="68605" Z="0"/>
					<Vertex X="87544" Y="68412" Z="0"/>
					<Vertex X="87544" Y="68026" Z="0"/>
					<Vertex X="87415" Y="67832" Z="0"/>
					<Vertex X="87286" Y="67639" Z="0"/>
					<Vertex X="87222" Y="67253" Z="0"/>
					<Vertex X="87157" Y="67059" Z="0"/>
					<Vertex X="87028" Y="66866" Z="0"/>
					<Vertex X="86835" Y="66609" Z="0"/>
					<Vertex X="86771" Y="66415" Z="0"/>
					<Vertex X="86578" Y="66286" Z="0"/>
					<Vertex X="86449" Y="66093" Z="0"/>
					<Vertex X="86320" Y="65900" Z="0"/>
					<Vertex X="86127" Y="65771" Z="0"/>
					<Vertex X="86062" Y="65449" Z="0"/>
					<Vertex X="85869" Y="65256" Z="0"/>
					<Vertex X="85805" Y="65062" Z="0"/>
					<Vertex X="85611" Y="64869" Z="0"/>
					<Vertex X="85482" Y="64676" Z="0"/>
					<Vertex X="85289" Y="64483" Z="0"/>
					<Vertex X="85096" Y="64161" Z="0"/>
					<Vertex X="84903" Y="64032" Z="0"/>
					<Vertex X="84709" Y="63774" Z="0"/>
					<Vertex X="84581" Y="63645" Z="0"/>
					<Vertex X="84516" Y="63323" Z="0"/>
					<Vertex X="84323" Y="63130" Z="0"/>
					<Vertex X="84065" Y="62743" Z="0"/>
					<Vertex X="83743" Y="62550" Z="0"/>
					<Vertex X="83357" Y="62164" Z="0"/>
					<Vertex X="83163" Y="61970" Z="0"/>
					<Vertex X="82970" Y="61906" Z="0"/>
					<Vertex X="82648" Y="61584" Z="0"/>
					<Vertex X="82455" Y="61455" Z="0"/>
					<Vertex X="82197" Y="61197" Z="0"/>
					<Vertex X="82133" Y="61133" Z="0"/>
					<Vertex X="81875" Y="61004" Z="0"/>
					<Vertex X="81617" Y="60940" Z="0"/>
					<Vertex X="81424" Y="60811" Z="0"/>
					<Vertex X="81360" Y="60811" Z="0"/>
					<Vertex X="81038" Y="60746" Z="0"/>
					<Vertex X="80844" Y="60618" Z="0"/>
					<Vertex X="80587" Y="60489" Z="0"/>
					<Vertex X="80393" Y="60489" Z="0"/>
					<Vertex X="80071" Y="60424" Z="0"/>
					<Vertex X="79878" Y="60424" Z="0"/>
					<Vertex X="79620" Y="60296" Z="0"/>
					<Vertex X="79363" Y="60231" Z="0"/>
					<Vertex X="79105" Y="60231" Z="0"/>
					<Vertex X="78847" Y="60231" Z="0"/>
					<Vertex X="78654" Y="60231" Z="0"/>
					<Vertex X="78332" Y="60231" Z="0"/>
					<Vertex X="78139" Y="60231" Z="0"/>
					<Vertex X="77881" Y="60231" Z="0"/>
					<Vertex X="77559" Y="60231" Z="0"/>
					<Vertex X="77237" Y="60231" Z="0"/>
					<Vertex X="76979" Y="60231" Z="0"/>
					<Vertex X="76786" Y="60231" Z="0"/>
					<Vertex X="76657" Y="60231" Z="0"/>
					<Vertex X="76528" Y="60231" Z="0"/>
					<Vertex X="76335" Y="60231" Z="0"/>
					<Vertex X="76206" Y="60231" Z="0"/>
					<Vertex X="76013" Y="60231" Z="0"/>
					<Vertex X="75820" Y="60296" Z="0"/>
					<Vertex X="75626" Y="60296" Z="0"/>
					<Vertex X="75433" Y="60296" Z="0"/>
					<Vertex X="75369" Y="60296" Z="0"/>
					<Vertex X="75176" Y="60424" Z="0"/>
					<Vertex X="75047" Y="60489" Z="0"/>
					<Vertex X="74918" Y="60618" Z="0"/>
					<Vertex X="74853" Y="60746" Z="0"/>
					<Vertex X="74789" Y="60940" Z="0"/>
					<Vertex X="74789" Y="61133" Z="0"/>
					<Vertex X="74660" Y="61262" Z="0"/>
					<Vertex X="74660" Y="61455" Z="0"/>
					<Vertex X="74660" Y="61584" Z="0"/>
					<Vertex X="74660" Y="61713" Z="0"/>
					<Vertex X="74660" Y="61906" Z="0"/>
					<Vertex X="74789" Y="62099" Z="0"/>
					<Vertex X="74853" Y="62293" Z="0"/>
					<Vertex X="74853" Y="62357" Z="0"/>
					<Vertex X="75047" Y="62550" Z="0"/>
					<Vertex X="75176" Y="62679" Z="0"/>
					<Vertex X="75176" Y="62872" Z="0"/>
					<Vertex X="75369" Y="63066" Z="0"/>
					<Vertex X="75433" Y="63130" Z="0"/>
					<Vertex X="75498" Y="63323" Z="0"/>
					<Vertex X="75626" Y="63645" Z="0"/>
					<Vertex X="75691" Y="63710" Z="0"/>
					<Vertex X="75820" Y="63903" Z="0"/>
					<Vertex X="75884" Y="64096" Z="0"/>
					<Vertex X="76013" Y="64289" Z="0"/>
					<Vertex X="76142" Y="64354" Z="0"/>
					<Vertex X="76142" Y="64483" Z="0"/>
					<Vertex X="76206" Y="64740" Z="0"/>
					<Vertex X="76206" Y="64998" Z="0"/>
					<Vertex X="76206" Y="65256" Z="0"/>
					<Vertex X="76335" Y="65449" Z="0"/>
					<Vertex X="76335" Y="65771" Z="0"/>
					<Vertex X="76335" Y="66029" Z="0"/>
					<Vertex X="76399" Y="66286" Z="0"/>
					<Vertex X="76399" Y="66609" Z="0"/>
					<Vertex X="76399" Y="66802" Z="0"/>
					<Vertex X="76528" Y="67059" Z="0"/>
					<Vertex X="76528" Y="67510" Z="0"/>
					<Vertex X="76528" Y="67639" Z="0"/>
					<Vertex X="76528" Y="67961" Z="0"/>
					<Vertex X="76528" Y="68348" Z="0"/>
					<Vertex X="76593" Y="68541" Z="0"/>
					<Vertex X="76593" Y="68734" Z="0"/>
					<Vertex X="76593" Y="69121" Z="0"/>
					<Vertex X="76593" Y="69443" Z="0"/>
					<Vertex X="76593" Y="69701" Z="0"/>
					<Vertex X="76593" Y="69894" Z="0"/>
					<Vertex X="76593" Y="70151" Z="0"/>
					<Vertex X="76593" Y="70474" Z="0"/>
					<Vertex X="76593" Y="70667" Z="0"/>
					<Vertex X="76593" Y="70860" Z="0"/>
					<Vertex X="76593" Y="71053" Z="0"/>
					<Vertex X="76593" Y="71247" Z="0"/>
					<Vertex X="76528" Y="71440" Z="0"/>
					<Vertex X="76528" Y="71633" Z="0"/>
					<Vertex X="76528" Y="71698" Z="0"/>
					<Vertex X="76528" Y="71891" Z="0"/>
					<Vertex X="76399" Y="72020" Z="0"/>
					<Vertex X="76399" Y="72084" Z="0"/>
					<Vertex X="76335" Y="72213" Z="0"/>
					<Vertex X="76206" Y="72406" Z="0"/>
					<Vertex X="76142" Y="72535" Z="0"/>
					<Vertex X="76142" Y="72599" Z="0"/>
					<Vertex X="76013" Y="72664" Z="0"/>
					<Vertex X="75884" Y="72793" Z="0"/>
					<Vertex X="75820" Y="72986" Z="0"/>
					<Vertex X="75626" Y="73050" Z="0"/>
					<Vertex X="75498" Y="73179" Z="0"/>
					<Vertex X="75433" Y="73308" Z="0"/>
					<Vertex X="75369" Y="73372" Z="0"/>
					<Vertex X="75240" Y="73437" Z="0"/>
					<Vertex X="75176" Y="73437" Z="0"/>
					<Vertex X="74918" Y="73566" Z="0"/>
					<Vertex X="74853" Y="73566" Z="0"/>
					<Vertex X="74660" Y="73566" Z="0"/>
					<Vertex X="74596" Y="73566" Z="0"/>
					<Vertex X="74467" Y="73437" Z="0"/>
					<Vertex X="74274" Y="73437" Z="0"/>
					<Vertex X="74209" Y="73372" Z="0"/>
					<Vertex X="73952" Y="73308" Z="0"/>
					<Vertex X="73887" Y="73050" Z="0"/>
					<Vertex X="73758" Y="72857" Z="0"/>
					<Vertex X="73694" Y="72664" Z="0"/>
					<Vertex X="73501" Y="72535" Z="0"/>
					<Vertex X="73501" Y="72342" Z="0"/>
					<Vertex X="73436" Y="72084" Z="0"/>
					<Vertex X="73307" Y="71826" Z="0"/>
					<Vertex X="73307" Y="71698" Z="0"/>
					<Vertex X="73179" Y="71440" Z="0"/>
					<Vertex X="73179" Y="71375" Z="0"/>
					<Vertex X="73114" Y="71053" Z="0"/>
					<Vertex X="73114" Y="70860" Z="0"/>
					<Vertex X="73050" Y="70667" Z="0"/>
					<Vertex X="73050" Y="70474" Z="0"/>
					<Vertex X="73050" Y="70409" Z="0"/>
					<Vertex X="72921" Y="70151" Z="0"/>
					<Vertex X="72857" Y="70087" Z="0"/>
					<Vertex X="72728" Y="69958" Z="0"/>
					<Vertex X="72728" Y="69765" Z="0"/>
					<Vertex X="72534" Y="69572" Z="0"/>
					<Vertex X="72534" Y="69507" Z="0"/>
					<Vertex X="72341" Y="69314" Z="0"/>
					<Vertex X="72212" Y="69121" Z="0"/>
					<Vertex X="72019" Y="68928" Z="0"/>
					<Vertex X="71955" Y="68605" Z="0"/>
					<Vertex X="71761" Y="68412" Z="0"/>
					<Vertex X="71568" Y="68155" Z="0"/>
					<Vertex X="71375" Y="68026" Z="0"/>
					<Vertex X="71182" Y="67768" Z="0"/>
					<Vertex X="71117" Y="67575" Z="0"/>
					<Vertex X="70795" Y="67382" Z="0"/>
					<Vertex X="70731" Y="67188" Z="0"/>
					<Vertex X="70473" Y="66866" Z="0"/>
					<Vertex X="70280" Y="66673" Z="0"/>
					<Vertex X="70215" Y="66544" Z="0"/>
					<Vertex X="70022" Y="66286" Z="0"/>
					<Vertex X="69958" Y="66222" Z="0"/>
					<Vertex X="69700" Y="66029" Z="0"/>
					<Vertex X="69636" Y="65835" Z="0"/>
					<Vertex X="69571" Y="65771" Z="0"/>
					<Vertex X="69378" Y="65513" Z="0"/>
					<Vertex X="69249" Y="65320" Z="0"/>
					<Vertex X="69185" Y="65256" Z="0"/>
					<Vertex X="68991" Y="64998" Z="0"/>
					<Vertex X="68863" Y="64740" Z="0"/>
					<Vertex X="68669" Y="64676" Z="0"/>
					<Vertex X="68540" Y="64483" Z="0"/>
					<Vertex X="68476" Y="64289" Z="0"/>
					<Vertex X="68347" Y="64161" Z="0"/>
					<Vertex X="68283" Y="64032" Z="0"/>
					<Vertex X="68218" Y="63903" Z="0"/>
					<Vertex X="67961" Y="63774" Z="0"/>
					<Vertex X="67896" Y="63645" Z="0"/>
					<Vertex X="67896" Y="63516" Z="0"/>
					<Vertex X="67832" Y="63323" Z="0"/>
					<Vertex X="67703" Y="63130" Z="0"/>
					<Vertex X="67639" Y="62937" Z="0"/>
					<Vertex X="67510" Y="62743" Z="0"/>
					<Vertex X="67445" Y="62421" Z="0"/>
					<Vertex X="67445" Y="62357" Z="0"/>
					<Vertex X="67317" Y="62164" Z="0"/>
					<Vertex X="67252" Y="61970" Z="0"/>
					<Vertex X="67123" Y="61906" Z="0"/>
					<Vertex X="66930" Y="61713" Z="0"/>
					<Vertex X="66930" Y="61455" Z="0"/>
					<Vertex X="66737" Y="61262" Z="0"/>
					<Vertex X="66608" Y="61133" Z="0"/>
					<Vertex X="66479" Y="60940" Z="0"/>
					<Vertex X="66350" Y="60811" Z="0"/>
					<Vertex X="66157" Y="60618" Z="0"/>
					<Vertex X="66093" Y="60489" Z="0"/>
					<Vertex X="65964" Y="60489" Z="0"/>
					<Vertex X="65771" Y="60424" Z="0"/>
					<Vertex X="65577" Y="60296" Z="0"/>
					<Vertex X="65513" Y="60231" Z="0"/>
					<Vertex X="65255" Y="60231" Z="0"/>
					<Vertex X="65062" Y="60167" Z="0"/>
					<Vertex X="64869" Y="60167" Z="0"/>
					<Vertex X="64804" Y="60167" Z="0"/>
					<Vertex X="64611" Y="60167" Z="0"/>
					<Vertex X="64418" Y="60167" Z="0"/>
					<Vertex X="64224" Y="60167" Z="0"/>
					<Vertex X="64160" Y="60167" Z="0"/>
					<Vertex X="63967" Y="60231" Z="0"/>
					<Vertex X="63838" Y="60296" Z="0"/>
					<Vertex X="63645" Y="60296" Z="0"/>
					<Vertex X="63451" Y="60489" Z="0"/>
					<Vertex X="63129" Y="60618" Z="0"/>
					<Vertex X="63001" Y="60746" Z="0"/>
					<Vertex X="62872" Y="60811" Z="0"/>
					<Vertex X="62678" Y="60940" Z="0"/>
					<Vertex X="62614" Y="61004" Z="0"/>
					<Vertex X="62421" Y="61133" Z="0"/>
					<Vertex X="62292" Y="61262" Z="0"/>
					<Vertex X="62099" Y="61391" Z="0"/>
					<Vertex X="62034" Y="61713" Z="0"/>
					<Vertex X="61777" Y="61906" Z="0"/>
					<Vertex X="61712" Y="62099" Z="0"/>
					<Vertex X="61583" Y="62164" Z="0"/>
					<Vertex X="61390" Y="62357" Z="0"/>
					<Vertex X="61326" Y="62550" Z="0"/>
					<Vertex X="61068" Y="62872" Z="0"/>
					<Vertex X="60746" Y="63066" Z="0"/>
					<Vertex X="60553" Y="63194" Z="0"/>
					<Vertex X="60359" Y="63323" Z="0"/>
					<Vertex X="60166" Y="63516" Z="0"/>
					<Vertex X="59973" Y="63710" Z="0"/>
					<Vertex X="59651" Y="63903" Z="0"/>
					<Vertex X="59586" Y="63903" Z="0"/>
					<Vertex X="59329" Y="64096" Z="0"/>
					<Vertex X="59007" Y="64161" Z="0"/>
					<Vertex X="58813" Y="64289" Z="0"/>
					<Vertex X="58556" Y="64289" Z="0"/>
					<Vertex X="58234" Y="64354" Z="0"/>
					<Vertex X="58040" Y="64354" Z="0"/>
					<Vertex X="57847" Y="64354" Z="0"/>
					<Vertex X="57654" Y="64354" Z="0"/>
					<Vertex X="57396" Y="64289" Z="0"/>
					<Vertex X="57203" Y="64161" Z="0"/>
					<Vertex X="57074" Y="64032" Z="0"/>
					<Vertex X="56816" Y="63903" Z="0"/>
					<Vertex X="56688" Y="63710" Z="0"/>
					<Vertex X="56494" Y="63516" Z="0"/>
					<Vertex X="56301" Y="63194" Z="0"/>
					<Vertex X="56172" Y="63130" Z="0"/>
					<Vertex X="56108" Y="62872" Z="0"/>
					<Vertex X="56043" Y="62679" Z="0"/>
					<Vertex X="55850" Y="62421" Z="0"/>
					<Vertex X="55721" Y="62293" Z="0"/>
					<Vertex X="55528" Y="62099" Z="0"/>
					<Vertex X="55335" Y="61906" Z="0"/>
					<Vertex X="55077" Y="61713" Z="0"/>
					<Vertex X="54755" Y="61455" Z="0"/>
					<Vertex X="54562" Y="61262" Z="0"/>
					<Vertex X="54304" Y="61133" Z="0"/>
					<Vertex X="54111" Y="61004" Z="0"/>
					<Vertex X="53789" Y="60811" Z="0"/>
					<Vertex X="53596" Y="60618" Z="0"/>
					<Vertex X="53273" Y="60424" Z="0"/>
					<Vertex X="53080" Y="60296" Z="0"/>
					<Vertex X="52823" Y="60102" Z="0"/>
					<Vertex X="52436" Y="59909" Z="0"/>
					<Vertex X="52114" Y="59716" Z="0"/>
					<Vertex X="51921" Y="59458" Z="0"/>
					<Vertex X="51727" Y="59329" Z="0"/>
					<Vertex X="51470" Y="59136" Z="0"/>
					<Vertex X="51083" Y="58878" Z="0"/>
					<Vertex X="50761" Y="58685" Z="0"/>
					<Vertex X="50503" Y="58492" Z="0"/>
					<Vertex X="50117" Y="58299" Z="0"/>
					<Vertex X="49795" Y="57976" Z="0"/>
					<Vertex X="49537" Y="57783" Z="0"/>
					<Vertex X="49344" Y="57719" Z="0"/>
					<Vertex X="48957" Y="57397" Z="0"/>
					<Vertex X="48764" Y="57332" Z="0"/>
					<Vertex X="48442" Y="57010" Z="0"/>
					<Vertex X="48184" Y="56817" Z="0"/>
					<Vertex X="47862" Y="56624" Z="0"/>
					<Vertex X="47605" Y="56430" Z="0"/>
					<Vertex X="47411" Y="56237" Z="0"/>
					<Vertex X="47089" Y="56044" Z="0"/>
					<Vertex X="46832" Y="55851" Z="0"/>
					<Vertex X="46510" Y="55657" Z="0"/>
					<Vertex X="46252" Y="55464" Z="0"/>
					<Vertex X="45930" Y="55271" Z="0"/>
					<Vertex X="45672" Y="55078" Z="0"/>
					<Vertex X="45543" Y="54884" Z="0"/>
					<Vertex X="45350" Y="54691" Z="0"/>
					<Vertex X="45157" Y="54498" Z="0"/>
					<Vertex X="45092" Y="54240" Z="0"/>
					<Vertex X="45092" Y="54047" Z="0"/>
					<Vertex X="45092" Y="53725" Z="0"/>
					<Vertex X="45092" Y="53532" Z="0"/>
					<Vertex X="45092" Y="53274" Z="0"/>
					<Vertex X="45092" Y="53081" Z="0"/>
					<Vertex X="45092" Y="52887" Z="0"/>
					<Vertex X="45092" Y="52694" Z="0"/>
					<Vertex X="45092" Y="52501" Z="0"/>
					<Vertex X="45092" Y="52308" Z="0"/>
					<Vertex X="45092" Y="52114" Z="0"/>
					<Vertex X="45092" Y="51792" Z="0"/>
					<Vertex X="44964" Y="51599" Z="0"/>
					<Vertex X="44899" Y="51406" Z="0"/>
					<Vertex X="44706" Y="51213" Z="0"/>
					<Vertex X="44577" Y="51019" Z="0"/>
					<Vertex X="44384" Y="50826" Z="0"/>
					<Vertex X="44190" Y="50633" Z="0"/>
					<Vertex X="43933" Y="50440" Z="0"/>
					<Vertex X="43740" Y="50182" Z="0"/>
					<Vertex X="43546" Y="49989" Z="0"/>
					<Vertex X="43353" Y="49795" Z="0"/>
					<Vertex X="43031" Y="49602" Z="0"/>
					<Vertex X="42773" Y="49409" Z="0"/>
					<Vertex X="42580" Y="49216" Z="0"/>
					<Vertex X="42194" Y="49022" Z="0"/>
					<Vertex X="41871" Y="48829" Z="0"/>
					<Vertex X="41421" Y="48700" Z="0"/>
					<Vertex X="41098" Y="48507" Z="0"/>
					<Vertex X="40712" Y="48443" Z="0"/>
					<Vertex X="40454" Y="48314" Z="0"/>
					<Vertex X="40068" Y="48249" Z="0"/>
					<Vertex X="39746" Y="48056" Z="0"/>
					<Vertex X="39359" Y="47927" Z="0"/>
					<Vertex X="39101" Y="47734" Z="0"/>
					<Vertex X="38715" Y="47541" Z="0"/>
					<Vertex X="38328" Y="47348" Z="0"/>
					<Vertex X="37942" Y="47154" Z="0"/>
					<Vertex X="37620" Y="46897" Z="0"/>
					<Vertex X="37233" Y="46639" Z="0"/>
					<Vertex X="36847" Y="46381" Z="0"/>
					<Vertex X="36460" Y="46124" Z="0"/>
					<Vertex X="36074" Y="45801" Z="0"/>
					<Vertex X="35687" Y="45608" Z="0"/>
					<Vertex X="35301" Y="45351" Z="0"/>
					<Vertex X="34914" Y="45028" Z="0"/>
					<Vertex X="34463" Y="44835" Z="0"/>
					<Vertex X="33948" Y="44578" Z="0"/>
					<Vertex X="33562" Y="44384" Z="0"/>
					<Vertex X="33175" Y="44062" Z="0"/>
					<Vertex X="32789" Y="43869" Z="0"/>
					<Vertex X="32402" Y="43676" Z="0"/>
					<Vertex X="32015" Y="43482" Z="0"/>
					<Vertex X="31629" Y="43289" Z="0"/>
					<Vertex X="31371" Y="43096" Z="0"/>
					<Vertex X="31049" Y="43032" Z="0"/>
					<Vertex X="30792" Y="42838" Z="0"/>
					<Vertex X="30469" Y="42516" Z="0"/>
					<Vertex X="30212" Y="42323" Z="0"/>
					<Vertex X="30019" Y="42130" Z="0"/>
					<Vertex X="29696" Y="41872" Z="0"/>
					<Vertex X="29503" Y="41679" Z="0"/>
					<Vertex X="29246" Y="41357" Z="0"/>
					<Vertex X="29052" Y="41163" Z="0"/>
					<Vertex X="28730" Y="40777" Z="0"/>
					<Vertex X="28537" Y="40519" Z="0"/>
					<Vertex X="28344" Y="40133" Z="0"/>
					<Vertex X="28150" Y="39746" Z="0"/>
					<Vertex X="27957" Y="39424" Z="0"/>
					<Vertex X="27764" Y="39038" Z="0"/>
					<Vertex X="27571" Y="38651" Z="0"/>
					<Vertex X="27506" Y="38265" Z="0"/>
					<Vertex X="27313" Y="37878" Z="0"/>
					<Vertex X="27184" Y="37492" Z="0"/>
					<Vertex X="27120" Y="37041" Z="0"/>
					<Vertex X="26991" Y="36847" Z="0"/>
					<Vertex X="26926" Y="36332" Z="0"/>
					<Vertex X="26798" Y="36074" Z="0"/>
					<Vertex X="26733" Y="35752" Z="0"/>
					<Vertex X="26540" Y="35559" Z="0"/>
					<Vertex X="26347" Y="35173" Z="0"/>
					<Vertex X="26218" Y="34979" Z="0"/>
					<Vertex X="26025" Y="34786" Z="0"/>
					<Vertex X="25831" Y="34528" Z="0"/>
					<Vertex X="25638" Y="34206" Z="0"/>
					<Vertex X="25574" Y="33949" Z="0"/>
					<Vertex X="25380" Y="33562" Z="0"/>
					<Vertex X="25187" Y="33240" Z="0"/>
					<Vertex X="25058" Y="32982" Z="0"/>
					<Vertex X="24865" Y="32789" Z="0"/>
					<Vertex X="24672" Y="32596" Z="0"/>
					<Vertex X="24607" Y="32403" Z="0"/>
					<Vertex X="24414" Y="32209" Z="0"/>
					<Vertex X="24221" Y="32016" Z="0"/>
					<Vertex X="23899" Y="31823" Z="0"/>
					<Vertex X="23706" Y="31501" Z="0"/>
					<Vertex X="23448" Y="31436" Z="0"/>
					<Vertex X="23255" Y="31243" Z="0"/>
					<Vertex X="23061" Y="31114" Z="0"/>
					<Vertex X="22868" Y="31050" Z="0"/>
					<Vertex X="22675" Y="30857" Z="0"/>
					<Vertex X="22546" Y="30728" Z="0"/>
					<Vertex X="22353" Y="30728" Z="0"/>
					<Vertex X="22288" Y="30663" Z="0"/>
					<Vertex X="22160" Y="30663" Z="0"/>
					<Vertex X="22095" Y="30534" Z="0"/>
					<Vertex X="21966" Y="30534" Z="0"/>
					<Vertex X="21902" Y="30534" Z="0"/>
					<Vertex X="21902" Y="30470" Z="0"/>
					<Vertex X="21773" Y="30534" Z="0"/>
					<Vertex X="21709" Y="30534" Z="0"/>
					<Vertex X="21322" Y="30148" Z="0"/>
				</Vertices>
			</Region>
		</Regions>
		<Plots/>
	</Annotation>
</Annotations>
