<Annotations MicronsPerPixel="0.252200">
	<Annotation Id="1" Name="" ReadOnly="0" NameReadOnly="0" LineColorReadOnly="0" Incremental="0" Type="4" LineColor="65535" Visible="1" Selected="1" MarkupImagePath="" MacroName="">
		<Attributes/>
		<Regions>
			<RegionAttributeHeaders>
				<AttributeHeader Id="9999" Name="Region" ColumnWidth="-1"/>
				<AttributeHeader Id="9997" Name="Length" ColumnWidth="-1"/>
				<AttributeHeader Id="9996" Name="Area" ColumnWidth="-1"/>
				<AttributeHeader Id="9998" Name="Text" ColumnWidth="-1"/>
			</RegionAttributeHeaders>
			<Region Id="1" Type="0" Zoom="0.050000" Selected="0" ImageLocation="" ImageFocus="-1" Length="15436.9" Area="17600343.5" LengthMicrons="3893.2" AreaMicrons="1119467.0" Text="" NegativeROA="0" InputRegionId="0" Analyze="1" DisplayId="1">
				<Attributes/>
				<Vertices>
					<Vertex X="81939" Y="29838" Z="0"/>
					<Vertex X="80590" Y="29124" Z="0"/>
					<Vertex X="80273" Y="28985" Z="0"/>
					<Vertex X="80174" Y="28926" Z="0"/>
					<Vertex X="80095" Y="28886" Z="0"/>
					<Vertex X="79976" Y="28866" Z="0"/>
					<Vertex X="79877" Y="28827" Z="0"/>
					<Vertex X="79738" Y="28807" Z="0"/>
					<Vertex X="79639" Y="28807" Z="0"/>
					<Vertex X="79500" Y="28807" Z="0"/>
					<Vertex X="79441" Y="28807" Z="0"/>
					<Vertex X="79223" Y="28807" Z="0"/>
					<Vertex X="79084" Y="28827" Z="0"/>
					<Vertex X="78925" Y="28866" Z="0"/>
					<Vertex X="78786" Y="28926" Z="0"/>
					<Vertex X="78628" Y="28985" Z="0"/>
					<Vertex X="78489" Y="29045" Z="0"/>
					<Vertex X="78330" Y="29124" Z="0"/>
					<Vertex X="78152" Y="29223" Z="0"/>
					<Vertex X="77974" Y="29302" Z="0"/>
					<Vertex X="77835" Y="29402" Z="0"/>
					<Vertex X="77716" Y="29481" Z="0"/>
					<Vertex X="77597" Y="29600" Z="0"/>
					<Vertex X="77478" Y="29699" Z="0"/>
					<Vertex X="77379" Y="29778" Z="0"/>
					<Vertex X="77240" Y="29937" Z="0"/>
					<Vertex X="77141" Y="30016" Z="0"/>
					<Vertex X="77062" Y="30155" Z="0"/>
					<Vertex X="76943" Y="30294" Z="0"/>
					<Vertex X="76843" Y="30432" Z="0"/>
					<Vertex X="76784" Y="30551" Z="0"/>
					<Vertex X="76705" Y="30670" Z="0"/>
					<Vertex X="76645" Y="30789" Z="0"/>
					<Vertex X="76586" Y="30908" Z="0"/>
					<Vertex X="76546" Y="31047" Z="0"/>
					<Vertex X="76526" Y="31186" Z="0"/>
					<Vertex X="76526" Y="31305" Z="0"/>
					<Vertex X="76526" Y="31424" Z="0"/>
					<Vertex X="76526" Y="31563" Z="0"/>
					<Vertex X="76526" Y="31682" Z="0"/>
					<Vertex X="76546" Y="31840" Z="0"/>
					<Vertex X="76586" Y="31959" Z="0"/>
					<Vertex X="76645" Y="32078" Z="0"/>
					<Vertex X="76705" Y="32157" Z="0"/>
					<Vertex X="76784" Y="32256" Z="0"/>
					<Vertex X="76883" Y="32336" Z="0"/>
					<Vertex X="76962" Y="32435" Z="0"/>
					<Vertex X="77081" Y="32494" Z="0"/>
					<Vertex X="77200" Y="32554" Z="0"/>
					<Vertex X="77299" Y="32613" Z="0"/>
					<Vertex X="77418" Y="32673" Z="0"/>
					<Vertex X="77537" Y="32693" Z="0"/>
					<Vertex X="77656" Y="32752" Z="0"/>
					<Vertex X="77855" Y="32812" Z="0"/>
					<Vertex X="77974" Y="32851" Z="0"/>
					<Vertex X="78013" Y="32871" Z="0"/>
					<Vertex X="78211" Y="32911" Z="0"/>
					<Vertex X="78330" Y="32931" Z="0"/>
					<Vertex X="78449" Y="32931" Z="0"/>
					<Vertex X="78568" Y="32970" Z="0"/>
					<Vertex X="78687" Y="32970" Z="0"/>
					<Vertex X="78806" Y="32970" Z="0"/>
					<Vertex X="79024" Y="32970" Z="0"/>
					<Vertex X="79143" Y="32970" Z="0"/>
					<Vertex X="79282" Y="32970" Z="0"/>
					<Vertex X="79401" Y="32970" Z="0"/>
					<Vertex X="79560" Y="32931" Z="0"/>
					<Vertex X="79679" Y="32931" Z="0"/>
					<Vertex X="79817" Y="32931" Z="0"/>
					<Vertex X="79936" Y="32911" Z="0"/>
					<Vertex X="80115" Y="32851" Z="0"/>
					<Vertex X="80273" Y="32792" Z="0"/>
					<Vertex X="80392" Y="32732" Z="0"/>
					<Vertex X="80511" Y="32673" Z="0"/>
					<Vertex X="80630" Y="32613" Z="0"/>
					<Vertex X="80749" Y="32554" Z="0"/>
					<Vertex X="80828" Y="32494" Z="0"/>
					<Vertex X="80947" Y="32435" Z="0"/>
					<Vertex X="81046" Y="32336" Z="0"/>
					<Vertex X="81165" Y="32256" Z="0"/>
					<Vertex X="81245" Y="32157" Z="0"/>
					<Vertex X="81344" Y="32098" Z="0"/>
					<Vertex X="81403" Y="32019" Z="0"/>
					<Vertex X="81483" Y="31939" Z="0"/>
					<Vertex X="81602" Y="31800" Z="0"/>
					<Vertex X="81661" Y="31721" Z="0"/>
					<Vertex X="81701" Y="31622" Z="0"/>
					<Vertex X="81760" Y="31543" Z="0"/>
					<Vertex X="81780" Y="31444" Z="0"/>
					<Vertex X="81820" Y="31384" Z="0"/>
					<Vertex X="81840" Y="31305" Z="0"/>
					<Vertex X="81879" Y="31245" Z="0"/>
					<Vertex X="81899" Y="31186" Z="0"/>
					<Vertex X="81939" Y="31087" Z="0"/>
					<Vertex X="81958" Y="31047" Z="0"/>
					<Vertex X="81958" Y="30968" Z="0"/>
					<Vertex X="81998" Y="30908" Z="0"/>
					<Vertex X="81998" Y="30849" Z="0"/>
					<Vertex X="82018" Y="30770" Z="0"/>
					<Vertex X="82058" Y="30730" Z="0"/>
					<Vertex X="82058" Y="30651" Z="0"/>
					<Vertex X="82058" Y="30591" Z="0"/>
					<Vertex X="82058" Y="30551" Z="0"/>
					<Vertex X="82077" Y="30492" Z="0"/>
					<Vertex X="82077" Y="30472" Z="0"/>
					<Vertex X="82077" Y="30413" Z="0"/>
					<Vertex X="82077" Y="30353" Z="0"/>
					<Vertex X="82077" Y="30294" Z="0"/>
					<Vertex X="82077" Y="30234" Z="0"/>
					<Vertex X="82077" Y="30195" Z="0"/>
					<Vertex X="82058" Y="30175" Z="0"/>
					<Vertex X="82058" Y="30155" Z="0"/>
					<Vertex X="82058" Y="30076" Z="0"/>
					<Vertex X="82018" Y="30056" Z="0"/>
					<Vertex X="82018" Y="29996" Z="0"/>
					<Vertex X="82018" Y="29957" Z="0"/>
					<Vertex X="81998" Y="29937" Z="0"/>
					<Vertex X="81998" Y="29917" Z="0"/>
					<Vertex X="81958" Y="29877" Z="0"/>
					<Vertex X="81939" Y="29877" Z="0"/>
					<Vertex X="81939" Y="29877" Z="0"/>
					<Vertex X="81939" Y="29838" Z="0"/>
					<Vertex X="81939" Y="29838" Z="0"/>
				</Vertices>
			</Region>
			<Region Id="2" Type="0" Zoom="0.050000" Selected="0" ImageLocation="" ImageFocus="-1" Length="26963.6" Area="41529270.5" LengthMicrons="6800.2" AreaMicrons="2641462.6" Text="" NegativeROA="0" InputRegionId="0" Analyze="1" DisplayId="2">
				<Attributes/>
				<Vertices>
					<Vertex X="86161" Y="32137" Z="0"/>
					<Vertex X="84992" Y="31265" Z="0"/>
					<Vertex X="84873" Y="31206" Z="0"/>
					<Vertex X="84754" Y="31186" Z="0"/>
					<Vertex X="84635" Y="31146" Z="0"/>
					<Vertex X="84516" Y="31126" Z="0"/>
					<Vertex X="84437" Y="31087" Z="0"/>
					<Vertex X="84278" Y="31087" Z="0"/>
					<Vertex X="84159" Y="31126" Z="0"/>
					<Vertex X="84080" Y="31146" Z="0"/>
					<Vertex X="83921" Y="31206" Z="0"/>
					<Vertex X="83743" Y="31364" Z="0"/>
					<Vertex X="83663" Y="31444" Z="0"/>
					<Vertex X="83564" Y="31602" Z="0"/>
					<Vertex X="83445" Y="31721" Z="0"/>
					<Vertex X="83386" Y="31860" Z="0"/>
					<Vertex X="83307" Y="32019" Z="0"/>
					<Vertex X="83188" Y="32217" Z="0"/>
					<Vertex X="83128" Y="32395" Z="0"/>
					<Vertex X="83069" Y="32554" Z="0"/>
					<Vertex X="83009" Y="32812" Z="0"/>
					<Vertex X="82950" Y="32990" Z="0"/>
					<Vertex X="82910" Y="33268" Z="0"/>
					<Vertex X="82890" Y="33446" Z="0"/>
					<Vertex X="82851" Y="33585" Z="0"/>
					<Vertex X="82831" Y="33763" Z="0"/>
					<Vertex X="82791" Y="33922" Z="0"/>
					<Vertex X="82791" Y="34100" Z="0"/>
					<Vertex X="82791" Y="34279" Z="0"/>
					<Vertex X="82791" Y="34437" Z="0"/>
					<Vertex X="82791" Y="34596" Z="0"/>
					<Vertex X="82791" Y="34774" Z="0"/>
					<Vertex X="82831" Y="34973" Z="0"/>
					<Vertex X="82851" Y="35111" Z="0"/>
					<Vertex X="82890" Y="35290" Z="0"/>
					<Vertex X="82910" Y="35448" Z="0"/>
					<Vertex X="82989" Y="35587" Z="0"/>
					<Vertex X="83089" Y="35766" Z="0"/>
					<Vertex X="83128" Y="35825" Z="0"/>
					<Vertex X="83247" Y="35944" Z="0"/>
					<Vertex X="83326" Y="36003" Z="0"/>
					<Vertex X="83445" Y="36083" Z="0"/>
					<Vertex X="83545" Y="36162" Z="0"/>
					<Vertex X="83624" Y="36202" Z="0"/>
					<Vertex X="83683" Y="36261" Z="0"/>
					<Vertex X="83743" Y="36360" Z="0"/>
					<Vertex X="83842" Y="36420" Z="0"/>
					<Vertex X="83901" Y="36519" Z="0"/>
					<Vertex X="83961" Y="36598" Z="0"/>
					<Vertex X="84040" Y="36757" Z="0"/>
					<Vertex X="84100" Y="36836" Z="0"/>
					<Vertex X="84159" Y="36955" Z="0"/>
					<Vertex X="84219" Y="37054" Z="0"/>
					<Vertex X="84258" Y="37153" Z="0"/>
					<Vertex X="84278" Y="37272" Z="0"/>
					<Vertex X="84318" Y="37411" Z="0"/>
					<Vertex X="84357" Y="37570" Z="0"/>
					<Vertex X="84377" Y="37689" Z="0"/>
					<Vertex X="84397" Y="37847" Z="0"/>
					<Vertex X="84437" Y="37966" Z="0"/>
					<Vertex X="84437" Y="38085" Z="0"/>
					<Vertex X="84496" Y="38244" Z="0"/>
					<Vertex X="84496" Y="38343" Z="0"/>
					<Vertex X="84556" Y="38462" Z="0"/>
					<Vertex X="84575" Y="38581" Z="0"/>
					<Vertex X="84675" Y="38739" Z="0"/>
					<Vertex X="84754" Y="38839" Z="0"/>
					<Vertex X="84813" Y="38878" Z="0"/>
					<Vertex X="84912" Y="38977" Z="0"/>
					<Vertex X="84992" Y="38997" Z="0"/>
					<Vertex X="85051" Y="39057" Z="0"/>
					<Vertex X="85190" Y="39096" Z="0"/>
					<Vertex X="85269" Y="39136" Z="0"/>
					<Vertex X="85388" Y="39156" Z="0"/>
					<Vertex X="85507" Y="39176" Z="0"/>
					<Vertex X="85646" Y="39215" Z="0"/>
					<Vertex X="85725" Y="39275" Z="0"/>
					<Vertex X="85805" Y="39334" Z="0"/>
					<Vertex X="85864" Y="39394" Z="0"/>
					<Vertex X="85924" Y="39473" Z="0"/>
					<Vertex X="85963" Y="39572" Z="0"/>
					<Vertex X="85983" Y="39651" Z="0"/>
					<Vertex X="85983" Y="39770" Z="0"/>
					<Vertex X="86003" Y="39889" Z="0"/>
					<Vertex X="86043" Y="39988" Z="0"/>
					<Vertex X="86062" Y="40068" Z="0"/>
					<Vertex X="86102" Y="40167" Z="0"/>
					<Vertex X="86122" Y="40286" Z="0"/>
					<Vertex X="86161" Y="40345" Z="0"/>
					<Vertex X="86181" Y="40405" Z="0"/>
					<Vertex X="86221" Y="40464" Z="0"/>
					<Vertex X="86280" Y="40484" Z="0"/>
					<Vertex X="86340" Y="40544" Z="0"/>
					<Vertex X="86360" Y="40583" Z="0"/>
					<Vertex X="86419" Y="40603" Z="0"/>
					<Vertex X="86499" Y="40662" Z="0"/>
					<Vertex X="86518" Y="40702" Z="0"/>
					<Vertex X="86578" Y="40702" Z="0"/>
					<Vertex X="86637" Y="40722" Z="0"/>
					<Vertex X="86697" Y="40722" Z="0"/>
					<Vertex X="86717" Y="40762" Z="0"/>
					<Vertex X="86796" Y="40762" Z="0"/>
					<Vertex X="86836" Y="40762" Z="0"/>
					<Vertex X="86915" Y="40762" Z="0"/>
					<Vertex X="86935" Y="40762" Z="0"/>
					<Vertex X="86994" Y="40722" Z="0"/>
					<Vertex X="87054" Y="40722" Z="0"/>
					<Vertex X="87153" Y="40662" Z="0"/>
					<Vertex X="87173" Y="40643" Z="0"/>
					<Vertex X="87232" Y="40603" Z="0"/>
					<Vertex X="87331" Y="40544" Z="0"/>
					<Vertex X="87391" Y="40484" Z="0"/>
					<Vertex X="87450" Y="40405" Z="0"/>
					<Vertex X="87529" Y="40345" Z="0"/>
					<Vertex X="87589" Y="40286" Z="0"/>
					<Vertex X="87648" Y="40286" Z="0"/>
					<Vertex X="87708" Y="40246" Z="0"/>
					<Vertex X="87827" Y="40246" Z="0"/>
					<Vertex X="87886" Y="40246" Z="0"/>
					<Vertex X="87985" Y="40246" Z="0"/>
					<Vertex X="88085" Y="40286" Z="0"/>
					<Vertex X="88124" Y="40325" Z="0"/>
					<Vertex X="88223" Y="40365" Z="0"/>
					<Vertex X="88283" Y="40365" Z="0"/>
					<Vertex X="88322" Y="40405" Z="0"/>
					<Vertex X="88422" Y="40425" Z="0"/>
					<Vertex X="88481" Y="40425" Z="0"/>
					<Vertex X="88560" Y="40425" Z="0"/>
					<Vertex X="88659" Y="40365" Z="0"/>
					<Vertex X="88719" Y="40345" Z="0"/>
					<Vertex X="88778" Y="40325" Z="0"/>
					<Vertex X="88838" Y="40246" Z="0"/>
					<Vertex X="88878" Y="40187" Z="0"/>
					<Vertex X="88937" Y="40048" Z="0"/>
					<Vertex X="88957" Y="39949" Z="0"/>
					<Vertex X="88957" Y="39869" Z="0"/>
					<Vertex X="88957" Y="39751" Z="0"/>
					<Vertex X="88937" Y="39632" Z="0"/>
					<Vertex X="88937" Y="39473" Z="0"/>
					<Vertex X="88937" Y="39354" Z="0"/>
					<Vertex X="88897" Y="39215" Z="0"/>
					<Vertex X="88897" Y="39057" Z="0"/>
					<Vertex X="88878" Y="38918" Z="0"/>
					<Vertex X="88838" Y="38700" Z="0"/>
					<Vertex X="88818" Y="38561" Z="0"/>
					<Vertex X="88759" Y="38402" Z="0"/>
					<Vertex X="88719" Y="38264" Z="0"/>
					<Vertex X="88699" Y="38105" Z="0"/>
					<Vertex X="88659" Y="37867" Z="0"/>
					<Vertex X="88659" Y="37728" Z="0"/>
					<Vertex X="88620" Y="37570" Z="0"/>
					<Vertex X="88620" Y="37431" Z="0"/>
					<Vertex X="88620" Y="37312" Z="0"/>
					<Vertex X="88620" Y="37153" Z="0"/>
					<Vertex X="88659" Y="37015" Z="0"/>
					<Vertex X="88659" Y="36896" Z="0"/>
					<Vertex X="88699" Y="36777" Z="0"/>
					<Vertex X="88719" Y="36598" Z="0"/>
					<Vertex X="88759" Y="36519" Z="0"/>
					<Vertex X="88818" Y="36380" Z="0"/>
					<Vertex X="88838" Y="36301" Z="0"/>
					<Vertex X="88878" Y="36202" Z="0"/>
					<Vertex X="88897" Y="36083" Z="0"/>
					<Vertex X="88937" Y="35924" Z="0"/>
					<Vertex X="88957" Y="35825" Z="0"/>
					<Vertex X="88957" Y="35706" Z="0"/>
					<Vertex X="88957" Y="35587" Z="0"/>
					<Vertex X="88997" Y="35468" Z="0"/>
					<Vertex X="88997" Y="35349" Z="0"/>
					<Vertex X="88997" Y="35191" Z="0"/>
					<Vertex X="88997" Y="35072" Z="0"/>
					<Vertex X="88997" Y="34893" Z="0"/>
					<Vertex X="88957" Y="34754" Z="0"/>
					<Vertex X="88957" Y="34636" Z="0"/>
					<Vertex X="88957" Y="34517" Z="0"/>
					<Vertex X="88937" Y="34378" Z="0"/>
					<Vertex X="88897" Y="34279" Z="0"/>
					<Vertex X="88878" Y="34160" Z="0"/>
					<Vertex X="88838" Y="34041" Z="0"/>
					<Vertex X="88818" Y="33961" Z="0"/>
					<Vertex X="88778" Y="33862" Z="0"/>
					<Vertex X="88759" Y="33743" Z="0"/>
					<Vertex X="88719" Y="33664" Z="0"/>
					<Vertex X="88699" Y="33585" Z="0"/>
					<Vertex X="88699" Y="33505" Z="0"/>
					<Vertex X="88659" Y="33426" Z="0"/>
					<Vertex X="88620" Y="33347" Z="0"/>
					<Vertex X="88600" Y="33287" Z="0"/>
					<Vertex X="88560" Y="33228" Z="0"/>
					<Vertex X="88541" Y="33109" Z="0"/>
					<Vertex X="88521" Y="33069" Z="0"/>
					<Vertex X="88481" Y="32990" Z="0"/>
					<Vertex X="88461" Y="32931" Z="0"/>
					<Vertex X="88402" Y="32871" Z="0"/>
					<Vertex X="88362" Y="32812" Z="0"/>
					<Vertex X="88322" Y="32792" Z="0"/>
					<Vertex X="88283" Y="32732" Z="0"/>
					<Vertex X="88223" Y="32673" Z="0"/>
					<Vertex X="88164" Y="32613" Z="0"/>
					<Vertex X="88124" Y="32574" Z="0"/>
					<Vertex X="88065" Y="32554" Z="0"/>
					<Vertex X="88025" Y="32554" Z="0"/>
					<Vertex X="87946" Y="32534" Z="0"/>
					<Vertex X="87886" Y="32534" Z="0"/>
					<Vertex X="87827" Y="32534" Z="0"/>
					<Vertex X="87748" Y="32534" Z="0"/>
					<Vertex X="87688" Y="32494" Z="0"/>
					<Vertex X="87648" Y="32534" Z="0"/>
					<Vertex X="87589" Y="32534" Z="0"/>
					<Vertex X="87529" Y="32534" Z="0"/>
					<Vertex X="87470" Y="32534" Z="0"/>
					<Vertex X="87410" Y="32534" Z="0"/>
					<Vertex X="87331" Y="32534" Z="0"/>
					<Vertex X="87252" Y="32534" Z="0"/>
					<Vertex X="87212" Y="32534" Z="0"/>
					<Vertex X="87153" Y="32534" Z="0"/>
					<Vertex X="87054" Y="32534" Z="0"/>
					<Vertex X="86994" Y="32534" Z="0"/>
					<Vertex X="86915" Y="32534" Z="0"/>
					<Vertex X="86836" Y="32494" Z="0"/>
					<Vertex X="86796" Y="32494" Z="0"/>
					<Vertex X="86717" Y="32475" Z="0"/>
					<Vertex X="86637" Y="32475" Z="0"/>
					<Vertex X="86538" Y="32435" Z="0"/>
					<Vertex X="86499" Y="32395" Z="0"/>
					<Vertex X="86419" Y="32375" Z="0"/>
					<Vertex X="86399" Y="32375" Z="0"/>
					<Vertex X="86340" Y="32316" Z="0"/>
					<Vertex X="86300" Y="32276" Z="0"/>
					<Vertex X="86280" Y="32276" Z="0"/>
					<Vertex X="86280" Y="32256" Z="0"/>
					<Vertex X="86280" Y="32217" Z="0"/>
					<Vertex X="86280" Y="32197" Z="0"/>
					<Vertex X="86340" Y="32137" Z="0"/>
					<Vertex X="86280" Y="32137" Z="0"/>
					<Vertex X="86261" Y="32137" Z="0"/>
					<Vertex X="86161" Y="32137" Z="0"/>
				</Vertices>
			</Region>
			<Region Id="3" Type="0" Zoom="0.015632" Selected="1" ImageLocation="" ImageFocus="-1" Length="171542.5" Area="1066053706.0" LengthMicrons="43263.0" AreaMicrons="67806175.4" Text="" NegativeROA="0" InputRegionId="0" Analyze="1" DisplayId="3">
				<Attributes/>
				<Vertices>
					<Vertex X="105908" Y="13164" Z="0"/>
					<Vertex X="105769" Y="13223" Z="0"/>
					<Vertex X="105531" Y="13342" Z="0"/>
					<Vertex X="105353" Y="13402" Z="0"/>
					<Vertex X="105075" Y="13521" Z="0"/>
					<Vertex X="104897" Y="13620" Z="0"/>
					<Vertex X="104698" Y="13679" Z="0"/>
					<Vertex X="104401" Y="13798" Z="0"/>
					<Vertex X="104222" Y="13858" Z="0"/>
					<Vertex X="104004" Y="13937" Z="0"/>
					<Vertex X="103687" Y="14036" Z="0"/>
					<Vertex X="103509" Y="14036" Z="0"/>
					<Vertex X="101982" Y="14512" Z="0"/>
					<Vertex X="101268" Y="14750" Z="0"/>
					<Vertex X="101130" Y="14809" Z="0"/>
					<Vertex X="100912" Y="14889" Z="0"/>
					<Vertex X="100773" Y="14948" Z="0"/>
					<Vertex X="100654" Y="15008" Z="0"/>
					<Vertex X="100475" Y="15107" Z="0"/>
					<Vertex X="100356" Y="15166" Z="0"/>
					<Vertex X="100238" Y="15226" Z="0"/>
					<Vertex X="100059" Y="15345" Z="0"/>
					<Vertex X="99940" Y="15424" Z="0"/>
					<Vertex X="99821" Y="15523" Z="0"/>
					<Vertex X="99643" Y="15642" Z="0"/>
					<Vertex X="99544" Y="15741" Z="0"/>
					<Vertex X="99405" Y="15840" Z="0"/>
					<Vertex X="99306" Y="15940" Z="0"/>
					<Vertex X="99246" Y="16019" Z="0"/>
					<Vertex X="99167" Y="16118" Z="0"/>
					<Vertex X="99068" Y="16257" Z="0"/>
					<Vertex X="99008" Y="16356" Z="0"/>
					<Vertex X="98949" Y="16415" Z="0"/>
					<Vertex X="98870" Y="16534" Z="0"/>
					<Vertex X="98810" Y="16614" Z="0"/>
					<Vertex X="98770" Y="16713" Z="0"/>
					<Vertex X="98711" Y="16792" Z="0"/>
					<Vertex X="98651" Y="16911" Z="0"/>
					<Vertex X="98572" Y="17070" Z="0"/>
					<Vertex X="98533" Y="17129" Z="0"/>
					<Vertex X="98473" Y="17208" Z="0"/>
					<Vertex X="98354" Y="17327" Z="0"/>
					<Vertex X="98295" Y="17426" Z="0"/>
					<Vertex X="98215" Y="17486" Z="0"/>
					<Vertex X="98057" Y="17605" Z="0"/>
					<Vertex X="97977" Y="17664" Z="0"/>
					<Vertex X="97878" Y="17724" Z="0"/>
					<Vertex X="97759" Y="17783" Z="0"/>
					<Vertex X="97581" Y="17863" Z="0"/>
					<Vertex X="97462" Y="17922" Z="0"/>
					<Vertex X="97343" Y="17982" Z="0"/>
					<Vertex X="97224" Y="18021" Z="0"/>
					<Vertex X="97046" Y="18081" Z="0"/>
					<Vertex X="96907" Y="18101" Z="0"/>
					<Vertex X="96788" Y="18140" Z="0"/>
					<Vertex X="96609" Y="18200" Z="0"/>
					<Vertex X="96451" Y="18219" Z="0"/>
					<Vertex X="96312" Y="18259" Z="0"/>
					<Vertex X="96153" Y="18259" Z="0"/>
					<Vertex X="95916" Y="18279" Z="0"/>
					<Vertex X="95678" Y="18319" Z="0"/>
					<Vertex X="95499" Y="18338" Z="0"/>
					<Vertex X="95321" Y="18378" Z="0"/>
					<Vertex X="95063" Y="18438" Z="0"/>
					<Vertex X="94904" Y="18497" Z="0"/>
					<Vertex X="94706" Y="18517" Z="0"/>
					<Vertex X="94429" Y="18616" Z="0"/>
					<Vertex X="94250" Y="18675" Z="0"/>
					<Vertex X="94072" Y="18755" Z="0"/>
					<Vertex X="93893" Y="18814" Z="0"/>
					<Vertex X="93636" Y="18913" Z="0"/>
					<Vertex X="93457" Y="18993" Z="0"/>
					<Vertex X="93279" Y="19052" Z="0"/>
					<Vertex X="93061" Y="19151" Z="0"/>
					<Vertex X="92803" Y="19290" Z="0"/>
					<Vertex X="92644" Y="19409" Z="0"/>
					<Vertex X="92506" Y="19528" Z="0"/>
					<Vertex X="92327" Y="19627" Z="0"/>
					<Vertex X="92109" Y="19806" Z="0"/>
					<Vertex X="91990" Y="19944" Z="0"/>
					<Vertex X="91871" Y="20063" Z="0"/>
					<Vertex X="91732" Y="20242" Z="0"/>
					<Vertex X="91633" Y="20361" Z="0"/>
					<Vertex X="91514" Y="20539" Z="0"/>
					<Vertex X="91455" Y="20698" Z="0"/>
					<Vertex X="91376" Y="20817" Z="0"/>
					<Vertex X="91257" Y="21015" Z="0"/>
					<Vertex X="91197" Y="21134" Z="0"/>
					<Vertex X="91098" Y="21292" Z="0"/>
					<Vertex X="91038" Y="21411" Z="0"/>
					<Vertex X="90900" Y="21610" Z="0"/>
					<Vertex X="90801" Y="21768" Z="0"/>
					<Vertex X="90721" Y="21947" Z="0"/>
					<Vertex X="90622" Y="22066" Z="0"/>
					<Vertex X="90483" Y="22264" Z="0"/>
					<Vertex X="90384" Y="22363" Z="0"/>
					<Vertex X="90265" Y="22442" Z="0"/>
					<Vertex X="90146" Y="22541" Z="0"/>
					<Vertex X="90027" Y="22601" Z="0"/>
					<Vertex X="89948" Y="22660" Z="0"/>
					<Vertex X="89829" Y="22680" Z="0"/>
					<Vertex X="89730" Y="22720" Z="0"/>
					<Vertex X="89552" Y="22740" Z="0"/>
					<Vertex X="89413" Y="22779" Z="0"/>
					<Vertex X="89314" Y="22779" Z="0"/>
					<Vertex X="89195" Y="22799" Z="0"/>
					<Vertex X="89016" Y="22799" Z="0"/>
					<Vertex X="88897" Y="22779" Z="0"/>
					<Vertex X="88778" Y="22779" Z="0"/>
					<Vertex X="88659" Y="22779" Z="0"/>
					<Vertex X="88481" Y="22799" Z="0"/>
					<Vertex X="88342" Y="22799" Z="0"/>
					<Vertex X="88223" Y="22839" Z="0"/>
					<Vertex X="88005" Y="22898" Z="0"/>
					<Vertex X="87926" Y="22958" Z="0"/>
					<Vertex X="87807" Y="23037" Z="0"/>
					<Vertex X="87708" Y="23136" Z="0"/>
					<Vertex X="87628" Y="23255" Z="0"/>
					<Vertex X="87569" Y="23334" Z="0"/>
					<Vertex X="87529" Y="23434" Z="0"/>
					<Vertex X="87470" Y="23572" Z="0"/>
					<Vertex X="87450" Y="23691" Z="0"/>
					<Vertex X="87450" Y="23810" Z="0"/>
					<Vertex X="87410" Y="23989" Z="0"/>
					<Vertex X="87391" Y="24088" Z="0"/>
					<Vertex X="87351" Y="24286" Z="0"/>
					<Vertex X="87331" Y="24405" Z="0"/>
					<Vertex X="87331" Y="24564" Z="0"/>
					<Vertex X="87331" Y="24683" Z="0"/>
					<Vertex X="87331" Y="24861" Z="0"/>
					<Vertex X="87331" Y="25000" Z="0"/>
					<Vertex X="87331" Y="25119" Z="0"/>
					<Vertex X="87351" Y="25337" Z="0"/>
					<Vertex X="87391" Y="25456" Z="0"/>
					<Vertex X="87410" Y="25614" Z="0"/>
					<Vertex X="87450" Y="25753" Z="0"/>
					<Vertex X="87510" Y="25951" Z="0"/>
					<Vertex X="87529" Y="26110" Z="0"/>
					<Vertex X="87589" Y="26249" Z="0"/>
					<Vertex X="87628" Y="26407" Z="0"/>
					<Vertex X="87708" Y="26606" Z="0"/>
					<Vertex X="87767" Y="26725" Z="0"/>
					<Vertex X="87827" Y="26883" Z="0"/>
					<Vertex X="87886" Y="27002" Z="0"/>
					<Vertex X="87985" Y="27200" Z="0"/>
					<Vertex X="88065" Y="27359" Z="0"/>
					<Vertex X="88124" Y="27478" Z="0"/>
					<Vertex X="88223" Y="27617" Z="0"/>
					<Vertex X="88342" Y="27795" Z="0"/>
					<Vertex X="88481" Y="28013" Z="0"/>
					<Vertex X="88580" Y="28132" Z="0"/>
					<Vertex X="88699" Y="28331" Z="0"/>
					<Vertex X="88778" Y="28489" Z="0"/>
					<Vertex X="88897" Y="28608" Z="0"/>
					<Vertex X="89016" Y="28786" Z="0"/>
					<Vertex X="89115" Y="28905" Z="0"/>
					<Vertex X="89195" Y="29024" Z="0"/>
					<Vertex X="89254" Y="29143" Z="0"/>
					<Vertex X="89413" Y="29282" Z="0"/>
					<Vertex X="89492" Y="29381" Z="0"/>
					<Vertex X="89591" Y="29461" Z="0"/>
					<Vertex X="89671" Y="29560" Z="0"/>
					<Vertex X="89789" Y="29679" Z="0"/>
					<Vertex X="89849" Y="29738" Z="0"/>
					<Vertex X="89908" Y="29798" Z="0"/>
					<Vertex X="90008" Y="29857" Z="0"/>
					<Vertex X="90087" Y="29917" Z="0"/>
					<Vertex X="90126" Y="29936" Z="0"/>
					<Vertex X="90186" Y="30016" Z="0"/>
					<Vertex X="90245" Y="30036" Z="0"/>
					<Vertex X="90265" Y="30095" Z="0"/>
					<Vertex X="90305" Y="30115" Z="0"/>
					<Vertex X="90364" Y="30154" Z="0"/>
					<Vertex X="90384" Y="30174" Z="0"/>
					<Vertex X="90444" Y="30234" Z="0"/>
					<Vertex X="90483" Y="30273" Z="0"/>
					<Vertex X="90503" Y="30313" Z="0"/>
					<Vertex X="90602" Y="30333" Z="0"/>
					<Vertex X="90622" Y="30353" Z="0"/>
					<Vertex X="90682" Y="30353" Z="0"/>
					<Vertex X="90741" Y="30353" Z="0"/>
					<Vertex X="90801" Y="30392" Z="0"/>
					<Vertex X="90860" Y="30392" Z="0"/>
					<Vertex X="90900" Y="30392" Z="0"/>
					<Vertex X="90959" Y="30392" Z="0"/>
					<Vertex X="91019" Y="30412" Z="0"/>
					<Vertex X="91078" Y="30412" Z="0"/>
					<Vertex X="91157" Y="30412" Z="0"/>
					<Vertex X="91257" Y="30412" Z="0"/>
					<Vertex X="91316" Y="30412" Z="0"/>
					<Vertex X="91435" Y="30412" Z="0"/>
					<Vertex X="91514" Y="30412" Z="0"/>
					<Vertex X="91613" Y="30412" Z="0"/>
					<Vertex X="91673" Y="30412" Z="0"/>
					<Vertex X="91792" Y="30412" Z="0"/>
					<Vertex X="91871" Y="30412" Z="0"/>
					<Vertex X="91970" Y="30412" Z="0"/>
					<Vertex X="92050" Y="30392" Z="0"/>
					<Vertex X="92149" Y="30392" Z="0"/>
					<Vertex X="92228" Y="30353" Z="0"/>
					<Vertex X="92287" Y="30353" Z="0"/>
					<Vertex X="92406" Y="30333" Z="0"/>
					<Vertex X="92466" Y="30313" Z="0"/>
					<Vertex X="92525" Y="30313" Z="0"/>
					<Vertex X="92625" Y="30273" Z="0"/>
					<Vertex X="92644" Y="30273" Z="0"/>
					<Vertex X="92704" Y="30234" Z="0"/>
					<Vertex X="92763" Y="30234" Z="0"/>
					<Vertex X="92803" Y="30234" Z="0"/>
					<Vertex X="92803" Y="30214" Z="0"/>
					<Vertex X="92823" Y="30214" Z="0"/>
					<Vertex X="92862" Y="30174" Z="0"/>
					<Vertex X="92862" Y="30154" Z="0"/>
					<Vertex X="92922" Y="30115" Z="0"/>
					<Vertex X="92942" Y="30115" Z="0"/>
					<Vertex X="93001" Y="30095" Z="0"/>
					<Vertex X="93061" Y="30036" Z="0"/>
					<Vertex X="93120" Y="30016" Z="0"/>
					<Vertex X="93180" Y="30016" Z="0"/>
					<Vertex X="93279" Y="29936" Z="0"/>
					<Vertex X="93338" Y="29936" Z="0"/>
					<Vertex X="93398" Y="29917" Z="0"/>
					<Vertex X="93477" Y="29877" Z="0"/>
					<Vertex X="93517" Y="29857" Z="0"/>
					<Vertex X="93576" Y="29817" Z="0"/>
					<Vertex X="93655" Y="29798" Z="0"/>
					<Vertex X="93715" Y="29758" Z="0"/>
					<Vertex X="93774" Y="29738" Z="0"/>
					<Vertex X="93834" Y="29718" Z="0"/>
					<Vertex X="93893" Y="29679" Z="0"/>
					<Vertex X="93992" Y="29639" Z="0"/>
					<Vertex X="94012" Y="29619" Z="0"/>
					<Vertex X="94111" Y="29560" Z="0"/>
					<Vertex X="94171" Y="29520" Z="0"/>
					<Vertex X="94230" Y="29500" Z="0"/>
					<Vertex X="94290" Y="29461" Z="0"/>
					<Vertex X="94369" Y="29421" Z="0"/>
					<Vertex X="94429" Y="29381" Z="0"/>
					<Vertex X="94548" Y="29322" Z="0"/>
					<Vertex X="94607" Y="29282" Z="0"/>
					<Vertex X="94706" Y="29223" Z="0"/>
					<Vertex X="94766" Y="29163" Z="0"/>
					<Vertex X="94845" Y="29124" Z="0"/>
					<Vertex X="94904" Y="29044" Z="0"/>
					<Vertex X="95004" Y="28985" Z="0"/>
					<Vertex X="95123" Y="28925" Z="0"/>
					<Vertex X="95182" Y="28866" Z="0"/>
					<Vertex X="95261" Y="28826" Z="0"/>
					<Vertex X="95321" Y="28786" Z="0"/>
					<Vertex X="95479" Y="28687" Z="0"/>
					<Vertex X="95559" Y="28628" Z="0"/>
					<Vertex X="95717" Y="28568" Z="0"/>
					<Vertex X="95836" Y="28529" Z="0"/>
					<Vertex X="96015" Y="28449" Z="0"/>
					<Vertex X="96153" Y="28390" Z="0"/>
					<Vertex X="96332" Y="28331" Z="0"/>
					<Vertex X="96490" Y="28271" Z="0"/>
					<Vertex X="96609" Y="28251" Z="0"/>
					<Vertex X="96728" Y="28231" Z="0"/>
					<Vertex X="96867" Y="28192" Z="0"/>
					<Vertex X="97125" Y="28132" Z="0"/>
					<Vertex X="97264" Y="28132" Z="0"/>
					<Vertex X="97462" Y="28093" Z="0"/>
					<Vertex X="97621" Y="28093" Z="0"/>
					<Vertex X="97759" Y="28093" Z="0"/>
					<Vertex X="97938" Y="28093" Z="0"/>
					<Vertex X="98156" Y="28093" Z="0"/>
					<Vertex X="98334" Y="28132" Z="0"/>
					<Vertex X="98513" Y="28132" Z="0"/>
					<Vertex X="98751" Y="28152" Z="0"/>
					<Vertex X="98929" Y="28192" Z="0"/>
					<Vertex X="99068" Y="28231" Z="0"/>
					<Vertex X="99345" Y="28231" Z="0"/>
					<Vertex X="99524" Y="28251" Z="0"/>
					<Vertex X="99702" Y="28251" Z="0"/>
					<Vertex X="99940" Y="28271" Z="0"/>
					<Vertex X="100099" Y="28271" Z="0"/>
					<Vertex X="100238" Y="28311" Z="0"/>
					<Vertex X="100475" Y="28311" Z="0"/>
					<Vertex X="100634" Y="28311" Z="0"/>
					<Vertex X="100832" Y="28331" Z="0"/>
					<Vertex X="100971" Y="28370" Z="0"/>
					<Vertex X="101189" Y="28390" Z="0"/>
					<Vertex X="101328" Y="28430" Z="0"/>
					<Vertex X="101487" Y="28430" Z="0"/>
					<Vertex X="101705" Y="28449" Z="0"/>
					<Vertex X="101843" Y="28489" Z="0"/>
					<Vertex X="101982" Y="28489" Z="0"/>
					<Vertex X="102161" Y="28529" Z="0"/>
					<Vertex X="102379" Y="28549" Z="0"/>
					<Vertex X="102517" Y="28549" Z="0"/>
					<Vertex X="102636" Y="28568" Z="0"/>
					<Vertex X="102854" Y="28608" Z="0"/>
					<Vertex X="102973" Y="28628" Z="0"/>
					<Vertex X="103112" Y="28628" Z="0"/>
					<Vertex X="103310" Y="28668" Z="0"/>
					<Vertex X="103449" Y="28668" Z="0"/>
					<Vertex X="103588" Y="28687" Z="0"/>
					<Vertex X="103766" Y="28687" Z="0"/>
					<Vertex X="103885" Y="28687" Z="0"/>
					<Vertex X="104004" Y="28687" Z="0"/>
					<Vertex X="104222" Y="28687" Z="0"/>
					<Vertex X="104302" Y="28687" Z="0"/>
					<Vertex X="104421" Y="28687" Z="0"/>
					<Vertex X="104540" Y="28687" Z="0"/>
					<Vertex X="104718" Y="28687" Z="0"/>
					<Vertex X="104837" Y="28727" Z="0"/>
					<Vertex X="104916" Y="28727" Z="0"/>
					<Vertex X="105015" Y="28747" Z="0"/>
					<Vertex X="105075" Y="28747" Z="0"/>
					<Vertex X="105134" Y="28786" Z="0"/>
					<Vertex X="105174" Y="28786" Z="0"/>
					<Vertex X="105194" Y="28826" Z="0"/>
					<Vertex X="105194" Y="28866" Z="0"/>
					<Vertex X="105194" Y="28905" Z="0"/>
					<Vertex X="105194" Y="28965" Z="0"/>
					<Vertex X="105174" Y="29044" Z="0"/>
					<Vertex X="105134" Y="29124" Z="0"/>
					<Vertex X="105075" Y="29223" Z="0"/>
					<Vertex X="105015" Y="29322" Z="0"/>
					<Vertex X="104936" Y="29500" Z="0"/>
					<Vertex X="104837" Y="29580" Z="0"/>
					<Vertex X="104778" Y="29718" Z="0"/>
					<Vertex X="104718" Y="29798" Z="0"/>
					<Vertex X="104639" Y="29936" Z="0"/>
					<Vertex X="104540" Y="30036" Z="0"/>
					<Vertex X="104480" Y="30154" Z="0"/>
					<Vertex X="104421" Y="30273" Z="0"/>
					<Vertex X="104381" Y="30353" Z="0"/>
					<Vertex X="104302" Y="30412" Z="0"/>
					<Vertex X="104242" Y="30472" Z="0"/>
					<Vertex X="104222" Y="30511" Z="0"/>
					<Vertex X="104183" Y="30531" Z="0"/>
					<Vertex X="104123" Y="30571" Z="0"/>
					<Vertex X="104084" Y="30610" Z="0"/>
					<Vertex X="104004" Y="30610" Z="0"/>
					<Vertex X="103885" Y="30610" Z="0"/>
					<Vertex X="103846" Y="30610" Z="0"/>
					<Vertex X="103747" Y="30610" Z="0"/>
					<Vertex X="103628" Y="30610" Z="0"/>
					<Vertex X="103548" Y="30610" Z="0"/>
					<Vertex X="103449" Y="30610" Z="0"/>
					<Vertex X="103271" Y="30571" Z="0"/>
					<Vertex X="103112" Y="30531" Z="0"/>
					<Vertex X="103013" Y="30511" Z="0"/>
					<Vertex X="102775" Y="30472" Z="0"/>
					<Vertex X="102617" Y="30452" Z="0"/>
					<Vertex X="102319" Y="30452" Z="0"/>
					<Vertex X="102141" Y="30412" Z="0"/>
					<Vertex X="101843" Y="30412" Z="0"/>
					<Vertex X="101625" Y="30392" Z="0"/>
					<Vertex X="101328" Y="30392" Z="0"/>
					<Vertex X="101130" Y="30392" Z="0"/>
					<Vertex X="100892" Y="30353" Z="0"/>
					<Vertex X="100555" Y="30333" Z="0"/>
					<Vertex X="100317" Y="30333" Z="0"/>
					<Vertex X="100119" Y="30313" Z="0"/>
					<Vertex X="99762" Y="30273" Z="0"/>
					<Vertex X="99524" Y="30234" Z="0"/>
					<Vertex X="99187" Y="30214" Z="0"/>
					<Vertex X="98949" Y="30174" Z="0"/>
					<Vertex X="98751" Y="30154" Z="0"/>
					<Vertex X="98414" Y="30154" Z="0"/>
					<Vertex X="98215" Y="30154" Z="0"/>
					<Vertex X="97878" Y="30115" Z="0"/>
					<Vertex X="97680" Y="30115" Z="0"/>
					<Vertex X="97462" Y="30115" Z="0"/>
					<Vertex X="97165" Y="30115" Z="0"/>
					<Vertex X="96966" Y="30115" Z="0"/>
					<Vertex X="96669" Y="30115" Z="0"/>
					<Vertex X="96490" Y="30115" Z="0"/>
					<Vertex X="96312" Y="30154" Z="0"/>
					<Vertex X="96015" Y="30154" Z="0"/>
					<Vertex X="95836" Y="30174" Z="0"/>
					<Vertex X="95559" Y="30234" Z="0"/>
					<Vertex X="95380" Y="30273" Z="0"/>
					<Vertex X="95202" Y="30313" Z="0"/>
					<Vertex X="94944" Y="30353" Z="0"/>
					<Vertex X="94766" Y="30392" Z="0"/>
					<Vertex X="94607" Y="30412" Z="0"/>
					<Vertex X="94409" Y="30472" Z="0"/>
					<Vertex X="94250" Y="30531" Z="0"/>
					<Vertex X="94072" Y="30571" Z="0"/>
					<Vertex X="93953" Y="30630" Z="0"/>
					<Vertex X="93834" Y="30650" Z="0"/>
					<Vertex X="93695" Y="30749" Z="0"/>
					<Vertex X="93576" Y="30809" Z="0"/>
					<Vertex X="93477" Y="30888" Z="0"/>
					<Vertex X="93338" Y="31007" Z="0"/>
					<Vertex X="93219" Y="31106" Z="0"/>
					<Vertex X="93100" Y="31205" Z="0"/>
					<Vertex X="92981" Y="31304" Z="0"/>
					<Vertex X="92882" Y="31403" Z="0"/>
					<Vertex X="92823" Y="31522" Z="0"/>
					<Vertex X="92763" Y="31602" Z="0"/>
					<Vertex X="92743" Y="31661" Z="0"/>
					<Vertex X="92744" Y="31681" Z="0"/>
					<Vertex X="92526" Y="32950" Z="0"/>
					<Vertex X="92625" Y="33347" Z="0"/>
					<Vertex X="92684" Y="33485" Z="0"/>
					<Vertex X="92744" Y="33723" Z="0"/>
					<Vertex X="92803" Y="33902" Z="0"/>
					<Vertex X="92883" Y="34179" Z="0"/>
					<Vertex X="92942" Y="34318" Z="0"/>
					<Vertex X="93001" Y="34477" Z="0"/>
					<Vertex X="93101" Y="34734" Z="0"/>
					<Vertex X="93180" Y="34893" Z="0"/>
					<Vertex X="93299" Y="35131" Z="0"/>
					<Vertex X="93358" Y="35270" Z="0"/>
					<Vertex X="93418" Y="35389" Z="0"/>
					<Vertex X="93477" Y="35547" Z="0"/>
					<Vertex X="93576" Y="35745" Z="0"/>
					<Vertex X="93636" Y="35864" Z="0"/>
					<Vertex X="93695" Y="36023" Z="0"/>
					<Vertex X="93814" Y="36221" Z="0"/>
					<Vertex X="93894" Y="36380" Z="0"/>
					<Vertex X="94013" Y="36558" Z="0"/>
					<Vertex X="94112" Y="36697" Z="0"/>
					<Vertex X="94191" Y="36816" Z="0"/>
					<Vertex X="94369" Y="37034" Z="0"/>
					<Vertex X="94469" Y="37153" Z="0"/>
					<Vertex X="94647" Y="37292" Z="0"/>
					<Vertex X="94766" Y="37391" Z="0"/>
					<Vertex X="94885" Y="37450" Z="0"/>
					<Vertex X="95063" Y="37530" Z="0"/>
					<Vertex X="95182" Y="37589" Z="0"/>
					<Vertex X="95381" Y="37688" Z="0"/>
					<Vertex X="95480" Y="37708" Z="0"/>
					<Vertex X="95658" Y="37768" Z="0"/>
					<Vertex X="95777" Y="37827" Z="0"/>
					<Vertex X="95955" Y="37926" Z="0"/>
					<Vertex X="96074" Y="37946" Z="0"/>
					<Vertex X="96253" Y="38045" Z="0"/>
					<Vertex X="96372" Y="38105" Z="0"/>
					<Vertex X="96491" Y="38184" Z="0"/>
					<Vertex X="96630" Y="38303" Z="0"/>
					<Vertex X="96729" Y="38422" Z="0"/>
					<Vertex X="96848" Y="38541" Z="0"/>
					<Vertex X="96967" Y="38759" Z="0"/>
					<Vertex X="97046" Y="38898" Z="0"/>
					<Vertex X="97105" Y="39056" Z="0"/>
					<Vertex X="97204" Y="39294" Z="0"/>
					<Vertex X="97264" Y="39453" Z="0"/>
					<Vertex X="97343" Y="39691" Z="0"/>
					<Vertex X="97403" Y="39869" Z="0"/>
					<Vertex X="97462" Y="40008" Z="0"/>
					<Vertex X="97561" Y="40206" Z="0"/>
					<Vertex X="97641" Y="40365" Z="0"/>
					<Vertex X="97740" Y="40504" Z="0"/>
					<Vertex X="97859" Y="40761" Z="0"/>
					<Vertex X="97978" Y="40979" Z="0"/>
					<Vertex X="98077" Y="41138" Z="0"/>
					<Vertex X="98216" Y="41336" Z="0"/>
					<Vertex X="98374" Y="41495" Z="0"/>
					<Vertex X="98473" Y="41614" Z="0"/>
					<Vertex X="98612" Y="41792" Z="0"/>
					<Vertex X="98691" Y="41872" Z="0"/>
					<Vertex X="98830" Y="42070" Z="0"/>
					<Vertex X="98949" Y="42149" Z="0"/>
					<Vertex X="99048" Y="42268" Z="0"/>
					<Vertex X="99187" Y="42427" Z="0"/>
					<Vertex X="99306" Y="42506" Z="0"/>
					<Vertex X="99405" Y="42585" Z="0"/>
					<Vertex X="99584" Y="42744" Z="0"/>
					<Vertex X="99703" Y="42863" Z="0"/>
					<Vertex X="99881" Y="43041" Z="0"/>
					<Vertex X="100000" Y="43160" Z="0"/>
					<Vertex X="100139" Y="43299" Z="0"/>
					<Vertex X="100317" Y="43517" Z="0"/>
					<Vertex X="100436" Y="43656" Z="0"/>
					<Vertex X="100555" Y="43814" Z="0"/>
					<Vertex X="100733" Y="44013" Z="0"/>
					<Vertex X="100892" Y="44171" Z="0"/>
					<Vertex X="101070" Y="44409" Z="0"/>
					<Vertex X="101150" Y="44548" Z="0"/>
					<Vertex X="101308" Y="44707" Z="0"/>
					<Vertex X="101487" Y="44905" Z="0"/>
					<Vertex X="101606" Y="45064" Z="0"/>
					<Vertex X="101725" Y="45182" Z="0"/>
					<Vertex X="101883" Y="45381" Z="0"/>
					<Vertex X="102022" Y="45480" Z="0"/>
					<Vertex X="102201" Y="45638" Z="0"/>
					<Vertex X="102319" Y="45718" Z="0"/>
					<Vertex X="102498" Y="45857" Z="0"/>
					<Vertex X="102617" Y="45916" Z="0"/>
					<Vertex X="102677" Y="45836" Z="0"/>
					<Vertex X="104084" Y="46510" Z="0"/>
					<Vertex X="104441" Y="46609" Z="0"/>
					<Vertex X="104580" Y="46609" Z="0"/>
					<Vertex X="104679" Y="46629" Z="0"/>
					<Vertex X="106245" Y="46867" Z="0"/>
					<Vertex X="106464" Y="46986" Z="0"/>
					<Vertex X="106582" Y="47085" Z="0"/>
					<Vertex X="106642" Y="47165" Z="0"/>
					<Vertex X="106741" Y="47303" Z="0"/>
					<Vertex X="106801" Y="47402" Z="0"/>
					<Vertex X="106860" Y="47541" Z="0"/>
					<Vertex X="106920" Y="47700" Z="0"/>
					<Vertex X="106939" Y="47858" Z="0"/>
					<Vertex X="106999" Y="47977" Z="0"/>
					<Vertex X="106999" Y="48215" Z="0"/>
					<Vertex X="106999" Y="48394" Z="0"/>
					<Vertex X="106999" Y="48651" Z="0"/>
					<Vertex X="106999" Y="48830" Z="0"/>
					<Vertex X="106959" Y="49028" Z="0"/>
					<Vertex X="106939" Y="49246" Z="0"/>
					<Vertex X="106939" Y="49425" Z="0"/>
					<Vertex X="106939" Y="49623" Z="0"/>
					<Vertex X="106939" Y="49881" Z="0"/>
					<Vertex X="106939" Y="50019" Z="0"/>
					<Vertex X="106939" Y="50198" Z="0"/>
					<Vertex X="106939" Y="50356" Z="0"/>
					<Vertex X="106959" Y="50594" Z="0"/>
					<Vertex X="106959" Y="50733" Z="0"/>
					<Vertex X="106999" Y="50852" Z="0"/>
					<Vertex X="107038" Y="51070" Z="0"/>
					<Vertex X="107058" Y="51288" Z="0"/>
					<Vertex X="107058" Y="51427" Z="0"/>
					<Vertex X="107098" Y="51605" Z="0"/>
					<Vertex X="107118" Y="51744" Z="0"/>
					<Vertex X="107177" Y="51903" Z="0"/>
					<Vertex X="107197" Y="52022" Z="0"/>
					<Vertex X="107257" Y="52141" Z="0"/>
					<Vertex X="107356" Y="52299" Z="0"/>
					<Vertex X="107415" Y="52418" Z="0"/>
					<Vertex X="107475" Y="52498" Z="0"/>
					<Vertex X="107633" Y="52636" Z="0"/>
					<Vertex X="107693" Y="52736" Z="0"/>
					<Vertex X="107772" Y="52795" Z="0"/>
					<Vertex X="107891" Y="52914" Z="0"/>
					<Vertex X="107950" Y="52973" Z="0"/>
					<Vertex X="108050" Y="53033" Z="0"/>
					<Vertex X="108109" Y="53092" Z="0"/>
					<Vertex X="108208" Y="53152" Z="0"/>
					<Vertex X="108268" Y="53172" Z="0"/>
					<Vertex X="108406" Y="53211" Z="0"/>
					<Vertex X="108466" Y="53231" Z="0"/>
					<Vertex X="108545" Y="53271" Z="0"/>
					<Vertex X="108605" Y="53310" Z="0"/>
					<Vertex X="108704" Y="53330" Z="0"/>
					<Vertex X="108743" Y="53330" Z="0"/>
					<Vertex X="108803" Y="53330" Z="0"/>
					<Vertex X="108942" Y="53330" Z="0"/>
					<Vertex X="109001" Y="53310" Z="0"/>
					<Vertex X="109061" Y="53310" Z="0"/>
					<Vertex X="109180" Y="53310" Z="0"/>
					<Vertex X="109239" Y="53271" Z="0"/>
					<Vertex X="109318" Y="53231" Z="0"/>
					<Vertex X="109398" Y="53231" Z="0"/>
					<Vertex X="109497" Y="53211" Z="0"/>
					<Vertex X="109616" Y="53211" Z="0"/>
					<Vertex X="109715" Y="53211" Z="0"/>
					<Vertex X="109794" Y="53211" Z="0"/>
					<Vertex X="109933" Y="53172" Z="0"/>
					<Vertex X="110012" Y="53211" Z="0"/>
					<Vertex X="110092" Y="53211" Z="0"/>
					<Vertex X="110250" Y="53211" Z="0"/>
					<Vertex X="110310" Y="53231" Z="0"/>
					<Vertex X="110389" Y="53231" Z="0"/>
					<Vertex X="110508" Y="53310" Z="0"/>
					<Vertex X="110607" Y="53310" Z="0"/>
					<Vertex X="110726" Y="53330" Z="0"/>
					<Vertex X="110805" Y="53390" Z="0"/>
					<Vertex X="112272" Y="52815" Z="0"/>
					<Vertex X="112490" Y="52617" Z="0"/>
					<Vertex X="112550" Y="52557" Z="0"/>
					<Vertex X="112649" Y="52498" Z="0"/>
					<Vertex X="112709" Y="52438" Z="0"/>
					<Vertex X="112808" Y="52339" Z="0"/>
					<Vertex X="112828" Y="52260" Z="0"/>
					<Vertex X="112867" Y="52200" Z="0"/>
					<Vertex X="112907" Y="52081" Z="0"/>
					<Vertex X="112907" Y="51982" Z="0"/>
					<Vertex X="112946" Y="51923" Z="0"/>
					<Vertex X="112946" Y="51784" Z="0"/>
					<Vertex X="112946" Y="51705" Z="0"/>
					<Vertex X="112986" Y="51605" Z="0"/>
					<Vertex X="112986" Y="51427" Z="0"/>
					<Vertex X="112986" Y="51288" Z="0"/>
					<Vertex X="113006" Y="51149" Z="0"/>
					<Vertex X="113006" Y="51070" Z="0"/>
					<Vertex X="113006" Y="50991" Z="0"/>
					<Vertex X="113006" Y="50832" Z="0"/>
					<Vertex X="113026" Y="50733" Z="0"/>
					<Vertex X="113065" Y="50614" Z="0"/>
					<Vertex X="113125" Y="50475" Z="0"/>
					<Vertex X="113145" Y="50376" Z="0"/>
					<Vertex X="113224" Y="50297" Z="0"/>
					<Vertex X="113343" Y="50178" Z="0"/>
					<Vertex X="113442" Y="50059" Z="0"/>
					<Vertex X="113541" Y="49960" Z="0"/>
					<Vertex X="113680" Y="49881" Z="0"/>
					<Vertex X="113819" Y="49841" Z="0"/>
					<Vertex X="113977" Y="49782" Z="0"/>
					<Vertex X="114096" Y="49722" Z="0"/>
					<Vertex X="114215" Y="49702" Z="0"/>
					<Vertex X="114414" Y="49643" Z="0"/>
					<Vertex X="114552" Y="49623" Z="0"/>
					<Vertex X="114691" Y="49544" Z="0"/>
					<Vertex X="114949" Y="49464" Z="0"/>
					<Vertex X="115088" Y="49385" Z="0"/>
					<Vertex X="115226" Y="49326" Z="0"/>
					<Vertex X="115444" Y="49187" Z="0"/>
					<Vertex X="115563" Y="49107" Z="0"/>
					<Vertex X="115762" Y="48988" Z="0"/>
					<Vertex X="115881" Y="48929" Z="0"/>
					<Vertex X="116019" Y="48830" Z="0"/>
					<Vertex X="116198" Y="48751" Z="0"/>
					<Vertex X="116297" Y="48691" Z="0"/>
					<Vertex X="116495" Y="48592" Z="0"/>
					<Vertex X="116614" Y="48572" Z="0"/>
					<Vertex X="116733" Y="48533" Z="0"/>
					<Vertex X="116773" Y="48553" Z="0"/>
					<Vertex X="117843" Y="49544" Z="0"/>
					<Vertex X="117962" Y="49623" Z="0"/>
					<Vertex X="118061" Y="49723" Z="0"/>
					<Vertex X="118121" Y="49742" Z="0"/>
					<Vertex X="118200" Y="49782" Z="0"/>
					<Vertex X="118259" Y="49802" Z="0"/>
					<Vertex X="118359" Y="49841" Z="0"/>
					<Vertex X="118418" Y="49861" Z="0"/>
					<Vertex X="118478" Y="49901" Z="0"/>
					<Vertex X="118537" Y="49901" Z="0"/>
					<Vertex X="118616" Y="49921" Z="0"/>
					<Vertex X="118676" Y="49960" Z="0"/>
					<Vertex X="118715" Y="49960" Z="0"/>
					<Vertex X="118775" Y="49960" Z="0"/>
					<Vertex X="118834" Y="49980" Z="0"/>
					<Vertex X="118894" Y="49980" Z="0"/>
					<Vertex X="118914" Y="49980" Z="0"/>
					<Vertex X="119013" Y="50020" Z="0"/>
					<Vertex X="119033" Y="50020" Z="0"/>
					<Vertex X="119092" Y="50020" Z="0"/>
					<Vertex X="119152" Y="50040" Z="0"/>
					<Vertex X="119211" Y="50040" Z="0"/>
					<Vertex X="119251" Y="50079" Z="0"/>
					<Vertex X="119330" Y="50099" Z="0"/>
					<Vertex X="119370" Y="50099" Z="0"/>
					<Vertex X="119429" Y="50139" Z="0"/>
					<Vertex X="119489" Y="50159" Z="0"/>
					<Vertex X="119528" Y="50218" Z="0"/>
					<Vertex X="119568" Y="50258" Z="0"/>
					<Vertex X="119608" Y="50317" Z="0"/>
					<Vertex X="119667" Y="50337" Z="0"/>
					<Vertex X="119667" Y="50416" Z="0"/>
					<Vertex X="119727" Y="50476" Z="0"/>
					<Vertex X="119766" Y="50516" Z="0"/>
					<Vertex X="119786" Y="50615" Z="0"/>
					<Vertex X="119786" Y="50674" Z="0"/>
					<Vertex X="119806" Y="50734" Z="0"/>
					<Vertex X="119806" Y="50813" Z="0"/>
					<Vertex X="119806" Y="50912" Z="0"/>
					<Vertex X="119806" Y="51011" Z="0"/>
					<Vertex X="119786" Y="51090" Z="0"/>
					<Vertex X="119766" Y="51150" Z="0"/>
					<Vertex X="119727" Y="51229" Z="0"/>
					<Vertex X="119687" Y="51328" Z="0"/>
					<Vertex X="119627" Y="51388" Z="0"/>
					<Vertex X="119568" Y="51527" Z="0"/>
					<Vertex X="119548" Y="51606" Z="0"/>
					<Vertex X="119489" Y="51685" Z="0"/>
					<Vertex X="119429" Y="51804" Z="0"/>
					<Vertex X="119370" Y="51903" Z="0"/>
					<Vertex X="119310" Y="51983" Z="0"/>
					<Vertex X="119251" Y="52102" Z="0"/>
					<Vertex X="119191" Y="52201" Z="0"/>
					<Vertex X="119132" Y="52280" Z="0"/>
					<Vertex X="119033" Y="52399" Z="0"/>
					<Vertex X="119013" Y="52498" Z="0"/>
					<Vertex X="118953" Y="52577" Z="0"/>
					<Vertex X="118894" Y="52716" Z="0"/>
					<Vertex X="118834" Y="52855" Z="0"/>
					<Vertex X="118795" Y="52934" Z="0"/>
					<Vertex X="118735" Y="53093" Z="0"/>
					<Vertex X="118715" Y="53172" Z="0"/>
					<Vertex X="118676" Y="53291" Z="0"/>
					<Vertex X="118616" Y="53450" Z="0"/>
					<Vertex X="118557" Y="53529" Z="0"/>
					<Vertex X="118537" Y="53648" Z="0"/>
					<Vertex X="118478" Y="53787" Z="0"/>
					<Vertex X="118458" Y="53906" Z="0"/>
					<Vertex X="118418" Y="54025" Z="0"/>
					<Vertex X="118359" Y="54183" Z="0"/>
					<Vertex X="118359" Y="54302" Z="0"/>
					<Vertex X="118319" Y="54382" Z="0"/>
					<Vertex X="118319" Y="54540" Z="0"/>
					<Vertex X="118319" Y="54619" Z="0"/>
					<Vertex X="118359" Y="54738" Z="0"/>
					<Vertex X="118359" Y="54798" Z="0"/>
					<Vertex X="118378" Y="54917" Z="0"/>
					<Vertex X="118418" Y="55016" Z="0"/>
					<Vertex X="118458" Y="55135" Z="0"/>
					<Vertex X="118478" Y="55214" Z="0"/>
					<Vertex X="118497" Y="55313" Z="0"/>
					<Vertex X="118557" Y="55432" Z="0"/>
					<Vertex X="118597" Y="55512" Z="0"/>
					<Vertex X="118616" Y="55611" Z="0"/>
					<Vertex X="118676" Y="55730" Z="0"/>
					<Vertex X="118715" Y="55809" Z="0"/>
					<Vertex X="118775" Y="55868" Z="0"/>
					<Vertex X="118834" Y="55968" Z="0"/>
					<Vertex X="118894" Y="56027" Z="0"/>
					<Vertex X="119013" Y="56106" Z="0"/>
					<Vertex X="119072" Y="56166" Z="0"/>
					<Vertex X="119191" Y="56225" Z="0"/>
					<Vertex X="119251" Y="56285" Z="0"/>
					<Vertex X="119370" Y="56384" Z="0"/>
					<Vertex X="119449" Y="56443" Z="0"/>
					<Vertex X="119568" Y="56503" Z="0"/>
					<Vertex X="119667" Y="56523" Z="0"/>
					<Vertex X="119786" Y="56582" Z="0"/>
					<Vertex X="119905" Y="56622" Z="0"/>
					<Vertex X="119984" Y="56661" Z="0"/>
					<Vertex X="120103" Y="56681" Z="0"/>
					<Vertex X="120302" Y="56701" Z="0"/>
					<Vertex X="120440" Y="56701" Z="0"/>
					<Vertex X="120559" Y="56701" Z="0"/>
					<Vertex X="120698" Y="56661" Z="0"/>
					<Vertex X="120837" Y="56622" Z="0"/>
					<Vertex X="120916" Y="56582" Z="0"/>
					<Vertex X="121095" Y="56523" Z="0"/>
					<Vertex X="121174" Y="56503" Z="0"/>
					<Vertex X="121293" Y="56404" Z="0"/>
					<Vertex X="121451" Y="56285" Z="0"/>
					<Vertex X="121570" Y="56205" Z="0"/>
					<Vertex X="121669" Y="56087" Z="0"/>
					<Vertex X="121828" Y="55868" Z="0"/>
					<Vertex X="121947" Y="55690" Z="0"/>
					<Vertex X="122125" Y="55472" Z="0"/>
					<Vertex X="122244" Y="55274" Z="0"/>
					<Vertex X="122363" Y="55095" Z="0"/>
					<Vertex X="122522" Y="54877" Z="0"/>
					<Vertex X="122601" Y="54719" Z="0"/>
					<Vertex X="122760" Y="54441" Z="0"/>
					<Vertex X="122839" Y="54282" Z="0"/>
					<Vertex X="122958" Y="54064" Z="0"/>
					<Vertex X="123137" Y="53767" Z="0"/>
					<Vertex X="123196" Y="53588" Z="0"/>
					<Vertex X="123355" Y="53291" Z="0"/>
					<Vertex X="123414" Y="53113" Z="0"/>
					<Vertex X="123493" Y="52895" Z="0"/>
					<Vertex X="123652" Y="52597" Z="0"/>
					<Vertex X="123731" Y="52399" Z="0"/>
					<Vertex X="123811" Y="52221" Z="0"/>
					<Vertex X="123910" Y="51963" Z="0"/>
					<Vertex X="123969" Y="51804" Z="0"/>
					<Vertex X="124068" Y="51646" Z="0"/>
					<Vertex X="124148" Y="51408" Z="0"/>
					<Vertex X="124247" Y="51269" Z="0"/>
					<Vertex X="124306" Y="51110" Z="0"/>
					<Vertex X="124425" Y="50912" Z="0"/>
					<Vertex X="124445" Y="50773" Z="0"/>
					<Vertex X="124505" Y="50615" Z="0"/>
					<Vertex X="124604" Y="50377" Z="0"/>
					<Vertex X="124643" Y="50218" Z="0"/>
					<Vertex X="124723" Y="49960" Z="0"/>
					<Vertex X="124782" Y="49782" Z="0"/>
					<Vertex X="124842" Y="49564" Z="0"/>
					<Vertex X="124901" Y="49306" Z="0"/>
					<Vertex X="124961" Y="49108" Z="0"/>
					<Vertex X="125020" Y="48830" Z="0"/>
					<Vertex X="125079" Y="48652" Z="0"/>
					<Vertex X="125099" Y="48434" Z="0"/>
					<Vertex X="125198" Y="48136" Z="0"/>
					<Vertex X="125218" Y="47938" Z="0"/>
					<Vertex X="125278" Y="47641" Z="0"/>
					<Vertex X="125337" Y="47462" Z="0"/>
					<Vertex X="125417" Y="47185" Z="0"/>
					<Vertex X="125436" Y="47026" Z="0"/>
					<Vertex X="125496" Y="46749" Z="0"/>
					<Vertex X="125555" Y="46570" Z="0"/>
					<Vertex X="125615" Y="46392" Z="0"/>
					<Vertex X="125674" Y="46094" Z="0"/>
					<Vertex X="125734" Y="45916" Z="0"/>
					<Vertex X="125813" Y="45638" Z="0"/>
					<Vertex X="125853" Y="45440" Z="0"/>
					<Vertex X="125912" Y="45262" Z="0"/>
					<Vertex X="125932" Y="45024" Z="0"/>
					<Vertex X="125972" Y="44845" Z="0"/>
					<Vertex X="125991" Y="44568" Z="0"/>
					<Vertex X="126031" Y="44389" Z="0"/>
					<Vertex X="126031" Y="44191" Z="0"/>
					<Vertex X="126051" Y="43894" Z="0"/>
					<Vertex X="126051" Y="43676" Z="0"/>
					<Vertex X="126051" Y="43477" Z="0"/>
					<Vertex X="126051" Y="43180" Z="0"/>
					<Vertex X="126051" Y="42843" Z="0"/>
					<Vertex X="126051" Y="42645" Z="0"/>
					<Vertex X="126051" Y="42427" Z="0"/>
					<Vertex X="126031" Y="42109" Z="0"/>
					<Vertex X="126031" Y="41931" Z="0"/>
					<Vertex X="125991" Y="41634" Z="0"/>
					<Vertex X="125972" Y="41455" Z="0"/>
					<Vertex X="125932" Y="41158" Z="0"/>
					<Vertex X="125932" Y="40979" Z="0"/>
					<Vertex X="125912" Y="40801" Z="0"/>
					<Vertex X="125853" Y="40523" Z="0"/>
					<Vertex X="125813" Y="40345" Z="0"/>
					<Vertex X="125793" Y="40048" Z="0"/>
					<Vertex X="125754" Y="39869" Z="0"/>
					<Vertex X="125734" Y="39611" Z="0"/>
					<Vertex X="125694" Y="39433" Z="0"/>
					<Vertex X="125694" Y="39215" Z="0"/>
					<Vertex X="125674" Y="38957" Z="0"/>
					<Vertex X="125635" Y="38779" Z="0"/>
					<Vertex X="125615" Y="38501" Z="0"/>
					<Vertex X="125615" Y="38323" Z="0"/>
					<Vertex X="125575" Y="38025" Z="0"/>
					<Vertex X="125555" Y="37847" Z="0"/>
					<Vertex X="125516" Y="37669" Z="0"/>
					<Vertex X="125496" Y="37411" Z="0"/>
					<Vertex X="125456" Y="37232" Z="0"/>
					<Vertex X="125397" Y="36955" Z="0"/>
					<Vertex X="125397" Y="36776" Z="0"/>
					<Vertex X="125337" Y="36598" Z="0"/>
					<Vertex X="125317" Y="36340" Z="0"/>
					<Vertex X="125278" Y="36182" Z="0"/>
					<Vertex X="125258" Y="36043" Z="0"/>
					<Vertex X="125258" Y="35805" Z="0"/>
					<Vertex X="125218" Y="35627" Z="0"/>
					<Vertex X="125198" Y="35607" Z="0"/>
					<Vertex X="125000" Y="34338" Z="0"/>
					<Vertex X="124901" Y="33466" Z="0"/>
					<Vertex X="124881" Y="33089" Z="0"/>
					<Vertex X="124841" Y="32791" Z="0"/>
					<Vertex X="124802" Y="32395" Z="0"/>
					<Vertex X="124782" Y="32137" Z="0"/>
					<Vertex X="124722" Y="31721" Z="0"/>
					<Vertex X="124683" Y="31483" Z="0"/>
					<Vertex X="124603" Y="31126" Z="0"/>
					<Vertex X="124564" Y="30928" Z="0"/>
					<Vertex X="124484" Y="30551" Z="0"/>
					<Vertex X="124425" Y="30353" Z="0"/>
					<Vertex X="124326" Y="30056" Z="0"/>
					<Vertex X="124306" Y="29857" Z="0"/>
					<Vertex X="124246" Y="29520" Z="0"/>
					<Vertex X="124227" Y="29322" Z="0"/>
					<Vertex X="124147" Y="29025" Z="0"/>
					<Vertex X="124127" Y="28807" Z="0"/>
					<Vertex X="124068" Y="28529" Z="0"/>
					<Vertex X="124028" Y="28370" Z="0"/>
					<Vertex X="124009" Y="28212" Z="0"/>
					<Vertex X="123949" Y="27954" Z="0"/>
					<Vertex X="123949" Y="27795" Z="0"/>
					<Vertex X="123890" Y="27558" Z="0"/>
					<Vertex X="123850" Y="27379" Z="0"/>
					<Vertex X="123830" Y="27141" Z="0"/>
					<Vertex X="123790" Y="26963" Z="0"/>
					<Vertex X="123771" Y="26725" Z="0"/>
					<Vertex X="123731" Y="26546" Z="0"/>
					<Vertex X="123711" Y="26309" Z="0"/>
					<Vertex X="123691" Y="26170" Z="0"/>
					<Vertex X="123652" Y="25972" Z="0"/>
					<Vertex X="123592" Y="25734" Z="0"/>
					<Vertex X="123533" Y="25496" Z="0"/>
					<Vertex X="123473" Y="25357" Z="0"/>
					<Vertex X="123414" Y="25119" Z="0"/>
					<Vertex X="123354" Y="24941" Z="0"/>
					<Vertex X="123295" Y="24782" Z="0"/>
					<Vertex X="123196" Y="24544" Z="0"/>
					<Vertex X="123136" Y="24405" Z="0"/>
					<Vertex X="123017" Y="24207" Z="0"/>
					<Vertex X="122958" Y="24068" Z="0"/>
					<Vertex X="122898" Y="23929" Z="0"/>
					<Vertex X="122819" Y="23711" Z="0"/>
					<Vertex X="122760" Y="23592" Z="0"/>
					<Vertex X="122641" Y="23394" Z="0"/>
					<Vertex X="122541" Y="23236" Z="0"/>
					<Vertex X="122462" Y="23037" Z="0"/>
					<Vertex X="122403" Y="22879" Z="0"/>
					<Vertex X="122304" Y="22680" Z="0"/>
					<Vertex X="122224" Y="22562" Z="0"/>
					<Vertex X="122125" Y="22343" Z="0"/>
					<Vertex X="122066" Y="22205" Z="0"/>
					<Vertex X="121986" Y="22046" Z="0"/>
					<Vertex X="121887" Y="21868" Z="0"/>
					<Vertex X="121867" Y="21749" Z="0"/>
					<Vertex X="121808" Y="21570" Z="0"/>
					<Vertex X="121768" Y="21491" Z="0"/>
					<Vertex X="121748" Y="21313" Z="0"/>
					<Vertex X="121748" Y="21194" Z="0"/>
					<Vertex X="121748" Y="21035" Z="0"/>
					<Vertex X="121748" Y="20857" Z="0"/>
					<Vertex X="121748" Y="20738" Z="0"/>
					<Vertex X="121748" Y="20559" Z="0"/>
					<Vertex X="121768" Y="20440" Z="0"/>
					<Vertex X="121768" Y="20321" Z="0"/>
					<Vertex X="121768" Y="20123" Z="0"/>
					<Vertex X="121768" Y="19885" Z="0"/>
					<Vertex X="121768" Y="19746" Z="0"/>
					<Vertex X="121768" Y="19588" Z="0"/>
					<Vertex X="121748" Y="19350" Z="0"/>
					<Vertex X="121709" Y="19112" Z="0"/>
					<Vertex X="121689" Y="18933" Z="0"/>
					<Vertex X="121649" Y="18676" Z="0"/>
					<Vertex X="121649" Y="18477" Z="0"/>
					<Vertex X="121629" Y="18299" Z="0"/>
					<Vertex X="121590" Y="18002" Z="0"/>
					<Vertex X="121530" Y="17764" Z="0"/>
					<Vertex X="121471" Y="17625" Z="0"/>
					<Vertex X="121451" Y="17447" Z="0"/>
					<Vertex X="121392" Y="17209" Z="0"/>
					<Vertex X="121352" Y="16971" Z="0"/>
					<Vertex X="121292" Y="16792" Z="0"/>
					<Vertex X="121273" Y="16574" Z="0"/>
					<Vertex X="121233" Y="16455" Z="0"/>
					<Vertex X="121213" Y="16217" Z="0"/>
					<Vertex X="121173" Y="16098" Z="0"/>
					<Vertex X="121114" Y="15900" Z="0"/>
					<Vertex X="121094" Y="15682" Z="0"/>
					<Vertex X="121055" Y="15563" Z="0"/>
					<Vertex X="120995" Y="15365" Z="0"/>
					<Vertex X="120975" Y="15186" Z="0"/>
					<Vertex X="120916" Y="14968" Z="0"/>
					<Vertex X="120856" Y="14830" Z="0"/>
					<Vertex X="120797" Y="14651" Z="0"/>
					<Vertex X="120698" Y="14571" Z="0"/>
					<Vertex X="119488" Y="13679" Z="0"/>
					<Vertex X="118894" Y="13441" Z="0"/>
					<Vertex X="118715" Y="13382" Z="0"/>
					<Vertex X="118458" Y="13263" Z="0"/>
					<Vertex X="118299" Y="13203" Z="0"/>
					<Vertex X="118121" Y="13144" Z="0"/>
					<Vertex X="117863" Y="13065" Z="0"/>
					<Vertex X="117665" Y="12985" Z="0"/>
					<Vertex X="117387" Y="12926" Z="0"/>
					<Vertex X="117169" Y="12906" Z="0"/>
					<Vertex X="116872" Y="12846" Z="0"/>
					<Vertex X="116653" Y="12827" Z="0"/>
					<Vertex X="116455" Y="12787" Z="0"/>
					<Vertex X="116158" Y="12747" Z="0"/>
					<Vertex X="115960" Y="12728" Z="0"/>
					<Vertex X="115741" Y="12708" Z="0"/>
					<Vertex X="115444" Y="12668" Z="0"/>
					<Vertex X="115246" Y="12668" Z="0"/>
					<Vertex X="114929" Y="12628" Z="0"/>
					<Vertex X="114770" Y="12609" Z="0"/>
					<Vertex X="114453" Y="12609" Z="0"/>
					<Vertex X="114294" Y="12589" Z="0"/>
					<Vertex X="113977" Y="12589" Z="0"/>
					<Vertex X="113680" Y="12569" Z="0"/>
					<Vertex X="113501" Y="12569" Z="0"/>
					<Vertex X="113243" Y="12569" Z="0"/>
					<Vertex X="112966" Y="12569" Z="0"/>
					<Vertex X="112787" Y="12569" Z="0"/>
					<Vertex X="112589" Y="12569" Z="0"/>
					<Vertex X="112431" Y="12569" Z="0"/>
					<Vertex X="112292" Y="12569" Z="0"/>
					<Vertex X="112074" Y="12569" Z="0"/>
					<Vertex X="111955" Y="12569" Z="0"/>
					<Vertex X="111836" Y="12569" Z="0"/>
					<Vertex X="111657" Y="12569" Z="0"/>
					<Vertex X="111538" Y="12569" Z="0"/>
					<Vertex X="111420" Y="12569" Z="0"/>
					<Vertex X="111281" Y="12569" Z="0"/>
					<Vertex X="111162" Y="12569" Z="0"/>
					<Vertex X="111003" Y="12569" Z="0"/>
					<Vertex X="110924" Y="12569" Z="0"/>
					<Vertex X="110805" Y="12569" Z="0"/>
					<Vertex X="110706" Y="12569" Z="0"/>
					<Vertex X="110626" Y="12609" Z="0"/>
					<Vertex X="110468" Y="12609" Z="0"/>
					<Vertex X="110389" Y="12609" Z="0"/>
					<Vertex X="110210" Y="12628" Z="0"/>
					<Vertex X="110111" Y="12628" Z="0"/>
					<Vertex X="109972" Y="12628" Z="0"/>
					<Vertex X="109873" Y="12628" Z="0"/>
					<Vertex X="109695" Y="12628" Z="0"/>
					<Vertex X="109615" Y="12668" Z="0"/>
					<Vertex X="109516" Y="12668" Z="0"/>
					<Vertex X="109377" Y="12668" Z="0"/>
					<Vertex X="109278" Y="12668" Z="0"/>
					<Vertex X="109159" Y="12668" Z="0"/>
					<Vertex X="109021" Y="12668" Z="0"/>
					<Vertex X="108921" Y="12668" Z="0"/>
					<Vertex X="108803" Y="12688" Z="0"/>
					<Vertex X="108743" Y="12688" Z="0"/>
					<Vertex X="108664" Y="12728" Z="0"/>
					<Vertex X="108565" Y="12728" Z="0"/>
					<Vertex X="108505" Y="12728" Z="0"/>
					<Vertex X="108426" Y="12728" Z="0"/>
					<Vertex X="108307" Y="12728" Z="0"/>
					<Vertex X="108188" Y="12728" Z="0"/>
					<Vertex X="108089" Y="12728" Z="0"/>
					<Vertex X="108010" Y="12747" Z="0"/>
					<Vertex X="107910" Y="12747" Z="0"/>
					<Vertex X="107772" Y="12747" Z="0"/>
					<Vertex X="107672" Y="12747" Z="0"/>
					<Vertex X="107534" Y="12787" Z="0"/>
					<Vertex X="107474" Y="12787" Z="0"/>
					<Vertex X="107316" Y="12807" Z="0"/>
					<Vertex X="107236" Y="12807" Z="0"/>
					<Vertex X="107117" Y="12846" Z="0"/>
					<Vertex X="107018" Y="12846" Z="0"/>
					<Vertex X="106959" Y="12846" Z="0"/>
					<Vertex X="106879" Y="12866" Z="0"/>
					<Vertex X="106820" Y="12906" Z="0"/>
					<Vertex X="106761" Y="12906" Z="0"/>
					<Vertex X="106721" Y="12926" Z="0"/>
					<Vertex X="106642" Y="12965" Z="0"/>
					<Vertex X="106582" Y="12965" Z="0"/>
					<Vertex X="106523" Y="12985" Z="0"/>
					<Vertex X="106404" Y="13025" Z="0"/>
					<Vertex X="106225" Y="13104" Z="0"/>
					<Vertex X="106126" Y="13144" Z="0"/>
					<Vertex X="105948" Y="13203" Z="0"/>
					<Vertex X="105908" Y="13164" Z="0"/>
				</Vertices>
			</Region>
			<Region Id="4" Type="0" Zoom="0.050000" Selected="0" ImageLocation="" ImageFocus="-1" Length="17882.2" Area="11724791.0" LengthMicrons="4509.9" AreaMicrons="745753.5" Text="" NegativeROA="0" InputRegionId="0" Analyze="1" DisplayId="4">
				<Attributes/>
				<Vertices>
					<Vertex X="99603" Y="14056" Z="0"/>
					<Vertex X="97977" Y="14175" Z="0"/>
					<Vertex X="97640" Y="14235" Z="0"/>
					<Vertex X="97502" Y="14235" Z="0"/>
					<Vertex X="97343" Y="14274" Z="0"/>
					<Vertex X="97224" Y="14294" Z="0"/>
					<Vertex X="96986" Y="14294" Z="0"/>
					<Vertex X="96847" Y="14334" Z="0"/>
					<Vertex X="96689" Y="14334" Z="0"/>
					<Vertex X="96570" Y="14393" Z="0"/>
					<Vertex X="96372" Y="14413" Z="0"/>
					<Vertex X="96213" Y="14453" Z="0"/>
					<Vertex X="96094" Y="14453" Z="0"/>
					<Vertex X="95955" Y="14472" Z="0"/>
					<Vertex X="95836" Y="14512" Z="0"/>
					<Vertex X="95717" Y="14512" Z="0"/>
					<Vertex X="95539" Y="14532" Z="0"/>
					<Vertex X="95420" Y="14532" Z="0"/>
					<Vertex X="95301" Y="14532" Z="0"/>
					<Vertex X="95182" Y="14532" Z="0"/>
					<Vertex X="95063" Y="14532" Z="0"/>
					<Vertex X="94944" Y="14532" Z="0"/>
					<Vertex X="94825" Y="14512" Z="0"/>
					<Vertex X="94667" Y="14472" Z="0"/>
					<Vertex X="94548" Y="14472" Z="0"/>
					<Vertex X="94468" Y="14453" Z="0"/>
					<Vertex X="94369" Y="14453" Z="0"/>
					<Vertex X="94250" Y="14413" Z="0"/>
					<Vertex X="94131" Y="14393" Z="0"/>
					<Vertex X="94052" Y="14354" Z="0"/>
					<Vertex X="93953" Y="14354" Z="0"/>
					<Vertex X="93874" Y="14334" Z="0"/>
					<Vertex X="93774" Y="14334" Z="0"/>
					<Vertex X="93636" Y="14334" Z="0"/>
					<Vertex X="93536" Y="14334" Z="0"/>
					<Vertex X="93457" Y="14294" Z="0"/>
					<Vertex X="93358" Y="14294" Z="0"/>
					<Vertex X="93279" Y="14294" Z="0"/>
					<Vertex X="93180" Y="14274" Z="0"/>
					<Vertex X="93061" Y="14274" Z="0"/>
					<Vertex X="93001" Y="14274" Z="0"/>
					<Vertex X="92942" Y="14274" Z="0"/>
					<Vertex X="92862" Y="14274" Z="0"/>
					<Vertex X="92803" Y="14274" Z="0"/>
					<Vertex X="92743" Y="14274" Z="0"/>
					<Vertex X="92684" Y="14274" Z="0"/>
					<Vertex X="92625" Y="14294" Z="0"/>
					<Vertex X="92525" Y="14334" Z="0"/>
					<Vertex X="92446" Y="14393" Z="0"/>
					<Vertex X="92387" Y="14453" Z="0"/>
					<Vertex X="92327" Y="14532" Z="0"/>
					<Vertex X="92228" Y="14631" Z="0"/>
					<Vertex X="92169" Y="14730" Z="0"/>
					<Vertex X="92149" Y="14770" Z="0"/>
					<Vertex X="92109" Y="14869" Z="0"/>
					<Vertex X="92089" Y="14948" Z="0"/>
					<Vertex X="92030" Y="15047" Z="0"/>
					<Vertex X="91990" Y="15107" Z="0"/>
					<Vertex X="91970" Y="15166" Z="0"/>
					<Vertex X="91970" Y="15246" Z="0"/>
					<Vertex X="91931" Y="15305" Z="0"/>
					<Vertex X="91931" Y="15424" Z="0"/>
					<Vertex X="91931" Y="15523" Z="0"/>
					<Vertex X="91931" Y="15603" Z="0"/>
					<Vertex X="91931" Y="15741" Z="0"/>
					<Vertex X="91931" Y="15821" Z="0"/>
					<Vertex X="91970" Y="15900" Z="0"/>
					<Vertex X="92050" Y="16019" Z="0"/>
					<Vertex X="92089" Y="16118" Z="0"/>
					<Vertex X="92149" Y="16177" Z="0"/>
					<Vertex X="92228" Y="16257" Z="0"/>
					<Vertex X="92287" Y="16316" Z="0"/>
					<Vertex X="92387" Y="16376" Z="0"/>
					<Vertex X="92506" Y="16435" Z="0"/>
					<Vertex X="92585" Y="16475" Z="0"/>
					<Vertex X="92644" Y="16534" Z="0"/>
					<Vertex X="92743" Y="16554" Z="0"/>
					<Vertex X="92803" Y="16554" Z="0"/>
					<Vertex X="92882" Y="16594" Z="0"/>
					<Vertex X="92981" Y="16594" Z="0"/>
					<Vertex X="93061" Y="16594" Z="0"/>
					<Vertex X="93180" Y="16594" Z="0"/>
					<Vertex X="93279" Y="16594" Z="0"/>
					<Vertex X="93398" Y="16594" Z="0"/>
					<Vertex X="93477" Y="16594" Z="0"/>
					<Vertex X="93636" Y="16594" Z="0"/>
					<Vertex X="93715" Y="16594" Z="0"/>
					<Vertex X="93834" Y="16594" Z="0"/>
					<Vertex X="93933" Y="16594" Z="0"/>
					<Vertex X="94052" Y="16594" Z="0"/>
					<Vertex X="94230" Y="16554" Z="0"/>
					<Vertex X="94349" Y="16534" Z="0"/>
					<Vertex X="94468" Y="16495" Z="0"/>
					<Vertex X="94607" Y="16475" Z="0"/>
					<Vertex X="94726" Y="16435" Z="0"/>
					<Vertex X="94885" Y="16415" Z="0"/>
					<Vertex X="95063" Y="16356" Z="0"/>
					<Vertex X="95202" Y="16316" Z="0"/>
					<Vertex X="95321" Y="16296" Z="0"/>
					<Vertex X="95440" Y="16257" Z="0"/>
					<Vertex X="95559" Y="16237" Z="0"/>
					<Vertex X="95678" Y="16177" Z="0"/>
					<Vertex X="95896" Y="16118" Z="0"/>
					<Vertex X="96015" Y="16078" Z="0"/>
					<Vertex X="96094" Y="16019" Z="0"/>
					<Vertex X="96213" Y="15999" Z="0"/>
					<Vertex X="96391" Y="15940" Z="0"/>
					<Vertex X="96510" Y="15880" Z="0"/>
					<Vertex X="96609" Y="15840" Z="0"/>
					<Vertex X="96788" Y="15761" Z="0"/>
					<Vertex X="96907" Y="15702" Z="0"/>
					<Vertex X="97026" Y="15662" Z="0"/>
					<Vertex X="97145" Y="15603" Z="0"/>
					<Vertex X="97224" Y="15583" Z="0"/>
					<Vertex X="97402" Y="15484" Z="0"/>
					<Vertex X="97502" Y="15424" Z="0"/>
					<Vertex X="97621" Y="15404" Z="0"/>
					<Vertex X="97759" Y="15305" Z="0"/>
					<Vertex X="97878" Y="15285" Z="0"/>
					<Vertex X="97977" Y="15226" Z="0"/>
					<Vertex X="98116" Y="15166" Z="0"/>
					<Vertex X="98215" Y="15127" Z="0"/>
					<Vertex X="98295" Y="15107" Z="0"/>
					<Vertex X="98414" Y="15047" Z="0"/>
					<Vertex X="98513" Y="15008" Z="0"/>
					<Vertex X="98572" Y="14988" Z="0"/>
					<Vertex X="98651" Y="14928" Z="0"/>
					<Vertex X="98770" Y="14869" Z="0"/>
					<Vertex X="98830" Y="14849" Z="0"/>
					<Vertex X="98889" Y="14770" Z="0"/>
					<Vertex X="98949" Y="14750" Z="0"/>
					<Vertex X="99008" Y="14691" Z="0"/>
					<Vertex X="99048" Y="14671" Z="0"/>
					<Vertex X="99127" Y="14591" Z="0"/>
					<Vertex X="99127" Y="14572" Z="0"/>
					<Vertex X="99167" Y="14532" Z="0"/>
					<Vertex X="99187" Y="14512" Z="0"/>
					<Vertex X="99226" Y="14472" Z="0"/>
					<Vertex X="99246" Y="14453" Z="0"/>
					<Vertex X="99286" Y="14413" Z="0"/>
					<Vertex X="99306" Y="14393" Z="0"/>
					<Vertex X="99345" Y="14354" Z="0"/>
					<Vertex X="99365" Y="14334" Z="0"/>
					<Vertex X="99365" Y="14294" Z="0"/>
					<Vertex X="99425" Y="14235" Z="0"/>
					<Vertex X="99425" Y="14215" Z="0"/>
					<Vertex X="99464" Y="14215" Z="0"/>
					<Vertex X="99464" Y="14155" Z="0"/>
					<Vertex X="99484" Y="14155" Z="0"/>
					<Vertex X="99484" Y="14096" Z="0"/>
					<Vertex X="99484" Y="14056" Z="0"/>
					<Vertex X="99524" Y="14036" Z="0"/>
					<Vertex X="99524" Y="13997" Z="0"/>
					<Vertex X="99544" Y="13977" Z="0"/>
					<Vertex X="99524" Y="13937" Z="0"/>
					<Vertex X="99603" Y="14056" Z="0"/>
				</Vertices>
			</Region>
		</Regions>
		<Plots/>
	</Annotation>
</Annotations>
