<Annotations MicronsPerPixel="0.252200">
	<Annotation Id="1" Name="" ReadOnly="0" NameReadOnly="0" LineColorReadOnly="0" Incremental="0" Type="4" LineColor="16776960" Visible="1" Selected="1" MarkupImagePath="" MacroName="">
		<Attributes/>
		<Regions>
			<RegionAttributeHeaders>
				<AttributeHeader Id="9999" Name="Region" ColumnWidth="-1"/>
				<AttributeHeader Id="9997" Name="Length" ColumnWidth="-1"/>
				<AttributeHeader Id="9996" Name="Area" ColumnWidth="-1"/>
				<AttributeHeader Id="9998" Name="Text" ColumnWidth="-1"/>
			</RegionAttributeHeaders>
			<Region Id="1" Type="0" Zoom="0.015395" Selected="1" ImageLocation="" ImageFocus="-1" Length="107448.6" Area="291567905.5" LengthMicrons="27098.5" AreaMicrons="18545130.0" Text="" NegativeROA="0" InputRegionId="0" Analyze="1" DisplayId="1">
				<Attributes/>
				<Vertices>
					<Vertex X="32177" Y="89949" Z="0"/>
					<Vertex X="32336" Y="89988" Z="0"/>
					<Vertex X="32475" Y="90008" Z="0"/>
					<Vertex X="32633" Y="90067" Z="0"/>
					<Vertex X="32831" Y="90087" Z="0"/>
					<Vertex X="32990" Y="90167" Z="0"/>
					<Vertex X="33149" Y="90186" Z="0"/>
					<Vertex X="33287" Y="90206" Z="0"/>
					<Vertex X="33446" Y="90246" Z="0"/>
					<Vertex X="33585" Y="90305" Z="0"/>
					<Vertex X="33763" Y="90345" Z="0"/>
					<Vertex X="33902" Y="90385" Z="0"/>
					<Vertex X="34061" Y="90424" Z="0"/>
					<Vertex X="34180" Y="90484" Z="0"/>
					<Vertex X="34318" Y="90543" Z="0"/>
					<Vertex X="34517" Y="90603" Z="0"/>
					<Vertex X="34616" Y="90623" Z="0"/>
					<Vertex X="34735" Y="90662" Z="0"/>
					<Vertex X="34854" Y="90722" Z="0"/>
					<Vertex X="35012" Y="90761" Z="0"/>
					<Vertex X="35131" Y="90781" Z="0"/>
					<Vertex X="35270" Y="90841" Z="0"/>
					<Vertex X="35389" Y="90900" Z="0"/>
					<Vertex X="35548" Y="90960" Z="0"/>
					<Vertex X="35667" Y="90979" Z="0"/>
					<Vertex X="35746" Y="91059" Z="0"/>
					<Vertex X="35845" Y="91079" Z="0"/>
					<Vertex X="35964" Y="91138" Z="0"/>
					<Vertex X="36043" Y="91198" Z="0"/>
					<Vertex X="36123" Y="91257" Z="0"/>
					<Vertex X="36222" Y="91316" Z="0"/>
					<Vertex X="36321" Y="91376" Z="0"/>
					<Vertex X="36420" Y="91435" Z="0"/>
					<Vertex X="36460" Y="91495" Z="0"/>
					<Vertex X="36539" Y="91554" Z="0"/>
					<Vertex X="36618" Y="91614" Z="0"/>
					<Vertex X="36678" Y="91673" Z="0"/>
					<Vertex X="36737" Y="91733" Z="0"/>
					<Vertex X="36797" Y="91832" Z="0"/>
					<Vertex X="36856" Y="91872" Z="0"/>
					<Vertex X="36955" Y="91991" Z="0"/>
					<Vertex X="37015" Y="92070" Z="0"/>
					<Vertex X="37094" Y="92149" Z="0"/>
					<Vertex X="37153" Y="92268" Z="0"/>
					<Vertex X="37253" Y="92328" Z="0"/>
					<Vertex X="37312" Y="92387" Z="0"/>
					<Vertex X="37411" Y="92466" Z="0"/>
					<Vertex X="37510" Y="92526" Z="0"/>
					<Vertex X="37609" Y="92585" Z="0"/>
					<Vertex X="37709" Y="92665" Z="0"/>
					<Vertex X="37847" Y="92724" Z="0"/>
					<Vertex X="37986" Y="92764" Z="0"/>
					<Vertex X="38145" Y="92803" Z="0"/>
					<Vertex X="38283" Y="92823" Z="0"/>
					<Vertex X="38442" Y="92863" Z="0"/>
					<Vertex X="38621" Y="92883" Z="0"/>
					<Vertex X="38878" Y="92922" Z="0"/>
					<Vertex X="39096" Y="92883" Z="0"/>
					<Vertex X="39295" Y="92883" Z="0"/>
					<Vertex X="39513" Y="92883" Z="0"/>
					<Vertex X="39711" Y="92883" Z="0"/>
					<Vertex X="39988" Y="92863" Z="0"/>
					<Vertex X="40167" Y="92863" Z="0"/>
					<Vertex X="40365" Y="92823" Z="0"/>
					<Vertex X="40603" Y="92823" Z="0"/>
					<Vertex X="40801" Y="92823" Z="0"/>
					<Vertex X="40960" Y="92823" Z="0"/>
					<Vertex X="41138" Y="92823" Z="0"/>
					<Vertex X="41337" Y="92823" Z="0"/>
					<Vertex X="41614" Y="92823" Z="0"/>
					<Vertex X="41832" Y="92823" Z="0"/>
					<Vertex X="42031" Y="92823" Z="0"/>
					<Vertex X="42249" Y="92863" Z="0"/>
					<Vertex X="42526" Y="92863" Z="0"/>
					<Vertex X="42784" Y="92863" Z="0"/>
					<Vertex X="42982" Y="92863" Z="0"/>
					<Vertex X="43220" Y="92863" Z="0"/>
					<Vertex X="43458" Y="92863" Z="0"/>
					<Vertex X="43736" Y="92883" Z="0"/>
					<Vertex X="43934" Y="92883" Z="0"/>
					<Vertex X="44132" Y="92922" Z="0"/>
					<Vertex X="44390" Y="92962" Z="0"/>
					<Vertex X="44548" Y="92962" Z="0"/>
					<Vertex X="44707" Y="92982" Z="0"/>
					<Vertex X="44866" Y="93002" Z="0"/>
					<Vertex X="45044" Y="93041" Z="0"/>
					<Vertex X="45203" Y="93041" Z="0"/>
					<Vertex X="45401" Y="93061" Z="0"/>
					<Vertex X="45639" Y="93121" Z="0"/>
					<Vertex X="45837" Y="93121" Z="0"/>
					<Vertex X="46035" Y="93180" Z="0"/>
					<Vertex X="46273" Y="93220" Z="0"/>
					<Vertex X="46531" Y="93259" Z="0"/>
					<Vertex X="46749" Y="93299" Z="0"/>
					<Vertex X="47027" Y="93339" Z="0"/>
					<Vertex X="47324" Y="93359" Z="0"/>
					<Vertex X="47601" Y="93359" Z="0"/>
					<Vertex X="47800" Y="93359" Z="0"/>
					<Vertex X="48038" Y="93339" Z="0"/>
					<Vertex X="48315" Y="93299" Z="0"/>
					<Vertex X="48474" Y="93279" Z="0"/>
					<Vertex X="48632" Y="93259" Z="0"/>
					<Vertex X="48751" Y="93180" Z="0"/>
					<Vertex X="48890" Y="93160" Z="0"/>
					<Vertex X="48989" Y="93101" Z="0"/>
					<Vertex X="49088" Y="93041" Z="0"/>
					<Vertex X="49168" Y="92962" Z="0"/>
					<Vertex X="49267" Y="92863" Z="0"/>
					<Vertex X="49306" Y="92803" Z="0"/>
					<Vertex X="49406" Y="92744" Z="0"/>
					<Vertex X="49465" Y="92684" Z="0"/>
					<Vertex X="49544" Y="92665" Z="0"/>
					<Vertex X="49584" Y="92665" Z="0"/>
					<Vertex X="49624" Y="92665" Z="0"/>
					<Vertex X="49644" Y="92625" Z="0"/>
					<Vertex X="49644" Y="92565" Z="0"/>
					<Vertex X="49644" Y="92506" Z="0"/>
					<Vertex X="49644" Y="92466" Z="0"/>
					<Vertex X="49644" Y="92427" Z="0"/>
					<Vertex X="49624" Y="92387" Z="0"/>
					<Vertex X="49624" Y="92328" Z="0"/>
					<Vertex X="49624" Y="92288" Z="0"/>
					<Vertex X="49584" Y="92209" Z="0"/>
					<Vertex X="49544" Y="92169" Z="0"/>
					<Vertex X="49544" Y="92090" Z="0"/>
					<Vertex X="49485" Y="92030" Z="0"/>
					<Vertex X="49485" Y="91971" Z="0"/>
					<Vertex X="49425" Y="91911" Z="0"/>
					<Vertex X="49406" Y="91792" Z="0"/>
					<Vertex X="49346" Y="91733" Z="0"/>
					<Vertex X="49306" Y="91673" Z="0"/>
					<Vertex X="49267" Y="91574" Z="0"/>
					<Vertex X="49207" Y="91515" Z="0"/>
					<Vertex X="49148" Y="91475" Z="0"/>
					<Vertex X="49088" Y="91396" Z="0"/>
					<Vertex X="49009" Y="91336" Z="0"/>
					<Vertex X="48930" Y="91277" Z="0"/>
					<Vertex X="48850" Y="91237" Z="0"/>
					<Vertex X="48751" Y="91178" Z="0"/>
					<Vertex X="48672" Y="91098" Z="0"/>
					<Vertex X="48573" Y="91019" Z="0"/>
					<Vertex X="48513" Y="90960" Z="0"/>
					<Vertex X="48454" Y="90900" Z="0"/>
					<Vertex X="48355" Y="90801" Z="0"/>
					<Vertex X="48315" Y="90682" Z="0"/>
					<Vertex X="48256" Y="90623" Z="0"/>
					<Vertex X="48176" Y="90543" Z="0"/>
					<Vertex X="48137" Y="90484" Z="0"/>
					<Vertex X="48097" Y="90424" Z="0"/>
					<Vertex X="48077" Y="90365" Z="0"/>
					<Vertex X="48038" Y="90305" Z="0"/>
					<Vertex X="48018" Y="90246" Z="0"/>
					<Vertex X="47978" Y="90206" Z="0"/>
					<Vertex X="47939" Y="90167" Z="0"/>
					<Vertex X="47939" Y="90127" Z="0"/>
					<Vertex X="47919" Y="90067" Z="0"/>
					<Vertex X="47919" Y="90008" Z="0"/>
					<Vertex X="47879" Y="89949" Z="0"/>
					<Vertex X="47879" Y="89889" Z="0"/>
					<Vertex X="47859" Y="89830" Z="0"/>
					<Vertex X="47859" Y="89790" Z="0"/>
					<Vertex X="47859" Y="89750" Z="0"/>
					<Vertex X="47820" Y="89651" Z="0"/>
					<Vertex X="47820" Y="89592" Z="0"/>
					<Vertex X="47800" Y="89493" Z="0"/>
					<Vertex X="47800" Y="89413" Z="0"/>
					<Vertex X="47800" Y="89274" Z="0"/>
					<Vertex X="47800" Y="89175" Z="0"/>
					<Vertex X="47800" Y="89076" Z="0"/>
					<Vertex X="47800" Y="88977" Z="0"/>
					<Vertex X="47780" Y="88878" Z="0"/>
					<Vertex X="47780" Y="88739" Z="0"/>
					<Vertex X="47740" Y="88600" Z="0"/>
					<Vertex X="47740" Y="88521" Z="0"/>
					<Vertex X="47720" Y="88402" Z="0"/>
					<Vertex X="47681" Y="88303" Z="0"/>
					<Vertex X="47641" Y="88224" Z="0"/>
					<Vertex X="47621" Y="88105" Z="0"/>
					<Vertex X="47601" Y="88006" Z="0"/>
					<Vertex X="47542" Y="87887" Z="0"/>
					<Vertex X="47483" Y="87847" Z="0"/>
					<Vertex X="47403" Y="87748" Z="0"/>
					<Vertex X="47344" Y="87649" Z="0"/>
					<Vertex X="47324" Y="87569" Z="0"/>
					<Vertex X="47264" Y="87490" Z="0"/>
					<Vertex X="47205" Y="87351" Z="0"/>
					<Vertex X="47185" Y="87272" Z="0"/>
					<Vertex X="47106" Y="87153" Z="0"/>
					<Vertex X="47066" Y="87054" Z="0"/>
					<Vertex X="46967" Y="86975" Z="0"/>
					<Vertex X="46908" Y="86856" Z="0"/>
					<Vertex X="46848" Y="86757" Z="0"/>
					<Vertex X="46749" Y="86638" Z="0"/>
					<Vertex X="46709" Y="86558" Z="0"/>
					<Vertex X="46610" Y="86439" Z="0"/>
					<Vertex X="46551" Y="86320" Z="0"/>
					<Vertex X="46491" Y="86221" Z="0"/>
					<Vertex X="46412" Y="86102" Z="0"/>
					<Vertex X="46333" Y="86003" Z="0"/>
					<Vertex X="46253" Y="85845" Z="0"/>
					<Vertex X="46174" Y="85726" Z="0"/>
					<Vertex X="46075" Y="85607" Z="0"/>
					<Vertex X="45996" Y="85488" Z="0"/>
					<Vertex X="45877" Y="85329" Z="0"/>
					<Vertex X="45778" Y="85230" Z="0"/>
					<Vertex X="45678" Y="85111" Z="0"/>
					<Vertex X="45599" Y="84972" Z="0"/>
					<Vertex X="45480" Y="84873" Z="0"/>
					<Vertex X="45401" Y="84734" Z="0"/>
					<Vertex X="45302" Y="84655" Z="0"/>
					<Vertex X="45183" Y="84536" Z="0"/>
					<Vertex X="45064" Y="84417" Z="0"/>
					<Vertex X="44965" Y="84298" Z="0"/>
					<Vertex X="44866" Y="84219" Z="0"/>
					<Vertex X="44747" Y="84080" Z="0"/>
					<Vertex X="44647" Y="83961" Z="0"/>
					<Vertex X="44509" Y="83842" Z="0"/>
					<Vertex X="44390" Y="83763" Z="0"/>
					<Vertex X="44271" Y="83684" Z="0"/>
					<Vertex X="44132" Y="83585" Z="0"/>
					<Vertex X="43993" Y="83485" Z="0"/>
					<Vertex X="43874" Y="83386" Z="0"/>
					<Vertex X="43755" Y="83287" Z="0"/>
					<Vertex X="43636" Y="83208" Z="0"/>
					<Vertex X="43517" Y="83109" Z="0"/>
					<Vertex X="43398" Y="83049" Z="0"/>
					<Vertex X="43319" Y="82950" Z="0"/>
					<Vertex X="43200" Y="82871" Z="0"/>
					<Vertex X="43101" Y="82791" Z="0"/>
					<Vertex X="43002" Y="82692" Z="0"/>
					<Vertex X="42903" Y="82633" Z="0"/>
					<Vertex X="42804" Y="82554" Z="0"/>
					<Vertex X="42744" Y="82454" Z="0"/>
					<Vertex X="42625" Y="82395" Z="0"/>
					<Vertex X="42526" Y="82316" Z="0"/>
					<Vertex X="42407" Y="82217" Z="0"/>
					<Vertex X="42328" Y="82157" Z="0"/>
					<Vertex X="42209" Y="82058" Z="0"/>
					<Vertex X="42090" Y="81939" Z="0"/>
					<Vertex X="41931" Y="81820" Z="0"/>
					<Vertex X="41793" Y="81741" Z="0"/>
					<Vertex X="41674" Y="81642" Z="0"/>
					<Vertex X="41555" Y="81562" Z="0"/>
					<Vertex X="41436" Y="81463" Z="0"/>
					<Vertex X="41317" Y="81384" Z="0"/>
					<Vertex X="41198" Y="81324" Z="0"/>
					<Vertex X="41039" Y="81225" Z="0"/>
					<Vertex X="40960" Y="81166" Z="0"/>
					<Vertex X="40841" Y="81106" Z="0"/>
					<Vertex X="40702" Y="80987" Z="0"/>
					<Vertex X="40544" Y="80928" Z="0"/>
					<Vertex X="40425" Y="80849" Z="0"/>
					<Vertex X="40266" Y="80789" Z="0"/>
					<Vertex X="40127" Y="80730" Z="0"/>
					<Vertex X="40008" Y="80631" Z="0"/>
					<Vertex X="39850" Y="80571" Z="0"/>
					<Vertex X="39711" Y="80492" Z="0"/>
					<Vertex X="39552" Y="80432" Z="0"/>
					<Vertex X="39414" Y="80333" Z="0"/>
					<Vertex X="39235" Y="80274" Z="0"/>
					<Vertex X="39096" Y="80214" Z="0"/>
					<Vertex X="38938" Y="80155" Z="0"/>
					<Vertex X="38759" Y="80095" Z="0"/>
					<Vertex X="38581" Y="80075" Z="0"/>
					<Vertex X="38422" Y="80036" Z="0"/>
					<Vertex X="38244" Y="79976" Z="0"/>
					<Vertex X="38065" Y="79976" Z="0"/>
					<Vertex X="37887" Y="79956" Z="0"/>
					<Vertex X="37709" Y="79917" Z="0"/>
					<Vertex X="37530" Y="79897" Z="0"/>
					<Vertex X="37352" Y="79877" Z="0"/>
					<Vertex X="37153" Y="79837" Z="0"/>
					<Vertex X="36975" Y="79798" Z="0"/>
					<Vertex X="36797" Y="79778" Z="0"/>
					<Vertex X="36618" Y="79778" Z="0"/>
					<Vertex X="36440" Y="79758" Z="0"/>
					<Vertex X="36261" Y="79719" Z="0"/>
					<Vertex X="36103" Y="79719" Z="0"/>
					<Vertex X="35964" Y="79699" Z="0"/>
					<Vertex X="35845" Y="79699" Z="0"/>
					<Vertex X="35746" Y="79699" Z="0"/>
					<Vertex X="35627" Y="79659" Z="0"/>
					<Vertex X="35508" Y="79659" Z="0"/>
					<Vertex X="35389" Y="79659" Z="0"/>
					<Vertex X="35310" Y="79659" Z="0"/>
					<Vertex X="35191" Y="79699" Z="0"/>
					<Vertex X="35092" Y="79699" Z="0"/>
					<Vertex X="34973" Y="79699" Z="0"/>
					<Vertex X="34893" Y="79699" Z="0"/>
					<Vertex X="34774" Y="79699" Z="0"/>
					<Vertex X="34655" Y="79719" Z="0"/>
					<Vertex X="34556" Y="79758" Z="0"/>
					<Vertex X="34437" Y="79758" Z="0"/>
					<Vertex X="34358" Y="79778" Z="0"/>
					<Vertex X="34239" Y="79778" Z="0"/>
					<Vertex X="34120" Y="79798" Z="0"/>
					<Vertex X="34061" Y="79837" Z="0"/>
					<Vertex X="33942" Y="79837" Z="0"/>
					<Vertex X="33823" Y="79837" Z="0"/>
					<Vertex X="33704" Y="79837" Z="0"/>
					<Vertex X="33545" Y="79877" Z="0"/>
					<Vertex X="33426" Y="79877" Z="0"/>
					<Vertex X="33307" Y="79877" Z="0"/>
					<Vertex X="33188" Y="79897" Z="0"/>
					<Vertex X="33050" Y="79917" Z="0"/>
					<Vertex X="32931" Y="79956" Z="0"/>
					<Vertex X="32772" Y="80016" Z="0"/>
					<Vertex X="32653" Y="80036" Z="0"/>
					<Vertex X="32534" Y="80095" Z="0"/>
					<Vertex X="32415" Y="80135" Z="0"/>
					<Vertex X="32296" Y="80194" Z="0"/>
					<Vertex X="32177" Y="80214" Z="0"/>
					<Vertex X="32098" Y="80254" Z="0"/>
					<Vertex X="32038" Y="80254" Z="0"/>
					<Vertex X="31939" Y="80274" Z="0"/>
					<Vertex X="31820" Y="80274" Z="0"/>
					<Vertex X="31741" Y="80274" Z="0"/>
					<Vertex X="31582" Y="80274" Z="0"/>
					<Vertex X="31503" Y="80254" Z="0"/>
					<Vertex X="31384" Y="80254" Z="0"/>
					<Vertex X="31285" Y="80214" Z="0"/>
					<Vertex X="31206" Y="80155" Z="0"/>
					<Vertex X="31087" Y="80135" Z="0"/>
					<Vertex X="30968" Y="80075" Z="0"/>
					<Vertex X="30849" Y="79976" Z="0"/>
					<Vertex X="30730" Y="79897" Z="0"/>
					<Vertex X="30670" Y="79837" Z="0"/>
					<Vertex X="30571" Y="79778" Z="0"/>
					<Vertex X="30492" Y="79758" Z="0"/>
					<Vertex X="30433" Y="79699" Z="0"/>
					<Vertex X="30373" Y="79659" Z="0"/>
					<Vertex X="30274" Y="79619" Z="0"/>
					<Vertex X="30195" Y="79600" Z="0"/>
					<Vertex X="30135" Y="79560" Z="0"/>
					<Vertex X="30076" Y="79540" Z="0"/>
					<Vertex X="29977" Y="79540" Z="0"/>
					<Vertex X="29917" Y="79540" Z="0"/>
					<Vertex X="29858" Y="79540" Z="0"/>
					<Vertex X="29798" Y="79540" Z="0"/>
					<Vertex X="29739" Y="79540" Z="0"/>
					<Vertex X="29719" Y="79540" Z="0"/>
					<Vertex X="29659" Y="79540" Z="0"/>
					<Vertex X="29620" Y="79560" Z="0"/>
					<Vertex X="29600" Y="79560" Z="0"/>
					<Vertex X="29560" Y="79600" Z="0"/>
					<Vertex X="29540" Y="79619" Z="0"/>
					<Vertex X="29501" Y="79659" Z="0"/>
					<Vertex X="29501" Y="79699" Z="0"/>
					<Vertex X="29481" Y="79699" Z="0"/>
					<Vertex X="29481" Y="79719" Z="0"/>
					<Vertex X="29481" Y="79758" Z="0"/>
					<Vertex X="29441" Y="79798" Z="0"/>
					<Vertex X="29421" Y="79897" Z="0"/>
					<Vertex X="29421" Y="79956" Z="0"/>
					<Vertex X="29382" Y="80075" Z="0"/>
					<Vertex X="29362" Y="80194" Z="0"/>
					<Vertex X="29322" Y="80274" Z="0"/>
					<Vertex X="29303" Y="80373" Z="0"/>
					<Vertex X="29243" Y="80452" Z="0"/>
					<Vertex X="29184" Y="80512" Z="0"/>
					<Vertex X="29124" Y="80611" Z="0"/>
					<Vertex X="29065" Y="80670" Z="0"/>
					<Vertex X="29005" Y="80730" Z="0"/>
					<Vertex X="28965" Y="80769" Z="0"/>
					<Vertex X="28906" Y="80849" Z="0"/>
					<Vertex X="28886" Y="80908" Z="0"/>
					<Vertex X="28827" Y="80928" Z="0"/>
					<Vertex X="28767" Y="80987" Z="0"/>
					<Vertex X="28708" Y="81047" Z="0"/>
					<Vertex X="28648" Y="81086" Z="0"/>
					<Vertex X="28549" Y="81146" Z="0"/>
					<Vertex X="28470" Y="81166" Z="0"/>
					<Vertex X="28410" Y="81166" Z="0"/>
					<Vertex X="28291" Y="81146" Z="0"/>
					<Vertex X="28192" Y="81106" Z="0"/>
					<Vertex X="28073" Y="81047" Z="0"/>
					<Vertex X="27954" Y="80968" Z="0"/>
					<Vertex X="27835" Y="80849" Z="0"/>
					<Vertex X="27697" Y="80730" Z="0"/>
					<Vertex X="27637" Y="80631" Z="0"/>
					<Vertex X="27518" Y="80492" Z="0"/>
					<Vertex X="27419" Y="80333" Z="0"/>
					<Vertex X="27300" Y="80214" Z="0"/>
					<Vertex X="27181" Y="80075" Z="0"/>
					<Vertex X="27122" Y="79956" Z="0"/>
					<Vertex X="27042" Y="79798" Z="0"/>
					<Vertex X="26943" Y="79659" Z="0"/>
					<Vertex X="26864" Y="79481" Z="0"/>
					<Vertex X="26805" Y="79322" Z="0"/>
					<Vertex X="26745" Y="79183" Z="0"/>
					<Vertex X="26646" Y="79005" Z="0"/>
					<Vertex X="26527" Y="78767" Z="0"/>
					<Vertex X="26448" Y="78529" Z="0"/>
					<Vertex X="26408" Y="78410" Z="0"/>
					<Vertex X="26349" Y="78291" Z="0"/>
					<Vertex X="26329" Y="78172" Z="0"/>
					<Vertex X="26329" Y="78113" Z="0"/>
					<Vertex X="26349" Y="77994" Z="0"/>
					<Vertex X="26408" Y="77934" Z="0"/>
					<Vertex X="26686" Y="77776" Z="0"/>
					<Vertex X="27994" Y="77002" Z="0"/>
					<Vertex X="27993" Y="76883" Z="0"/>
					<Vertex X="28112" Y="76824" Z="0"/>
					<Vertex X="28251" Y="76804" Z="0"/>
					<Vertex X="28370" Y="76745" Z="0"/>
					<Vertex X="28469" Y="76725" Z="0"/>
					<Vertex X="28568" Y="76665" Z="0"/>
					<Vertex X="28667" Y="76586" Z="0"/>
					<Vertex X="28806" Y="76467" Z="0"/>
					<Vertex X="28885" Y="76408" Z="0"/>
					<Vertex X="28965" Y="76348" Z="0"/>
					<Vertex X="29024" Y="76289" Z="0"/>
					<Vertex X="29143" Y="76209" Z="0"/>
					<Vertex X="29222" Y="76110" Z="0"/>
					<Vertex X="29282" Y="76031" Z="0"/>
					<Vertex X="29341" Y="75972" Z="0"/>
					<Vertex X="29421" Y="75912" Z="0"/>
					<Vertex X="29480" Y="75813" Z="0"/>
					<Vertex X="29500" Y="75753" Z="0"/>
					<Vertex X="29540" Y="75694" Z="0"/>
					<Vertex X="29560" Y="75654" Z="0"/>
					<Vertex X="29599" Y="75575" Z="0"/>
					<Vertex X="29599" Y="75516" Z="0"/>
					<Vertex X="29599" Y="75456" Z="0"/>
					<Vertex X="29599" Y="75377" Z="0"/>
					<Vertex X="29599" Y="75278" Z="0"/>
					<Vertex X="29599" Y="75218" Z="0"/>
					<Vertex X="29560" Y="75159" Z="0"/>
					<Vertex X="29540" Y="75119" Z="0"/>
					<Vertex X="29500" Y="75020" Z="0"/>
					<Vertex X="29441" Y="74960" Z="0"/>
					<Vertex X="29421" Y="74901" Z="0"/>
					<Vertex X="29322" Y="74802" Z="0"/>
					<Vertex X="29262" Y="74762" Z="0"/>
					<Vertex X="29104" Y="74802" Z="0"/>
					<Vertex X="27676" Y="74247" Z="0"/>
					<Vertex X="27418" Y="74247" Z="0"/>
					<Vertex X="27339" Y="74247" Z="0"/>
					<Vertex X="27180" Y="74247" Z="0"/>
					<Vertex X="27121" Y="74267" Z="0"/>
					<Vertex X="27042" Y="74306" Z="0"/>
					<Vertex X="26943" Y="74326" Z="0"/>
					<Vertex X="26883" Y="74366" Z="0"/>
					<Vertex X="26764" Y="74385" Z="0"/>
					<Vertex X="26665" Y="74465" Z="0"/>
					<Vertex X="26606" Y="74485" Z="0"/>
					<Vertex X="26526" Y="74504" Z="0"/>
					<Vertex X="26407" Y="74604" Z="0"/>
					<Vertex X="26348" Y="74623" Z="0"/>
					<Vertex X="26268" Y="74683" Z="0"/>
					<Vertex X="26209" Y="74762" Z="0"/>
					<Vertex X="26110" Y="74802" Z="0"/>
					<Vertex X="26070" Y="74841" Z="0"/>
					<Vertex X="26011" Y="74921" Z="0"/>
					<Vertex X="25991" Y="74980" Z="0"/>
					<Vertex X="25971" Y="75060" Z="0"/>
					<Vertex X="25912" Y="75139" Z="0"/>
					<Vertex X="25912" Y="75198" Z="0"/>
					<Vertex X="25872" Y="75258" Z="0"/>
					<Vertex X="25872" Y="75377" Z="0"/>
					<Vertex X="25872" Y="75436" Z="0"/>
					<Vertex X="25872" Y="75516" Z="0"/>
					<Vertex X="25872" Y="75654" Z="0"/>
					<Vertex X="25912" Y="75734" Z="0"/>
					<Vertex X="25912" Y="75813" Z="0"/>
					<Vertex X="25912" Y="75912" Z="0"/>
					<Vertex X="25912" Y="76031" Z="0"/>
					<Vertex X="25912" Y="76110" Z="0"/>
					<Vertex X="25912" Y="76170" Z="0"/>
					<Vertex X="25912" Y="76269" Z="0"/>
					<Vertex X="25912" Y="76289" Z="0"/>
					<Vertex X="25872" Y="76348" Z="0"/>
					<Vertex X="25872" Y="76408" Z="0"/>
					<Vertex X="25852" Y="76467" Z="0"/>
					<Vertex X="25812" Y="76507" Z="0"/>
					<Vertex X="25793" Y="76566" Z="0"/>
					<Vertex X="25733" Y="76586" Z="0"/>
					<Vertex X="25674" Y="76665" Z="0"/>
					<Vertex X="25575" Y="76745" Z="0"/>
					<Vertex X="25475" Y="76804" Z="0"/>
					<Vertex X="25436" Y="76864" Z="0"/>
					<Vertex X="25337" Y="76923" Z="0"/>
					<Vertex X="25218" Y="77022" Z="0"/>
					<Vertex X="25158" Y="77062" Z="0"/>
					<Vertex X="25059" Y="77141" Z="0"/>
					<Vertex X="24980" Y="77181" Z="0"/>
					<Vertex X="24901" Y="77221" Z="0"/>
					<Vertex X="24841" Y="77260" Z="0"/>
					<Vertex X="24742" Y="77280" Z="0"/>
					<Vertex X="24682" Y="77280" Z="0"/>
					<Vertex X="24663" Y="77320" Z="0"/>
					<Vertex X="24563" Y="77320" Z="0"/>
					<Vertex X="24504" Y="77320" Z="0"/>
					<Vertex X="24445" Y="77320" Z="0"/>
					<Vertex X="24365" Y="77320" Z="0"/>
					<Vertex X="24306" Y="77320" Z="0"/>
					<Vertex X="24266" Y="77280" Z="0"/>
					<Vertex X="24207" Y="77260" Z="0"/>
					<Vertex X="24147" Y="77181" Z="0"/>
					<Vertex X="24127" Y="77161" Z="0"/>
					<Vertex X="24088" Y="77141" Z="0"/>
					<Vertex X="24088" Y="77102" Z="0"/>
					<Vertex X="24068" Y="77062" Z="0"/>
					<Vertex X="24068" Y="77042" Z="0"/>
					<Vertex X="24068" Y="77022" Z="0"/>
					<Vertex X="24068" Y="76983" Z="0"/>
					<Vertex X="24068" Y="76963" Z="0"/>
					<Vertex X="24068" Y="76883" Z="0"/>
					<Vertex X="24028" Y="76864" Z="0"/>
					<Vertex X="24028" Y="76804" Z="0"/>
					<Vertex X="23989" Y="76745" Z="0"/>
					<Vertex X="23929" Y="76685" Z="0"/>
					<Vertex X="23909" Y="76626" Z="0"/>
					<Vertex X="23850" Y="76546" Z="0"/>
					<Vertex X="23830" Y="76447" Z="0"/>
					<Vertex X="23770" Y="76388" Z="0"/>
					<Vertex X="23691" Y="76289" Z="0"/>
					<Vertex X="23652" Y="76249" Z="0"/>
					<Vertex X="23612" Y="76170" Z="0"/>
					<Vertex X="23552" Y="76090" Z="0"/>
					<Vertex X="23533" Y="76051" Z="0"/>
					<Vertex X="23493" Y="76011" Z="0"/>
					<Vertex X="23473" Y="75912" Z="0"/>
					<Vertex X="23433" Y="75853" Z="0"/>
					<Vertex X="23394" Y="75793" Z="0"/>
					<Vertex X="23394" Y="75694" Z="0"/>
					<Vertex X="23394" Y="75654" Z="0"/>
					<Vertex X="23394" Y="75496" Z="0"/>
					<Vertex X="23394" Y="75397" Z="0"/>
					<Vertex X="23433" Y="75317" Z="0"/>
					<Vertex X="23433" Y="75198" Z="0"/>
					<Vertex X="23473" Y="75139" Z="0"/>
					<Vertex X="23473" Y="75020" Z="0"/>
					<Vertex X="23493" Y="74960" Z="0"/>
					<Vertex X="23493" Y="74901" Z="0"/>
					<Vertex X="23552" Y="74782" Z="0"/>
					<Vertex X="23592" Y="74722" Z="0"/>
					<Vertex X="23612" Y="74623" Z="0"/>
					<Vertex X="23652" Y="74564" Z="0"/>
					<Vertex X="23671" Y="74465" Z="0"/>
					<Vertex X="23691" Y="74385" Z="0"/>
					<Vertex X="23731" Y="74326" Z="0"/>
					<Vertex X="23790" Y="74247" Z="0"/>
					<Vertex X="23790" Y="74167" Z="0"/>
					<Vertex X="23830" Y="74088" Z="0"/>
					<Vertex X="23850" Y="73969" Z="0"/>
					<Vertex X="23850" Y="73910" Z="0"/>
					<Vertex X="23889" Y="73830" Z="0"/>
					<Vertex X="23909" Y="73771" Z="0"/>
					<Vertex X="23909" Y="73672" Z="0"/>
					<Vertex X="23909" Y="73592" Z="0"/>
					<Vertex X="23909" Y="73493" Z="0"/>
					<Vertex X="23909" Y="73414" Z="0"/>
					<Vertex X="23909" Y="73355" Z="0"/>
					<Vertex X="23850" Y="73275" Z="0"/>
					<Vertex X="23850" Y="73196" Z="0"/>
					<Vertex X="23790" Y="73077" Z="0"/>
					<Vertex X="23770" Y="72998" Z="0"/>
					<Vertex X="23731" Y="72938" Z="0"/>
					<Vertex X="23671" Y="72819" Z="0"/>
					<Vertex X="23592" Y="72720" Z="0"/>
					<Vertex X="23552" Y="72680" Z="0"/>
					<Vertex X="23473" Y="72581" Z="0"/>
					<Vertex X="23433" Y="72542" Z="0"/>
					<Vertex X="23334" Y="72462" Z="0"/>
					<Vertex X="23275" Y="72403" Z="0"/>
					<Vertex X="23156" Y="72304" Z="0"/>
					<Vertex X="23096" Y="72284" Z="0"/>
					<Vertex X="23017" Y="72224" Z="0"/>
					<Vertex X="22898" Y="72165" Z="0"/>
					<Vertex X="22779" Y="72125" Z="0"/>
					<Vertex X="22720" Y="72106" Z="0"/>
					<Vertex X="22601" Y="72046" Z="0"/>
					<Vertex X="22442" Y="72006" Z="0"/>
					<Vertex X="22383" Y="71987" Z="0"/>
					<Vertex X="22244" Y="71987" Z="0"/>
					<Vertex X="22145" Y="71987" Z="0"/>
					<Vertex X="22085" Y="71987" Z="0"/>
					<Vertex X="21966" Y="71987" Z="0"/>
					<Vertex X="21887" Y="72006" Z="0"/>
					<Vertex X="21788" Y="72006" Z="0"/>
					<Vertex X="21669" Y="72046" Z="0"/>
					<Vertex X="21550" Y="72066" Z="0"/>
					<Vertex X="21471" Y="72066" Z="0"/>
					<Vertex X="21352" Y="72125" Z="0"/>
					<Vertex X="21253" Y="72125" Z="0"/>
					<Vertex X="21173" Y="72165" Z="0"/>
					<Vertex X="21074" Y="72185" Z="0"/>
					<Vertex X="20955" Y="72244" Z="0"/>
					<Vertex X="20876" Y="72304" Z="0"/>
					<Vertex X="20757" Y="72403" Z="0"/>
					<Vertex X="20658" Y="72462" Z="0"/>
					<Vertex X="20579" Y="72522" Z="0"/>
					<Vertex X="20519" Y="72581" Z="0"/>
					<Vertex X="20460" Y="72661" Z="0"/>
					<Vertex X="20400" Y="72700" Z="0"/>
					<Vertex X="20341" Y="72819" Z="0"/>
					<Vertex X="20281" Y="72879" Z="0"/>
					<Vertex X="20222" Y="72998" Z="0"/>
					<Vertex X="20162" Y="73077" Z="0"/>
					<Vertex X="20063" Y="73136" Z="0"/>
					<Vertex X="20004" Y="73196" Z="0"/>
					<Vertex X="19885" Y="73315" Z="0"/>
					<Vertex X="19825" Y="73414" Z="0"/>
					<Vertex X="19706" Y="73533" Z="0"/>
					<Vertex X="19647" Y="73632" Z="0"/>
					<Vertex X="19567" Y="73711" Z="0"/>
					<Vertex X="19508" Y="73791" Z="0"/>
					<Vertex X="19449" Y="73850" Z="0"/>
					<Vertex X="19330" Y="73949" Z="0"/>
					<Vertex X="19211" Y="74068" Z="0"/>
					<Vertex X="19111" Y="74128" Z="0"/>
					<Vertex X="19032" Y="74207" Z="0"/>
					<Vertex X="18913" Y="74267" Z="0"/>
					<Vertex X="18814" Y="74326" Z="0"/>
					<Vertex X="18735" Y="74366" Z="0"/>
					<Vertex X="18616" Y="74385" Z="0"/>
					<Vertex X="18517" Y="74425" Z="0"/>
					<Vertex X="18398" Y="74425" Z="0"/>
					<Vertex X="18338" Y="74385" Z="0"/>
					<Vertex X="18279" Y="74385" Z="0"/>
					<Vertex X="18219" Y="74326" Z="0"/>
					<Vertex X="18160" Y="74306" Z="0"/>
					<Vertex X="18081" Y="74267" Z="0"/>
					<Vertex X="17981" Y="74207" Z="0"/>
					<Vertex X="17922" Y="74148" Z="0"/>
					<Vertex X="17843" Y="74088" Z="0"/>
					<Vertex X="17744" Y="74068" Z="0"/>
					<Vertex X="17684" Y="74009" Z="0"/>
					<Vertex X="17605" Y="73949" Z="0"/>
					<Vertex X="17545" Y="73910" Z="0"/>
					<Vertex X="17446" Y="73850" Z="0"/>
					<Vertex X="17367" Y="73830" Z="0"/>
					<Vertex X="17307" Y="73791" Z="0"/>
					<Vertex X="17188" Y="73731" Z="0"/>
					<Vertex X="17129" Y="73731" Z="0"/>
					<Vertex X="17030" Y="73711" Z="0"/>
					<Vertex X="16970" Y="73672" Z="0"/>
					<Vertex X="16891" Y="73672" Z="0"/>
					<Vertex X="16792" Y="73652" Z="0"/>
					<Vertex X="16713" Y="73672" Z="0"/>
					<Vertex X="16613" Y="73672" Z="0"/>
					<Vertex X="16494" Y="73711" Z="0"/>
					<Vertex X="16435" Y="73731" Z="0"/>
					<Vertex X="16356" Y="73771" Z="0"/>
					<Vertex X="16237" Y="73830" Z="0"/>
					<Vertex X="16177" Y="73850" Z="0"/>
					<Vertex X="16078" Y="73969" Z="0"/>
					<Vertex X="16019" Y="74029" Z="0"/>
					<Vertex X="15959" Y="74128" Z="0"/>
					<Vertex X="15900" Y="74267" Z="0"/>
					<Vertex X="15880" Y="74366" Z="0"/>
					<Vertex X="15840" Y="74524" Z="0"/>
					<Vertex X="15820" Y="74604" Z="0"/>
					<Vertex X="15781" Y="74722" Z="0"/>
					<Vertex X="15761" Y="74841" Z="0"/>
					<Vertex X="15721" Y="74960" Z="0"/>
					<Vertex X="15701" Y="75040" Z="0"/>
					<Vertex X="15662" Y="75139" Z="0"/>
					<Vertex X="15662" Y="75218" Z="0"/>
					<Vertex X="15642" Y="75278" Z="0"/>
					<Vertex X="15602" Y="75397" Z="0"/>
					<Vertex X="15583" Y="75496" Z="0"/>
					<Vertex X="15543" Y="75615" Z="0"/>
					<Vertex X="15543" Y="75674" Z="0"/>
					<Vertex X="15543" Y="75753" Z="0"/>
					<Vertex X="15523" Y="75853" Z="0"/>
					<Vertex X="15523" Y="75912" Z="0"/>
					<Vertex X="15483" Y="76031" Z="0"/>
					<Vertex X="15483" Y="76090" Z="0"/>
					<Vertex X="15483" Y="76170" Z="0"/>
					<Vertex X="15483" Y="76269" Z="0"/>
					<Vertex X="15483" Y="76348" Z="0"/>
					<Vertex X="15483" Y="76447" Z="0"/>
					<Vertex X="15483" Y="76527" Z="0"/>
					<Vertex X="15483" Y="76586" Z="0"/>
					<Vertex X="15523" Y="76705" Z="0"/>
					<Vertex X="15543" Y="76804" Z="0"/>
					<Vertex X="15583" Y="76883" Z="0"/>
					<Vertex X="15583" Y="76983" Z="0"/>
					<Vertex X="15602" Y="77062" Z="0"/>
					<Vertex X="15642" Y="77141" Z="0"/>
					<Vertex X="15662" Y="77161" Z="0"/>
					<Vertex X="15701" Y="77260" Z="0"/>
					<Vertex X="15701" Y="77280" Z="0"/>
					<Vertex X="15721" Y="77339" Z="0"/>
					<Vertex X="15761" Y="77399" Z="0"/>
					<Vertex X="15761" Y="77439" Z="0"/>
					<Vertex X="15781" Y="77478" Z="0"/>
					<Vertex X="15820" Y="77558" Z="0"/>
					<Vertex X="15820" Y="77617" Z="0"/>
					<Vertex X="15840" Y="77657" Z="0"/>
					<Vertex X="15880" Y="77716" Z="0"/>
					<Vertex X="15880" Y="77776" Z="0"/>
					<Vertex X="15900" Y="77855" Z="0"/>
					<Vertex X="15939" Y="77895" Z="0"/>
					<Vertex X="15979" Y="77954" Z="0"/>
					<Vertex X="15999" Y="78053" Z="0"/>
					<Vertex X="16019" Y="78113" Z="0"/>
					<Vertex X="16058" Y="78152" Z="0"/>
					<Vertex X="16118" Y="78212" Z="0"/>
					<Vertex X="16138" Y="78232" Z="0"/>
					<Vertex X="16217" Y="78291" Z="0"/>
					<Vertex X="16237" Y="78331" Z="0"/>
					<Vertex X="16296" Y="78370" Z="0"/>
					<Vertex X="16356" Y="78450" Z="0"/>
					<Vertex X="16376" Y="78470" Z="0"/>
					<Vertex X="16475" Y="78549" Z="0"/>
					<Vertex X="16554" Y="78608" Z="0"/>
					<Vertex X="16653" Y="78668" Z="0"/>
					<Vertex X="16752" Y="78787" Z="0"/>
					<Vertex X="16832" Y="78826" Z="0"/>
					<Vertex X="16950" Y="78906" Z="0"/>
					<Vertex X="17050" Y="78965" Z="0"/>
					<Vertex X="17149" Y="79064" Z="0"/>
					<Vertex X="17208" Y="79124" Z="0"/>
					<Vertex X="17367" Y="79223" Z="0"/>
					<Vertex X="17446" Y="79263" Z="0"/>
					<Vertex X="17585" Y="79362" Z="0"/>
					<Vertex X="17664" Y="79421" Z="0"/>
					<Vertex X="17724" Y="79481" Z="0"/>
					<Vertex X="17823" Y="79540" Z="0"/>
					<Vertex X="17902" Y="79639" Z="0"/>
					<Vertex X="17962" Y="79699" Z="0"/>
					<Vertex X="18041" Y="79738" Z="0"/>
					<Vertex X="18120" Y="79798" Z="0"/>
					<Vertex X="18199" Y="79897" Z="0"/>
					<Vertex X="18259" Y="79956" Z="0"/>
					<Vertex X="18358" Y="80016" Z="0"/>
					<Vertex X="18378" Y="80075" Z="0"/>
					<Vertex X="18457" Y="80095" Z="0"/>
					<Vertex X="18517" Y="80135" Z="0"/>
					<Vertex X="18576" Y="80155" Z="0"/>
					<Vertex X="18695" Y="80194" Z="0"/>
					<Vertex X="18755" Y="80194" Z="0"/>
					<Vertex X="18854" Y="80234" Z="0"/>
					<Vertex X="18933" Y="80254" Z="0"/>
					<Vertex X="19032" Y="80254" Z="0"/>
					<Vertex X="19092" Y="80274" Z="0"/>
					<Vertex X="19191" Y="80313" Z="0"/>
					<Vertex X="19230" Y="80373" Z="0"/>
					<Vertex X="19349" Y="80393" Z="0"/>
					<Vertex X="19429" Y="80432" Z="0"/>
					<Vertex X="19508" Y="80452" Z="0"/>
					<Vertex X="19587" Y="80492" Z="0"/>
					<Vertex X="19726" Y="80531" Z="0"/>
					<Vertex X="19805" Y="80551" Z="0"/>
					<Vertex X="19885" Y="80571" Z="0"/>
					<Vertex X="20043" Y="80611" Z="0"/>
					<Vertex X="20162" Y="80611" Z="0"/>
					<Vertex X="20301" Y="80631" Z="0"/>
					<Vertex X="20400" Y="80670" Z="0"/>
					<Vertex X="20579" Y="80690" Z="0"/>
					<Vertex X="20698" Y="80690" Z="0"/>
					<Vertex X="20797" Y="80730" Z="0"/>
					<Vertex X="20935" Y="80730" Z="0"/>
					<Vertex X="21114" Y="80730" Z="0"/>
					<Vertex X="21253" Y="80749" Z="0"/>
					<Vertex X="21431" Y="80749" Z="0"/>
					<Vertex X="21530" Y="80749" Z="0"/>
					<Vertex X="21669" Y="80749" Z="0"/>
					<Vertex X="21788" Y="80749" Z="0"/>
					<Vertex X="21947" Y="80789" Z="0"/>
					<Vertex X="22026" Y="80789" Z="0"/>
					<Vertex X="22085" Y="80789" Z="0"/>
					<Vertex X="22204" Y="80829" Z="0"/>
					<Vertex X="22303" Y="80829" Z="0"/>
					<Vertex X="22403" Y="80849" Z="0"/>
					<Vertex X="22442" Y="80849" Z="0"/>
					<Vertex X="22541" Y="80868" Z="0"/>
					<Vertex X="22601" Y="80868" Z="0"/>
					<Vertex X="22700" Y="80868" Z="0"/>
					<Vertex X="22720" Y="80908" Z="0"/>
					<Vertex X="22779" Y="80908" Z="0"/>
					<Vertex X="22839" Y="80908" Z="0"/>
					<Vertex X="22858" Y="80928" Z="0"/>
					<Vertex X="22898" Y="81007" Z="0"/>
					<Vertex X="24485" Y="80630" Z="0"/>
					<Vertex X="24742" Y="80591" Z="0"/>
					<Vertex X="24861" Y="80650" Z="0"/>
					<Vertex X="24980" Y="80690" Z="0"/>
					<Vertex X="25040" Y="80710" Z="0"/>
					<Vertex X="25159" Y="80769" Z="0"/>
					<Vertex X="25258" Y="80828" Z="0"/>
					<Vertex X="25377" Y="80888" Z="0"/>
					<Vertex X="25436" Y="80987" Z="0"/>
					<Vertex X="25496" Y="81047" Z="0"/>
					<Vertex X="25575" Y="81166" Z="0"/>
					<Vertex X="25615" Y="81284" Z="0"/>
					<Vertex X="25674" Y="81443" Z="0"/>
					<Vertex X="25694" Y="81542" Z="0"/>
					<Vertex X="25734" Y="81721" Z="0"/>
					<Vertex X="25753" Y="81879" Z="0"/>
					<Vertex X="25793" Y="81998" Z="0"/>
					<Vertex X="25833" Y="82137" Z="0"/>
					<Vertex X="25872" Y="82296" Z="0"/>
					<Vertex X="25912" Y="82355" Z="0"/>
					<Vertex X="25971" Y="82474" Z="0"/>
					<Vertex X="25991" Y="82613" Z="0"/>
					<Vertex X="26090" Y="82732" Z="0"/>
					<Vertex X="26130" Y="82831" Z="0"/>
					<Vertex X="26170" Y="82950" Z="0"/>
					<Vertex X="26269" Y="83029" Z="0"/>
					<Vertex X="26328" Y="83168" Z="0"/>
					<Vertex X="26388" Y="83208" Z="0"/>
					<Vertex X="26447" Y="83267" Z="0"/>
					<Vertex X="26507" Y="83327" Z="0"/>
					<Vertex X="26586" Y="83366" Z="0"/>
					<Vertex X="26685" Y="83426" Z="0"/>
					<Vertex X="26745" Y="83465" Z="0"/>
					<Vertex X="26804" Y="83485" Z="0"/>
					<Vertex X="26903" Y="83545" Z="0"/>
					<Vertex X="26943" Y="83564" Z="0"/>
					<Vertex X="27002" Y="83664" Z="0"/>
					<Vertex X="27062" Y="83683" Z="0"/>
					<Vertex X="27101" Y="83783" Z="0"/>
					<Vertex X="27161" Y="83862" Z="0"/>
					<Vertex X="27201" Y="83961" Z="0"/>
					<Vertex X="27220" Y="84020" Z="0"/>
					<Vertex X="27220" Y="84139" Z="0"/>
					<Vertex X="27240" Y="84258" Z="0"/>
					<Vertex X="27280" Y="84318" Z="0"/>
					<Vertex X="27280" Y="84437" Z="0"/>
					<Vertex X="27280" Y="84576" Z="0"/>
					<Vertex X="27280" Y="84694" Z="0"/>
					<Vertex X="27280" Y="84833" Z="0"/>
					<Vertex X="27280" Y="84873" Z="0"/>
					<Vertex X="27280" Y="84992" Z="0"/>
					<Vertex X="27240" Y="85091" Z="0"/>
					<Vertex X="27220" Y="85150" Z="0"/>
					<Vertex X="27220" Y="85210" Z="0"/>
					<Vertex X="27161" Y="85289" Z="0"/>
					<Vertex X="27121" Y="85369" Z="0"/>
					<Vertex X="27101" Y="85448" Z="0"/>
					<Vertex X="27062" Y="85507" Z="0"/>
					<Vertex X="27062" Y="85587" Z="0"/>
					<Vertex X="27042" Y="85686" Z="0"/>
					<Vertex X="27042" Y="85745" Z="0"/>
					<Vertex X="27042" Y="85844" Z="0"/>
					<Vertex X="27042" Y="85924" Z="0"/>
					<Vertex X="27062" Y="86023" Z="0"/>
					<Vertex X="27062" Y="86062" Z="0"/>
					<Vertex X="27101" Y="86162" Z="0"/>
					<Vertex X="27101" Y="86221" Z="0"/>
					<Vertex X="27121" Y="86281" Z="0"/>
					<Vertex X="27161" Y="86340" Z="0"/>
					<Vertex X="27201" Y="86399" Z="0"/>
					<Vertex X="27220" Y="86479" Z="0"/>
					<Vertex X="27240" Y="86558" Z="0"/>
					<Vertex X="27280" Y="86637" Z="0"/>
					<Vertex X="27280" Y="86657" Z="0"/>
					<Vertex X="27280" Y="86717" Z="0"/>
					<Vertex X="27280" Y="86776" Z="0"/>
					<Vertex X="27240" Y="86855" Z="0"/>
					<Vertex X="27220" Y="86935" Z="0"/>
					<Vertex X="27201" Y="87034" Z="0"/>
					<Vertex X="27161" Y="87113" Z="0"/>
					<Vertex X="27121" Y="87252" Z="0"/>
					<Vertex X="27101" Y="87351" Z="0"/>
					<Vertex X="27101" Y="87411" Z="0"/>
					<Vertex X="27062" Y="87510" Z="0"/>
					<Vertex X="27062" Y="87549" Z="0"/>
					<Vertex X="27062" Y="87609" Z="0"/>
					<Vertex X="27062" Y="87708" Z="0"/>
					<Vertex X="27062" Y="87748" Z="0"/>
					<Vertex X="27062" Y="87807" Z="0"/>
					<Vertex X="27062" Y="87886" Z="0"/>
					<Vertex X="27062" Y="87946" Z="0"/>
					<Vertex X="27062" Y="88005" Z="0"/>
					<Vertex X="27062" Y="88124" Z="0"/>
					<Vertex X="27062" Y="88204" Z="0"/>
					<Vertex X="27062" Y="88342" Z="0"/>
					<Vertex X="27042" Y="88422" Z="0"/>
					<Vertex X="27042" Y="88541" Z="0"/>
					<Vertex X="27062" Y="88660" Z="0"/>
					<Vertex X="27062" Y="88779" Z="0"/>
					<Vertex X="27101" Y="88858" Z="0"/>
					<Vertex X="27101" Y="88937" Z="0"/>
					<Vertex X="27121" Y="88977" Z="0"/>
					<Vertex X="27201" Y="89076" Z="0"/>
					<Vertex X="27399" Y="88997" Z="0"/>
					<Vertex X="27399" Y="89017" Z="0"/>
					<Vertex X="27399" Y="89076" Z="0"/>
					<Vertex X="27399" Y="89116" Z="0"/>
					<Vertex X="27419" Y="89116" Z="0"/>
					<Vertex X="27479" Y="89116" Z="0"/>
					<Vertex X="27518" Y="89136" Z="0"/>
					<Vertex X="27578" Y="89136" Z="0"/>
					<Vertex X="27598" Y="89175" Z="0"/>
					<Vertex X="27637" Y="89175" Z="0"/>
					<Vertex X="27697" Y="89195" Z="0"/>
					<Vertex X="27716" Y="89195" Z="0"/>
					<Vertex X="27756" Y="89235" Z="0"/>
					<Vertex X="27776" Y="89235" Z="0"/>
					<Vertex X="27816" Y="89235" Z="0"/>
					<Vertex X="27835" Y="89255" Z="0"/>
					<Vertex X="27895" Y="89255" Z="0"/>
					<Vertex X="27935" Y="89294" Z="0"/>
					<Vertex X="27994" Y="89294" Z="0"/>
					<Vertex X="28054" Y="89314" Z="0"/>
					<Vertex X="28133" Y="89314" Z="0"/>
					<Vertex X="28192" Y="89354" Z="0"/>
					<Vertex X="28232" Y="89354" Z="0"/>
					<Vertex X="28311" Y="89393" Z="0"/>
					<Vertex X="28371" Y="89393" Z="0"/>
					<Vertex X="28430" Y="89413" Z="0"/>
					<Vertex X="28529" Y="89413" Z="0"/>
					<Vertex X="28648" Y="89433" Z="0"/>
					<Vertex X="28767" Y="89433" Z="0"/>
					<Vertex X="28847" Y="89433" Z="0"/>
					<Vertex X="28946" Y="89433" Z="0"/>
					<Vertex X="29065" Y="89473" Z="0"/>
					<Vertex X="29144" Y="89473" Z="0"/>
					<Vertex X="29303" Y="89493" Z="0"/>
					<Vertex X="29421" Y="89493" Z="0"/>
					<Vertex X="29501" Y="89532" Z="0"/>
					<Vertex X="29620" Y="89532" Z="0"/>
					<Vertex X="29778" Y="89552" Z="0"/>
					<Vertex X="29897" Y="89592" Z="0"/>
					<Vertex X="30016" Y="89592" Z="0"/>
					<Vertex X="30155" Y="89611" Z="0"/>
					<Vertex X="30314" Y="89611" Z="0"/>
					<Vertex X="30472" Y="89611" Z="0"/>
					<Vertex X="30611" Y="89651" Z="0"/>
					<Vertex X="30770" Y="89651" Z="0"/>
					<Vertex X="30908" Y="89691" Z="0"/>
					<Vertex X="31107" Y="89711" Z="0"/>
					<Vertex X="31265" Y="89770" Z="0"/>
					<Vertex X="31404" Y="89790" Z="0"/>
					<Vertex X="31563" Y="89830" Z="0"/>
					<Vertex X="31701" Y="89869" Z="0"/>
					<Vertex X="31919" Y="89889" Z="0"/>
					<Vertex X="32078" Y="89909" Z="0"/>
					<Vertex X="32177" Y="89949" Z="0"/>
				</Vertices>
			</Region>
			<Region Id="2" Type="0" Zoom="0.050000" Selected="0" ImageLocation="" ImageFocus="-1" Length="7910.9" Area="4366024.5" LengthMicrons="1995.1" AreaMicrons="277700.3" Text="" NegativeROA="0" InputRegionId="0" Analyze="1" DisplayId="2">
				<Attributes/>
				<Vertices>
					<Vertex X="26070" Y="67565" Z="0"/>
					<Vertex X="24742" Y="66812" Z="0"/>
					<Vertex X="24682" Y="66812" Z="0"/>
					<Vertex X="24623" Y="66812" Z="0"/>
					<Vertex X="24544" Y="66812" Z="0"/>
					<Vertex X="24484" Y="66852" Z="0"/>
					<Vertex X="24405" Y="66852" Z="0"/>
					<Vertex X="24306" Y="66871" Z="0"/>
					<Vertex X="24246" Y="66911" Z="0"/>
					<Vertex X="24187" Y="66931" Z="0"/>
					<Vertex X="24127" Y="66971" Z="0"/>
					<Vertex X="24068" Y="67010" Z="0"/>
					<Vertex X="23949" Y="67050" Z="0"/>
					<Vertex X="23889" Y="67090" Z="0"/>
					<Vertex X="23830" Y="67109" Z="0"/>
					<Vertex X="23810" Y="67169" Z="0"/>
					<Vertex X="23751" Y="67208" Z="0"/>
					<Vertex X="23711" Y="67268" Z="0"/>
					<Vertex X="23651" Y="67347" Z="0"/>
					<Vertex X="23612" Y="67387" Z="0"/>
					<Vertex X="23612" Y="67446" Z="0"/>
					<Vertex X="23592" Y="67526" Z="0"/>
					<Vertex X="23592" Y="67585" Z="0"/>
					<Vertex X="23552" Y="67684" Z="0"/>
					<Vertex X="23552" Y="67764" Z="0"/>
					<Vertex X="23592" Y="67902" Z="0"/>
					<Vertex X="23592" Y="67982" Z="0"/>
					<Vertex X="23592" Y="68041" Z="0"/>
					<Vertex X="23592" Y="68101" Z="0"/>
					<Vertex X="23592" Y="68200" Z="0"/>
					<Vertex X="23592" Y="68239" Z="0"/>
					<Vertex X="23612" Y="68299" Z="0"/>
					<Vertex X="23651" Y="68358" Z="0"/>
					<Vertex X="23671" Y="68497" Z="0"/>
					<Vertex X="23711" Y="68537" Z="0"/>
					<Vertex X="23751" Y="68596" Z="0"/>
					<Vertex X="23770" Y="68636" Z="0"/>
					<Vertex X="23830" Y="68695" Z="0"/>
					<Vertex X="23870" Y="68715" Z="0"/>
					<Vertex X="23949" Y="68795" Z="0"/>
					<Vertex X="24008" Y="68814" Z="0"/>
					<Vertex X="24048" Y="68854" Z="0"/>
					<Vertex X="24088" Y="68874" Z="0"/>
					<Vertex X="24147" Y="68894" Z="0"/>
					<Vertex X="24207" Y="68933" Z="0"/>
					<Vertex X="24246" Y="68953" Z="0"/>
					<Vertex X="24306" Y="68993" Z="0"/>
					<Vertex X="24365" Y="69013" Z="0"/>
					<Vertex X="24425" Y="69052" Z="0"/>
					<Vertex X="24484" Y="69092" Z="0"/>
					<Vertex X="24504" Y="69092" Z="0"/>
					<Vertex X="24583" Y="69112" Z="0"/>
					<Vertex X="24663" Y="69112" Z="0"/>
					<Vertex X="24722" Y="69112" Z="0"/>
					<Vertex X="24821" Y="69112" Z="0"/>
					<Vertex X="24881" Y="69112" Z="0"/>
					<Vertex X="24960" Y="69092" Z="0"/>
					<Vertex X="25019" Y="69092" Z="0"/>
					<Vertex X="25079" Y="69052" Z="0"/>
					<Vertex X="25138" Y="69052" Z="0"/>
					<Vertex X="25198" Y="69013" Z="0"/>
					<Vertex X="25317" Y="68993" Z="0"/>
					<Vertex X="25376" Y="68953" Z="0"/>
					<Vertex X="25475" Y="68894" Z="0"/>
					<Vertex X="25535" Y="68874" Z="0"/>
					<Vertex X="25555" Y="68874" Z="0"/>
					<Vertex X="25614" Y="68854" Z="0"/>
					<Vertex X="25693" Y="68795" Z="0"/>
					<Vertex X="25733" Y="68755" Z="0"/>
					<Vertex X="25753" Y="68715" Z="0"/>
					<Vertex X="25793" Y="68656" Z="0"/>
					<Vertex X="25852" Y="68596" Z="0"/>
					<Vertex X="25852" Y="68576" Z="0"/>
					<Vertex X="25912" Y="68497" Z="0"/>
					<Vertex X="25951" Y="68418" Z="0"/>
					<Vertex X="25951" Y="68398" Z="0"/>
					<Vertex X="25971" Y="68339" Z="0"/>
					<Vertex X="25971" Y="68299" Z="0"/>
					<Vertex X="25971" Y="68279" Z="0"/>
					<Vertex X="26011" Y="68239" Z="0"/>
					<Vertex X="26011" Y="68220" Z="0"/>
					<Vertex X="26011" Y="68200" Z="0"/>
					<Vertex X="26011" Y="68160" Z="0"/>
					<Vertex X="26031" Y="68101" Z="0"/>
					<Vertex X="26031" Y="68061" Z="0"/>
					<Vertex X="26070" Y="68041" Z="0"/>
					<Vertex X="26070" Y="68002" Z="0"/>
					<Vertex X="26070" Y="67982" Z="0"/>
					<Vertex X="26070" Y="67942" Z="0"/>
					<Vertex X="26070" Y="67922" Z="0"/>
					<Vertex X="26070" Y="67902" Z="0"/>
					<Vertex X="26070" Y="67863" Z="0"/>
					<Vertex X="26070" Y="67823" Z="0"/>
					<Vertex X="26070" Y="67803" Z="0"/>
					<Vertex X="26070" Y="67764" Z="0"/>
					<Vertex X="26070" Y="67744" Z="0"/>
					<Vertex X="26070" Y="67704" Z="0"/>
					<Vertex X="26031" Y="67704" Z="0"/>
					<Vertex X="26031" Y="67684" Z="0"/>
					<Vertex X="26031" Y="67645" Z="0"/>
					<Vertex X="26031" Y="67625" Z="0"/>
					<Vertex X="26011" Y="67585" Z="0"/>
					<Vertex X="25971" Y="67585" Z="0"/>
					<Vertex X="25951" Y="67585" Z="0"/>
					<Vertex X="26070" Y="67565" Z="0"/>
				</Vertices>
			</Region>
			<Region Id="3" Type="0" Zoom="0.050000" Selected="0" ImageLocation="" ImageFocus="-1" Length="12226.3" Area="7292917.0" LengthMicrons="3083.5" AreaMicrons="463864.8" Text="" NegativeROA="0" InputRegionId="0" Analyze="1" DisplayId="3">
				<Attributes/>
				<Vertices>
					<Vertex X="19865" Y="68061" Z="0"/>
					<Vertex X="19845" Y="68200" Z="0"/>
					<Vertex X="19825" Y="68279" Z="0"/>
					<Vertex X="19766" Y="68457" Z="0"/>
					<Vertex X="19766" Y="68576" Z="0"/>
					<Vertex X="19726" Y="68656" Z="0"/>
					<Vertex X="19706" Y="68795" Z="0"/>
					<Vertex X="19667" Y="68894" Z="0"/>
					<Vertex X="19627" Y="69013" Z="0"/>
					<Vertex X="19607" Y="69191" Z="0"/>
					<Vertex X="19607" Y="69310" Z="0"/>
					<Vertex X="19587" Y="69429" Z="0"/>
					<Vertex X="19548" Y="69548" Z="0"/>
					<Vertex X="19548" Y="69746" Z="0"/>
					<Vertex X="19548" Y="69845" Z="0"/>
					<Vertex X="19528" Y="69984" Z="0"/>
					<Vertex X="19528" Y="70063" Z="0"/>
					<Vertex X="19488" Y="70143" Z="0"/>
					<Vertex X="19488" Y="70301" Z="0"/>
					<Vertex X="19488" Y="70420" Z="0"/>
					<Vertex X="19429" Y="70539" Z="0"/>
					<Vertex X="19429" Y="70618" Z="0"/>
					<Vertex X="19429" Y="70718" Z="0"/>
					<Vertex X="19429" Y="70777" Z="0"/>
					<Vertex X="19429" Y="70876" Z="0"/>
					<Vertex X="19429" Y="70916" Z="0"/>
					<Vertex X="19488" Y="71055" Z="0"/>
					<Vertex X="19528" Y="71094" Z="0"/>
					<Vertex X="19548" Y="71174" Z="0"/>
					<Vertex X="19587" Y="71213" Z="0"/>
					<Vertex X="19627" Y="71253" Z="0"/>
					<Vertex X="19706" Y="71312" Z="0"/>
					<Vertex X="19766" Y="71352" Z="0"/>
					<Vertex X="19785" Y="71392" Z="0"/>
					<Vertex X="19845" Y="71392" Z="0"/>
					<Vertex X="19865" Y="71431" Z="0"/>
					<Vertex X="19944" Y="71451" Z="0"/>
					<Vertex X="20004" Y="71451" Z="0"/>
					<Vertex X="20063" Y="71451" Z="0"/>
					<Vertex X="20142" Y="71451" Z="0"/>
					<Vertex X="20202" Y="71451" Z="0"/>
					<Vertex X="20301" Y="71431" Z="0"/>
					<Vertex X="20360" Y="71392" Z="0"/>
					<Vertex X="20460" Y="71312" Z="0"/>
					<Vertex X="20539" Y="71293" Z="0"/>
					<Vertex X="20598" Y="71253" Z="0"/>
					<Vertex X="20658" Y="71193" Z="0"/>
					<Vertex X="20678" Y="71134" Z="0"/>
					<Vertex X="20777" Y="71074" Z="0"/>
					<Vertex X="20836" Y="71015" Z="0"/>
					<Vertex X="20916" Y="70896" Z="0"/>
					<Vertex X="20975" Y="70797" Z="0"/>
					<Vertex X="20995" Y="70757" Z="0"/>
					<Vertex X="21034" Y="70698" Z="0"/>
					<Vertex X="21094" Y="70618" Z="0"/>
					<Vertex X="21134" Y="70539" Z="0"/>
					<Vertex X="21153" Y="70460" Z="0"/>
					<Vertex X="21213" Y="70281" Z="0"/>
					<Vertex X="21253" Y="70182" Z="0"/>
					<Vertex X="21272" Y="70083" Z="0"/>
					<Vertex X="21272" Y="70004" Z="0"/>
					<Vertex X="21312" Y="69885" Z="0"/>
					<Vertex X="21312" Y="69746" Z="0"/>
					<Vertex X="21312" Y="69607" Z="0"/>
					<Vertex X="21332" Y="69488" Z="0"/>
					<Vertex X="21332" Y="69389" Z="0"/>
					<Vertex X="21332" Y="69290" Z="0"/>
					<Vertex X="21332" Y="69171" Z="0"/>
					<Vertex X="21332" Y="69092" Z="0"/>
					<Vertex X="21332" Y="68894" Z="0"/>
					<Vertex X="21332" Y="68814" Z="0"/>
					<Vertex X="21312" Y="68695" Z="0"/>
					<Vertex X="21312" Y="68576" Z="0"/>
					<Vertex X="21312" Y="68497" Z="0"/>
					<Vertex X="21312" Y="68358" Z="0"/>
					<Vertex X="21332" Y="68279" Z="0"/>
					<Vertex X="21332" Y="68120" Z="0"/>
					<Vertex X="21372" Y="68061" Z="0"/>
					<Vertex X="21391" Y="68002" Z="0"/>
					<Vertex X="21391" Y="67922" Z="0"/>
					<Vertex X="21411" Y="67863" Z="0"/>
					<Vertex X="21451" Y="67803" Z="0"/>
					<Vertex X="21471" Y="67704" Z="0"/>
					<Vertex X="21471" Y="67645" Z="0"/>
					<Vertex X="21471" Y="67585" Z="0"/>
					<Vertex X="21510" Y="67526" Z="0"/>
					<Vertex X="21510" Y="67466" Z="0"/>
					<Vertex X="21471" Y="67407" Z="0"/>
					<Vertex X="21471" Y="67347" Z="0"/>
					<Vertex X="21471" Y="67308" Z="0"/>
					<Vertex X="21471" Y="67208" Z="0"/>
					<Vertex X="21471" Y="67169" Z="0"/>
					<Vertex X="21471" Y="67109" Z="0"/>
					<Vertex X="21451" Y="67050" Z="0"/>
					<Vertex X="21451" Y="67030" Z="0"/>
					<Vertex X="21411" Y="66971" Z="0"/>
					<Vertex X="21411" Y="66931" Z="0"/>
					<Vertex X="21391" Y="66911" Z="0"/>
					<Vertex X="21391" Y="66852" Z="0"/>
					<Vertex X="21372" Y="66812" Z="0"/>
					<Vertex X="21372" Y="66772" Z="0"/>
					<Vertex X="21332" Y="66733" Z="0"/>
					<Vertex X="21312" Y="66673" Z="0"/>
					<Vertex X="21272" Y="66634" Z="0"/>
					<Vertex X="21272" Y="66614" Z="0"/>
					<Vertex X="21253" Y="66554" Z="0"/>
					<Vertex X="21213" Y="66534" Z="0"/>
					<Vertex X="21193" Y="66495" Z="0"/>
					<Vertex X="21153" Y="66455" Z="0"/>
					<Vertex X="21134" Y="66455" Z="0"/>
					<Vertex X="21134" Y="66435" Z="0"/>
					<Vertex X="21094" Y="66435" Z="0"/>
					<Vertex X="21074" Y="66435" Z="0"/>
					<Vertex X="21034" Y="66415" Z="0"/>
					<Vertex X="20995" Y="66415" Z="0"/>
					<Vertex X="20975" Y="66415" Z="0"/>
					<Vertex X="20935" Y="66415" Z="0"/>
					<Vertex X="20916" Y="66415" Z="0"/>
					<Vertex X="20896" Y="66415" Z="0"/>
					<Vertex X="20856" Y="66415" Z="0"/>
					<Vertex X="20797" Y="66415" Z="0"/>
					<Vertex X="20737" Y="66435" Z="0"/>
					<Vertex X="20678" Y="66435" Z="0"/>
					<Vertex X="20658" Y="66455" Z="0"/>
					<Vertex X="20598" Y="66495" Z="0"/>
					<Vertex X="20559" Y="66534" Z="0"/>
					<Vertex X="20499" Y="66554" Z="0"/>
					<Vertex X="20460" Y="66614" Z="0"/>
					<Vertex X="20400" Y="66634" Z="0"/>
					<Vertex X="20400" Y="66673" Z="0"/>
					<Vertex X="20360" Y="66733" Z="0"/>
					<Vertex X="20321" Y="66792" Z="0"/>
					<Vertex X="20301" Y="66852" Z="0"/>
					<Vertex X="20261" Y="66911" Z="0"/>
					<Vertex X="20241" Y="66971" Z="0"/>
					<Vertex X="20202" Y="67010" Z="0"/>
					<Vertex X="20202" Y="67090" Z="0"/>
					<Vertex X="20162" Y="67149" Z="0"/>
					<Vertex X="20142" Y="67228" Z="0"/>
					<Vertex X="20123" Y="67308" Z="0"/>
					<Vertex X="20123" Y="67347" Z="0"/>
					<Vertex X="20083" Y="67407" Z="0"/>
					<Vertex X="20083" Y="67446" Z="0"/>
					<Vertex X="20063" Y="67526" Z="0"/>
					<Vertex X="20063" Y="67585" Z="0"/>
					<Vertex X="20023" Y="67625" Z="0"/>
					<Vertex X="20004" Y="67704" Z="0"/>
					<Vertex X="20004" Y="67764" Z="0"/>
					<Vertex X="19964" Y="67863" Z="0"/>
					<Vertex X="19964" Y="67922" Z="0"/>
					<Vertex X="19964" Y="67942" Z="0"/>
					<Vertex X="19944" Y="67982" Z="0"/>
					<Vertex X="19944" Y="68002" Z="0"/>
					<Vertex X="19944" Y="68041" Z="0"/>
					<Vertex X="19904" Y="68041" Z="0"/>
					<Vertex X="19904" Y="68061" Z="0"/>
					<Vertex X="19944" Y="68101" Z="0"/>
					<Vertex X="19865" Y="68061" Z="0"/>
				</Vertices>
			</Region>
			<Region Id="4" Type="0" Zoom="0.050000" Selected="0" ImageLocation="" ImageFocus="-1" Length="13128.0" Area="10656415.5" LengthMicrons="3310.9" AreaMicrons="677799.6" Text="" NegativeROA="0" InputRegionId="0" Analyze="1" DisplayId="4">
				<Attributes/>
				<Vertices>
					<Vertex X="9020" Y="81087" Z="0"/>
					<Vertex X="8961" Y="81067" Z="0"/>
					<Vertex X="8921" Y="81027" Z="0"/>
					<Vertex X="8901" Y="81008" Z="0"/>
					<Vertex X="8862" Y="80968" Z="0"/>
					<Vertex X="8802" Y="80948" Z="0"/>
					<Vertex X="8782" Y="80948" Z="0"/>
					<Vertex X="8743" Y="80948" Z="0"/>
					<Vertex X="8683" Y="80948" Z="0"/>
					<Vertex X="8604" Y="81008" Z="0"/>
					<Vertex X="8544" Y="81027" Z="0"/>
					<Vertex X="8485" Y="81067" Z="0"/>
					<Vertex X="8426" Y="81127" Z="0"/>
					<Vertex X="8386" Y="81186" Z="0"/>
					<Vertex X="8326" Y="81246" Z="0"/>
					<Vertex X="8247" Y="81305" Z="0"/>
					<Vertex X="8188" Y="81364" Z="0"/>
					<Vertex X="8128" Y="81424" Z="0"/>
					<Vertex X="8069" Y="81523" Z="0"/>
					<Vertex X="8009" Y="81563" Z="0"/>
					<Vertex X="7950" Y="81662" Z="0"/>
					<Vertex X="7910" Y="81721" Z="0"/>
					<Vertex X="7890" Y="81820" Z="0"/>
					<Vertex X="7831" Y="81939" Z="0"/>
					<Vertex X="7771" Y="82019" Z="0"/>
					<Vertex X="7712" Y="82138" Z="0"/>
					<Vertex X="7652" Y="82296" Z="0"/>
					<Vertex X="7613" Y="82376" Z="0"/>
					<Vertex X="7593" Y="82455" Z="0"/>
					<Vertex X="7573" Y="82594" Z="0"/>
					<Vertex X="7494" Y="82673" Z="0"/>
					<Vertex X="7494" Y="82752" Z="0"/>
					<Vertex X="7474" Y="82851" Z="0"/>
					<Vertex X="7434" Y="82931" Z="0"/>
					<Vertex X="7434" Y="83030" Z="0"/>
					<Vertex X="7434" Y="83129" Z="0"/>
					<Vertex X="7434" Y="83169" Z="0"/>
					<Vertex X="7434" Y="83327" Z="0"/>
					<Vertex X="7434" Y="83426" Z="0"/>
					<Vertex X="7474" Y="83525" Z="0"/>
					<Vertex X="7474" Y="83625" Z="0"/>
					<Vertex X="7494" Y="83724" Z="0"/>
					<Vertex X="7573" Y="83803" Z="0"/>
					<Vertex X="7613" Y="83882" Z="0"/>
					<Vertex X="7712" Y="83981" Z="0"/>
					<Vertex X="7771" Y="84041" Z="0"/>
					<Vertex X="7851" Y="84100" Z="0"/>
					<Vertex X="7970" Y="84160" Z="0"/>
					<Vertex X="8029" Y="84219" Z="0"/>
					<Vertex X="8128" Y="84239" Z="0"/>
					<Vertex X="8188" Y="84279" Z="0"/>
					<Vertex X="8247" Y="84318" Z="0"/>
					<Vertex X="8366" Y="84338" Z="0"/>
					<Vertex X="8426" Y="84378" Z="0"/>
					<Vertex X="8485" Y="84398" Z="0"/>
					<Vertex X="8544" Y="84398" Z="0"/>
					<Vertex X="8644" Y="84418" Z="0"/>
					<Vertex X="8683" Y="84418" Z="0"/>
					<Vertex X="8743" Y="84457" Z="0"/>
					<Vertex X="8802" Y="84497" Z="0"/>
					<Vertex X="8882" Y="84497" Z="0"/>
					<Vertex X="8961" Y="84517" Z="0"/>
					<Vertex X="9040" Y="84517" Z="0"/>
					<Vertex X="9100" Y="84517" Z="0"/>
					<Vertex X="9199" Y="84517" Z="0"/>
					<Vertex X="9258" Y="84517" Z="0"/>
					<Vertex X="9318" Y="84517" Z="0"/>
					<Vertex X="9417" Y="84497" Z="0"/>
					<Vertex X="9456" Y="84457" Z="0"/>
					<Vertex X="9556" Y="84418" Z="0"/>
					<Vertex X="9635" Y="84398" Z="0"/>
					<Vertex X="9734" Y="84378" Z="0"/>
					<Vertex X="9813" Y="84338" Z="0"/>
					<Vertex X="9952" Y="84318" Z="0"/>
					<Vertex X="9992" Y="84279" Z="0"/>
					<Vertex X="10051" Y="84279" Z="0"/>
					<Vertex X="10210" Y="84219" Z="0"/>
					<Vertex X="10269" Y="84180" Z="0"/>
					<Vertex X="10388" Y="84160" Z="0"/>
					<Vertex X="10448" Y="84120" Z="0"/>
					<Vertex X="10527" Y="84061" Z="0"/>
					<Vertex X="10587" Y="84041" Z="0"/>
					<Vertex X="10705" Y="83981" Z="0"/>
					<Vertex X="10805" Y="83922" Z="0"/>
					<Vertex X="10924" Y="83823" Z="0"/>
					<Vertex X="11043" Y="83783" Z="0"/>
					<Vertex X="11122" Y="83724" Z="0"/>
					<Vertex X="11221" Y="83625" Z="0"/>
					<Vertex X="11419" Y="83307" Z="0"/>
					<Vertex X="11419" Y="83169" Z="0"/>
					<Vertex X="11419" Y="83050" Z="0"/>
					<Vertex X="11399" Y="82970" Z="0"/>
					<Vertex X="11360" Y="82911" Z="0"/>
					<Vertex X="11320" Y="82832" Z="0"/>
					<Vertex X="11241" Y="82792" Z="0"/>
					<Vertex X="11161" Y="82732" Z="0"/>
					<Vertex X="11102" Y="82713" Z="0"/>
					<Vertex X="11023" Y="82673" Z="0"/>
					<Vertex X="10884" Y="82633" Z="0"/>
					<Vertex X="10824" Y="82613" Z="0"/>
					<Vertex X="10745" Y="82594" Z="0"/>
					<Vertex X="10646" Y="82534" Z="0"/>
					<Vertex X="10587" Y="82495" Z="0"/>
					<Vertex X="10567" Y="82435" Z="0"/>
					<Vertex X="10527" Y="82376" Z="0"/>
					<Vertex X="10507" Y="82316" Z="0"/>
					<Vertex X="10487" Y="82257" Z="0"/>
					<Vertex X="10487" Y="82197" Z="0"/>
					<Vertex X="10507" Y="82138" Z="0"/>
					<Vertex X="10507" Y="82098" Z="0"/>
					<Vertex X="10527" Y="82039" Z="0"/>
					<Vertex X="10567" Y="81999" Z="0"/>
					<Vertex X="10587" Y="81900" Z="0"/>
					<Vertex X="10626" Y="81840" Z="0"/>
					<Vertex X="10626" Y="81781" Z="0"/>
					<Vertex X="10646" Y="81741" Z="0"/>
					<Vertex X="10646" Y="81682" Z="0"/>
					<Vertex X="10686" Y="81622" Z="0"/>
					<Vertex X="10686" Y="81563" Z="0"/>
					<Vertex X="10686" Y="81543" Z="0"/>
					<Vertex X="10686" Y="81523" Z="0"/>
					<Vertex X="10686" Y="81483" Z="0"/>
					<Vertex X="10686" Y="81424" Z="0"/>
					<Vertex X="10686" Y="81384" Z="0"/>
					<Vertex X="10686" Y="81364" Z="0"/>
					<Vertex X="10686" Y="81325" Z="0"/>
					<Vertex X="10686" Y="81305" Z="0"/>
					<Vertex X="10686" Y="81285" Z="0"/>
					<Vertex X="10686" Y="81246" Z="0"/>
					<Vertex X="10646" Y="81206" Z="0"/>
					<Vertex X="10646" Y="81186" Z="0"/>
					<Vertex X="10646" Y="81146" Z="0"/>
					<Vertex X="10646" Y="81127" Z="0"/>
					<Vertex X="10626" Y="81127" Z="0"/>
					<Vertex X="10626" Y="81087" Z="0"/>
					<Vertex X="10587" Y="81067" Z="0"/>
					<Vertex X="10587" Y="81027" Z="0"/>
					<Vertex X="10567" Y="81008" Z="0"/>
					<Vertex X="10567" Y="80968" Z="0"/>
					<Vertex X="10527" Y="80968" Z="0"/>
					<Vertex X="10507" Y="80948" Z="0"/>
					<Vertex X="10507" Y="80928" Z="0"/>
					<Vertex X="10487" Y="80889" Z="0"/>
					<Vertex X="10408" Y="80849" Z="0"/>
					<Vertex X="10388" Y="80829" Z="0"/>
					<Vertex X="10329" Y="80790" Z="0"/>
					<Vertex X="10249" Y="80730" Z="0"/>
					<Vertex X="10210" Y="80730" Z="0"/>
					<Vertex X="10170" Y="80730" Z="0"/>
					<Vertex X="10091" Y="80710" Z="0"/>
					<Vertex X="10051" Y="80710" Z="0"/>
					<Vertex X="10031" Y="80710" Z="0"/>
					<Vertex X="9972" Y="80730" Z="0"/>
					<Vertex X="9952" Y="80730" Z="0"/>
					<Vertex X="9912" Y="80730" Z="0"/>
					<Vertex X="9873" Y="80730" Z="0"/>
					<Vertex X="9813" Y="80730" Z="0"/>
					<Vertex X="9793" Y="80730" Z="0"/>
					<Vertex X="9754" Y="80730" Z="0"/>
					<Vertex X="9754" Y="80770" Z="0"/>
					<Vertex X="9714" Y="80790" Z="0"/>
					<Vertex X="9675" Y="80790" Z="0"/>
					<Vertex X="9615" Y="80829" Z="0"/>
					<Vertex X="9615" Y="80849" Z="0"/>
					<Vertex X="9556" Y="80889" Z="0"/>
					<Vertex X="9496" Y="80928" Z="0"/>
					<Vertex X="9456" Y="80928" Z="0"/>
					<Vertex X="9437" Y="80948" Z="0"/>
					<Vertex X="9417" Y="80948" Z="0"/>
					<Vertex X="9417" Y="80968" Z="0"/>
					<Vertex X="9417" Y="81008" Z="0"/>
					<Vertex X="9377" Y="81008" Z="0"/>
					<Vertex X="9377" Y="80968" Z="0"/>
					<Vertex X="9338" Y="80968" Z="0"/>
					<Vertex X="9020" Y="81087" Z="0"/>
				</Vertices>
			</Region>
		</Regions>
		<Plots/>
	</Annotation>
</Annotations>
