<Annotations MicronsPerPixel="0.252200">
	<Annotation Id="1" Name="" ReadOnly="0" NameReadOnly="0" LineColorReadOnly="0" Incremental="0" Type="4" LineColor="255" Visible="1" Selected="1" MarkupImagePath="" MacroName="">
		<Attributes/>
		<Regions>
			<RegionAttributeHeaders>
				<AttributeHeader Id="9999" Name="Region" ColumnWidth="-1"/>
				<AttributeHeader Id="9997" Name="Length" ColumnWidth="-1"/>
				<AttributeHeader Id="9996" Name="Area" ColumnWidth="-1"/>
				<AttributeHeader Id="9998" Name="Text" ColumnWidth="-1"/>
			</RegionAttributeHeaders>
			<Region Id="1" Type="0" Zoom="0.015388" Selected="0" ImageLocation="" ImageFocus="-1" Length="30968.5" Area="60445169.5" LengthMicrons="7810.3" AreaMicrons="3844605.3" Text="" NegativeROA="0" InputRegionId="0" Analyze="1" DisplayId="1">
				<Attributes/>
				<Vertices>
					<Vertex X="41227" Y="23770" Z="0"/>
					<Vertex X="41420" Y="23190" Z="0"/>
					<Vertex X="41420" Y="22868" Z="0"/>
					<Vertex X="41614" Y="22482" Z="0"/>
					<Vertex X="41742" Y="22224" Z="0"/>
					<Vertex X="41742" Y="21837" Z="0"/>
					<Vertex X="41807" Y="21451" Z="0"/>
					<Vertex X="41807" Y="21064" Z="0"/>
					<Vertex X="41936" Y="20678" Z="0"/>
					<Vertex X="41936" Y="20163" Z="0"/>
					<Vertex X="41936" Y="19776" Z="0"/>
					<Vertex X="41936" Y="19325" Z="0"/>
					<Vertex X="41936" Y="18810" Z="0"/>
					<Vertex X="41773" Y="18755" Z="0"/>
					<Vertex X="41336" Y="17506" Z="0"/>
					<Vertex X="41297" Y="17249" Z="0"/>
					<Vertex X="41277" Y="17130" Z="0"/>
					<Vertex X="41237" Y="16971" Z="0"/>
					<Vertex X="41217" Y="16773" Z="0"/>
					<Vertex X="41158" Y="16654" Z="0"/>
					<Vertex X="41118" Y="16495" Z="0"/>
					<Vertex X="41059" Y="16317" Z="0"/>
					<Vertex X="40999" Y="16178" Z="0"/>
					<Vertex X="40940" Y="16019" Z="0"/>
					<Vertex X="40920" Y="15900" Z="0"/>
					<Vertex X="40821" Y="15722" Z="0"/>
					<Vertex X="40801" Y="15603" Z="0"/>
					<Vertex X="40702" Y="15484" Z="0"/>
					<Vertex X="40623" Y="15345" Z="0"/>
					<Vertex X="40563" Y="15246" Z="0"/>
					<Vertex X="40504" Y="15167" Z="0"/>
					<Vertex X="40405" Y="15068" Z="0"/>
					<Vertex X="40325" Y="15008" Z="0"/>
					<Vertex X="40206" Y="14889" Z="0"/>
					<Vertex X="40107" Y="14830" Z="0"/>
					<Vertex X="40028" Y="14810" Z="0"/>
					<Vertex X="39909" Y="14751" Z="0"/>
					<Vertex X="39750" Y="14711" Z="0"/>
					<Vertex X="39631" Y="14691" Z="0"/>
					<Vertex X="39512" Y="14691" Z="0"/>
					<Vertex X="39334" Y="14691" Z="0"/>
					<Vertex X="39195" Y="14691" Z="0"/>
					<Vertex X="39037" Y="14691" Z="0"/>
					<Vertex X="38898" Y="14711" Z="0"/>
					<Vertex X="38660" Y="14810" Z="0"/>
					<Vertex X="38501" Y="14889" Z="0"/>
					<Vertex X="38323" Y="15008" Z="0"/>
					<Vertex X="38125" Y="15127" Z="0"/>
					<Vertex X="37946" Y="15246" Z="0"/>
					<Vertex X="37669" Y="15425" Z="0"/>
					<Vertex X="37530" Y="15583" Z="0"/>
					<Vertex X="37352" Y="15722" Z="0"/>
					<Vertex X="37193" Y="15881" Z="0"/>
					<Vertex X="36995" Y="16119" Z="0"/>
					<Vertex X="36836" Y="16297" Z="0"/>
					<Vertex X="36697" Y="16475" Z="0"/>
					<Vertex X="36578" Y="16614" Z="0"/>
					<Vertex X="36459" Y="16793" Z="0"/>
					<Vertex X="36360" Y="16951" Z="0"/>
					<Vertex X="36241" Y="17189" Z="0"/>
					<Vertex X="36182" Y="17328" Z="0"/>
					<Vertex X="36122" Y="17486" Z="0"/>
					<Vertex X="36043" Y="17724" Z="0"/>
					<Vertex X="35984" Y="17903" Z="0"/>
					<Vertex X="35884" Y="18161" Z="0"/>
					<Vertex X="35825" Y="18379" Z="0"/>
					<Vertex X="35765" Y="18577" Z="0"/>
					<Vertex X="35746" Y="18795" Z="0"/>
					<Vertex X="35686" Y="19152" Z="0"/>
					<Vertex X="35647" Y="19390" Z="0"/>
					<Vertex X="35587" Y="19628" Z="0"/>
					<Vertex X="35587" Y="19925" Z="0"/>
					<Vertex X="35587" Y="20163" Z="0"/>
					<Vertex X="35567" Y="20361" Z="0"/>
					<Vertex X="35567" Y="20718" Z="0"/>
					<Vertex X="35567" Y="20936" Z="0"/>
					<Vertex X="35567" Y="21253" Z="0"/>
					<Vertex X="35567" Y="21432" Z="0"/>
					<Vertex X="35587" Y="21610" Z="0"/>
					<Vertex X="35587" Y="21908" Z="0"/>
					<Vertex X="35627" Y="22126" Z="0"/>
					<Vertex X="35647" Y="22304" Z="0"/>
					<Vertex X="35647" Y="22502" Z="0"/>
					<Vertex X="35686" Y="22780" Z="0"/>
					<Vertex X="35706" Y="22958" Z="0"/>
					<Vertex X="35746" Y="23137" Z="0"/>
					<Vertex X="35805" Y="23394" Z="0"/>
					<Vertex X="35825" Y="23553" Z="0"/>
					<Vertex X="35865" Y="23732" Z="0"/>
					<Vertex X="35884" Y="23910" Z="0"/>
					<Vertex X="35944" Y="24168" Z="0"/>
					<Vertex X="36003" Y="24326" Z="0"/>
					<Vertex X="36063" Y="24505" Z="0"/>
					<Vertex X="36122" Y="24624" Z="0"/>
					<Vertex X="36221" Y="24822" Z="0"/>
					<Vertex X="36301" Y="24941" Z="0"/>
					<Vertex X="36360" Y="25060" Z="0"/>
					<Vertex X="36459" Y="25179" Z="0"/>
					<Vertex X="36578" Y="25377" Z="0"/>
					<Vertex X="36658" Y="25456" Z="0"/>
					<Vertex X="36757" Y="25575" Z="0"/>
					<Vertex X="36836" Y="25655" Z="0"/>
					<Vertex X="36955" Y="25813" Z="0"/>
					<Vertex X="37054" Y="25932" Z="0"/>
					<Vertex X="37193" Y="26051" Z="0"/>
					<Vertex X="37292" Y="26130" Z="0"/>
					<Vertex X="37371" Y="26230" Z="0"/>
					<Vertex X="37470" Y="26309" Z="0"/>
					<Vertex X="37609" Y="26408" Z="0"/>
					<Vertex X="37728" Y="26467" Z="0"/>
					<Vertex X="37847" Y="26507" Z="0"/>
					<Vertex X="37986" Y="26547" Z="0"/>
					<Vertex X="38125" Y="26606" Z="0"/>
					<Vertex X="38204" Y="26666" Z="0"/>
					<Vertex X="38323" Y="26705" Z="0"/>
					<Vertex X="38521" Y="26725" Z="0"/>
					<Vertex X="38620" Y="26765" Z="0"/>
					<Vertex X="38719" Y="26785" Z="0"/>
					<Vertex X="38898" Y="26824" Z="0"/>
					<Vertex X="39017" Y="26824" Z="0"/>
					<Vertex X="39096" Y="26824" Z="0"/>
					<Vertex X="39255" Y="26824" Z="0"/>
					<Vertex X="39394" Y="26765" Z="0"/>
					<Vertex X="39512" Y="26725" Z="0"/>
					<Vertex X="39671" Y="26666" Z="0"/>
					<Vertex X="39770" Y="26606" Z="0"/>
					<Vertex X="39889" Y="26547" Z="0"/>
					<Vertex X="39949" Y="26487" Z="0"/>
					<Vertex X="40048" Y="26368" Z="0"/>
					<Vertex X="40147" Y="26348" Z="0"/>
					<Vertex X="40206" Y="26289" Z="0"/>
					<Vertex X="40306" Y="26190" Z="0"/>
					<Vertex X="40345" Y="26150" Z="0"/>
					<Vertex X="40444" Y="26051" Z="0"/>
					<Vertex X="40563" Y="25932" Z="0"/>
					<Vertex X="40623" Y="25833" Z="0"/>
					<Vertex X="40682" Y="25754" Z="0"/>
					<Vertex X="40801" Y="25575" Z="0"/>
					<Vertex X="40861" Y="25476" Z="0"/>
					<Vertex X="40960" Y="25397" Z="0"/>
					<Vertex X="41019" Y="25278" Z="0"/>
					<Vertex X="41099" Y="25119" Z="0"/>
					<Vertex X="41158" Y="25040" Z="0"/>
					<Vertex X="41158" Y="24961" Z="0"/>
					<Vertex X="41217" Y="24802" Z="0"/>
					<Vertex X="41217" Y="24723" Z="0"/>
					<Vertex X="41217" Y="24624" Z="0"/>
					<Vertex X="41217" Y="24505" Z="0"/>
					<Vertex X="41217" Y="24386" Z="0"/>
					<Vertex X="41217" Y="24287" Z="0"/>
					<Vertex X="41178" Y="24207" Z="0"/>
					<Vertex X="41158" Y="24088" Z="0"/>
					<Vertex X="41158" Y="23930" Z="0"/>
					<Vertex X="41158" Y="23850" Z="0"/>
					<Vertex X="41118" Y="23751" Z="0"/>
					<Vertex X="41118" Y="23672" Z="0"/>
					<Vertex X="41118" Y="23613" Z="0"/>
					<Vertex X="41118" Y="23553" Z="0"/>
					<Vertex X="41118" Y="23513" Z="0"/>
					<Vertex X="41118" Y="23494" Z="0"/>
					<Vertex X="41099" Y="23494" Z="0"/>
					<Vertex X="41039" Y="23513" Z="0"/>
					<Vertex X="41059" Y="23494" Z="0"/>
					<Vertex X="41227" Y="23770" Z="0"/>
				</Vertices>
			</Region>
			<Region Id="2" Type="0" Zoom="0.015388" Selected="0" ImageLocation="" ImageFocus="-1" Length="40782.4" Area="105946244.0" LengthMicrons="10285.3" AreaMicrons="6738693.9" Text="" NegativeROA="0" InputRegionId="0" Analyze="1" DisplayId="2">
				<Attributes/>
				<Vertices>
					<Vertex X="42709" Y="35945" Z="0"/>
					<Vertex X="38264" Y="38264" Z="0"/>
					<Vertex X="38071" Y="38715" Z="0"/>
					<Vertex X="37877" Y="39101" Z="0"/>
					<Vertex X="37749" Y="39617" Z="0"/>
					<Vertex X="37684" Y="40068" Z="0"/>
					<Vertex X="37555" Y="40841" Z="0"/>
					<Vertex X="37555" Y="41420" Z="0"/>
					<Vertex X="37555" Y="42000" Z="0"/>
					<Vertex X="37555" Y="42580" Z="0"/>
					<Vertex X="37684" Y="43160" Z="0"/>
					<Vertex X="37749" Y="43739" Z="0"/>
					<Vertex X="37942" Y="44319" Z="0"/>
					<Vertex X="38135" Y="44834" Z="0"/>
					<Vertex X="38328" Y="45414" Z="0"/>
					<Vertex X="38457" Y="45865" Z="0"/>
					<Vertex X="38844" Y="46638" Z="0"/>
					<Vertex X="39037" Y="47025" Z="0"/>
					<Vertex X="39230" Y="47411" Z="0"/>
					<Vertex X="39488" Y="47926" Z="0"/>
					<Vertex X="39681" Y="48313" Z="0"/>
					<Vertex X="40068" Y="48699" Z="0"/>
					<Vertex X="40390" Y="49086" Z="0"/>
					<Vertex X="40647" Y="49344" Z="0"/>
					<Vertex X="41034" Y="49730" Z="0"/>
					<Vertex X="41420" Y="50052" Z="0"/>
					<Vertex X="42000" Y="50439" Z="0"/>
					<Vertex X="42387" Y="50632" Z="0"/>
					<Vertex X="42773" Y="50825" Z="0"/>
					<Vertex X="43095" Y="50890" Z="0"/>
					<Vertex X="43546" Y="51083" Z="0"/>
					<Vertex X="43868" Y="51212" Z="0"/>
					<Vertex X="44255" Y="51276" Z="0"/>
					<Vertex X="44512" Y="51276" Z="0"/>
					<Vertex X="44706" Y="51405" Z="0"/>
					<Vertex X="45028" Y="51405" Z="0"/>
					<Vertex X="45350" Y="51276" Z="0"/>
					<Vertex X="45479" Y="51212" Z="0"/>
					<Vertex X="45801" Y="51019" Z="0"/>
					<Vertex X="46123" Y="50696" Z="0"/>
					<Vertex X="46187" Y="50503" Z="0"/>
					<Vertex X="46381" Y="50245" Z="0"/>
					<Vertex X="46574" Y="50052" Z="0"/>
					<Vertex X="46638" Y="49730" Z="0"/>
					<Vertex X="46767" Y="49537" Z="0"/>
					<Vertex X="46831" Y="49279" Z="0"/>
					<Vertex X="46960" Y="48957" Z="0"/>
					<Vertex X="47025" Y="48699" Z="0"/>
					<Vertex X="47025" Y="48377" Z="0"/>
					<Vertex X="47154" Y="48120" Z="0"/>
					<Vertex X="47154" Y="47733" Z="0"/>
					<Vertex X="47154" Y="47411" Z="0"/>
					<Vertex X="47154" Y="47153" Z="0"/>
					<Vertex X="47154" Y="46767" Z="0"/>
					<Vertex X="47154" Y="46380" Z="0"/>
					<Vertex X="47154" Y="46058" Z="0"/>
					<Vertex X="47154" Y="45479" Z="0"/>
					<Vertex X="47025" Y="45028" Z="0"/>
					<Vertex X="47025" Y="44641" Z="0"/>
					<Vertex X="46960" Y="44126" Z="0"/>
					<Vertex X="46960" Y="43739" Z="0"/>
					<Vertex X="46831" Y="43288" Z="0"/>
					<Vertex X="46767" Y="42966" Z="0"/>
					<Vertex X="46574" Y="42580" Z="0"/>
					<Vertex X="46445" Y="42193" Z="0"/>
					<Vertex X="46381" Y="41807" Z="0"/>
					<Vertex X="46187" Y="41420" Z="0"/>
					<Vertex X="45994" Y="41163" Z="0"/>
					<Vertex X="45801" Y="40776" Z="0"/>
					<Vertex X="45608" Y="40454" Z="0"/>
					<Vertex X="45414" Y="40068" Z="0"/>
					<Vertex X="45221" Y="39681" Z="0"/>
					<Vertex X="44899" Y="39230" Z="0"/>
					<Vertex X="44706" Y="38908" Z="0"/>
					<Vertex X="44641" Y="38650" Z="0"/>
					<Vertex X="44448" Y="38457" Z="0"/>
					<Vertex X="44319" Y="38264" Z="0"/>
					<Vertex X="44255" Y="38071" Z="0"/>
					<Vertex X="44061" Y="37749" Z="0"/>
					<Vertex X="43933" Y="37555" Z="0"/>
					<Vertex X="43868" Y="37362" Z="0"/>
					<Vertex X="43739" Y="37298" Z="0"/>
					<Vertex X="43675" Y="37169" Z="0"/>
					<Vertex X="43546" Y="37104" Z="0"/>
					<Vertex X="43482" Y="36911" Z="0"/>
					<Vertex X="43353" Y="36718" Z="0"/>
					<Vertex X="43288" Y="36589" Z="0"/>
					<Vertex X="43160" Y="36396" Z="0"/>
					<Vertex X="43095" Y="36203" Z="0"/>
					<Vertex X="42902" Y="36009" Z="0"/>
					<Vertex X="42773" Y="35752" Z="0"/>
					<Vertex X="42709" Y="35623" Z="0"/>
					<Vertex X="42580" Y="35558" Z="0"/>
					<Vertex X="42580" Y="35430" Z="0"/>
					<Vertex X="42515" Y="35430" Z="0"/>
					<Vertex X="42580" Y="35558" Z="0"/>
					<Vertex X="42709" Y="35945" Z="0"/>
				</Vertices>
			</Region>
			<Region Id="3" Type="0" Zoom="0.015388" Selected="0" ImageLocation="" ImageFocus="-1" Length="79800.0" Area="318891515.5" LengthMicrons="20125.5" AreaMicrons="20283043.8" Text="" NegativeROA="0" InputRegionId="0" Analyze="1" DisplayId="3">
				<Attributes/>
				<Vertices>
					<Vertex X="57654" Y="12368" Z="0"/>
					<Vertex X="57267" Y="13012" Z="0"/>
					<Vertex X="56881" Y="13592" Z="0"/>
					<Vertex X="56430" Y="14558" Z="0"/>
					<Vertex X="56043" Y="15267" Z="0"/>
					<Vertex X="55721" Y="15911" Z="0"/>
					<Vertex X="55335" Y="16877" Z="0"/>
					<Vertex X="55141" Y="17457" Z="0"/>
					<Vertex X="54948" Y="18166" Z="0"/>
					<Vertex X="54690" Y="19132" Z="0"/>
					<Vertex X="54562" Y="19712" Z="0"/>
					<Vertex X="54497" Y="20163" Z="0"/>
					<Vertex X="54368" Y="21129" Z="0"/>
					<Vertex X="54368" Y="21709" Z="0"/>
					<Vertex X="54368" Y="22417" Z="0"/>
					<Vertex X="54497" Y="22997" Z="0"/>
					<Vertex X="54562" Y="23963" Z="0"/>
					<Vertex X="54690" Y="24543" Z="0"/>
					<Vertex X="54755" Y="25187" Z="0"/>
					<Vertex X="54884" Y="25767" Z="0"/>
					<Vertex X="55077" Y="26347" Z="0"/>
					<Vertex X="55270" Y="26926" Z="0"/>
					<Vertex X="55463" Y="27506" Z="0"/>
					<Vertex X="55721" Y="28279" Z="0"/>
					<Vertex X="56043" Y="28795" Z="0"/>
					<Vertex X="56301" Y="29374" Z="0"/>
					<Vertex X="56623" Y="29761" Z="0"/>
					<Vertex X="56881" Y="30212" Z="0"/>
					<Vertex X="57525" Y="30791" Z="0"/>
					<Vertex X="57589" Y="30985" Z="0"/>
					<Vertex X="58169" Y="31500" Z="0"/>
					<Vertex X="58555" Y="31758" Z="0"/>
					<Vertex X="58942" Y="32144" Z="0"/>
					<Vertex X="59328" Y="32466" Z="0"/>
					<Vertex X="59586" Y="32660" Z="0"/>
					<Vertex X="59973" Y="32917" Z="0"/>
					<Vertex X="60359" Y="33110" Z="0"/>
					<Vertex X="61003" Y="33304" Z="0"/>
					<Vertex X="61261" Y="33304" Z="0"/>
					<Vertex X="61647" Y="33433" Z="0"/>
					<Vertex X="62034" Y="33433" Z="0"/>
					<Vertex X="62420" Y="33433" Z="0"/>
					<Vertex X="62743" Y="33433" Z="0"/>
					<Vertex X="63065" Y="33304" Z="0"/>
					<Vertex X="63451" Y="33304" Z="0"/>
					<Vertex X="63966" Y="33239" Z="0"/>
					<Vertex X="64353" Y="33239" Z="0"/>
					<Vertex X="64739" Y="33110" Z="0"/>
					<Vertex X="64997" Y="33046" Z="0"/>
					<Vertex X="65319" Y="32917" Z="0"/>
					<Vertex X="65706" Y="32853" Z="0"/>
					<Vertex X="65963" Y="32660" Z="0"/>
					<Vertex X="66285" Y="32466" Z="0"/>
					<Vertex X="66672" Y="32273" Z="0"/>
					<Vertex X="66930" Y="32080" Z="0"/>
					<Vertex X="67123" Y="31887" Z="0"/>
					<Vertex X="67445" Y="31693" Z="0"/>
					<Vertex X="67638" Y="31500" Z="0"/>
					<Vertex X="67703" Y="31307" Z="0"/>
					<Vertex X="67831" Y="31114" Z="0"/>
					<Vertex X="67896" Y="30920" Z="0"/>
					<Vertex X="68025" Y="30727" Z="0"/>
					<Vertex X="68089" Y="30405" Z="0"/>
					<Vertex X="68218" Y="30212" Z="0"/>
					<Vertex X="68282" Y="29954" Z="0"/>
					<Vertex X="68411" Y="29632" Z="0"/>
					<Vertex X="68604" Y="29245" Z="0"/>
					<Vertex X="68669" Y="28859" Z="0"/>
					<Vertex X="68927" Y="28215" Z="0"/>
					<Vertex X="68991" Y="27828" Z="0"/>
					<Vertex X="69055" Y="27313" Z="0"/>
					<Vertex X="69184" Y="26926" Z="0"/>
					<Vertex X="69249" Y="26540" Z="0"/>
					<Vertex X="69249" Y="26089" Z="0"/>
					<Vertex X="69377" Y="25703" Z="0"/>
					<Vertex X="69377" Y="25187" Z="0"/>
					<Vertex X="69442" Y="24543" Z="0"/>
					<Vertex X="69442" Y="24028" Z="0"/>
					<Vertex X="69442" Y="23577" Z="0"/>
					<Vertex X="69442" Y="23061" Z="0"/>
					<Vertex X="69442" Y="22610" Z="0"/>
					<Vertex X="69442" Y="21902" Z="0"/>
					<Vertex X="69571" Y="21451" Z="0"/>
					<Vertex X="69571" Y="20936" Z="0"/>
					<Vertex X="69635" Y="20485" Z="0"/>
					<Vertex X="69764" Y="19969" Z="0"/>
					<Vertex X="69764" Y="19518" Z="0"/>
					<Vertex X="69764" Y="18810" Z="0"/>
					<Vertex X="69764" Y="18359" Z="0"/>
					<Vertex X="69764" Y="17844" Z="0"/>
					<Vertex X="69764" Y="17393" Z="0"/>
					<Vertex X="69764" Y="16877" Z="0"/>
					<Vertex X="69764" Y="16491" Z="0"/>
					<Vertex X="69635" Y="16040" Z="0"/>
					<Vertex X="69635" Y="15653" Z="0"/>
					<Vertex X="69442" Y="15074" Z="0"/>
					<Vertex X="69442" Y="14558" Z="0"/>
					<Vertex X="69377" Y="14172" Z="0"/>
					<Vertex X="69249" Y="13785" Z="0"/>
					<Vertex X="69249" Y="13399" Z="0"/>
					<Vertex X="69290" Y="13025" Z="0"/>
					<Vertex X="68893" Y="11756" Z="0"/>
					<Vertex X="68675" Y="11023" Z="0"/>
					<Vertex X="68596" Y="10725" Z="0"/>
					<Vertex X="68517" Y="10567" Z="0"/>
					<Vertex X="68477" Y="10349" Z="0"/>
					<Vertex X="68418" Y="10131" Z="0"/>
					<Vertex X="68318" Y="9873" Z="0"/>
					<Vertex X="68259" Y="9675" Z="0"/>
					<Vertex X="68199" Y="9476" Z="0"/>
					<Vertex X="68140" Y="9318" Z="0"/>
					<Vertex X="68081" Y="9100" Z="0"/>
					<Vertex X="67981" Y="8802" Z="0"/>
					<Vertex X="67942" Y="8584" Z="0"/>
					<Vertex X="67902" Y="8426" Z="0"/>
					<Vertex X="67843" Y="8267" Z="0"/>
					<Vertex X="67763" Y="7989" Z="0"/>
					<Vertex X="67684" Y="7811" Z="0"/>
					<Vertex X="67664" Y="7652" Z="0"/>
					<Vertex X="67625" Y="7454" Z="0"/>
					<Vertex X="67625" Y="7315" Z="0"/>
					<Vertex X="67605" Y="7077" Z="0"/>
					<Vertex X="67565" Y="6959" Z="0"/>
					<Vertex X="67565" Y="6800" Z="0"/>
					<Vertex X="67545" Y="6661" Z="0"/>
					<Vertex X="67605" Y="6423" Z="0"/>
					<Vertex X="67625" Y="6265" Z="0"/>
					<Vertex X="67664" Y="6126" Z="0"/>
					<Vertex X="67724" Y="5888" Z="0"/>
					<Vertex X="67763" Y="5769" Z="0"/>
					<Vertex X="67803" Y="5591" Z="0"/>
					<Vertex X="67843" Y="5472" Z="0"/>
					<Vertex X="67922" Y="5234" Z="0"/>
					<Vertex X="67981" Y="5075" Z="0"/>
					<Vertex X="68041" Y="4956" Z="0"/>
					<Vertex X="68100" Y="4758" Z="0"/>
					<Vertex X="68140" Y="4599" Z="0"/>
					<Vertex X="68160" Y="4461" Z="0"/>
					<Vertex X="68219" Y="4223" Z="0"/>
					<Vertex X="68299" Y="4044" Z="0"/>
					<Vertex X="68318" Y="3826" Z="0"/>
					<Vertex X="68338" Y="3707" Z="0"/>
					<Vertex X="68338" Y="3588" Z="0"/>
					<Vertex X="68338" Y="3469" Z="0"/>
					<Vertex X="68338" Y="3330" Z="0"/>
					<Vertex X="68338" Y="3212" Z="0"/>
					<Vertex X="68318" Y="3152" Z="0"/>
					<Vertex X="68299" Y="3093" Z="0"/>
					<Vertex X="68259" Y="2993" Z="0"/>
					<Vertex X="68199" Y="2974" Z="0"/>
					<Vertex X="68160" Y="2914" Z="0"/>
					<Vertex X="68140" Y="2914" Z="0"/>
					<Vertex X="68081" Y="2874" Z="0"/>
					<Vertex X="67962" Y="2855" Z="0"/>
					<Vertex X="67862" Y="2855" Z="0"/>
					<Vertex X="67783" Y="2855" Z="0"/>
					<Vertex X="67664" Y="2855" Z="0"/>
					<Vertex X="67545" Y="2855" Z="0"/>
					<Vertex X="67387" Y="2855" Z="0"/>
					<Vertex X="67268" Y="2855" Z="0"/>
					<Vertex X="67129" Y="2815" Z="0"/>
					<Vertex X="67010" Y="2795" Z="0"/>
					<Vertex X="66891" Y="2795" Z="0"/>
					<Vertex X="66792" Y="2756" Z="0"/>
					<Vertex X="66594" Y="2696" Z="0"/>
					<Vertex X="66475" Y="2696" Z="0"/>
					<Vertex X="66356" Y="2676" Z="0"/>
					<Vertex X="66197" Y="2637" Z="0"/>
					<Vertex X="66078" Y="2637" Z="0"/>
					<Vertex X="65959" Y="2617" Z="0"/>
					<Vertex X="65820" Y="2617" Z="0"/>
					<Vertex X="65701" Y="2617" Z="0"/>
					<Vertex X="65622" Y="2577" Z="0"/>
					<Vertex X="65464" Y="2577" Z="0"/>
					<Vertex X="65364" Y="2577" Z="0"/>
					<Vertex X="65285" Y="2577" Z="0"/>
					<Vertex X="65127" Y="2577" Z="0"/>
					<Vertex X="65047" Y="2617" Z="0"/>
					<Vertex X="64988" Y="2617" Z="0"/>
					<Vertex X="64928" Y="2637" Z="0"/>
					<Vertex X="64869" Y="2637" Z="0"/>
					<Vertex X="64809" Y="2696" Z="0"/>
					<Vertex X="64750" Y="2736" Z="0"/>
					<Vertex X="64710" Y="2756" Z="0"/>
					<Vertex X="64710" Y="2815" Z="0"/>
					<Vertex X="64710" Y="2874" Z="0"/>
					<Vertex X="64710" Y="2934" Z="0"/>
					<Vertex X="64690" Y="3033" Z="0"/>
					<Vertex X="64710" Y="3212" Z="0"/>
					<Vertex X="64710" Y="3330" Z="0"/>
					<Vertex X="64750" Y="3449" Z="0"/>
					<Vertex X="64789" Y="3628" Z="0"/>
					<Vertex X="64809" Y="3767" Z="0"/>
					<Vertex X="64829" Y="3945" Z="0"/>
					<Vertex X="64829" Y="4104" Z="0"/>
					<Vertex X="64869" Y="4282" Z="0"/>
					<Vertex X="64889" Y="4579" Z="0"/>
					<Vertex X="64928" Y="4778" Z="0"/>
					<Vertex X="64928" Y="4996" Z="0"/>
					<Vertex X="64948" Y="5234" Z="0"/>
					<Vertex X="64948" Y="5472" Z="0"/>
					<Vertex X="64988" Y="5828" Z="0"/>
					<Vertex X="65008" Y="6027" Z="0"/>
					<Vertex X="65008" Y="6245" Z="0"/>
					<Vertex X="65047" Y="6483" Z="0"/>
					<Vertex X="65047" Y="6800" Z="0"/>
					<Vertex X="65047" Y="7038" Z="0"/>
					<Vertex X="65047" Y="7335" Z="0"/>
					<Vertex X="65067" Y="7514" Z="0"/>
					<Vertex X="65067" Y="7692" Z="0"/>
					<Vertex X="65067" Y="7851" Z="0"/>
					<Vertex X="65107" Y="8089" Z="0"/>
					<Vertex X="65127" Y="8227" Z="0"/>
					<Vertex X="65127" Y="8386" Z="0"/>
					<Vertex X="65127" Y="8505" Z="0"/>
					<Vertex X="65127" Y="8683" Z="0"/>
					<Vertex X="65146" Y="8802" Z="0"/>
					<Vertex X="65146" Y="8921" Z="0"/>
					<Vertex X="65107" Y="9040" Z="0"/>
					<Vertex X="65087" Y="9199" Z="0"/>
					<Vertex X="65087" Y="9318" Z="0"/>
					<Vertex X="65047" Y="9397" Z="0"/>
					<Vertex X="65008" Y="9476" Z="0"/>
					<Vertex X="64948" Y="9576" Z="0"/>
					<Vertex X="64928" Y="9635" Z="0"/>
					<Vertex X="64889" Y="9694" Z="0"/>
					<Vertex X="64849" Y="9754" Z="0"/>
					<Vertex X="64809" Y="9774" Z="0"/>
					<Vertex X="64730" Y="9833" Z="0"/>
					<Vertex X="64671" Y="9873" Z="0"/>
					<Vertex X="64611" Y="9913" Z="0"/>
					<Vertex X="64512" Y="9932" Z="0"/>
					<Vertex X="64452" Y="9992" Z="0"/>
					<Vertex X="64314" Y="10051" Z="0"/>
					<Vertex X="64195" Y="10111" Z="0"/>
					<Vertex X="64076" Y="10170" Z="0"/>
					<Vertex X="63937" Y="10230" Z="0"/>
					<Vertex X="63739" Y="10329" Z="0"/>
					<Vertex X="63560" Y="10369" Z="0"/>
					<Vertex X="63402" Y="10428" Z="0"/>
					<Vertex X="63263" Y="10507" Z="0"/>
					<Vertex X="63025" Y="10567" Z="0"/>
					<Vertex X="62866" Y="10587" Z="0"/>
					<Vertex X="62708" Y="10587" Z="0"/>
					<Vertex X="62549" Y="10626" Z="0"/>
					<Vertex X="62311" Y="10626" Z="0"/>
					<Vertex X="62133" Y="10646" Z="0"/>
					<Vertex X="61994" Y="10646" Z="0"/>
					<Vertex X="61776" Y="10646" Z="0"/>
					<Vertex X="61637" Y="10646" Z="0"/>
					<Vertex X="61479" Y="10606" Z="0"/>
					<Vertex X="61320" Y="10606" Z="0"/>
					<Vertex X="61082" Y="10606" Z="0"/>
					<Vertex X="60943" Y="10646" Z="0"/>
					<Vertex X="60785" Y="10646" Z="0"/>
					<Vertex X="60547" Y="10646" Z="0"/>
					<Vertex X="60408" Y="10646" Z="0"/>
					<Vertex X="60249" Y="10646" Z="0"/>
					<Vertex X="60111" Y="10666" Z="0"/>
					<Vertex X="59952" Y="10706" Z="0"/>
					<Vertex X="59714" Y="10725" Z="0"/>
					<Vertex X="59595" Y="10765" Z="0"/>
					<Vertex X="59456" Y="10825" Z="0"/>
					<Vertex X="59238" Y="10884" Z="0"/>
					<Vertex X="59119" Y="10943" Z="0"/>
					<Vertex X="58981" Y="11003" Z="0"/>
					<Vertex X="58881" Y="11062" Z="0"/>
					<Vertex X="58703" Y="11142" Z="0"/>
					<Vertex X="58624" Y="11221" Z="0"/>
					<Vertex X="58525" Y="11261" Z="0"/>
					<Vertex X="58386" Y="11360" Z="0"/>
					<Vertex X="58326" Y="11419" Z="0"/>
					<Vertex X="58227" Y="11499" Z="0"/>
					<Vertex X="58168" Y="11598" Z="0"/>
					<Vertex X="58108" Y="11618" Z="0"/>
					<Vertex X="58088" Y="11677" Z="0"/>
					<Vertex X="58049" Y="11717" Z="0"/>
					<Vertex X="57989" Y="11796" Z="0"/>
					<Vertex X="57970" Y="11855" Z="0"/>
					<Vertex X="57930" Y="11915" Z="0"/>
					<Vertex X="57910" Y="11974" Z="0"/>
					<Vertex X="57851" Y="12034" Z="0"/>
					<Vertex X="57811" Y="12093" Z="0"/>
					<Vertex X="57791" Y="12133" Z="0"/>
					<Vertex X="57791" Y="12153" Z="0"/>
					<Vertex X="57791" Y="12192" Z="0"/>
					<Vertex X="57811" Y="12212" Z="0"/>
					<Vertex X="57654" Y="12368" Z="0"/>
				</Vertices>
			</Region>
			<Region Id="4" Type="0" Zoom="0.015388" Selected="1" ImageLocation="" ImageFocus="-1" Length="323729.1" Area="2092729435.0" LengthMicrons="81644.5" AreaMicrons="133107720.9" Text="" NegativeROA="0" InputRegionId="0" Analyze="1" DisplayId="4">
				<Attributes/>
				<Vertices>
					<Vertex X="71181" Y="35043" Z="0"/>
					<Vertex X="65963" Y="35816" Z="0"/>
					<Vertex X="65577" Y="36138" Z="0"/>
					<Vertex X="65319" Y="36396" Z="0"/>
					<Vertex X="64997" Y="36782" Z="0"/>
					<Vertex X="64804" Y="37169" Z="0"/>
					<Vertex X="64546" Y="37555" Z="0"/>
					<Vertex X="64224" Y="37942" Z="0"/>
					<Vertex X="63966" Y="38650" Z="0"/>
					<Vertex X="63644" Y="39101" Z="0"/>
					<Vertex X="63451" Y="39617" Z="0"/>
					<Vertex X="63258" Y="40196" Z="0"/>
					<Vertex X="63000" Y="41098" Z="0"/>
					<Vertex X="62936" Y="41678" Z="0"/>
					<Vertex X="62743" Y="42258" Z="0"/>
					<Vertex X="62614" Y="42902" Z="0"/>
					<Vertex X="62614" Y="43482" Z="0"/>
					<Vertex X="62614" Y="43933" Z="0"/>
					<Vertex X="62614" Y="44448" Z="0"/>
					<Vertex X="62743" Y="45028" Z="0"/>
					<Vertex X="62743" Y="45607" Z="0"/>
					<Vertex X="62936" Y="46509" Z="0"/>
					<Vertex X="62936" Y="46638" Z="0"/>
					<Vertex X="63193" Y="47476" Z="0"/>
					<Vertex X="63387" Y="47926" Z="0"/>
					<Vertex X="63709" Y="48377" Z="0"/>
					<Vertex X="64095" Y="49150" Z="0"/>
					<Vertex X="64353" Y="49537" Z="0"/>
					<Vertex X="64675" Y="50052" Z="0"/>
					<Vertex X="64933" Y="50310" Z="0"/>
					<Vertex X="65190" Y="50696" Z="0"/>
					<Vertex X="65512" Y="51019" Z="0"/>
					<Vertex X="65835" Y="51276" Z="0"/>
					<Vertex X="66221" Y="51598" Z="0"/>
					<Vertex X="66479" Y="51920" Z="0"/>
					<Vertex X="66930" Y="52242" Z="0"/>
					<Vertex X="67252" Y="52436" Z="0"/>
					<Vertex X="67638" Y="52629" Z="0"/>
					<Vertex X="67896" Y="52758" Z="0"/>
					<Vertex X="68282" Y="52951" Z="0"/>
					<Vertex X="68604" Y="53015" Z="0"/>
					<Vertex X="68927" Y="53144" Z="0"/>
					<Vertex X="69184" Y="53209" Z="0"/>
					<Vertex X="69506" Y="53338" Z="0"/>
					<Vertex X="69893" Y="53338" Z="0"/>
					<Vertex X="70215" Y="53338" Z="0"/>
					<Vertex X="70859" Y="53402" Z="0"/>
					<Vertex X="71117" Y="53338" Z="0"/>
					<Vertex X="71503" Y="53338" Z="0"/>
					<Vertex X="71890" Y="53338" Z="0"/>
					<Vertex X="72276" Y="53209" Z="0"/>
					<Vertex X="72663" Y="53144" Z="0"/>
					<Vertex X="73114" Y="52951" Z="0"/>
					<Vertex X="73436" Y="52887" Z="0"/>
					<Vertex X="73822" Y="52758" Z="0"/>
					<Vertex X="74144" Y="52629" Z="0"/>
					<Vertex X="74531" Y="52565" Z="0"/>
					<Vertex X="74853" Y="52436" Z="0"/>
					<Vertex X="75239" Y="52371" Z="0"/>
					<Vertex X="75626" Y="52242" Z="0"/>
					<Vertex X="76141" Y="51985" Z="0"/>
					<Vertex X="76528" Y="51792" Z="0"/>
					<Vertex X="76850" Y="51663" Z="0"/>
					<Vertex X="77108" Y="51469" Z="0"/>
					<Vertex X="77301" Y="51405" Z="0"/>
					<Vertex X="77623" Y="51212" Z="0"/>
					<Vertex X="77816" Y="51083" Z="0"/>
					<Vertex X="78203" Y="50890" Z="0"/>
					<Vertex X="78460" Y="50696" Z="0"/>
					<Vertex X="78782" Y="50632" Z="0"/>
					<Vertex X="79040" Y="50503" Z="0"/>
					<Vertex X="79233" Y="50310" Z="0"/>
					<Vertex X="79555" Y="50245" Z="0"/>
					<Vertex X="79813" Y="50052" Z="0"/>
					<Vertex X="80200" Y="49859" Z="0"/>
					<Vertex X="80522" Y="49666" Z="0"/>
					<Vertex X="80973" Y="49344" Z="0"/>
					<Vertex X="81295" Y="49150" Z="0"/>
					<Vertex X="81552" Y="49022" Z="0"/>
					<Vertex X="81810" Y="48764" Z="0"/>
					<Vertex X="82132" Y="48571" Z="0"/>
					<Vertex X="82583" Y="48313" Z="0"/>
					<Vertex X="82905" Y="48120" Z="0"/>
					<Vertex X="83148" Y="47918" Z="0"/>
					<Vertex X="84318" Y="47026" Z="0"/>
					<Vertex X="84774" Y="46650" Z="0"/>
					<Vertex X="84952" Y="46471" Z="0"/>
					<Vertex X="85170" Y="46293" Z="0"/>
					<Vertex X="85369" Y="46114" Z="0"/>
					<Vertex X="85726" Y="45817" Z="0"/>
					<Vertex X="85944" Y="45639" Z="0"/>
					<Vertex X="86241" Y="45321" Z="0"/>
					<Vertex X="86439" Y="45143" Z="0"/>
					<Vertex X="86737" Y="44806" Z="0"/>
					<Vertex X="86915" Y="44627" Z="0"/>
					<Vertex X="87193" Y="44370" Z="0"/>
					<Vertex X="87331" Y="44211" Z="0"/>
					<Vertex X="87490" Y="44033" Z="0"/>
					<Vertex X="87728" Y="43834" Z="0"/>
					<Vertex X="87867" Y="43676" Z="0"/>
					<Vertex X="88085" Y="43438" Z="0"/>
					<Vertex X="88224" Y="43299" Z="0"/>
					<Vertex X="88402" Y="43140" Z="0"/>
					<Vertex X="88620" Y="42942" Z="0"/>
					<Vertex X="88759" Y="42784" Z="0"/>
					<Vertex X="88977" Y="42546" Z="0"/>
					<Vertex X="89116" Y="42367" Z="0"/>
					<Vertex X="89354" Y="42110" Z="0"/>
					<Vertex X="89512" Y="41931" Z="0"/>
					<Vertex X="89651" Y="41713" Z="0"/>
					<Vertex X="89869" Y="41455" Z="0"/>
					<Vertex X="89988" Y="41277" Z="0"/>
					<Vertex X="90107" Y="41098" Z="0"/>
					<Vertex X="90246" Y="40801" Z="0"/>
					<Vertex X="90365" Y="40583" Z="0"/>
					<Vertex X="90484" Y="40286" Z="0"/>
					<Vertex X="90543" Y="40107" Z="0"/>
					<Vertex X="90603" Y="39968" Z="0"/>
					<Vertex X="90662" Y="39730" Z="0"/>
					<Vertex X="90722" Y="39612" Z="0"/>
					<Vertex X="90761" Y="39453" Z="0"/>
					<Vertex X="90821" Y="39275" Z="0"/>
					<Vertex X="90880" Y="39195" Z="0"/>
					<Vertex X="90959" Y="39037" Z="0"/>
					<Vertex X="91019" Y="38977" Z="0"/>
					<Vertex X="91138" Y="38898" Z="0"/>
					<Vertex X="91197" Y="38858" Z="0"/>
					<Vertex X="91296" Y="38779" Z="0"/>
					<Vertex X="91435" Y="38680" Z="0"/>
					<Vertex X="91574" Y="38620" Z="0"/>
					<Vertex X="91673" Y="38541" Z="0"/>
					<Vertex X="91911" Y="38422" Z="0"/>
					<Vertex X="92070" Y="38303" Z="0"/>
					<Vertex X="92189" Y="38204" Z="0"/>
					<Vertex X="92327" Y="38125" Z="0"/>
					<Vertex X="92545" Y="38026" Z="0"/>
					<Vertex X="92645" Y="37966" Z="0"/>
					<Vertex X="92724" Y="37907" Z="0"/>
					<Vertex X="92783" Y="37887" Z="0"/>
					<Vertex X="92843" Y="37887" Z="0"/>
					<Vertex X="92863" Y="37907" Z="0"/>
					<Vertex X="92902" Y="37907" Z="0"/>
					<Vertex X="92922" Y="37907" Z="0"/>
					<Vertex X="92962" Y="37966" Z="0"/>
					<Vertex X="93021" Y="38006" Z="0"/>
					<Vertex X="93041" Y="38065" Z="0"/>
					<Vertex X="93081" Y="38184" Z="0"/>
					<Vertex X="93101" Y="38263" Z="0"/>
					<Vertex X="93180" Y="38442" Z="0"/>
					<Vertex X="93200" Y="38600" Z="0"/>
					<Vertex X="93259" Y="38838" Z="0"/>
					<Vertex X="93319" Y="38977" Z="0"/>
					<Vertex X="93339" Y="39156" Z="0"/>
					<Vertex X="93438" Y="39433" Z="0"/>
					<Vertex X="93497" Y="39612" Z="0"/>
					<Vertex X="93557" Y="39929" Z="0"/>
					<Vertex X="93576" Y="40147" Z="0"/>
					<Vertex X="93576" Y="40385" Z="0"/>
					<Vertex X="93616" Y="40742" Z="0"/>
					<Vertex X="93616" Y="40940" Z="0"/>
					<Vertex X="93616" Y="41297" Z="0"/>
					<Vertex X="93636" Y="41535" Z="0"/>
					<Vertex X="93636" Y="41773" Z="0"/>
					<Vertex X="93656" Y="42169" Z="0"/>
					<Vertex X="93656" Y="42407" Z="0"/>
					<Vertex X="93676" Y="42724" Z="0"/>
					<Vertex X="93676" Y="42982" Z="0"/>
					<Vertex X="93715" Y="43299" Z="0"/>
					<Vertex X="93715" Y="43537" Z="0"/>
					<Vertex X="93715" Y="43874" Z="0"/>
					<Vertex X="93715" Y="44072" Z="0"/>
					<Vertex X="93715" Y="44310" Z="0"/>
					<Vertex X="93656" Y="44647" Z="0"/>
					<Vertex X="93616" Y="44845" Z="0"/>
					<Vertex X="93596" Y="45143" Z="0"/>
					<Vertex X="93557" Y="45381" Z="0"/>
					<Vertex X="93497" Y="45579" Z="0"/>
					<Vertex X="93398" Y="45916" Z="0"/>
					<Vertex X="93339" Y="46134" Z="0"/>
					<Vertex X="93259" Y="46432" Z="0"/>
					<Vertex X="93200" Y="46630" Z="0"/>
					<Vertex X="93140" Y="46808" Z="0"/>
					<Vertex X="93021" Y="47106" Z="0"/>
					<Vertex X="92942" Y="47344" Z="0"/>
					<Vertex X="92803" Y="47641" Z="0"/>
					<Vertex X="92724" Y="47819" Z="0"/>
					<Vertex X="92645" Y="47998" Z="0"/>
					<Vertex X="92486" Y="48295" Z="0"/>
					<Vertex X="92308" Y="48593" Z="0"/>
					<Vertex X="92189" Y="48811" Z="0"/>
					<Vertex X="92050" Y="48989" Z="0"/>
					<Vertex X="91832" Y="49267" Z="0"/>
					<Vertex X="91673" Y="49485" Z="0"/>
					<Vertex X="91475" Y="49782" Z="0"/>
					<Vertex X="91336" Y="50020" Z="0"/>
					<Vertex X="91118" Y="50317" Z="0"/>
					<Vertex X="90959" Y="50516" Z="0"/>
					<Vertex X="90722" Y="50793" Z="0"/>
					<Vertex X="90563" Y="51011" Z="0"/>
					<Vertex X="90325" Y="51269" Z="0"/>
					<Vertex X="90127" Y="51408" Z="0"/>
					<Vertex X="89889" Y="51685" Z="0"/>
					<Vertex X="89750" Y="51824" Z="0"/>
					<Vertex X="89591" Y="52003" Z="0"/>
					<Vertex X="89354" Y="52280" Z="0"/>
					<Vertex X="89215" Y="52419" Z="0"/>
					<Vertex X="88977" Y="52696" Z="0"/>
					<Vertex X="88818" Y="52835" Z="0"/>
					<Vertex X="88620" Y="53093" Z="0"/>
					<Vertex X="88501" Y="53252" Z="0"/>
					<Vertex X="88362" Y="53410" Z="0"/>
					<Vertex X="88164" Y="53608" Z="0"/>
					<Vertex X="87986" Y="53787" Z="0"/>
					<Vertex X="87906" Y="53886" Z="0"/>
					<Vertex X="87867" Y="53886" Z="0"/>
					<Vertex X="86995" Y="55016" Z="0"/>
					<Vertex X="86698" Y="55492" Z="0"/>
					<Vertex X="86559" Y="55671" Z="0"/>
					<Vertex X="86380" Y="55988" Z="0"/>
					<Vertex X="86222" Y="56206" Z="0"/>
					<Vertex X="86142" Y="56404" Z="0"/>
					<Vertex X="85964" Y="56801" Z="0"/>
					<Vertex X="85845" Y="57038" Z="0"/>
					<Vertex X="85746" Y="57296" Z="0"/>
					<Vertex X="85607" Y="57693" Z="0"/>
					<Vertex X="85508" Y="57950" Z="0"/>
					<Vertex X="85429" Y="58188" Z="0"/>
					<Vertex X="85310" Y="58605" Z="0"/>
					<Vertex X="85250" Y="58902" Z="0"/>
					<Vertex X="85191" Y="59199" Z="0"/>
					<Vertex X="85072" Y="59655" Z="0"/>
					<Vertex X="85032" Y="59913" Z="0"/>
					<Vertex X="84973" Y="60211" Z="0"/>
					<Vertex X="84953" Y="60627" Z="0"/>
					<Vertex X="84913" Y="60904" Z="0"/>
					<Vertex X="84893" Y="61162" Z="0"/>
					<Vertex X="84834" Y="61579" Z="0"/>
					<Vertex X="84834" Y="61816" Z="0"/>
					<Vertex X="84794" Y="62054" Z="0"/>
					<Vertex X="84794" Y="62391" Z="0"/>
					<Vertex X="84774" Y="62629" Z="0"/>
					<Vertex X="84774" Y="62828" Z="0"/>
					<Vertex X="84774" Y="63184" Z="0"/>
					<Vertex X="84774" Y="63402" Z="0"/>
					<Vertex X="84774" Y="63581" Z="0"/>
					<Vertex X="84774" Y="63878" Z="0"/>
					<Vertex X="84774" Y="64057" Z="0"/>
					<Vertex X="84774" Y="64235" Z="0"/>
					<Vertex X="84794" Y="64493" Z="0"/>
					<Vertex X="84794" Y="64790" Z="0"/>
					<Vertex X="84814" Y="64969" Z="0"/>
					<Vertex X="84774" Y="65127" Z="0"/>
					<Vertex X="84774" Y="65326" Z="0"/>
					<Vertex X="84755" Y="65484" Z="0"/>
					<Vertex X="84755" Y="65603" Z="0"/>
					<Vertex X="84715" Y="65782" Z="0"/>
					<Vertex X="84695" Y="65900" Z="0"/>
					<Vertex X="84616" Y="66019" Z="0"/>
					<Vertex X="84576" Y="66158" Z="0"/>
					<Vertex X="84517" Y="66257" Z="0"/>
					<Vertex X="84457" Y="66376" Z="0"/>
					<Vertex X="84358" Y="66515" Z="0"/>
					<Vertex X="84279" Y="66634" Z="0"/>
					<Vertex X="84200" Y="66753" Z="0"/>
					<Vertex X="84081" Y="66971" Z="0"/>
					<Vertex X="84021" Y="67090" Z="0"/>
					<Vertex X="83942" Y="67229" Z="0"/>
					<Vertex X="83783" Y="67487" Z="0"/>
					<Vertex X="83704" Y="67645" Z="0"/>
					<Vertex X="83625" Y="67824" Z="0"/>
					<Vertex X="83525" Y="68042" Z="0"/>
					<Vertex X="83407" Y="68339" Z="0"/>
					<Vertex X="83327" Y="68517" Z="0"/>
					<Vertex X="83248" Y="68696" Z="0"/>
					<Vertex X="83129" Y="68993" Z="0"/>
					<Vertex X="83089" Y="69192" Z="0"/>
					<Vertex X="83010" Y="69410" Z="0"/>
					<Vertex X="82931" Y="69747" Z="0"/>
					<Vertex X="82871" Y="69905" Z="0"/>
					<Vertex X="82812" Y="70183" Z="0"/>
					<Vertex X="82752" Y="70381" Z="0"/>
					<Vertex X="82713" Y="70599" Z="0"/>
					<Vertex X="82594" Y="70877" Z="0"/>
					<Vertex X="82554" Y="71075" Z="0"/>
					<Vertex X="82475" Y="71253" Z="0"/>
					<Vertex X="82356" Y="71531" Z="0"/>
					<Vertex X="82296" Y="71690" Z="0"/>
					<Vertex X="82257" Y="71868" Z="0"/>
					<Vertex X="82158" Y="72165" Z="0"/>
					<Vertex X="82098" Y="72364" Z="0"/>
					<Vertex X="81999" Y="72522" Z="0"/>
					<Vertex X="81880" Y="72760" Z="0"/>
					<Vertex X="81820" Y="72958" Z="0"/>
					<Vertex X="81761" Y="73117" Z="0"/>
					<Vertex X="81682" Y="73395" Z="0"/>
					<Vertex X="81622" Y="73573" Z="0"/>
					<Vertex X="81563" Y="73811" Z="0"/>
					<Vertex X="81503" Y="73989" Z="0"/>
					<Vertex X="81444" Y="74148" Z="0"/>
					<Vertex X="81384" Y="74406" Z="0"/>
					<Vertex X="81345" Y="74544" Z="0"/>
					<Vertex X="81384" Y="74564" Z="0"/>
					<Vertex X="81066" Y="75892" Z="0"/>
					<Vertex X="80908" Y="76130" Z="0"/>
					<Vertex X="80789" Y="76190" Z="0"/>
					<Vertex X="80729" Y="76249" Z="0"/>
					<Vertex X="80670" Y="76289" Z="0"/>
					<Vertex X="80551" Y="76328" Z="0"/>
					<Vertex X="80472" Y="76348" Z="0"/>
					<Vertex X="80353" Y="76408" Z="0"/>
					<Vertex X="80254" Y="76427" Z="0"/>
					<Vertex X="80115" Y="76527" Z="0"/>
					<Vertex X="79996" Y="76606" Z="0"/>
					<Vertex X="79837" Y="76725" Z="0"/>
					<Vertex X="79718" Y="76784" Z="0"/>
					<Vertex X="79599" Y="76903" Z="0"/>
					<Vertex X="79520" Y="76963" Z="0"/>
					<Vertex X="79421" Y="77062" Z="0"/>
					<Vertex X="79302" Y="77240" Z="0"/>
					<Vertex X="79242" Y="77359" Z="0"/>
					<Vertex X="79124" Y="77538" Z="0"/>
					<Vertex X="79064" Y="77657" Z="0"/>
					<Vertex X="79044" Y="77776" Z="0"/>
					<Vertex X="78945" Y="77914" Z="0"/>
					<Vertex X="78886" Y="78013" Z="0"/>
					<Vertex X="78826" Y="78152" Z="0"/>
					<Vertex X="78767" Y="78251" Z="0"/>
					<Vertex X="78707" Y="78390" Z="0"/>
					<Vertex X="78648" Y="78549" Z="0"/>
					<Vertex X="78588" Y="78668" Z="0"/>
					<Vertex X="78509" Y="78866" Z="0"/>
					<Vertex X="78469" Y="79025" Z="0"/>
					<Vertex X="78449" Y="79144" Z="0"/>
					<Vertex X="78390" Y="79322" Z="0"/>
					<Vertex X="78350" Y="79441" Z="0"/>
					<Vertex X="78350" Y="79619" Z="0"/>
					<Vertex X="78331" Y="79699" Z="0"/>
					<Vertex X="78291" Y="79818" Z="0"/>
					<Vertex X="78291" Y="79917" Z="0"/>
					<Vertex X="78271" Y="80055" Z="0"/>
					<Vertex X="78271" Y="80214" Z="0"/>
					<Vertex X="78231" Y="80333" Z="0"/>
					<Vertex X="78231" Y="80412" Z="0"/>
					<Vertex X="78231" Y="80571" Z="0"/>
					<Vertex X="78231" Y="80650" Z="0"/>
					<Vertex X="78271" Y="80809" Z="0"/>
					<Vertex X="78271" Y="80928" Z="0"/>
					<Vertex X="78291" Y="81106" Z="0"/>
					<Vertex X="78331" Y="81225" Z="0"/>
					<Vertex X="78350" Y="81404" Z="0"/>
					<Vertex X="78350" Y="81542" Z="0"/>
					<Vertex X="78390" Y="81840" Z="0"/>
					<Vertex X="78390" Y="82018" Z="0"/>
					<Vertex X="78390" Y="82137" Z="0"/>
					<Vertex X="78410" Y="82316" Z="0"/>
					<Vertex X="78449" Y="82593" Z="0"/>
					<Vertex X="78449" Y="82772" Z="0"/>
					<Vertex X="78469" Y="82891" Z="0"/>
					<Vertex X="78509" Y="83049" Z="0"/>
					<Vertex X="78509" Y="83128" Z="0"/>
					<Vertex X="78568" Y="83267" Z="0"/>
					<Vertex X="78608" Y="83347" Z="0"/>
					<Vertex X="78648" Y="83446" Z="0"/>
					<Vertex X="78648" Y="83505" Z="0"/>
					<Vertex X="78707" Y="83604" Z="0"/>
					<Vertex X="78747" Y="83684" Z="0"/>
					<Vertex X="78767" Y="83783" Z="0"/>
					<Vertex X="78826" Y="83842" Z="0"/>
					<Vertex X="78866" Y="83941" Z="0"/>
					<Vertex X="78925" Y="84021" Z="0"/>
					<Vertex X="78945" Y="84100" Z="0"/>
					<Vertex X="78985" Y="84140" Z="0"/>
					<Vertex X="79044" Y="84259" Z="0"/>
					<Vertex X="79064" Y="84318" Z="0"/>
					<Vertex X="79143" Y="84397" Z="0"/>
					<Vertex X="79183" Y="84457" Z="0"/>
					<Vertex X="79223" Y="84536" Z="0"/>
					<Vertex X="79302" Y="84576" Z="0"/>
					<Vertex X="79361" Y="84675" Z="0"/>
					<Vertex X="79421" Y="84695" Z="0"/>
					<Vertex X="79480" Y="84754" Z="0"/>
					<Vertex X="79580" Y="84833" Z="0"/>
					<Vertex X="79639" Y="84853" Z="0"/>
					<Vertex X="79679" Y="84873" Z="0"/>
					<Vertex X="79718" Y="84913" Z="0"/>
					<Vertex X="79778" Y="84972" Z="0"/>
					<Vertex X="79837" Y="85012" Z="0"/>
					<Vertex X="79897" Y="85032" Z="0"/>
					<Vertex X="79996" Y="85052" Z="0"/>
					<Vertex X="80055" Y="85091" Z="0"/>
					<Vertex X="80115" Y="85091" Z="0"/>
					<Vertex X="80174" Y="85091" Z="0"/>
					<Vertex X="80234" Y="85091" Z="0"/>
					<Vertex X="80254" Y="85091" Z="0"/>
					<Vertex X="80293" Y="85091" Z="0"/>
					<Vertex X="80353" Y="85111" Z="0"/>
					<Vertex X="80373" Y="85111" Z="0"/>
					<Vertex X="80412" Y="85151" Z="0"/>
					<Vertex X="80432" Y="85170" Z="0"/>
					<Vertex X="80472" Y="85210" Z="0"/>
					<Vertex X="80511" Y="85250" Z="0"/>
					<Vertex X="80531" Y="85309" Z="0"/>
					<Vertex X="80551" Y="85349" Z="0"/>
					<Vertex X="80551" Y="85448" Z="0"/>
					<Vertex X="80551" Y="85508" Z="0"/>
					<Vertex X="80551" Y="85607" Z="0"/>
					<Vertex X="80551" Y="85726" Z="0"/>
					<Vertex X="80551" Y="85805" Z="0"/>
					<Vertex X="80531" Y="85904" Z="0"/>
					<Vertex X="80511" Y="85944" Z="0"/>
					<Vertex X="80472" Y="86043" Z="0"/>
					<Vertex X="80373" Y="86142" Z="0"/>
					<Vertex X="80313" Y="86221" Z="0"/>
					<Vertex X="80254" Y="86281" Z="0"/>
					<Vertex X="80174" Y="86360" Z="0"/>
					<Vertex X="80075" Y="86439" Z="0"/>
					<Vertex X="79996" Y="86459" Z="0"/>
					<Vertex X="79897" Y="86499" Z="0"/>
					<Vertex X="79817" Y="86519" Z="0"/>
					<Vertex X="79679" Y="86578" Z="0"/>
					<Vertex X="79580" Y="86618" Z="0"/>
					<Vertex X="79480" Y="86638" Z="0"/>
					<Vertex X="79302" Y="86657" Z="0"/>
					<Vertex X="79223" Y="86697" Z="0"/>
					<Vertex X="79064" Y="86757" Z="0"/>
					<Vertex X="78945" Y="86816" Z="0"/>
					<Vertex X="78866" Y="86836" Z="0"/>
					<Vertex X="78707" Y="86935" Z="0"/>
					<Vertex X="78608" Y="86955" Z="0"/>
					<Vertex X="78509" Y="86994" Z="0"/>
					<Vertex X="78350" Y="87074" Z="0"/>
					<Vertex X="78271" Y="87133" Z="0"/>
					<Vertex X="78172" Y="87193" Z="0"/>
					<Vertex X="78033" Y="87331" Z="0"/>
					<Vertex X="77934" Y="87391" Z="0"/>
					<Vertex X="77855" Y="87431" Z="0"/>
					<Vertex X="77736" Y="87530" Z="0"/>
					<Vertex X="77676" Y="87629" Z="0"/>
					<Vertex X="77577" Y="87728" Z="0"/>
					<Vertex X="77458" Y="87887" Z="0"/>
					<Vertex X="77339" Y="88065" Z="0"/>
					<Vertex X="77319" Y="88184" Z="0"/>
					<Vertex X="77260" Y="88303" Z="0"/>
					<Vertex X="77240" Y="88442" Z="0"/>
					<Vertex X="77200" Y="88660" Z="0"/>
					<Vertex X="77200" Y="88779" Z="0"/>
					<Vertex X="77200" Y="88957" Z="0"/>
					<Vertex X="77240" Y="89076" Z="0"/>
					<Vertex X="77260" Y="89195" Z="0"/>
					<Vertex X="77319" Y="89334" Z="0"/>
					<Vertex X="77379" Y="89453" Z="0"/>
					<Vertex X="77498" Y="89631" Z="0"/>
					<Vertex X="77577" Y="89730" Z="0"/>
					<Vertex X="77696" Y="89869" Z="0"/>
					<Vertex X="77815" Y="89968" Z="0"/>
					<Vertex X="77875" Y="90048" Z="0"/>
					<Vertex X="78073" Y="90167" Z="0"/>
					<Vertex X="78172" Y="90266" Z="0"/>
					<Vertex X="78350" Y="90345" Z="0"/>
					<Vertex X="78449" Y="90404" Z="0"/>
					<Vertex X="78628" Y="90523" Z="0"/>
					<Vertex X="78747" Y="90603" Z="0"/>
					<Vertex X="78925" Y="90682" Z="0"/>
					<Vertex X="79005" Y="90702" Z="0"/>
					<Vertex X="79143" Y="90741" Z="0"/>
					<Vertex X="79282" Y="90801" Z="0"/>
					<Vertex X="79461" Y="90821" Z="0"/>
					<Vertex X="79580" Y="90821" Z="0"/>
					<Vertex X="79679" Y="90860" Z="0"/>
					<Vertex X="79817" Y="90900" Z="0"/>
					<Vertex X="79897" Y="90900" Z="0"/>
					<Vertex X="80055" Y="90900" Z="0"/>
					<Vertex X="80174" Y="90900" Z="0"/>
					<Vertex X="80293" Y="90920" Z="0"/>
					<Vertex X="80412" Y="90940" Z="0"/>
					<Vertex X="80511" Y="90940" Z="0"/>
					<Vertex X="80670" Y="90979" Z="0"/>
					<Vertex X="80789" Y="90979" Z="0"/>
					<Vertex X="80908" Y="90979" Z="0"/>
					<Vertex X="81126" Y="90979" Z="0"/>
					<Vertex X="81285" Y="90979" Z="0"/>
					<Vertex X="81423" Y="90940" Z="0"/>
					<Vertex X="81582" Y="90999" Z="0"/>
					<Vertex X="83188" Y="90999" Z="0"/>
					<Vertex X="83921" Y="91039" Z="0"/>
					<Vertex X="84219" Y="91059" Z="0"/>
					<Vertex X="84457" Y="91059" Z="0"/>
					<Vertex X="84794" Y="91039" Z="0"/>
					<Vertex X="84992" Y="91039" Z="0"/>
					<Vertex X="85329" Y="91039" Z="0"/>
					<Vertex X="85547" Y="90999" Z="0"/>
					<Vertex X="85765" Y="90999" Z="0"/>
					<Vertex X="86062" Y="91039" Z="0"/>
					<Vertex X="86281" Y="91039" Z="0"/>
					<Vertex X="86598" Y="91039" Z="0"/>
					<Vertex X="86816" Y="91039" Z="0"/>
					<Vertex X="87133" Y="91059" Z="0"/>
					<Vertex X="87311" Y="91098" Z="0"/>
					<Vertex X="87609" Y="91098" Z="0"/>
					<Vertex X="87827" Y="91098" Z="0"/>
					<Vertex X="88104" Y="91118" Z="0"/>
					<Vertex X="88323" Y="91118" Z="0"/>
					<Vertex X="88501" Y="91118" Z="0"/>
					<Vertex X="88798" Y="91158" Z="0"/>
					<Vertex X="88977" Y="91158" Z="0"/>
					<Vertex X="89235" Y="91197" Z="0"/>
					<Vertex X="89393" Y="91217" Z="0"/>
					<Vertex X="89572" Y="91237" Z="0"/>
					<Vertex X="89809" Y="91277" Z="0"/>
					<Vertex X="90047" Y="91277" Z="0"/>
					<Vertex X="90226" Y="91297" Z="0"/>
					<Vertex X="90365" Y="91336" Z="0"/>
					<Vertex X="90583" Y="91336" Z="0"/>
					<Vertex X="90741" Y="91336" Z="0"/>
					<Vertex X="90940" Y="91356" Z="0"/>
					<Vertex X="91058" Y="91356" Z="0"/>
					<Vertex X="91277" Y="91356" Z="0"/>
					<Vertex X="91415" Y="91396" Z="0"/>
					<Vertex X="91574" Y="91396" Z="0"/>
					<Vertex X="91812" Y="91416" Z="0"/>
					<Vertex X="91970" Y="91416" Z="0"/>
					<Vertex X="92268" Y="91416" Z="0"/>
					<Vertex X="92446" Y="91455" Z="0"/>
					<Vertex X="92763" Y="91455" Z="0"/>
					<Vertex X="92942" Y="91475" Z="0"/>
					<Vertex X="93200" Y="91475" Z="0"/>
					<Vertex X="93338" Y="91475" Z="0"/>
					<Vertex X="93557" Y="91475" Z="0"/>
					<Vertex X="93675" Y="91475" Z="0"/>
					<Vertex X="93854" Y="91475" Z="0"/>
					<Vertex X="93973" Y="91475" Z="0"/>
					<Vertex X="94092" Y="91475" Z="0"/>
					<Vertex X="94250" Y="91475" Z="0"/>
					<Vertex X="94369" Y="91475" Z="0"/>
					<Vertex X="94508" Y="91475" Z="0"/>
					<Vertex X="94627" Y="91475" Z="0"/>
					<Vertex X="94706" Y="91475" Z="0"/>
					<Vertex X="94865" Y="91515" Z="0"/>
					<Vertex X="94964" Y="91515" Z="0"/>
					<Vertex X="95043" Y="91515" Z="0"/>
					<Vertex X="95182" Y="91515" Z="0"/>
					<Vertex X="95281" Y="91515" Z="0"/>
					<Vertex X="95400" Y="91515" Z="0"/>
					<Vertex X="95579" Y="91534" Z="0"/>
					<Vertex X="95658" Y="91534" Z="0"/>
					<Vertex X="95836" Y="91534" Z="0"/>
					<Vertex X="95975" Y="91574" Z="0"/>
					<Vertex X="96074" Y="91574" Z="0"/>
					<Vertex X="96292" Y="91574" Z="0"/>
					<Vertex X="96431" Y="91574" Z="0"/>
					<Vertex X="96590" Y="91574" Z="0"/>
					<Vertex X="96788" Y="91574" Z="0"/>
					<Vertex X="96907" Y="91574" Z="0"/>
					<Vertex X="97006" Y="91594" Z="0"/>
					<Vertex X="97145" Y="91594" Z="0"/>
					<Vertex X="97244" Y="91594" Z="0"/>
					<Vertex X="97363" Y="91594" Z="0"/>
					<Vertex X="97422" Y="91634" Z="0"/>
					<Vertex X="97502" Y="91653" Z="0"/>
					<Vertex X="97541" Y="91653" Z="0"/>
					<Vertex X="97601" Y="91693" Z="0"/>
					<Vertex X="97680" Y="91713" Z="0"/>
					<Vertex X="97740" Y="91713" Z="0"/>
					<Vertex X="97839" Y="91713" Z="0"/>
					<Vertex X="97978" Y="91713" Z="0"/>
					<Vertex X="98077" Y="91713" Z="0"/>
					<Vertex X="98196" Y="91693" Z="0"/>
					<Vertex X="98334" Y="91693" Z="0"/>
					<Vertex X="98453" Y="91653" Z="0"/>
					<Vertex X="98612" Y="91653" Z="0"/>
					<Vertex X="98751" Y="91653" Z="0"/>
					<Vertex X="98850" Y="91634" Z="0"/>
					<Vertex X="98929" Y="91634" Z="0"/>
					<Vertex X="99048" Y="91634" Z="0"/>
					<Vertex X="99108" Y="91594" Z="0"/>
					<Vertex X="99207" Y="91594" Z="0"/>
					<Vertex X="99266" Y="91594" Z="0"/>
					<Vertex X="99326" Y="91574" Z="0"/>
					<Vertex X="99405" Y="91574" Z="0"/>
					<Vertex X="99465" Y="91534" Z="0"/>
					<Vertex X="99623" Y="91475" Z="0"/>
					<Vertex X="99742" Y="91455" Z="0"/>
					<Vertex X="99921" Y="91356" Z="0"/>
					<Vertex X="100039" Y="91336" Z="0"/>
					<Vertex X="100238" Y="91237" Z="0"/>
					<Vertex X="100396" Y="91197" Z="0"/>
					<Vertex X="100595" Y="91098" Z="0"/>
					<Vertex X="100753" Y="91039" Z="0"/>
					<Vertex X="100892" Y="90979" Z="0"/>
					<Vertex X="101011" Y="90920" Z="0"/>
					<Vertex X="101170" Y="90801" Z="0"/>
					<Vertex X="101249" Y="90741" Z="0"/>
					<Vertex X="101368" Y="90642" Z="0"/>
					<Vertex X="101487" Y="90504" Z="0"/>
					<Vertex X="101606" Y="90404" Z="0"/>
					<Vertex X="101725" Y="90266" Z="0"/>
					<Vertex X="101824" Y="90167" Z="0"/>
					<Vertex X="101943" Y="90048" Z="0"/>
					<Vertex X="102121" Y="89909" Z="0"/>
					<Vertex X="102300" Y="89730" Z="0"/>
					<Vertex X="102438" Y="89552" Z="0"/>
					<Vertex X="102537" Y="89453" Z="0"/>
					<Vertex X="102617" Y="89274" Z="0"/>
					<Vertex X="102656" Y="89155" Z="0"/>
					<Vertex X="102716" Y="89036" Z="0"/>
					<Vertex X="102795" Y="88858" Z="0"/>
					<Vertex X="102855" Y="88739" Z="0"/>
					<Vertex X="102855" Y="88700" Z="0"/>
					<Vertex X="102220" Y="87510" Z="0"/>
					<Vertex X="102280" Y="87292" Z="0"/>
					<Vertex X="102339" Y="87213" Z="0"/>
					<Vertex X="102399" Y="87153" Z="0"/>
					<Vertex X="102458" Y="87054" Z="0"/>
					<Vertex X="102518" Y="86995" Z="0"/>
					<Vertex X="102597" Y="86916" Z="0"/>
					<Vertex X="102637" Y="86856" Z="0"/>
					<Vertex X="102696" Y="86816" Z="0"/>
					<Vertex X="102756" Y="86757" Z="0"/>
					<Vertex X="102795" Y="86737" Z="0"/>
					<Vertex X="102815" Y="86697" Z="0"/>
					<Vertex X="102875" Y="86618" Z="0"/>
					<Vertex X="102934" Y="86519" Z="0"/>
					<Vertex X="102954" Y="86499" Z="0"/>
					<Vertex X="102994" Y="86400" Z="0"/>
					<Vertex X="102994" Y="86380" Z="0"/>
					<Vertex X="103033" Y="86301" Z="0"/>
					<Vertex X="103053" Y="86202" Z="0"/>
					<Vertex X="103053" Y="86162" Z="0"/>
					<Vertex X="103093" Y="86103" Z="0"/>
					<Vertex X="103093" Y="86043" Z="0"/>
					<Vertex X="103112" Y="86023" Z="0"/>
					<Vertex X="103112" Y="85964" Z="0"/>
					<Vertex X="103112" Y="85904" Z="0"/>
					<Vertex X="103112" Y="85845" Z="0"/>
					<Vertex X="103112" Y="85785" Z="0"/>
					<Vertex X="103093" Y="85706" Z="0"/>
					<Vertex X="103053" Y="85567" Z="0"/>
					<Vertex X="103033" Y="85488" Z="0"/>
					<Vertex X="102994" Y="85369" Z="0"/>
					<Vertex X="102954" Y="85270" Z="0"/>
					<Vertex X="102875" Y="85151" Z="0"/>
					<Vertex X="102795" Y="85012" Z="0"/>
					<Vertex X="102716" Y="84913" Z="0"/>
					<Vertex X="102637" Y="84774" Z="0"/>
					<Vertex X="102557" Y="84675" Z="0"/>
					<Vertex X="102458" Y="84536" Z="0"/>
					<Vertex X="102339" Y="84378" Z="0"/>
					<Vertex X="102260" Y="84299" Z="0"/>
					<Vertex X="102121" Y="84140" Z="0"/>
					<Vertex X="102042" Y="84021" Z="0"/>
					<Vertex X="101923" Y="83843" Z="0"/>
					<Vertex X="101844" Y="83704" Z="0"/>
					<Vertex X="101784" Y="83585" Z="0"/>
					<Vertex X="101685" Y="83406" Z="0"/>
					<Vertex X="101626" Y="83287" Z="0"/>
					<Vertex X="101526" Y="83168" Z="0"/>
					<Vertex X="101447" Y="83050" Z="0"/>
					<Vertex X="101348" Y="82950" Z="0"/>
					<Vertex X="101308" Y="82871" Z="0"/>
					<Vertex X="101209" Y="82752" Z="0"/>
					<Vertex X="101150" Y="82693" Z="0"/>
					<Vertex X="101051" Y="82534" Z="0"/>
					<Vertex X="100971" Y="82435" Z="0"/>
					<Vertex X="100892" Y="82356" Z="0"/>
					<Vertex X="100773" Y="82217" Z="0"/>
					<Vertex X="100674" Y="82098" Z="0"/>
					<Vertex X="100555" Y="81979" Z="0"/>
					<Vertex X="100456" Y="81919" Z="0"/>
					<Vertex X="100357" Y="81761" Z="0"/>
					<Vertex X="100258" Y="81721" Z="0"/>
					<Vertex X="100119" Y="81563" Z="0"/>
					<Vertex X="99980" Y="81463" Z="0"/>
					<Vertex X="99841" Y="81345" Z="0"/>
					<Vertex X="99663" Y="81206" Z="0"/>
					<Vertex X="99544" Y="81126" Z="0"/>
					<Vertex X="99385" Y="80988" Z="0"/>
					<Vertex X="99246" Y="80849" Z="0"/>
					<Vertex X="99128" Y="80750" Z="0"/>
					<Vertex X="98949" Y="80631" Z="0"/>
					<Vertex X="98771" Y="80512" Z="0"/>
					<Vertex X="98652" Y="80433" Z="0"/>
					<Vertex X="98453" Y="80314" Z="0"/>
					<Vertex X="98235" Y="80234" Z="0"/>
					<Vertex X="98116" Y="80135" Z="0"/>
					<Vertex X="97918" Y="80016" Z="0"/>
					<Vertex X="97779" Y="79957" Z="0"/>
					<Vertex X="97561" Y="79858" Z="0"/>
					<Vertex X="97442" Y="79778" Z="0"/>
					<Vertex X="97224" Y="79699" Z="0"/>
					<Vertex X="97026" Y="79600" Z="0"/>
					<Vertex X="96867" Y="79560" Z="0"/>
					<Vertex X="96689" Y="79481" Z="0"/>
					<Vertex X="96511" Y="79382" Z="0"/>
					<Vertex X="96312" Y="79342" Z="0"/>
					<Vertex X="96074" Y="79243" Z="0"/>
					<Vertex X="95916" Y="79144" Z="0"/>
					<Vertex X="95777" Y="79084" Z="0"/>
					<Vertex X="95698" Y="79045" Z="0"/>
					<Vertex X="95579" Y="78965" Z="0"/>
					<Vertex X="95539" Y="78906" Z="0"/>
					<Vertex X="95480" Y="78827" Z="0"/>
					<Vertex X="95440" Y="78767" Z="0"/>
					<Vertex X="95380" Y="78668" Z="0"/>
					<Vertex X="95361" Y="78549" Z="0"/>
					<Vertex X="95301" Y="78490" Z="0"/>
					<Vertex X="95242" Y="78410" Z="0"/>
					<Vertex X="95162" Y="78311" Z="0"/>
					<Vertex X="95103" Y="78192" Z="0"/>
					<Vertex X="95043" Y="78073" Z="0"/>
					<Vertex X="95004" Y="77954" Z="0"/>
					<Vertex X="94964" Y="77895" Z="0"/>
					<Vertex X="94905" Y="77776" Z="0"/>
					<Vertex X="94885" Y="77697" Z="0"/>
					<Vertex X="94845" Y="77578" Z="0"/>
					<Vertex X="94786" Y="77459" Z="0"/>
					<Vertex X="94766" Y="77399" Z="0"/>
					<Vertex X="94726" Y="77300" Z="0"/>
					<Vertex X="94706" Y="77260" Z="0"/>
					<Vertex X="94627" Y="77161" Z="0"/>
					<Vertex X="94607" Y="77082" Z="0"/>
					<Vertex X="94568" Y="76983" Z="0"/>
					<Vertex X="94548" Y="76923" Z="0"/>
					<Vertex X="94488" Y="76824" Z="0"/>
					<Vertex X="94469" Y="76785" Z="0"/>
					<Vertex X="94429" Y="76725" Z="0"/>
					<Vertex X="94409" Y="76666" Z="0"/>
					<Vertex X="94350" Y="76567" Z="0"/>
					<Vertex X="94310" Y="76547" Z="0"/>
					<Vertex X="94290" Y="76448" Z="0"/>
					<Vertex X="94250" Y="76388" Z="0"/>
					<Vertex X="94211" Y="76329" Z="0"/>
					<Vertex X="94211" Y="76289" Z="0"/>
					<Vertex X="94211" Y="76210" Z="0"/>
					<Vertex X="94211" Y="76150" Z="0"/>
					<Vertex X="94211" Y="76111" Z="0"/>
					<Vertex X="94250" Y="76051" Z="0"/>
					<Vertex X="94270" Y="76031" Z="0"/>
					<Vertex X="94270" Y="75992" Z="0"/>
					<Vertex X="94369" Y="75912" Z="0"/>
					<Vertex X="94449" Y="75793" Z="0"/>
					<Vertex X="94508" Y="75734" Z="0"/>
					<Vertex X="94568" Y="75674" Z="0"/>
					<Vertex X="94607" Y="75615" Z="0"/>
					<Vertex X="94667" Y="75516" Z="0"/>
					<Vertex X="94687" Y="75437" Z="0"/>
					<Vertex X="94726" Y="75337" Z="0"/>
					<Vertex X="94726" Y="75218" Z="0"/>
					<Vertex X="94726" Y="75159" Z="0"/>
					<Vertex X="94726" Y="75040" Z="0"/>
					<Vertex X="94687" Y="74921" Z="0"/>
					<Vertex X="94687" Y="74842" Z="0"/>
					<Vertex X="94687" Y="74723" Z="0"/>
					<Vertex X="94627" Y="74564" Z="0"/>
					<Vertex X="94627" Y="74485" Z="0"/>
					<Vertex X="94568" Y="74326" Z="0"/>
					<Vertex X="94508" Y="74188" Z="0"/>
					<Vertex X="94488" Y="74069" Z="0"/>
					<Vertex X="94429" Y="73910" Z="0"/>
					<Vertex X="94369" Y="73831" Z="0"/>
					<Vertex X="94310" Y="73652" Z="0"/>
					<Vertex X="94250" Y="73553" Z="0"/>
					<Vertex X="94151" Y="73434" Z="0"/>
					<Vertex X="94072" Y="73295" Z="0"/>
					<Vertex X="93953" Y="73176" Z="0"/>
					<Vertex X="93894" Y="73117" Z="0"/>
					<Vertex X="93775" Y="72998" Z="0"/>
					<Vertex X="93676" Y="72938" Z="0"/>
					<Vertex X="93557" Y="72839" Z="0"/>
					<Vertex X="93497" Y="72780" Z="0"/>
					<Vertex X="93418" Y="72701" Z="0"/>
					<Vertex X="93299" Y="72621" Z="0"/>
					<Vertex X="93200" Y="72582" Z="0"/>
					<Vertex X="93081" Y="72483" Z="0"/>
					<Vertex X="93021" Y="72463" Z="0"/>
					<Vertex X="92942" Y="72364" Z="0"/>
					<Vertex X="92843" Y="72284" Z="0"/>
					<Vertex X="92823" Y="72185" Z="0"/>
					<Vertex X="92764" Y="72106" Z="0"/>
					<Vertex X="92664" Y="71947" Z="0"/>
					<Vertex X="92605" Y="71828" Z="0"/>
					<Vertex X="92585" Y="71689" Z="0"/>
					<Vertex X="92486" Y="71511" Z="0"/>
					<Vertex X="92426" Y="71352" Z="0"/>
					<Vertex X="92347" Y="71154" Z="0"/>
					<Vertex X="92248" Y="70976" Z="0"/>
					<Vertex X="92169" Y="70857" Z="0"/>
					<Vertex X="92010" Y="70678" Z="0"/>
					<Vertex X="91871" Y="70500" Z="0"/>
					<Vertex X="91772" Y="70341" Z="0"/>
					<Vertex X="91594" Y="70203" Z="0"/>
					<Vertex X="91455" Y="70024" Z="0"/>
					<Vertex X="91336" Y="69866" Z="0"/>
					<Vertex X="91158" Y="69687" Z="0"/>
					<Vertex X="90999" Y="69489" Z="0"/>
					<Vertex X="90999" Y="69310" Z="0"/>
					<Vertex X="89651" Y="68636" Z="0"/>
					<Vertex X="89472" Y="68478" Z="0"/>
					<Vertex X="89452" Y="68379" Z="0"/>
					<Vertex X="89413" Y="68339" Z="0"/>
					<Vertex X="89393" Y="68240" Z="0"/>
					<Vertex X="89373" Y="68141" Z="0"/>
					<Vertex X="89373" Y="68081" Z="0"/>
					<Vertex X="89373" Y="68002" Z="0"/>
					<Vertex X="89393" Y="67942" Z="0"/>
					<Vertex X="89413" Y="67843" Z="0"/>
					<Vertex X="89472" Y="67764" Z="0"/>
					<Vertex X="89571" Y="67645" Z="0"/>
					<Vertex X="89690" Y="67526" Z="0"/>
					<Vertex X="89770" Y="67447" Z="0"/>
					<Vertex X="89928" Y="67288" Z="0"/>
					<Vertex X="90067" Y="67169" Z="0"/>
					<Vertex X="90226" Y="67090" Z="0"/>
					<Vertex X="90305" Y="67011" Z="0"/>
					<Vertex X="90463" Y="66951" Z="0"/>
					<Vertex X="90543" Y="66892" Z="0"/>
					<Vertex X="90701" Y="66872" Z="0"/>
					<Vertex X="90840" Y="66812" Z="0"/>
					<Vertex X="90979" Y="66793" Z="0"/>
					<Vertex X="91078" Y="66753" Z="0"/>
					<Vertex X="91197" Y="66674" Z="0"/>
					<Vertex X="91296" Y="66594" Z="0"/>
					<Vertex X="91435" Y="66495" Z="0"/>
					<Vertex X="91554" Y="66376" Z="0"/>
					<Vertex X="91673" Y="66257" Z="0"/>
					<Vertex X="91732" Y="66158" Z="0"/>
					<Vertex X="91831" Y="66000" Z="0"/>
					<Vertex X="91891" Y="65920" Z="0"/>
					<Vertex X="91950" Y="65801" Z="0"/>
					<Vertex X="91970" Y="65702" Z="0"/>
					<Vertex X="92010" Y="65623" Z="0"/>
					<Vertex X="92050" Y="65524" Z="0"/>
					<Vertex X="92069" Y="65444" Z="0"/>
					<Vertex X="92089" Y="65325" Z="0"/>
					<Vertex X="92149" Y="65207" Z="0"/>
					<Vertex X="92208" Y="65048" Z="0"/>
					<Vertex X="92248" Y="64929" Z="0"/>
					<Vertex X="92307" Y="64810" Z="0"/>
					<Vertex X="92347" Y="64691" Z="0"/>
					<Vertex X="92367" Y="64612" Z="0"/>
					<Vertex X="92426" Y="64453" Z="0"/>
					<Vertex X="92466" Y="64374" Z="0"/>
					<Vertex X="92505" Y="64215" Z="0"/>
					<Vertex X="92545" Y="64156" Z="0"/>
					<Vertex X="92585" Y="64037" Z="0"/>
					<Vertex X="92605" Y="63898" Z="0"/>
					<Vertex X="92664" Y="63779" Z="0"/>
					<Vertex X="92664" Y="63660" Z="0"/>
					<Vertex X="92704" Y="63561" Z="0"/>
					<Vertex X="92724" Y="63482" Z="0"/>
					<Vertex X="92724" Y="63323" Z="0"/>
					<Vertex X="92763" Y="63204" Z="0"/>
					<Vertex X="92783" Y="63065" Z="0"/>
					<Vertex X="92783" Y="62907" Z="0"/>
					<Vertex X="92843" Y="62768" Z="0"/>
					<Vertex X="92902" Y="62550" Z="0"/>
					<Vertex X="92961" Y="62371" Z="0"/>
					<Vertex X="93041" Y="62233" Z="0"/>
					<Vertex X="93080" Y="62134" Z="0"/>
					<Vertex X="93180" Y="62034" Z="0"/>
					<Vertex X="93259" Y="61955" Z="0"/>
					<Vertex X="93378" Y="61876" Z="0"/>
					<Vertex X="93497" Y="61836" Z="0"/>
					<Vertex X="93576" Y="61777" Z="0"/>
					<Vertex X="93735" Y="61757" Z="0"/>
					<Vertex X="93873" Y="61697" Z="0"/>
					<Vertex X="94012" Y="61658" Z="0"/>
					<Vertex X="94151" Y="61638" Z="0"/>
					<Vertex X="94310" Y="61578" Z="0"/>
					<Vertex X="94389" Y="61519" Z="0"/>
					<Vertex X="94567" Y="61459" Z="0"/>
					<Vertex X="94746" Y="61380" Z="0"/>
					<Vertex X="94865" Y="61321" Z="0"/>
					<Vertex X="95043" Y="61202" Z="0"/>
					<Vertex X="95182" Y="61083" Z="0"/>
					<Vertex X="95281" Y="60984" Z="0"/>
					<Vertex X="95440" Y="60845" Z="0"/>
					<Vertex X="95578" Y="60726" Z="0"/>
					<Vertex X="95658" Y="60627" Z="0"/>
					<Vertex X="95777" Y="60508" Z="0"/>
					<Vertex X="95935" Y="60349" Z="0"/>
					<Vertex X="96094" Y="60210" Z="0"/>
					<Vertex X="96054" Y="60032" Z="0"/>
					<Vertex X="96788" Y="58843" Z="0"/>
					<Vertex X="97026" Y="58466" Z="0"/>
					<Vertex X="97125" Y="58268" Z="0"/>
					<Vertex X="97204" Y="58129" Z="0"/>
					<Vertex X="97303" Y="57950" Z="0"/>
					<Vertex X="97363" Y="57732" Z="0"/>
					<Vertex X="97442" Y="57534" Z="0"/>
					<Vertex X="97502" Y="57395" Z="0"/>
					<Vertex X="97601" Y="57177" Z="0"/>
					<Vertex X="97700" Y="56979" Z="0"/>
					<Vertex X="97740" Y="56801" Z="0"/>
					<Vertex X="97779" Y="56622" Z="0"/>
					<Vertex X="97839" Y="56424" Z="0"/>
					<Vertex X="97898" Y="56245" Z="0"/>
					<Vertex X="97958" Y="56127" Z="0"/>
					<Vertex X="98017" Y="55988" Z="0"/>
					<Vertex X="98017" Y="55869" Z="0"/>
					<Vertex X="98057" Y="55750" Z="0"/>
					<Vertex X="98077" Y="55651" Z="0"/>
					<Vertex X="98116" Y="55571" Z="0"/>
					<Vertex X="98116" Y="55472" Z="0"/>
					<Vertex X="98136" Y="55452" Z="0"/>
					<Vertex X="98136" Y="55393" Z="0"/>
					<Vertex X="98136" Y="55334" Z="0"/>
					<Vertex X="98136" Y="55294" Z="0"/>
					<Vertex X="98156" Y="55274" Z="0"/>
					<Vertex X="98156" Y="55215" Z="0"/>
					<Vertex X="98196" Y="55115" Z="0"/>
					<Vertex X="98196" Y="55096" Z="0"/>
					<Vertex X="98235" Y="55036" Z="0"/>
					<Vertex X="98235" Y="54977" Z="0"/>
					<Vertex X="98235" Y="54878" Z="0"/>
					<Vertex X="98235" Y="54818" Z="0"/>
					<Vertex X="98235" Y="54759" Z="0"/>
					<Vertex X="98235" Y="54679" Z="0"/>
					<Vertex X="98255" Y="54580" Z="0"/>
					<Vertex X="98255" Y="54501" Z="0"/>
					<Vertex X="98255" Y="54422" Z="0"/>
					<Vertex X="98295" Y="54283" Z="0"/>
					<Vertex X="98314" Y="54203" Z="0"/>
					<Vertex X="98314" Y="54124" Z="0"/>
					<Vertex X="98354" Y="53985" Z="0"/>
					<Vertex X="98374" Y="53866" Z="0"/>
					<Vertex X="98394" Y="53787" Z="0"/>
					<Vertex X="98433" Y="53688" Z="0"/>
					<Vertex X="98493" Y="53569" Z="0"/>
					<Vertex X="98552" Y="53490" Z="0"/>
					<Vertex X="98592" Y="53391" Z="0"/>
					<Vertex X="98652" Y="53311" Z="0"/>
					<Vertex X="98691" Y="53212" Z="0"/>
					<Vertex X="98790" Y="53133" Z="0"/>
					<Vertex X="98830" Y="53073" Z="0"/>
					<Vertex X="98929" Y="52974" Z="0"/>
					<Vertex X="99028" Y="52835" Z="0"/>
					<Vertex X="99088" Y="52776" Z="0"/>
					<Vertex X="99207" Y="52677" Z="0"/>
					<Vertex X="99306" Y="52598" Z="0"/>
					<Vertex X="99385" Y="52498" Z="0"/>
					<Vertex X="99504" Y="52439" Z="0"/>
					<Vertex X="99603" Y="52399" Z="0"/>
					<Vertex X="99722" Y="52360" Z="0"/>
					<Vertex X="99801" Y="52320" Z="0"/>
					<Vertex X="99901" Y="52320" Z="0"/>
					<Vertex X="100000" Y="52360" Z="0"/>
					<Vertex X="100099" Y="52360" Z="0"/>
					<Vertex X="100138" Y="52419" Z="0"/>
					<Vertex X="100198" Y="52498" Z="0"/>
					<Vertex X="100218" Y="52637" Z="0"/>
					<Vertex X="100257" Y="52736" Z="0"/>
					<Vertex X="100277" Y="52835" Z="0"/>
					<Vertex X="100317" Y="52954" Z="0"/>
					<Vertex X="100337" Y="53073" Z="0"/>
					<Vertex X="100337" Y="53153" Z="0"/>
					<Vertex X="100376" Y="53311" Z="0"/>
					<Vertex X="100396" Y="53430" Z="0"/>
					<Vertex X="100436" Y="53549" Z="0"/>
					<Vertex X="100436" Y="53688" Z="0"/>
					<Vertex X="100456" Y="53787" Z="0"/>
					<Vertex X="100475" Y="53847" Z="0"/>
					<Vertex X="100535" Y="53966" Z="0"/>
					<Vertex X="100575" Y="54045" Z="0"/>
					<Vertex X="100634" Y="54124" Z="0"/>
					<Vertex X="100694" Y="54164" Z="0"/>
					<Vertex X="100793" Y="54203" Z="0"/>
					<Vertex X="100872" Y="54263" Z="0"/>
					<Vertex X="100931" Y="54283" Z="0"/>
					<Vertex X="100991" Y="54322" Z="0"/>
					<Vertex X="101110" Y="54322" Z="0"/>
					<Vertex X="101229" Y="54342" Z="0"/>
					<Vertex X="101288" Y="54342" Z="0"/>
					<Vertex X="101407" Y="54342" Z="0"/>
					<Vertex X="101546" Y="54322" Z="0"/>
					<Vertex X="101744" Y="54223" Z="0"/>
					<Vertex X="101863" Y="54144" Z="0"/>
					<Vertex X="101982" Y="54045" Z="0"/>
					<Vertex X="102081" Y="53966" Z="0"/>
					<Vertex X="102180" Y="53906" Z="0"/>
					<Vertex X="102280" Y="53787" Z="0"/>
					<Vertex X="102399" Y="53688" Z="0"/>
					<Vertex X="102478" Y="53569" Z="0"/>
					<Vertex X="102577" Y="53490" Z="0"/>
					<Vertex X="102656" Y="53371" Z="0"/>
					<Vertex X="102716" Y="53272" Z="0"/>
					<Vertex X="102815" Y="53133" Z="0"/>
					<Vertex X="102894" Y="52954" Z="0"/>
					<Vertex X="102954" Y="52855" Z="0"/>
					<Vertex X="103013" Y="52677" Z="0"/>
					<Vertex X="103073" Y="52538" Z="0"/>
					<Vertex X="103112" Y="52360" Z="0"/>
					<Vertex X="103152" Y="52122" Z="0"/>
					<Vertex X="103152" Y="51963" Z="0"/>
					<Vertex X="103152" Y="51864" Z="0"/>
					<Vertex X="103132" Y="51646" Z="0"/>
					<Vertex X="103112" Y="51507" Z="0"/>
					<Vertex X="103073" Y="51329" Z="0"/>
					<Vertex X="103013" Y="51150" Z="0"/>
					<Vertex X="102954" Y="51051" Z="0"/>
					<Vertex X="102874" Y="50873" Z="0"/>
					<Vertex X="102815" Y="50675" Z="0"/>
					<Vertex X="102716" Y="50476" Z="0"/>
					<Vertex X="102656" Y="50318" Z="0"/>
					<Vertex X="102577" Y="50100" Z="0"/>
					<Vertex X="102478" Y="49881" Z="0"/>
					<Vertex X="102418" Y="49663" Z="0"/>
					<Vertex X="102359" Y="49445" Z="0"/>
					<Vertex X="102319" Y="49287" Z="0"/>
					<Vertex X="102260" Y="49049" Z="0"/>
					<Vertex X="102240" Y="48851" Z="0"/>
					<Vertex X="102200" Y="48573" Z="0"/>
					<Vertex X="102240" Y="48434" Z="0"/>
					<Vertex X="102260" Y="48335" Z="0"/>
					<Vertex X="102359" Y="48216" Z="0"/>
					<Vertex X="102478" Y="48137" Z="0"/>
					<Vertex X="102617" Y="48097" Z="0"/>
					<Vertex X="102795" Y="48077" Z="0"/>
					<Vertex X="103013" Y="48038" Z="0"/>
					<Vertex X="103152" Y="48018" Z="0"/>
					<Vertex X="103390" Y="48018" Z="0"/>
					<Vertex X="103608" Y="48018" Z="0"/>
					<Vertex X="103806" Y="48018" Z="0"/>
					<Vertex X="103925" Y="47978" Z="0"/>
					<Vertex X="104143" Y="47958" Z="0"/>
					<Vertex X="104381" Y="47958" Z="0"/>
					<Vertex X="104460" Y="47958" Z="0"/>
					<Vertex X="104619" Y="47919" Z="0"/>
					<Vertex X="104797" Y="47899" Z="0"/>
					<Vertex X="105035" Y="47859" Z="0"/>
					<Vertex X="105154" Y="47839" Z="0"/>
					<Vertex X="105293" Y="47839" Z="0"/>
					<Vertex X="105491" Y="47800" Z="0"/>
					<Vertex X="105590" Y="47780" Z="0"/>
					<Vertex X="105709" Y="47740" Z="0"/>
					<Vertex X="105769" Y="47740" Z="0"/>
					<Vertex X="105828" Y="47740" Z="0"/>
					<Vertex X="105888" Y="47780" Z="0"/>
					<Vertex X="105947" Y="47780" Z="0"/>
					<Vertex X="105987" Y="47820" Z="0"/>
					<Vertex X="106046" Y="47879" Z="0"/>
					<Vertex X="106086" Y="47939" Z="0"/>
					<Vertex X="106086" Y="47998" Z="0"/>
					<Vertex X="106046" Y="48077" Z="0"/>
					<Vertex X="106027" Y="48236" Z="0"/>
					<Vertex X="105947" Y="48414" Z="0"/>
					<Vertex X="105927" Y="48593" Z="0"/>
					<Vertex X="105927" Y="48692" Z="0"/>
					<Vertex X="105888" Y="48910" Z="0"/>
					<Vertex X="105888" Y="49029" Z="0"/>
					<Vertex X="105888" Y="49188" Z="0"/>
					<Vertex X="105927" Y="49326" Z="0"/>
					<Vertex X="105927" Y="49386" Z="0"/>
					<Vertex X="105947" Y="49505" Z="0"/>
					<Vertex X="105987" Y="49584" Z="0"/>
					<Vertex X="106046" Y="49663" Z="0"/>
					<Vertex X="106106" Y="49683" Z="0"/>
					<Vertex X="106165" Y="49703" Z="0"/>
					<Vertex X="106225" Y="49683" Z="0"/>
					<Vertex X="106324" Y="49663" Z="0"/>
					<Vertex X="106403" Y="49584" Z="0"/>
					<Vertex X="106483" Y="49525" Z="0"/>
					<Vertex X="106562" Y="49505" Z="0"/>
					<Vertex X="106641" Y="49445" Z="0"/>
					<Vertex X="106760" Y="49346" Z="0"/>
					<Vertex X="106879" Y="49307" Z="0"/>
					<Vertex X="106998" Y="49227" Z="0"/>
					<Vertex X="107117" Y="49128" Z="0"/>
					<Vertex X="107236" Y="48989" Z="0"/>
					<Vertex X="107395" Y="48890" Z="0"/>
					<Vertex X="107474" Y="48791" Z="0"/>
					<Vertex X="107593" Y="48672" Z="0"/>
					<Vertex X="107692" Y="48553" Z="0"/>
					<Vertex X="107771" Y="48434" Z="0"/>
					<Vertex X="107831" Y="48335" Z="0"/>
					<Vertex X="107930" Y="48236" Z="0"/>
					<Vertex X="107989" Y="48097" Z="0"/>
					<Vertex X="108029" Y="47958" Z="0"/>
					<Vertex X="108088" Y="47820" Z="0"/>
					<Vertex X="108148" Y="47641" Z="0"/>
					<Vertex X="108188" Y="47483" Z="0"/>
					<Vertex X="108247" Y="47284" Z="0"/>
					<Vertex X="108307" Y="47165" Z="0"/>
					<Vertex X="108366" Y="46947" Z="0"/>
					<Vertex X="108426" Y="46749" Z="0"/>
					<Vertex X="108485" Y="46551" Z="0"/>
					<Vertex X="108564" Y="46313" Z="0"/>
					<Vertex X="108624" Y="46115" Z="0"/>
					<Vertex X="108723" Y="45877" Z="0"/>
					<Vertex X="108802" Y="45639" Z="0"/>
					<Vertex X="108901" Y="45421" Z="0"/>
					<Vertex X="108961" Y="45242" Z="0"/>
					<Vertex X="108981" Y="45104" Z="0"/>
					<Vertex X="109040" Y="44885" Z="0"/>
					<Vertex X="109100" Y="44707" Z="0"/>
					<Vertex X="109159" Y="44509" Z="0"/>
					<Vertex X="109258" Y="44350" Z="0"/>
					<Vertex X="109337" Y="44211" Z="0"/>
					<Vertex X="109437" Y="44152" Z="0"/>
					<Vertex X="109516" Y="44053" Z="0"/>
					<Vertex X="109635" Y="43934" Z="0"/>
					<Vertex X="109754" Y="43874" Z="0"/>
					<Vertex X="109853" Y="43855" Z="0"/>
					<Vertex X="109912" Y="43855" Z="0"/>
					<Vertex X="109992" Y="43815" Z="0"/>
					<Vertex X="110091" Y="43795" Z="0"/>
					<Vertex X="110210" Y="43736" Z="0"/>
					<Vertex X="110349" Y="43636" Z="0"/>
					<Vertex X="110468" Y="43517" Z="0"/>
					<Vertex X="110586" Y="43399" Z="0"/>
					<Vertex X="110646" Y="43319" Z="0"/>
					<Vertex X="110745" Y="43161" Z="0"/>
					<Vertex X="110864" Y="43022" Z="0"/>
					<Vertex X="110943" Y="42903" Z="0"/>
					<Vertex X="111042" Y="42724" Z="0"/>
					<Vertex X="111102" Y="42566" Z="0"/>
					<Vertex X="111161" Y="42427" Z="0"/>
					<Vertex X="111181" Y="42268" Z="0"/>
					<Vertex X="111221" Y="42130" Z="0"/>
					<Vertex X="111221" Y="41951" Z="0"/>
					<Vertex X="111241" Y="41773" Z="0"/>
					<Vertex X="111280" Y="41594" Z="0"/>
					<Vertex X="111280" Y="41376" Z="0"/>
					<Vertex X="111280" Y="41238" Z="0"/>
					<Vertex X="111280" Y="41019" Z="0"/>
					<Vertex X="111280" Y="40841" Z="0"/>
					<Vertex X="111241" Y="40603" Z="0"/>
					<Vertex X="111241" Y="40425" Z="0"/>
					<Vertex X="111241" Y="40246" Z="0"/>
					<Vertex X="111241" Y="40068" Z="0"/>
					<Vertex X="111340" Y="40048" Z="0"/>
					<Vertex X="111518" Y="38799" Z="0"/>
					<Vertex X="111677" Y="38719" Z="0"/>
					<Vertex X="111697" Y="38680" Z="0"/>
					<Vertex X="111756" Y="38640" Z="0"/>
					<Vertex X="111816" Y="38620" Z="0"/>
					<Vertex X="111836" Y="38581" Z="0"/>
					<Vertex X="111875" Y="38561" Z="0"/>
					<Vertex X="111915" Y="38561" Z="0"/>
					<Vertex X="111935" Y="38521" Z="0"/>
					<Vertex X="111974" Y="38501" Z="0"/>
					<Vertex X="112034" Y="38462" Z="0"/>
					<Vertex X="112093" Y="38422" Z="0"/>
					<Vertex X="112133" Y="38343" Z="0"/>
					<Vertex X="112173" Y="38283" Z="0"/>
					<Vertex X="112232" Y="38224" Z="0"/>
					<Vertex X="112272" Y="38144" Z="0"/>
					<Vertex X="112311" Y="38045" Z="0"/>
					<Vertex X="112371" Y="37926" Z="0"/>
					<Vertex X="112411" Y="37827" Z="0"/>
					<Vertex X="112430" Y="37728" Z="0"/>
					<Vertex X="112470" Y="37609" Z="0"/>
					<Vertex X="112510" Y="37490" Z="0"/>
					<Vertex X="112529" Y="37332" Z="0"/>
					<Vertex X="112569" Y="37232" Z="0"/>
					<Vertex X="112589" Y="37074" Z="0"/>
					<Vertex X="112629" Y="36955" Z="0"/>
					<Vertex X="112648" Y="36836" Z="0"/>
					<Vertex X="112668" Y="36717" Z="0"/>
					<Vertex X="112708" Y="36598" Z="0"/>
					<Vertex X="112748" Y="36479" Z="0"/>
					<Vertex X="112748" Y="36360" Z="0"/>
					<Vertex X="112748" Y="36241" Z="0"/>
					<Vertex X="112748" Y="36122" Z="0"/>
					<Vertex X="112748" Y="36003" Z="0"/>
					<Vertex X="112708" Y="35904" Z="0"/>
					<Vertex X="112708" Y="35864" Z="0"/>
					<Vertex X="112668" Y="35765" Z="0"/>
					<Vertex X="112648" Y="35646" Z="0"/>
					<Vertex X="112629" Y="35587" Z="0"/>
					<Vertex X="112569" Y="35488" Z="0"/>
					<Vertex X="112510" Y="35448" Z="0"/>
					<Vertex X="112470" Y="35369" Z="0"/>
					<Vertex X="112411" Y="35289" Z="0"/>
					<Vertex X="112311" Y="35210" Z="0"/>
					<Vertex X="112232" Y="35151" Z="0"/>
					<Vertex X="112113" Y="35071" Z="0"/>
					<Vertex X="112034" Y="34992" Z="0"/>
					<Vertex X="111935" Y="34913" Z="0"/>
					<Vertex X="111836" Y="34853" Z="0"/>
					<Vertex X="111736" Y="34695" Z="0"/>
					<Vertex X="111677" Y="34635" Z="0"/>
					<Vertex X="111518" Y="34477" Z="0"/>
					<Vertex X="111439" Y="34378" Z="0"/>
					<Vertex X="111380" Y="34298" Z="0"/>
					<Vertex X="111300" Y="34219" Z="0"/>
					<Vertex X="111241" Y="34100" Z="0"/>
					<Vertex X="111181" Y="33941" Z="0"/>
					<Vertex X="111142" Y="33822" Z="0"/>
					<Vertex X="111043" Y="33723" Z="0"/>
					<Vertex X="111023" Y="33624" Z="0"/>
					<Vertex X="110963" Y="33505" Z="0"/>
					<Vertex X="110924" Y="33386" Z="0"/>
					<Vertex X="110864" Y="33267" Z="0"/>
					<Vertex X="110844" Y="33148" Z="0"/>
					<Vertex X="110805" Y="33029" Z="0"/>
					<Vertex X="110765" Y="32891" Z="0"/>
					<Vertex X="110765" Y="32732" Z="0"/>
					<Vertex X="110765" Y="32554" Z="0"/>
					<Vertex X="110745" Y="32395" Z="0"/>
					<Vertex X="110745" Y="32296" Z="0"/>
					<Vertex X="110706" Y="32137" Z="0"/>
					<Vertex X="110706" Y="31959" Z="0"/>
					<Vertex X="110686" Y="31780" Z="0"/>
					<Vertex X="110646" Y="31622" Z="0"/>
					<Vertex X="110626" Y="31483" Z="0"/>
					<Vertex X="110527" Y="31364" Z="0"/>
					<Vertex X="110507" Y="31265" Z="0"/>
					<Vertex X="110448" Y="31146" Z="0"/>
					<Vertex X="110349" Y="31067" Z="0"/>
					<Vertex X="110269" Y="30968" Z="0"/>
					<Vertex X="110150" Y="30849" Z="0"/>
					<Vertex X="110051" Y="30769" Z="0"/>
					<Vertex X="109992" Y="30670" Z="0"/>
					<Vertex X="109913" Y="30591" Z="0"/>
					<Vertex X="109873" Y="30531" Z="0"/>
					<Vertex X="109853" Y="30472" Z="0"/>
					<Vertex X="109813" Y="30373" Z="0"/>
					<Vertex X="109853" Y="30293" Z="0"/>
					<Vertex X="109913" Y="30214" Z="0"/>
					<Vertex X="109972" Y="30115" Z="0"/>
					<Vertex X="110031" Y="30095" Z="0"/>
					<Vertex X="110111" Y="29996" Z="0"/>
					<Vertex X="110230" Y="29897" Z="0"/>
					<Vertex X="110349" Y="29818" Z="0"/>
					<Vertex X="110448" Y="29699" Z="0"/>
					<Vertex X="110527" Y="29600" Z="0"/>
					<Vertex X="110587" Y="29520" Z="0"/>
					<Vertex X="110626" Y="29421" Z="0"/>
					<Vertex X="110646" Y="29302" Z="0"/>
					<Vertex X="110686" Y="29223" Z="0"/>
					<Vertex X="110706" Y="29104" Z="0"/>
					<Vertex X="110765" Y="28945" Z="0"/>
					<Vertex X="110844" Y="28807" Z="0"/>
					<Vertex X="110864" Y="28648" Z="0"/>
					<Vertex X="110884" Y="28529" Z="0"/>
					<Vertex X="110924" Y="28351" Z="0"/>
					<Vertex X="110983" Y="28212" Z="0"/>
					<Vertex X="111003" Y="28053" Z="0"/>
					<Vertex X="111043" Y="27914" Z="0"/>
					<Vertex X="111062" Y="27795" Z="0"/>
					<Vertex X="111102" Y="27637" Z="0"/>
					<Vertex X="111122" Y="27458" Z="0"/>
					<Vertex X="111162" Y="27320" Z="0"/>
					<Vertex X="111181" Y="27161" Z="0"/>
					<Vertex X="111221" Y="27042" Z="0"/>
					<Vertex X="111241" Y="26903" Z="0"/>
					<Vertex X="111280" Y="26745" Z="0"/>
					<Vertex X="111280" Y="26606" Z="0"/>
					<Vertex X="111300" Y="26447" Z="0"/>
					<Vertex X="111380" Y="26309" Z="0"/>
					<Vertex X="111399" Y="26150" Z="0"/>
					<Vertex X="111419" Y="26011" Z="0"/>
					<Vertex X="111459" Y="25892" Z="0"/>
					<Vertex X="111479" Y="25734" Z="0"/>
					<Vertex X="111479" Y="25615" Z="0"/>
					<Vertex X="111518" Y="25476" Z="0"/>
					<Vertex X="111538" Y="25357" Z="0"/>
					<Vertex X="111538" Y="25238" Z="0"/>
					<Vertex X="111499" Y="25119" Z="0"/>
					<Vertex X="111559" Y="23791" Z="0"/>
					<Vertex X="111658" Y="23493" Z="0"/>
					<Vertex X="111697" Y="23375" Z="0"/>
					<Vertex X="111737" Y="23236" Z="0"/>
					<Vertex X="111757" Y="23117" Z="0"/>
					<Vertex X="111796" Y="22998" Z="0"/>
					<Vertex X="111856" Y="22899" Z="0"/>
					<Vertex X="111896" Y="22760" Z="0"/>
					<Vertex X="111955" Y="22621" Z="0"/>
					<Vertex X="112015" Y="22482" Z="0"/>
					<Vertex X="112074" Y="22344" Z="0"/>
					<Vertex X="112114" Y="22225" Z="0"/>
					<Vertex X="112193" Y="22126" Z="0"/>
					<Vertex X="112272" Y="21987" Z="0"/>
					<Vertex X="112451" Y="21749" Z="0"/>
					<Vertex X="112570" Y="21590" Z="0"/>
					<Vertex X="112728" Y="21451" Z="0"/>
					<Vertex X="112808" Y="21332" Z="0"/>
					<Vertex X="112927" Y="21174" Z="0"/>
					<Vertex X="113045" Y="21035" Z="0"/>
					<Vertex X="113145" Y="20936" Z="0"/>
					<Vertex X="113224" Y="20877" Z="0"/>
					<Vertex X="113363" Y="20738" Z="0"/>
					<Vertex X="113561" Y="20579" Z="0"/>
					<Vertex X="113640" Y="20500" Z="0"/>
					<Vertex X="113819" Y="20381" Z="0"/>
					<Vertex X="113957" Y="20262" Z="0"/>
					<Vertex X="114096" Y="20183" Z="0"/>
					<Vertex X="114255" Y="20024" Z="0"/>
					<Vertex X="114433" Y="19885" Z="0"/>
					<Vertex X="114592" Y="19786" Z="0"/>
					<Vertex X="114691" Y="19687" Z="0"/>
					<Vertex X="114830" Y="19608" Z="0"/>
					<Vertex X="114949" Y="19509" Z="0"/>
					<Vertex X="115068" Y="19409" Z="0"/>
					<Vertex X="115167" Y="19330" Z="0"/>
					<Vertex X="115306" Y="19211" Z="0"/>
					<Vertex X="115464" Y="19132" Z="0"/>
					<Vertex X="115544" Y="19033" Z="0"/>
					<Vertex X="115662" Y="18914" Z="0"/>
					<Vertex X="115821" Y="18815" Z="0"/>
					<Vertex X="115960" Y="18696" Z="0"/>
					<Vertex X="116099" Y="18577" Z="0"/>
					<Vertex X="116237" Y="18458" Z="0"/>
					<Vertex X="116356" Y="18319" Z="0"/>
					<Vertex X="116455" Y="18220" Z="0"/>
					<Vertex X="116614" Y="18061" Z="0"/>
					<Vertex X="116773" Y="17923" Z="0"/>
					<Vertex X="116832" Y="17843" Z="0"/>
					<Vertex X="116911" Y="17724" Z="0"/>
					<Vertex X="116991" Y="17585" Z="0"/>
					<Vertex X="117030" Y="17526" Z="0"/>
					<Vertex X="117110" Y="17367" Z="0"/>
					<Vertex X="117169" Y="17268" Z="0"/>
					<Vertex X="117229" Y="17129" Z="0"/>
					<Vertex X="117288" Y="17050" Z="0"/>
					<Vertex X="117348" Y="16931" Z="0"/>
					<Vertex X="117427" Y="16773" Z="0"/>
					<Vertex X="117447" Y="16693" Z="0"/>
					<Vertex X="117506" Y="16515" Z="0"/>
					<Vertex X="117566" Y="16376" Z="0"/>
					<Vertex X="117586" Y="16218" Z="0"/>
					<Vertex X="117625" Y="16099" Z="0"/>
					<Vertex X="117645" Y="15940" Z="0"/>
					<Vertex X="117685" Y="15801" Z="0"/>
					<Vertex X="117685" Y="15662" Z="0"/>
					<Vertex X="117685" Y="15484" Z="0"/>
					<Vertex X="117645" Y="15325" Z="0"/>
					<Vertex X="117645" Y="15246" Z="0"/>
					<Vertex X="117645" Y="15087" Z="0"/>
					<Vertex X="117625" Y="14949" Z="0"/>
					<Vertex X="117566" Y="14810" Z="0"/>
					<Vertex X="117506" Y="14691" Z="0"/>
					<Vertex X="117447" Y="14592" Z="0"/>
					<Vertex X="117427" Y="14433" Z="0"/>
					<Vertex X="117348" Y="14314" Z="0"/>
					<Vertex X="117268" Y="14175" Z="0"/>
					<Vertex X="117209" Y="14096" Z="0"/>
					<Vertex X="117149" Y="13957" Z="0"/>
					<Vertex X="117070" Y="13799" Z="0"/>
					<Vertex X="116971" Y="13660" Z="0"/>
					<Vertex X="116892" Y="13521" Z="0"/>
					<Vertex X="116832" Y="13422" Z="0"/>
					<Vertex X="116733" Y="13244" Z="0"/>
					<Vertex X="116614" Y="13105" Z="0"/>
					<Vertex X="116455" Y="12887" Z="0"/>
					<Vertex X="116376" Y="12808" Z="0"/>
					<Vertex X="116237" Y="12649" Z="0"/>
					<Vertex X="116099" Y="12490" Z="0"/>
					<Vertex X="115960" Y="12371" Z="0"/>
					<Vertex X="115841" Y="12233" Z="0"/>
					<Vertex X="115722" Y="12114" Z="0"/>
					<Vertex X="115603" Y="11995" Z="0"/>
					<Vertex X="115504" Y="11896" Z="0"/>
					<Vertex X="115365" Y="11757" Z="0"/>
					<Vertex X="115206" Y="11638" Z="0"/>
					<Vertex X="115068" Y="11519" Z="0"/>
					<Vertex X="114889" Y="11400" Z="0"/>
					<Vertex X="114671" Y="11281" Z="0"/>
					<Vertex X="114552" Y="11182" Z="0"/>
					<Vertex X="114374" Y="11063" Z="0"/>
					<Vertex X="114195" Y="10924" Z="0"/>
					<Vertex X="113997" Y="10805" Z="0"/>
					<Vertex X="113779" Y="10686" Z="0"/>
					<Vertex X="113640" Y="10567" Z="0"/>
					<Vertex X="113422" Y="10448" Z="0"/>
					<Vertex X="113224" Y="10290" Z="0"/>
					<Vertex X="113006" Y="10171" Z="0"/>
					<Vertex X="112827" Y="10052" Z="0"/>
					<Vertex X="112629" Y="9933" Z="0"/>
					<Vertex X="112451" Y="9814" Z="0"/>
					<Vertex X="112272" Y="9735" Z="0"/>
					<Vertex X="112153" Y="9635" Z="0"/>
					<Vertex X="111975" Y="9576" Z="0"/>
					<Vertex X="111816" Y="9516" Z="0"/>
					<Vertex X="111638" Y="9437" Z="0"/>
					<Vertex X="111499" Y="9378" Z="0"/>
					<Vertex X="111321" Y="9318" Z="0"/>
					<Vertex X="111162" Y="9259" Z="0"/>
					<Vertex X="111083" Y="9199" Z="0"/>
					<Vertex X="110904" Y="9140" Z="0"/>
					<Vertex X="110726" Y="9080" Z="0"/>
					<Vertex X="110627" Y="9041" Z="0"/>
					<Vertex X="110448" Y="8981" Z="0"/>
					<Vertex X="110369" Y="8981" Z="0"/>
					<Vertex X="110210" Y="8961" Z="0"/>
					<Vertex X="110072" Y="8922" Z="0"/>
					<Vertex X="109913" Y="8902" Z="0"/>
					<Vertex X="109774" Y="8902" Z="0"/>
					<Vertex X="109655" Y="8902" Z="0"/>
					<Vertex X="109497" Y="8902" Z="0"/>
					<Vertex X="109378" Y="8902" Z="0"/>
					<Vertex X="109239" Y="8922" Z="0"/>
					<Vertex X="109080" Y="8961" Z="0"/>
					<Vertex X="108902" Y="8981" Z="0"/>
					<Vertex X="108763" Y="8981" Z="0"/>
					<Vertex X="108605" Y="9021" Z="0"/>
					<Vertex X="108426" Y="9041" Z="0"/>
					<Vertex X="108307" Y="9080" Z="0"/>
					<Vertex X="108168" Y="9100" Z="0"/>
					<Vertex X="107990" Y="9160" Z="0"/>
					<Vertex X="107851" Y="9199" Z="0"/>
					<Vertex X="107633" Y="9259" Z="0"/>
					<Vertex X="107455" Y="9318" Z="0"/>
					<Vertex X="107237" Y="9378" Z="0"/>
					<Vertex X="106999" Y="9437" Z="0"/>
					<Vertex X="106820" Y="9457" Z="0"/>
					<Vertex X="106622" Y="9516" Z="0"/>
					<Vertex X="106404" Y="9556" Z="0"/>
					<Vertex X="106206" Y="9576" Z="0"/>
					<Vertex X="106027" Y="9616" Z="0"/>
					<Vertex X="105809" Y="9616" Z="0"/>
					<Vertex X="105631" Y="9616" Z="0"/>
					<Vertex X="105492" Y="9616" Z="0"/>
					<Vertex X="105333" Y="9576" Z="0"/>
					<Vertex X="105155" Y="9556" Z="0"/>
					<Vertex X="104977" Y="9497" Z="0"/>
					<Vertex X="104858" Y="9457" Z="0"/>
					<Vertex X="104679" Y="9437" Z="0"/>
					<Vertex X="104501" Y="9378" Z="0"/>
					<Vertex X="104302" Y="9279" Z="0"/>
					<Vertex X="104124" Y="9219" Z="0"/>
					<Vertex X="103946" Y="9160" Z="0"/>
					<Vertex X="103708" Y="9100" Z="0"/>
					<Vertex X="103490" Y="9080" Z="0"/>
					<Vertex X="103291" Y="9021" Z="0"/>
					<Vertex X="103073" Y="8961" Z="0"/>
					<Vertex X="102875" Y="8902" Z="0"/>
					<Vertex X="102657" Y="8842" Z="0"/>
					<Vertex X="102459" Y="8783" Z="0"/>
					<Vertex X="102280" Y="8723" Z="0"/>
					<Vertex X="102062" Y="8664" Z="0"/>
					<Vertex X="101884" Y="8605" Z="0"/>
					<Vertex X="101685" Y="8545" Z="0"/>
					<Vertex X="101527" Y="8486" Z="0"/>
					<Vertex X="101348" Y="8426" Z="0"/>
					<Vertex X="101150" Y="8367" Z="0"/>
					<Vertex X="100992" Y="8327" Z="0"/>
					<Vertex X="100793" Y="8267" Z="0"/>
					<Vertex X="100555" Y="8248" Z="0"/>
					<Vertex X="100436" Y="8208" Z="0"/>
					<Vertex X="100159" Y="8149" Z="0"/>
					<Vertex X="100040" Y="8129" Z="0"/>
					<Vertex X="99842" Y="8069" Z="0"/>
					<Vertex X="99604" Y="7950" Z="0"/>
					<Vertex X="99386" Y="7891" Z="0"/>
					<Vertex X="99267" Y="7831" Z="0"/>
					<Vertex X="99088" Y="7732" Z="0"/>
					<Vertex X="98890" Y="7613" Z="0"/>
					<Vertex X="98771" Y="7554" Z="0"/>
					<Vertex X="98593" Y="7474" Z="0"/>
					<Vertex X="98434" Y="7375" Z="0"/>
					<Vertex X="98236" Y="7237" Z="0"/>
					<Vertex X="98117" Y="7118" Z="0"/>
					<Vertex X="97998" Y="7018" Z="0"/>
					<Vertex X="97899" Y="6900" Z="0"/>
					<Vertex X="97819" Y="6820" Z="0"/>
					<Vertex X="97720" Y="6701" Z="0"/>
					<Vertex X="97641" Y="6602" Z="0"/>
					<Vertex X="97542" Y="6543" Z="0"/>
					<Vertex X="97463" Y="6463" Z="0"/>
					<Vertex X="97363" Y="6404" Z="0"/>
					<Vertex X="97284" Y="6364" Z="0"/>
					<Vertex X="97185" Y="6305" Z="0"/>
					<Vertex X="97106" Y="6285" Z="0"/>
					<Vertex X="97007" Y="6245" Z="0"/>
					<Vertex X="96888" Y="6245" Z="0"/>
					<Vertex X="96808" Y="6245" Z="0"/>
					<Vertex X="96709" Y="6245" Z="0"/>
					<Vertex X="96630" Y="6245" Z="0"/>
					<Vertex X="96511" Y="6245" Z="0"/>
					<Vertex X="96412" Y="6245" Z="0"/>
					<Vertex X="96293" Y="6245" Z="0"/>
					<Vertex X="96174" Y="6285" Z="0"/>
					<Vertex X="96095" Y="6285" Z="0"/>
					<Vertex X="95976" Y="6285" Z="0"/>
					<Vertex X="95857" Y="6285" Z="0"/>
					<Vertex X="95797" Y="6305" Z="0"/>
					<Vertex X="95619" Y="6305" Z="0"/>
					<Vertex X="95500" Y="6305" Z="0"/>
					<Vertex X="95401" Y="6344" Z="0"/>
					<Vertex X="95222" Y="6364" Z="0"/>
					<Vertex X="95143" Y="6404" Z="0"/>
					<Vertex X="94965" Y="6424" Z="0"/>
					<Vertex X="94806" Y="6424" Z="0"/>
					<Vertex X="94608" Y="6463" Z="0"/>
					<Vertex X="94509" Y="6483" Z="0"/>
					<Vertex X="94370" Y="6543" Z="0"/>
					<Vertex X="94152" Y="6582" Z="0"/>
					<Vertex X="94033" Y="6602" Z="0"/>
					<Vertex X="93914" Y="6642" Z="0"/>
					<Vertex X="93795" Y="6701" Z="0"/>
					<Vertex X="93656" Y="6761" Z="0"/>
					<Vertex X="93537" Y="6820" Z="0"/>
					<Vertex X="93438" Y="6840" Z="0"/>
					<Vertex X="93319" Y="6880" Z="0"/>
					<Vertex X="93260" Y="6900" Z="0"/>
					<Vertex X="93141" Y="6939" Z="0"/>
					<Vertex X="93022" Y="6999" Z="0"/>
					<Vertex X="92942" Y="7058" Z="0"/>
					<Vertex X="92823" Y="7118" Z="0"/>
					<Vertex X="92764" Y="7137" Z="0"/>
					<Vertex X="92704" Y="7177" Z="0"/>
					<Vertex X="92665" Y="7197" Z="0"/>
					<Vertex X="92645" Y="7197" Z="0"/>
					<Vertex X="92605" Y="7197" Z="0"/>
					<Vertex X="92526" Y="7197" Z="0"/>
					<Vertex X="92427" Y="7237" Z="0"/>
					<Vertex X="92308" Y="7256" Z="0"/>
					<Vertex X="92229" Y="7296" Z="0"/>
					<Vertex X="92130" Y="7355" Z="0"/>
					<Vertex X="92110" Y="7375" Z="0"/>
					<Vertex X="92050" Y="7415" Z="0"/>
					<Vertex X="92011" Y="7415" Z="0"/>
					<Vertex X="92011" Y="7435" Z="0"/>
					<Vertex X="92011" Y="7474" Z="0"/>
					<Vertex X="92052" Y="7408" Z="0"/>
					<Vertex X="86835" Y="8310" Z="0"/>
					<Vertex X="86255" Y="7923" Z="0"/>
					<Vertex X="85868" Y="7794" Z="0"/>
					<Vertex X="85482" Y="7794" Z="0"/>
					<Vertex X="85095" Y="7794" Z="0"/>
					<Vertex X="84644" Y="7988" Z="0"/>
					<Vertex X="84129" Y="8117" Z="0"/>
					<Vertex X="83936" Y="8117" Z="0"/>
					<Vertex X="83549" Y="8374" Z="0"/>
					<Vertex X="83292" Y="8696" Z="0"/>
					<Vertex X="82970" Y="8890" Z="0"/>
					<Vertex X="82776" Y="9083" Z="0"/>
					<Vertex X="82519" Y="9341" Z="0"/>
					<Vertex X="82197" Y="9727" Z="0"/>
					<Vertex X="81939" Y="10049" Z="0"/>
					<Vertex X="81617" Y="10500" Z="0"/>
					<Vertex X="81359" Y="11015" Z="0"/>
					<Vertex X="81230" Y="11273" Z="0"/>
					<Vertex X="81166" Y="11788" Z="0"/>
					<Vertex X="80973" Y="12239" Z="0"/>
					<Vertex X="80973" Y="12626" Z="0"/>
					<Vertex X="80844" Y="13141" Z="0"/>
					<Vertex X="80973" Y="13592" Z="0"/>
					<Vertex X="80973" Y="13914" Z="0"/>
					<Vertex X="80973" Y="14301" Z="0"/>
					<Vertex X="80973" Y="14687" Z="0"/>
					<Vertex X="80973" Y="14945" Z="0"/>
					<Vertex X="80973" Y="15331" Z="0"/>
					<Vertex X="81037" Y="15718" Z="0"/>
					<Vertex X="81037" Y="16040" Z="0"/>
					<Vertex X="81037" Y="16491" Z="0"/>
					<Vertex X="81166" Y="16877" Z="0"/>
					<Vertex X="81166" Y="17199" Z="0"/>
					<Vertex X="81359" Y="17457" Z="0"/>
					<Vertex X="81424" Y="17844" Z="0"/>
					<Vertex X="81617" Y="18230" Z="0"/>
					<Vertex X="81746" Y="18423" Z="0"/>
					<Vertex X="81939" Y="18810" Z="0"/>
					<Vertex X="82132" Y="19196" Z="0"/>
					<Vertex X="82390" Y="19518" Z="0"/>
					<Vertex X="82583" Y="19712" Z="0"/>
					<Vertex X="82905" Y="19969" Z="0"/>
					<Vertex X="83098" Y="20356" Z="0"/>
					<Vertex X="83163" Y="20678" Z="0"/>
					<Vertex X="83356" Y="21129" Z="0"/>
					<Vertex X="83485" Y="21644" Z="0"/>
					<Vertex X="83549" Y="22031" Z="0"/>
					<Vertex X="83549" Y="22482" Z="0"/>
					<Vertex X="83678" Y="23061" Z="0"/>
					<Vertex X="83678" Y="23577" Z="0"/>
					<Vertex X="83678" Y="23963" Z="0"/>
					<Vertex X="83549" Y="24543" Z="0"/>
					<Vertex X="83485" Y="24994" Z="0"/>
					<Vertex X="83485" Y="25574" Z="0"/>
					<Vertex X="83356" Y="25896" Z="0"/>
					<Vertex X="83163" Y="26476" Z="0"/>
					<Vertex X="82970" Y="26926" Z="0"/>
					<Vertex X="82776" Y="27313" Z="0"/>
					<Vertex X="82583" Y="27828" Z="0"/>
					<Vertex X="82325" Y="28408" Z="0"/>
					<Vertex X="82132" Y="28730" Z="0"/>
					<Vertex X="81810" Y="29245" Z="0"/>
					<Vertex X="81552" Y="29761" Z="0"/>
					<Vertex X="81230" Y="30147" Z="0"/>
					<Vertex X="80973" Y="30405" Z="0"/>
					<Vertex X="80586" Y="30920" Z="0"/>
					<Vertex X="80200" Y="31307" Z="0"/>
					<Vertex X="79942" Y="31629" Z="0"/>
					<Vertex X="79555" Y="32015" Z="0"/>
					<Vertex X="79105" Y="32402" Z="0"/>
					<Vertex X="78847" Y="32660" Z="0"/>
					<Vertex X="78460" Y="33110" Z="0"/>
					<Vertex X="78009" Y="33561" Z="0"/>
					<Vertex X="77687" Y="33755" Z="0"/>
					<Vertex X="77365" Y="34012" Z="0"/>
					<Vertex X="76979" Y="34141" Z="0"/>
					<Vertex X="76721" Y="34270" Z="0"/>
					<Vertex X="76528" Y="34399" Z="0"/>
					<Vertex X="76141" Y="34528" Z="0"/>
					<Vertex X="75755" Y="34721" Z="0"/>
					<Vertex X="75368" Y="34785" Z="0"/>
					<Vertex X="75111" Y="34914" Z="0"/>
					<Vertex X="74789" Y="34914" Z="0"/>
					<Vertex X="74402" Y="34979" Z="0"/>
					<Vertex X="74016" Y="35043" Z="0"/>
					<Vertex X="73822" Y="35043" Z="0"/>
					<Vertex X="73500" Y="35043" Z="0"/>
					<Vertex X="73307" Y="34979" Z="0"/>
					<Vertex X="73243" Y="34979" Z="0"/>
					<Vertex X="73114" Y="34979" Z="0"/>
					<Vertex X="73049" Y="34850" Z="0"/>
					<Vertex X="72920" Y="34785" Z="0"/>
					<Vertex X="72856" Y="34785" Z="0"/>
					<Vertex X="72727" Y="34785" Z="0"/>
					<Vertex X="72663" Y="34785" Z="0"/>
					<Vertex X="72470" Y="34785" Z="0"/>
					<Vertex X="72405" Y="34785" Z="0"/>
					<Vertex X="72276" Y="34785" Z="0"/>
					<Vertex X="72147" Y="34785" Z="0"/>
					<Vertex X="72083" Y="34657" Z="0"/>
					<Vertex X="71890" Y="34657" Z="0"/>
					<Vertex X="71761" Y="34657" Z="0"/>
					<Vertex X="71568" Y="34657" Z="0"/>
					<Vertex X="71503" Y="34785" Z="0"/>
					<Vertex X="71374" Y="34785" Z="0"/>
					<Vertex X="71310" Y="34785" Z="0"/>
					<Vertex X="71181" Y="34850" Z="0"/>
					<Vertex X="71117" Y="34850" Z="0"/>
					<Vertex X="70988" Y="34979" Z="0"/>
					<Vertex X="70924" Y="34979" Z="0"/>
					<Vertex X="70795" Y="35043" Z="0"/>
					<Vertex X="70924" Y="35172" Z="0"/>
					<Vertex X="70988" Y="35365" Z="0"/>
					<Vertex X="70924" Y="35365" Z="0"/>
					<Vertex X="71181" Y="35043" Z="0"/>
				</Vertices>
			</Region>
		</Regions>
		<Plots/>
	</Annotation>
</Annotations>
