<Annotations MicronsPerPixel="0.252200">
	<Annotation Id="1" Name="" ReadOnly="0" NameReadOnly="0" LineColorReadOnly="0" Incremental="0" Type="4" LineColor="16711935" Visible="1" Selected="1" MarkupImagePath="" MacroName="">
		<Attributes/>
		<Regions>
			<RegionAttributeHeaders>
				<AttributeHeader Id="9999" Name="Region" ColumnWidth="-1"/>
				<AttributeHeader Id="9997" Name="Length" ColumnWidth="-1"/>
				<AttributeHeader Id="9996" Name="Area" ColumnWidth="-1"/>
				<AttributeHeader Id="9998" Name="Text" ColumnWidth="-1"/>
			</RegionAttributeHeaders>
			<Region Id="1" Type="0" Zoom="0.017425" Selected="1" ImageLocation="" ImageFocus="-1" Length="310864.5" Area="2295042661.5" LengthMicrons="78400.0" AreaMicrons="145975821.3" Text="" NegativeROA="0" InputRegionId="0" Analyze="1" DisplayId="1">
				<Attributes/>
				<Vertices>
					<Vertex X="28614" Y="38570" Z="0"/>
					<Vertex X="28273" Y="38741" Z="0"/>
					<Vertex X="27931" Y="38911" Z="0"/>
					<Vertex X="27305" Y="39139" Z="0"/>
					<Vertex X="26964" Y="39310" Z="0"/>
					<Vertex X="26566" Y="39594" Z="0"/>
					<Vertex X="26225" Y="39765" Z="0"/>
					<Vertex X="25769" Y="39992" Z="0"/>
					<Vertex X="25428" Y="40277" Z="0"/>
					<Vertex X="24859" Y="40789" Z="0"/>
					<Vertex X="24518" Y="41016" Z="0"/>
					<Vertex X="24177" Y="41301" Z="0"/>
					<Vertex X="23892" Y="41642" Z="0"/>
					<Vertex X="23551" Y="41869" Z="0"/>
					<Vertex X="23323" Y="42211" Z="0"/>
					<Vertex X="23039" Y="42495" Z="0"/>
					<Vertex X="22698" Y="42723" Z="0"/>
					<Vertex X="22470" Y="43064" Z="0"/>
					<Vertex X="22299" Y="43349" Z="0"/>
					<Vertex X="22015" Y="43519" Z="0"/>
					<Vertex X="21844" Y="43747" Z="0"/>
					<Vertex X="21503" Y="44202" Z="0"/>
					<Vertex X="21332" Y="44429" Z="0"/>
					<Vertex X="21105" Y="44714" Z="0"/>
					<Vertex X="20934" Y="44714" Z="0"/>
					<Vertex X="19628" Y="46471" Z="0"/>
					<Vertex X="19529" Y="47096" Z="0"/>
					<Vertex X="19499" Y="47433" Z="0"/>
					<Vertex X="19479" Y="47631" Z="0"/>
					<Vertex X="19469" Y="47780" Z="0"/>
					<Vertex X="19420" Y="47998" Z="0"/>
					<Vertex X="19390" Y="48166" Z="0"/>
					<Vertex X="19350" Y="48404" Z="0"/>
					<Vertex X="19301" Y="48563" Z="0"/>
					<Vertex X="19271" Y="48712" Z="0"/>
					<Vertex X="19211" Y="48969" Z="0"/>
					<Vertex X="19172" Y="49128" Z="0"/>
					<Vertex X="19083" Y="49386" Z="0"/>
					<Vertex X="19023" Y="49544" Z="0"/>
					<Vertex X="18934" Y="49752" Z="0"/>
					<Vertex X="18884" Y="49901" Z="0"/>
					<Vertex X="18785" Y="50109" Z="0"/>
					<Vertex X="18706" Y="50258" Z="0"/>
					<Vertex X="18607" Y="50516" Z="0"/>
					<Vertex X="18488" Y="50754" Z="0"/>
					<Vertex X="18408" Y="50902" Z="0"/>
					<Vertex X="18319" Y="51140" Z="0"/>
					<Vertex X="18260" Y="51289" Z="0"/>
					<Vertex X="18171" Y="51537" Z="0"/>
					<Vertex X="18111" Y="51715" Z="0"/>
					<Vertex X="18042" Y="51894" Z="0"/>
					<Vertex X="17962" Y="52151" Z="0"/>
					<Vertex X="17933" Y="52310" Z="0"/>
					<Vertex X="17873" Y="52548" Z="0"/>
					<Vertex X="17834" Y="52697" Z="0"/>
					<Vertex X="17774" Y="52934" Z="0"/>
					<Vertex X="17724" Y="53083" Z="0"/>
					<Vertex X="17685" Y="53291" Z="0"/>
					<Vertex X="17665" Y="53410" Z="0"/>
					<Vertex X="17635" Y="53609" Z="0"/>
					<Vertex X="17606" Y="53737" Z="0"/>
					<Vertex X="17576" Y="53936" Z="0"/>
					<Vertex X="17546" Y="54065" Z="0"/>
					<Vertex X="17516" Y="54263" Z="0"/>
					<Vertex X="17487" Y="54451" Z="0"/>
					<Vertex X="17477" Y="54590" Z="0"/>
					<Vertex X="17447" Y="54798" Z="0"/>
					<Vertex X="17417" Y="54927" Z="0"/>
					<Vertex X="17397" Y="55066" Z="0"/>
					<Vertex X="17368" Y="55254" Z="0"/>
					<Vertex X="17358" Y="55442" Z="0"/>
					<Vertex X="17348" Y="55551" Z="0"/>
					<Vertex X="17328" Y="55740" Z="0"/>
					<Vertex X="17308" Y="55869" Z="0"/>
					<Vertex X="17298" Y="56047" Z="0"/>
					<Vertex X="17298" Y="56166" Z="0"/>
					<Vertex X="17278" Y="56335" Z="0"/>
					<Vertex X="17278" Y="56434" Z="0"/>
					<Vertex X="17278" Y="56582" Z="0"/>
					<Vertex X="17278" Y="56681" Z="0"/>
					<Vertex X="17278" Y="56820" Z="0"/>
					<Vertex X="17278" Y="56909" Z="0"/>
					<Vertex X="17278" Y="57038" Z="0"/>
					<Vertex X="17278" Y="57157" Z="0"/>
					<Vertex X="17278" Y="57296" Z="0"/>
					<Vertex X="17278" Y="57375" Z="0"/>
					<Vertex X="17278" Y="57484" Z="0"/>
					<Vertex X="17278" Y="57574" Z="0"/>
					<Vertex X="17269" Y="57683" Z="0"/>
					<Vertex X="17269" Y="57772" Z="0"/>
					<Vertex X="17249" Y="57891" Z="0"/>
					<Vertex X="17239" Y="57970" Z="0"/>
					<Vertex X="17219" Y="58079" Z="0"/>
					<Vertex X="17209" Y="58188" Z="0"/>
					<Vertex X="17199" Y="58248" Z="0"/>
					<Vertex X="17179" Y="58347" Z="0"/>
					<Vertex X="17159" Y="58416" Z="0"/>
					<Vertex X="17159" Y="58466" Z="0"/>
					<Vertex X="17150" Y="58575" Z="0"/>
					<Vertex X="17130" Y="58634" Z="0"/>
					<Vertex X="17130" Y="58714" Z="0"/>
					<Vertex X="17120" Y="58763" Z="0"/>
					<Vertex X="17100" Y="58842" Z="0"/>
					<Vertex X="17100" Y="58902" Z="0"/>
					<Vertex X="17090" Y="58961" Z="0"/>
					<Vertex X="17090" Y="58991" Z="0"/>
					<Vertex X="17090" Y="59031" Z="0"/>
					<Vertex X="17090" Y="59090" Z="0"/>
					<Vertex X="17100" Y="59140" Z="0"/>
					<Vertex X="17100" Y="59199" Z="0"/>
					<Vertex X="17120" Y="59259" Z="0"/>
					<Vertex X="17120" Y="59289" Z="0"/>
					<Vertex X="17130" Y="59298" Z="0"/>
					<Vertex X="17150" Y="59318" Z="0"/>
					<Vertex X="17236" Y="59277" Z="0"/>
					<Vertex X="17236" Y="59448" Z="0"/>
					<Vertex X="17236" Y="59561" Z="0"/>
					<Vertex X="17180" Y="59732" Z="0"/>
					<Vertex X="17180" Y="59789" Z="0"/>
					<Vertex X="17066" Y="59960" Z="0"/>
					<Vertex X="17009" Y="60073" Z="0"/>
					<Vertex X="16895" Y="60244" Z="0"/>
					<Vertex X="16895" Y="60415" Z="0"/>
					<Vertex X="16838" Y="60472" Z="0"/>
					<Vertex X="16724" Y="60699" Z="0"/>
					<Vertex X="16634" Y="60626" Z="0"/>
					<Vertex X="15226" Y="61301" Z="0"/>
					<Vertex X="14929" Y="61400" Z="0"/>
					<Vertex X="14691" Y="61479" Z="0"/>
					<Vertex X="14552" Y="61578" Z="0"/>
					<Vertex X="14373" Y="61697" Z="0"/>
					<Vertex X="14255" Y="61756" Z="0"/>
					<Vertex X="14076" Y="61875" Z="0"/>
					<Vertex X="13898" Y="61994" Z="0"/>
					<Vertex X="13739" Y="62074" Z="0"/>
					<Vertex X="13600" Y="62173" Z="0"/>
					<Vertex X="13481" Y="62312" Z="0"/>
					<Vertex X="13362" Y="62431" Z="0"/>
					<Vertex X="13263" Y="62550" Z="0"/>
					<Vertex X="13184" Y="62708" Z="0"/>
					<Vertex X="13065" Y="62847" Z="0"/>
					<Vertex X="12966" Y="63005" Z="0"/>
					<Vertex X="12887" Y="63144" Z="0"/>
					<Vertex X="12768" Y="63303" Z="0"/>
					<Vertex X="12668" Y="63422" Z="0"/>
					<Vertex X="12550" Y="63561" Z="0"/>
					<Vertex X="12490" Y="63620" Z="0"/>
					<Vertex X="12371" Y="63838" Z="0"/>
					<Vertex X="12252" Y="63957" Z="0"/>
					<Vertex X="12133" Y="64096" Z="0"/>
					<Vertex X="12014" Y="64255" Z="0"/>
					<Vertex X="11895" Y="64393" Z="0"/>
					<Vertex X="11776" Y="64512" Z="0"/>
					<Vertex X="11657" Y="64631" Z="0"/>
					<Vertex X="11519" Y="64730" Z="0"/>
					<Vertex X="11360" Y="64810" Z="0"/>
					<Vertex X="11241" Y="64929" Z="0"/>
					<Vertex X="11102" Y="65028" Z="0"/>
					<Vertex X="10944" Y="65147" Z="0"/>
					<Vertex X="10805" Y="65266" Z="0"/>
					<Vertex X="10646" Y="65385" Z="0"/>
					<Vertex X="10567" Y="65444" Z="0"/>
					<Vertex X="10408" Y="65563" Z="0"/>
					<Vertex X="10270" Y="65682" Z="0"/>
					<Vertex X="10111" Y="65801" Z="0"/>
					<Vertex X="9972" Y="65940" Z="0"/>
					<Vertex X="9853" Y="66059" Z="0"/>
					<Vertex X="9695" Y="66217" Z="0"/>
					<Vertex X="9576" Y="66356" Z="0"/>
					<Vertex X="9457" Y="66515" Z="0"/>
					<Vertex X="9338" Y="66693" Z="0"/>
					<Vertex X="9219" Y="66832" Z="0"/>
					<Vertex X="9100" Y="66990" Z="0"/>
					<Vertex X="8981" Y="67149" Z="0"/>
					<Vertex X="8862" Y="67248" Z="0"/>
					<Vertex X="8783" Y="67407" Z="0"/>
					<Vertex X="8664" Y="67645" Z="0"/>
					<Vertex X="8565" Y="67823" Z="0"/>
					<Vertex X="8485" Y="68002" Z="0"/>
					<Vertex X="8386" Y="68180" Z="0"/>
					<Vertex X="8327" Y="68378" Z="0"/>
					<Vertex X="8307" Y="68537" Z="0"/>
					<Vertex X="8247" Y="68775" Z="0"/>
					<Vertex X="8208" Y="69032" Z="0"/>
					<Vertex X="8188" Y="69330" Z="0"/>
					<Vertex X="8148" Y="69667" Z="0"/>
					<Vertex X="8148" Y="70024" Z="0"/>
					<Vertex X="8148" Y="70400" Z="0"/>
					<Vertex X="8188" Y="70817" Z="0"/>
					<Vertex X="8208" Y="71233" Z="0"/>
					<Vertex X="8307" Y="71669" Z="0"/>
					<Vertex X="8386" Y="72066" Z="0"/>
					<Vertex X="8505" Y="72462" Z="0"/>
					<Vertex X="8624" Y="72879" Z="0"/>
					<Vertex X="8743" Y="73255" Z="0"/>
					<Vertex X="8842" Y="73652" Z="0"/>
					<Vertex X="8921" Y="74009" Z="0"/>
					<Vertex X="8981" Y="74385" Z="0"/>
					<Vertex X="9040" Y="74742" Z="0"/>
					<Vertex X="9100" Y="75139" Z="0"/>
					<Vertex X="9159" Y="75496" Z="0"/>
					<Vertex X="9199" Y="75932" Z="0"/>
					<Vertex X="9219" Y="76269" Z="0"/>
					<Vertex X="9278" Y="76586" Z="0"/>
					<Vertex X="9318" Y="76864" Z="0"/>
					<Vertex X="9377" Y="77121" Z="0"/>
					<Vertex X="9457" Y="77359" Z="0"/>
					<Vertex X="9516" Y="77577" Z="0"/>
					<Vertex X="9635" Y="77776" Z="0"/>
					<Vertex X="9754" Y="77994" Z="0"/>
					<Vertex X="9873" Y="78152" Z="0"/>
					<Vertex X="10032" Y="78251" Z="0"/>
					<Vertex X="10170" Y="78370" Z="0"/>
					<Vertex X="10329" Y="78469" Z="0"/>
					<Vertex X="10507" Y="78529" Z="0"/>
					<Vertex X="10686" Y="78588" Z="0"/>
					<Vertex X="10884" Y="78608" Z="0"/>
					<Vertex X="11063" Y="78648" Z="0"/>
					<Vertex X="11281" Y="78648" Z="0"/>
					<Vertex X="11459" Y="78608" Z="0"/>
					<Vertex X="11657" Y="78588" Z="0"/>
					<Vertex X="11836" Y="78549" Z="0"/>
					<Vertex X="12054" Y="78489" Z="0"/>
					<Vertex X="12252" Y="78430" Z="0"/>
					<Vertex X="12470" Y="78370" Z="0"/>
					<Vertex X="12668" Y="78350" Z="0"/>
					<Vertex X="12887" Y="78350" Z="0"/>
					<Vertex X="13085" Y="78370" Z="0"/>
					<Vertex X="13263" Y="78430" Z="0"/>
					<Vertex X="13442" Y="78529" Z="0"/>
					<Vertex X="13660" Y="78608" Z="0"/>
					<Vertex X="13858" Y="78707" Z="0"/>
					<Vertex X="14036" Y="78787" Z="0"/>
					<Vertex X="14215" Y="78906" Z="0"/>
					<Vertex X="14433" Y="79005" Z="0"/>
					<Vertex X="14691" Y="79124" Z="0"/>
					<Vertex X="14849" Y="79143" Z="0"/>
					<Vertex X="15087" Y="79203" Z="0"/>
					<Vertex X="15285" Y="79203" Z="0"/>
					<Vertex X="15523" Y="79243" Z="0"/>
					<Vertex X="15761" Y="79243" Z="0"/>
					<Vertex X="15999" Y="79243" Z="0"/>
					<Vertex X="16277" Y="79203" Z="0"/>
					<Vertex X="16534" Y="79203" Z="0"/>
					<Vertex X="16812" Y="79143" Z="0"/>
					<Vertex X="17070" Y="79124" Z="0"/>
					<Vertex X="17347" Y="79064" Z="0"/>
					<Vertex X="17645" Y="78965" Z="0"/>
					<Vertex X="17942" Y="78886" Z="0"/>
					<Vertex X="18239" Y="78787" Z="0"/>
					<Vertex X="18537" Y="78707" Z="0"/>
					<Vertex X="18953" Y="78549" Z="0"/>
					<Vertex X="19251" Y="78430" Z="0"/>
					<Vertex X="19568" Y="78311" Z="0"/>
					<Vertex X="19865" Y="78172" Z="0"/>
					<Vertex X="20202" Y="78013" Z="0"/>
					<Vertex X="20500" Y="77875" Z="0"/>
					<Vertex X="20797" Y="77756" Z="0"/>
					<Vertex X="21094" Y="77597" Z="0"/>
					<Vertex X="21392" Y="77478" Z="0"/>
					<Vertex X="21749" Y="77300" Z="0"/>
					<Vertex X="22125" Y="77062" Z="0"/>
					<Vertex X="22129" Y="76798" Z="0"/>
					<Vertex X="22356" Y="76628" Z="0"/>
					<Vertex X="22641" Y="76514" Z="0"/>
					<Vertex X="22868" Y="76457" Z="0"/>
					<Vertex X="23153" Y="76400" Z="0"/>
					<Vertex X="23608" Y="76286" Z="0"/>
					<Vertex X="23892" Y="76286" Z="0"/>
					<Vertex X="24177" Y="76286" Z="0"/>
					<Vertex X="24518" Y="76286" Z="0"/>
					<Vertex X="24746" Y="76286" Z="0"/>
					<Vertex X="25144" Y="76286" Z="0"/>
					<Vertex X="25599" Y="76286" Z="0"/>
					<Vertex X="25940" Y="76286" Z="0"/>
					<Vertex X="26225" Y="76229" Z="0"/>
					<Vertex X="26566" Y="76116" Z="0"/>
					<Vertex X="26793" Y="76002" Z="0"/>
					<Vertex X="27135" Y="75831" Z="0"/>
					<Vertex X="27419" Y="75660" Z="0"/>
					<Vertex X="27647" Y="75604" Z="0"/>
					<Vertex X="27931" Y="75376" Z="0"/>
					<Vertex X="28159" Y="75148" Z="0"/>
					<Vertex X="28443" Y="74921" Z="0"/>
					<Vertex X="28614" Y="74807" Z="0"/>
					<Vertex X="28841" Y="74523" Z="0"/>
					<Vertex X="29126" Y="74295" Z="0"/>
					<Vertex X="29296" Y="74068" Z="0"/>
					<Vertex X="29353" Y="73897" Z="0"/>
					<Vertex X="29467" Y="73726" Z="0"/>
					<Vertex X="29638" Y="73385" Z="0"/>
					<Vertex X="29695" Y="73101" Z="0"/>
					<Vertex X="29808" Y="72873" Z="0"/>
					<Vertex X="29865" Y="72702" Z="0"/>
					<Vertex X="29865" Y="72418" Z="0"/>
					<Vertex X="29979" Y="72190" Z="0"/>
					<Vertex X="30036" Y="71735" Z="0"/>
					<Vertex X="30036" Y="71394" Z="0"/>
					<Vertex X="30207" Y="70996" Z="0"/>
					<Vertex X="30320" Y="70654" Z="0"/>
					<Vertex X="30320" Y="70427" Z="0"/>
					<Vertex X="30377" Y="70029" Z="0"/>
					<Vertex X="30377" Y="69687" Z="0"/>
					<Vertex X="30491" Y="69460" Z="0"/>
					<Vertex X="30491" Y="69118" Z="0"/>
					<Vertex X="30491" Y="68663" Z="0"/>
					<Vertex X="30491" Y="68322" Z="0"/>
					<Vertex X="30491" Y="67981" Z="0"/>
					<Vertex X="30491" Y="67639" Z="0"/>
					<Vertex X="30491" Y="67298" Z="0"/>
					<Vertex X="30377" Y="66957" Z="0"/>
					<Vertex X="30377" Y="66615" Z="0"/>
					<Vertex X="30320" Y="66217" Z="0"/>
					<Vertex X="30320" Y="65876" Z="0"/>
					<Vertex X="30207" Y="65421" Z="0"/>
					<Vertex X="30207" Y="65193" Z="0"/>
					<Vertex X="30207" Y="64909" Z="0"/>
					<Vertex X="30207" Y="64738" Z="0"/>
					<Vertex X="30320" Y="64567" Z="0"/>
					<Vertex X="30377" Y="64397" Z="0"/>
					<Vertex X="30491" Y="64340" Z="0"/>
					<Vertex X="30662" Y="64169" Z="0"/>
					<Vertex X="30889" Y="64055" Z="0"/>
					<Vertex X="31060" Y="63885" Z="0"/>
					<Vertex X="31231" Y="63828" Z="0"/>
					<Vertex X="31401" Y="63714" Z="0"/>
					<Vertex X="31686" Y="63657" Z="0"/>
					<Vertex X="31856" Y="63657" Z="0"/>
					<Vertex X="32084" Y="63714" Z="0"/>
					<Vertex X="32255" Y="63714" Z="0"/>
					<Vertex X="32425" Y="63999" Z="0"/>
					<Vertex X="32596" Y="64169" Z="0"/>
					<Vertex X="32767" Y="64340" Z="0"/>
					<Vertex X="32880" Y="64511" Z="0"/>
					<Vertex X="33051" Y="64681" Z="0"/>
					<Vertex X="33051" Y="64852" Z="0"/>
					<Vertex X="33108" Y="65023" Z="0"/>
					<Vertex X="33222" Y="65250" Z="0"/>
					<Vertex X="33222" Y="65591" Z="0"/>
					<Vertex X="33279" Y="65876" Z="0"/>
					<Vertex X="33279" Y="66103" Z="0"/>
					<Vertex X="33279" Y="66388" Z="0"/>
					<Vertex X="33279" Y="66615" Z="0"/>
					<Vertex X="33222" Y="66957" Z="0"/>
					<Vertex X="33222" Y="67241" Z="0"/>
					<Vertex X="33108" Y="67582" Z="0"/>
					<Vertex X="33108" Y="67924" Z="0"/>
					<Vertex X="33051" Y="68322" Z="0"/>
					<Vertex X="32937" Y="68663" Z="0"/>
					<Vertex X="32880" Y="68948" Z="0"/>
					<Vertex X="32880" Y="69289" Z="0"/>
					<Vertex X="32880" Y="69630" Z="0"/>
					<Vertex X="32880" Y="69972" Z="0"/>
					<Vertex X="32880" Y="70256" Z="0"/>
					<Vertex X="32823" Y="70654" Z="0"/>
					<Vertex X="32823" Y="70996" Z="0"/>
					<Vertex X="32823" Y="71337" Z="0"/>
					<Vertex X="32880" Y="71678" Z="0"/>
					<Vertex X="32880" Y="71963" Z="0"/>
					<Vertex X="32937" Y="72361" Z="0"/>
					<Vertex X="32937" Y="72589" Z="0"/>
					<Vertex X="33051" Y="72930" Z="0"/>
					<Vertex X="33051" Y="73214" Z="0"/>
					<Vertex X="33108" Y="73556" Z="0"/>
					<Vertex X="33222" Y="73954" Z="0"/>
					<Vertex X="33222" Y="74295" Z="0"/>
					<Vertex X="33279" Y="74580" Z="0"/>
					<Vertex X="33279" Y="74978" Z="0"/>
					<Vertex X="33392" Y="75376" Z="0"/>
					<Vertex X="33392" Y="75604" Z="0"/>
					<Vertex X="33449" Y="75945" Z="0"/>
					<Vertex X="33563" Y="76229" Z="0"/>
					<Vertex X="33677" Y="76457" Z="0"/>
					<Vertex X="33734" Y="76741" Z="0"/>
					<Vertex X="33791" Y="76969" Z="0"/>
					<Vertex X="33961" Y="77140" Z="0"/>
					<Vertex X="34075" Y="77367" Z="0"/>
					<Vertex X="34246" Y="77652" Z="0"/>
					<Vertex X="34416" Y="77936" Z="0"/>
					<Vertex X="34587" Y="78107" Z="0"/>
					<Vertex X="34644" Y="78220" Z="0"/>
					<Vertex X="34928" Y="78391" Z="0"/>
					<Vertex X="35099" Y="78562" Z="0"/>
					<Vertex X="35213" Y="78789" Z="0"/>
					<Vertex X="35327" Y="78960" Z="0"/>
					<Vertex X="35497" Y="79017" Z="0"/>
					<Vertex X="35611" Y="79187" Z="0"/>
					<Vertex X="35782" Y="79244" Z="0"/>
					<Vertex X="36009" Y="79415" Z="0"/>
					<Vertex X="36180" Y="79529" Z="0"/>
					<Vertex X="36351" Y="79643" Z="0"/>
					<Vertex X="36521" Y="79699" Z="0"/>
					<Vertex X="36635" Y="79870" Z="0"/>
					<Vertex X="36806" Y="79927" Z="0"/>
					<Vertex X="36976" Y="80041" Z="0"/>
					<Vertex X="37147" Y="80211" Z="0"/>
					<Vertex X="37318" Y="80268" Z="0"/>
					<Vertex X="37488" Y="80382" Z="0"/>
					<Vertex X="37545" Y="80496" Z="0"/>
					<Vertex X="37830" Y="80553" Z="0"/>
					<Vertex X="38000" Y="80610" Z="0"/>
					<Vertex X="38285" Y="80723" Z="0"/>
					<Vertex X="38398" Y="80780" Z="0"/>
					<Vertex X="38569" Y="80780" Z="0"/>
					<Vertex X="38740" Y="80894" Z="0"/>
					<Vertex X="38967" Y="80894" Z="0"/>
					<Vertex X="39195" Y="80951" Z="0"/>
					<Vertex X="39366" Y="80951" Z="0"/>
					<Vertex X="39593" Y="80951" Z="0"/>
					<Vertex X="39821" Y="80951" Z="0"/>
					<Vertex X="40048" Y="81065" Z="0"/>
					<Vertex X="40219" Y="81065" Z="0"/>
					<Vertex X="40389" Y="81065" Z="0"/>
					<Vertex X="40560" Y="81065" Z="0"/>
					<Vertex X="40788" Y="81065" Z="0"/>
					<Vertex X="41072" Y="81065" Z="0"/>
					<Vertex X="41243" Y="81065" Z="0"/>
					<Vertex X="41470" Y="81065" Z="0"/>
					<Vertex X="41812" Y="81065" Z="0"/>
					<Vertex X="42039" Y="81065" Z="0"/>
					<Vertex X="42267" Y="81065" Z="0"/>
					<Vertex X="42437" Y="81065" Z="0"/>
					<Vertex X="42608" Y="81065" Z="0"/>
					<Vertex X="43006" Y="81065" Z="0"/>
					<Vertex X="43291" Y="80951" Z="0"/>
					<Vertex X="43632" Y="80951" Z="0"/>
					<Vertex X="43860" Y="80951" Z="0"/>
					<Vertex X="44315" Y="80894" Z="0"/>
					<Vertex X="44656" Y="80780" Z="0"/>
					<Vertex X="44997" Y="80723" Z="0"/>
					<Vertex X="45339" Y="80723" Z="0"/>
					<Vertex X="45680" Y="80610" Z="0"/>
					<Vertex X="46192" Y="80553" Z="0"/>
					<Vertex X="46533" Y="80496" Z="0"/>
					<Vertex X="46932" Y="80382" Z="0"/>
					<Vertex X="47557" Y="80382" Z="0"/>
					<Vertex X="47899" Y="80382" Z="0"/>
					<Vertex X="48240" Y="80268" Z="0"/>
					<Vertex X="48581" Y="80268" Z="0"/>
					<Vertex X="49036" Y="80382" Z="0"/>
					<Vertex X="49321" Y="80382" Z="0"/>
					<Vertex X="49605" Y="80382" Z="0"/>
					<Vertex X="49947" Y="80496" Z="0"/>
					<Vertex X="50117" Y="80496" Z="0"/>
					<Vertex X="50572" Y="80553" Z="0"/>
					<Vertex X="50686" Y="80610" Z="0"/>
					<Vertex X="50971" Y="80723" Z="0"/>
					<Vertex X="51141" Y="80780" Z="0"/>
					<Vertex X="51312" Y="80894" Z="0"/>
					<Vertex X="51482" Y="80951" Z="0"/>
					<Vertex X="51653" Y="81065" Z="0"/>
					<Vertex X="51767" Y="81122" Z="0"/>
					<Vertex X="51881" Y="81235" Z="0"/>
					<Vertex X="52108" Y="81349" Z="0"/>
					<Vertex X="52279" Y="81406" Z="0"/>
					<Vertex X="52506" Y="81463" Z="0"/>
					<Vertex X="52620" Y="81463" Z="0"/>
					<Vertex X="52734" Y="81577" Z="0"/>
					<Vertex X="53132" Y="81634" Z="0"/>
					<Vertex X="53303" Y="81634" Z="0"/>
					<Vertex X="53530" Y="81747" Z="0"/>
					<Vertex X="53815" Y="81747" Z="0"/>
					<Vertex X="54213" Y="81747" Z="0"/>
					<Vertex X="54498" Y="81804" Z="0"/>
					<Vertex X="54839" Y="81804" Z="0"/>
					<Vertex X="55066" Y="81804" Z="0"/>
					<Vertex X="55351" Y="81804" Z="0"/>
					<Vertex X="55749" Y="81918" Z="0"/>
					<Vertex X="56033" Y="81918" Z="0"/>
					<Vertex X="56261" Y="81975" Z="0"/>
					<Vertex X="56489" Y="81975" Z="0"/>
					<Vertex X="56773" Y="82089" Z="0"/>
					<Vertex X="56944" Y="82089" Z="0"/>
					<Vertex X="57399" Y="82089" Z="0"/>
					<Vertex X="57626" Y="82202" Z="0"/>
					<Vertex X="57797" Y="82202" Z="0"/>
					<Vertex X="58025" Y="82202" Z="0"/>
					<Vertex X="58309" Y="82202" Z="0"/>
					<Vertex X="58764" Y="82202" Z="0"/>
					<Vertex X="58992" Y="82202" Z="0"/>
					<Vertex X="59276" Y="82202" Z="0"/>
					<Vertex X="59504" Y="82202" Z="0"/>
					<Vertex X="59731" Y="82202" Z="0"/>
					<Vertex X="60186" Y="82202" Z="0"/>
					<Vertex X="60471" Y="82089" Z="0"/>
					<Vertex X="60698" Y="82089" Z="0"/>
					<Vertex X="60926" Y="82089" Z="0"/>
					<Vertex X="61210" Y="81975" Z="0"/>
					<Vertex X="61495" Y="81975" Z="0"/>
					<Vertex X="61893" Y="81975" Z="0"/>
					<Vertex X="62234" Y="81975" Z="0"/>
					<Vertex X="62462" Y="81975" Z="0"/>
					<Vertex X="62746" Y="81918" Z="0"/>
					<Vertex X="63087" Y="81918" Z="0"/>
					<Vertex X="63543" Y="81918" Z="0"/>
					<Vertex X="63770" Y="81804" Z="0"/>
					<Vertex X="63998" Y="81804" Z="0"/>
					<Vertex X="64282" Y="81747" Z="0"/>
					<Vertex X="64623" Y="81747" Z="0"/>
					<Vertex X="64965" Y="81577" Z="0"/>
					<Vertex X="65249" Y="81463" Z="0"/>
					<Vertex X="65477" Y="81406" Z="0"/>
					<Vertex X="65875" Y="81349" Z="0"/>
					<Vertex X="66159" Y="81235" Z="0"/>
					<Vertex X="66330" Y="81122" Z="0"/>
					<Vertex X="66501" Y="81065" Z="0"/>
					<Vertex X="66728" Y="80894" Z="0"/>
					<Vertex X="66842" Y="80780" Z="0"/>
					<Vertex X="66956" Y="80723" Z="0"/>
					<Vertex X="67070" Y="80553" Z="0"/>
					<Vertex X="67240" Y="80496" Z="0"/>
					<Vertex X="67411" Y="80268" Z="0"/>
					<Vertex X="67638" Y="80211" Z="0"/>
					<Vertex X="67866" Y="80041" Z="0"/>
					<Vertex X="68207" Y="79927" Z="0"/>
					<Vertex X="68549" Y="79870" Z="0"/>
					<Vertex X="68776" Y="79756" Z="0"/>
					<Vertex X="69345" Y="79643" Z="0"/>
					<Vertex X="69686" Y="79643" Z="0"/>
					<Vertex X="70028" Y="79643" Z="0"/>
					<Vertex X="70255" Y="79529" Z="0"/>
					<Vertex X="70597" Y="79529" Z="0"/>
					<Vertex X="70938" Y="79529" Z="0"/>
					<Vertex X="71222" Y="79529" Z="0"/>
					<Vertex X="71450" Y="79529" Z="0"/>
					<Vertex X="71791" Y="79529" Z="0"/>
					<Vertex X="71962" Y="79529" Z="0"/>
					<Vertex X="72303" Y="79529" Z="0"/>
					<Vertex X="72758" Y="79529" Z="0"/>
					<Vertex X="72986" Y="79415" Z="0"/>
					<Vertex X="73327" Y="79415" Z="0"/>
					<Vertex X="73782" Y="79358" Z="0"/>
					<Vertex X="74124" Y="79244" Z="0"/>
					<Vertex X="74636" Y="79187" Z="0"/>
					<Vertex X="75034" Y="79017" Z="0"/>
					<Vertex X="75204" Y="78960" Z="0"/>
					<Vertex X="75660" Y="78789" Z="0"/>
					<Vertex X="76172" Y="78562" Z="0"/>
					<Vertex X="76399" Y="78391" Z="0"/>
					<Vertex X="76911" Y="78334" Z="0"/>
					<Vertex X="77196" Y="78163" Z="0"/>
					<Vertex X="78561" Y="77936" Z="0"/>
					<Vertex X="78902" Y="77936" Z="0"/>
					<Vertex X="79300" Y="77936" Z="0"/>
					<Vertex X="79528" Y="77993" Z="0"/>
					<Vertex X="79699" Y="77993" Z="0"/>
					<Vertex X="80097" Y="78107" Z="0"/>
					<Vertex X="80267" Y="78163" Z="0"/>
					<Vertex X="80552" Y="78220" Z="0"/>
					<Vertex X="80950" Y="78220" Z="0"/>
					<Vertex X="81178" Y="78220" Z="0"/>
					<Vertex X="81633" Y="78220" Z="0"/>
					<Vertex X="81860" Y="78220" Z="0"/>
					<Vertex X="82315" Y="78163" Z="0"/>
					<Vertex X="82486" Y="78107" Z="0"/>
					<Vertex X="82884" Y="77993" Z="0"/>
					<Vertex X="83169" Y="77936" Z="0"/>
					<Vertex X="83567" Y="77708" Z="0"/>
					<Vertex X="83908" Y="77652" Z="0"/>
					<Vertex X="84079" Y="77481" Z="0"/>
					<Vertex X="84306" Y="77367" Z="0"/>
					<Vertex X="84762" Y="77140" Z="0"/>
					<Vertex X="85046" Y="76855" Z="0"/>
					<Vertex X="85160" Y="76798" Z="0"/>
					<Vertex X="85387" Y="76628" Z="0"/>
					<Vertex X="85615" Y="76400" Z="0"/>
					<Vertex X="85672" Y="76229" Z="0"/>
					<Vertex X="85842" Y="76002" Z="0"/>
					<Vertex X="85956" Y="75831" Z="0"/>
					<Vertex X="86127" Y="75660" Z="0"/>
					<Vertex X="86241" Y="75490" Z="0"/>
					<Vertex X="86297" Y="75376" Z="0"/>
					<Vertex X="86468" Y="75092" Z="0"/>
					<Vertex X="86582" Y="74807" Z="0"/>
					<Vertex X="86753" Y="74580" Z="0"/>
					<Vertex X="86923" Y="74409" Z="0"/>
					<Vertex X="87151" Y="74068" Z="0"/>
					<Vertex X="87321" Y="73897" Z="0"/>
					<Vertex X="87549" Y="73726" Z="0"/>
					<Vertex X="87833" Y="73385" Z="0"/>
					<Vertex X="88004" Y="73101" Z="0"/>
					<Vertex X="88175" Y="72930" Z="0"/>
					<Vertex X="88402" Y="72702" Z="0"/>
					<Vertex X="88630" Y="72589" Z="0"/>
					<Vertex X="88744" Y="72418" Z="0"/>
					<Vertex X="88914" Y="72247" Z="0"/>
					<Vertex X="89199" Y="72190" Z="0"/>
					<Vertex X="89369" Y="72133" Z="0"/>
					<Vertex X="89540" Y="72020" Z="0"/>
					<Vertex X="89711" Y="71963" Z="0"/>
					<Vertex X="89881" Y="71963" Z="0"/>
					<Vertex X="90166" Y="71735" Z="0"/>
					<Vertex X="90393" Y="71678" Z="0"/>
					<Vertex X="90564" Y="71621" Z="0"/>
					<Vertex X="90792" Y="71394" Z="0"/>
					<Vertex X="90962" Y="71337" Z="0"/>
					<Vertex X="91247" Y="71280" Z="0"/>
					<Vertex X="91417" Y="71109" Z="0"/>
					<Vertex X="91474" Y="70996" Z="0"/>
					<Vertex X="91474" Y="70825" Z="0"/>
					<Vertex X="91588" Y="70541" Z="0"/>
					<Vertex X="91588" Y="70427" Z="0"/>
					<Vertex X="91816" Y="69972" Z="0"/>
					<Vertex X="91929" Y="69801" Z="0"/>
					<Vertex X="92441" Y="69118" Z="0"/>
					<Vertex X="92612" Y="68948" Z="0"/>
					<Vertex X="92896" Y="68606" Z="0"/>
					<Vertex X="93010" Y="68436" Z="0"/>
					<Vertex X="93181" Y="68265" Z="0"/>
					<Vertex X="93295" Y="68094" Z="0"/>
					<Vertex X="93636" Y="67810" Z="0"/>
					<Vertex X="93807" Y="67639" Z="0"/>
					<Vertex X="93977" Y="67526" Z="0"/>
					<Vertex X="94319" Y="67241" Z="0"/>
					<Vertex X="94489" Y="67127" Z="0"/>
					<Vertex X="94831" Y="66957" Z="0"/>
					<Vertex X="95001" Y="66786" Z="0"/>
					<Vertex X="95343" Y="66729" Z="0"/>
					<Vertex X="95513" Y="66559" Z="0"/>
					<Vertex X="95798" Y="66502" Z="0"/>
					<Vertex X="96082" Y="66274" Z="0"/>
					<Vertex X="96253" Y="66217" Z="0"/>
					<Vertex X="96537" Y="66047" Z="0"/>
					<Vertex X="96878" Y="65876" Z="0"/>
					<Vertex X="97220" Y="65705" Z="0"/>
					<Vertex X="97618" Y="65535" Z="0"/>
					<Vertex X="97902" Y="65364" Z="0"/>
					<Vertex X="98414" Y="65079" Z="0"/>
					<Vertex X="98642" Y="65023" Z="0"/>
					<Vertex X="98926" Y="64852" Z="0"/>
					<Vertex X="99325" Y="64681" Z="0"/>
					<Vertex X="99609" Y="64567" Z="0"/>
					<Vertex X="100007" Y="64340" Z="0"/>
					<Vertex X="100349" Y="64169" Z="0"/>
					<Vertex X="100633" Y="64055" Z="0"/>
					<Vertex X="101031" Y="63828" Z="0"/>
					<Vertex X="101316" Y="63657" Z="0"/>
					<Vertex X="101657" Y="63487" Z="0"/>
					<Vertex X="101885" Y="63373" Z="0"/>
					<Vertex X="102055" Y="63316" Z="0"/>
					<Vertex X="102340" Y="63145" Z="0"/>
					<Vertex X="102397" Y="63088" Z="0"/>
					<Vertex X="102510" Y="62975" Z="0"/>
					<Vertex X="102567" Y="62804" Z="0"/>
					<Vertex X="102738" Y="62690" Z="0"/>
					<Vertex X="102852" Y="62633" Z="0"/>
					<Vertex X="103022" Y="62520" Z="0"/>
					<Vertex X="103079" Y="62349" Z="0"/>
					<Vertex X="103250" Y="62235" Z="0"/>
					<Vertex X="103364" Y="62121" Z="0"/>
					<Vertex X="103421" Y="61951" Z="0"/>
					<Vertex X="103534" Y="61780" Z="0"/>
					<Vertex X="103591" Y="61609" Z="0"/>
					<Vertex X="103762" Y="61439" Z="0"/>
					<Vertex X="103876" Y="61325" Z="0"/>
					<Vertex X="103932" Y="61154" Z="0"/>
					<Vertex X="104046" Y="60984" Z="0"/>
					<Vertex X="104103" Y="60813" Z="0"/>
					<Vertex X="104274" Y="60642" Z="0"/>
					<Vertex X="104274" Y="60585" Z="0"/>
					<Vertex X="104388" Y="60415" Z="0"/>
					<Vertex X="104444" Y="60301" Z="0"/>
					<Vertex X="104444" Y="60244" Z="0"/>
					<Vertex X="104444" Y="60073" Z="0"/>
					<Vertex X="104388" Y="59960" Z="0"/>
					<Vertex X="104388" Y="59903" Z="0"/>
					<Vertex X="104388" Y="59789" Z="0"/>
					<Vertex X="104274" Y="59732" Z="0"/>
					<Vertex X="104274" Y="59675" Z="0"/>
					<Vertex X="104217" Y="59448" Z="0"/>
					<Vertex X="104217" Y="59277" Z="0"/>
					<Vertex X="104103" Y="59220" Z="0"/>
					<Vertex X="104046" Y="59106" Z="0"/>
					<Vertex X="103932" Y="58879" Z="0"/>
					<Vertex X="103932" Y="58708" Z="0"/>
					<Vertex X="103762" Y="58424" Z="0"/>
					<Vertex X="103762" Y="58310" Z="0"/>
					<Vertex X="103705" Y="58025" Z="0"/>
					<Vertex X="103705" Y="57855" Z="0"/>
					<Vertex X="103591" Y="57684" Z="0"/>
					<Vertex X="103591" Y="57457" Z="0"/>
					<Vertex X="103534" Y="57172" Z="0"/>
					<Vertex X="103534" Y="57115" Z="0"/>
					<Vertex X="103421" Y="56717" Z="0"/>
					<Vertex X="103421" Y="56660" Z="0"/>
					<Vertex X="103364" Y="56433" Z="0"/>
					<Vertex X="103364" Y="56148" Z="0"/>
					<Vertex X="103364" Y="55977" Z="0"/>
					<Vertex X="103250" Y="55807" Z="0"/>
					<Vertex X="103250" Y="55636" Z="0"/>
					<Vertex X="103193" Y="55579" Z="0"/>
					<Vertex X="103193" Y="55409" Z="0"/>
					<Vertex X="103079" Y="55181" Z="0"/>
					<Vertex X="103022" Y="55124" Z="0"/>
					<Vertex X="102909" Y="54954" Z="0"/>
					<Vertex X="102909" Y="54783" Z="0"/>
					<Vertex X="102738" Y="54612" Z="0"/>
					<Vertex X="102738" Y="54555" Z="0"/>
					<Vertex X="102738" Y="54442" Z="0"/>
					<Vertex X="102681" Y="54271" Z="0"/>
					<Vertex X="102567" Y="54157" Z="0"/>
					<Vertex X="102567" Y="54100" Z="0"/>
					<Vertex X="102510" Y="54100" Z="0"/>
					<Vertex X="102397" Y="54043" Z="0"/>
					<Vertex X="102340" Y="54043" Z="0"/>
					<Vertex X="102340" Y="53930" Z="0"/>
					<Vertex X="102226" Y="53930" Z="0"/>
					<Vertex X="102169" Y="53930" Z="0"/>
					<Vertex X="102055" Y="53816" Z="0"/>
					<Vertex X="101998" Y="53816" Z="0"/>
					<Vertex X="101885" Y="53816" Z="0"/>
					<Vertex X="101885" Y="53759" Z="0"/>
					<Vertex X="101885" Y="53702" Z="0"/>
					<Vertex X="101998" Y="53588" Z="0"/>
					<Vertex X="101998" Y="53474" Z="0"/>
					<Vertex X="102055" Y="53418" Z="0"/>
					<Vertex X="102055" Y="53247" Z="0"/>
					<Vertex X="102055" Y="53019" Z="0"/>
					<Vertex X="102169" Y="52792" Z="0"/>
					<Vertex X="102169" Y="52564" Z="0"/>
					<Vertex X="102169" Y="52337" Z="0"/>
					<Vertex X="102226" Y="52166" Z="0"/>
					<Vertex X="102142" Y="51983" Z="0"/>
					<Vertex X="102062" Y="50674" Z="0"/>
					<Vertex X="102003" Y="50099" Z="0"/>
					<Vertex X="101943" Y="49861" Z="0"/>
					<Vertex X="101904" Y="49604" Z="0"/>
					<Vertex X="101844" Y="49366" Z="0"/>
					<Vertex X="101824" Y="49088" Z="0"/>
					<Vertex X="101765" Y="48850" Z="0"/>
					<Vertex X="101705" Y="48593" Z="0"/>
					<Vertex X="101646" Y="48355" Z="0"/>
					<Vertex X="101606" Y="48176" Z="0"/>
					<Vertex X="101547" Y="47958" Z="0"/>
					<Vertex X="101487" Y="47720" Z="0"/>
					<Vertex X="101428" Y="47482" Z="0"/>
					<Vertex X="101368" Y="47284" Z="0"/>
					<Vertex X="101309" Y="47066" Z="0"/>
					<Vertex X="101249" Y="46868" Z="0"/>
					<Vertex X="101170" Y="46689" Z="0"/>
					<Vertex X="101111" Y="46511" Z="0"/>
					<Vertex X="101011" Y="46333" Z="0"/>
					<Vertex X="100952" Y="46174" Z="0"/>
					<Vertex X="100893" Y="45995" Z="0"/>
					<Vertex X="100833" Y="45916" Z="0"/>
					<Vertex X="100774" Y="45758" Z="0"/>
					<Vertex X="100714" Y="45639" Z="0"/>
					<Vertex X="100655" Y="45559" Z="0"/>
					<Vertex X="100595" Y="45460" Z="0"/>
					<Vertex X="100536" Y="45401" Z="0"/>
					<Vertex X="100476" Y="45341" Z="0"/>
					<Vertex X="100456" Y="45282" Z="0"/>
					<Vertex X="100417" Y="45282" Z="0"/>
					<Vertex X="100417" Y="45262" Z="0"/>
					<Vertex X="100397" Y="45262" Z="0"/>
					<Vertex X="100397" Y="45222" Z="0"/>
					<Vertex X="100357" Y="45222" Z="0"/>
					<Vertex X="100337" Y="45202" Z="0"/>
					<Vertex X="100298" Y="45163" Z="0"/>
					<Vertex X="100278" Y="45163" Z="0"/>
					<Vertex X="100238" Y="45143" Z="0"/>
					<Vertex X="100218" Y="45143" Z="0"/>
					<Vertex X="100179" Y="45103" Z="0"/>
					<Vertex X="100159" Y="45103" Z="0"/>
					<Vertex X="100119" Y="45103" Z="0"/>
					<Vertex X="100099" Y="45103" Z="0"/>
					<Vertex X="100040" Y="45103" Z="0"/>
					<Vertex X="99941" Y="45103" Z="0"/>
					<Vertex X="99862" Y="45143" Z="0"/>
					<Vertex X="99762" Y="45202" Z="0"/>
					<Vertex X="99703" Y="45222" Z="0"/>
					<Vertex X="99584" Y="45321" Z="0"/>
					<Vertex X="99505" Y="45381" Z="0"/>
					<Vertex X="99386" Y="45500" Z="0"/>
					<Vertex X="99287" Y="45559" Z="0"/>
					<Vertex X="99168" Y="45698" Z="0"/>
					<Vertex X="99108" Y="45797" Z="0"/>
					<Vertex X="99049" Y="45877" Z="0"/>
					<Vertex X="98989" Y="45976" Z="0"/>
					<Vertex X="98950" Y="46055" Z="0"/>
					<Vertex X="98870" Y="46174" Z="0"/>
					<Vertex X="98811" Y="46273" Z="0"/>
					<Vertex X="98791" Y="46392" Z="0"/>
					<Vertex X="98732" Y="46511" Z="0"/>
					<Vertex X="98672" Y="46630" Z="0"/>
					<Vertex X="98613" Y="46749" Z="0"/>
					<Vertex X="98573" Y="46888" Z="0"/>
					<Vertex X="98553" Y="47046" Z="0"/>
					<Vertex X="98553" Y="47165" Z="0"/>
					<Vertex X="98553" Y="47304" Z="0"/>
					<Vertex X="98513" Y="47463" Z="0"/>
					<Vertex X="98553" Y="47641" Z="0"/>
					<Vertex X="98573" Y="47780" Z="0"/>
					<Vertex X="98613" Y="47958" Z="0"/>
					<Vertex X="98672" Y="48077" Z="0"/>
					<Vertex X="98732" Y="48236" Z="0"/>
					<Vertex X="98791" Y="48375" Z="0"/>
					<Vertex X="98850" Y="48533" Z="0"/>
					<Vertex X="98910" Y="48652" Z="0"/>
					<Vertex X="98969" Y="48791" Z="0"/>
					<Vertex X="98989" Y="48910" Z="0"/>
					<Vertex X="99049" Y="49029" Z="0"/>
					<Vertex X="99108" Y="49128" Z="0"/>
					<Vertex X="99168" Y="49207" Z="0"/>
					<Vertex X="99227" Y="49267" Z="0"/>
					<Vertex X="99267" Y="49326" Z="0"/>
					<Vertex X="99287" Y="49386" Z="0"/>
					<Vertex X="99346" Y="49445" Z="0"/>
					<Vertex X="99386" Y="49544" Z="0"/>
					<Vertex X="99445" Y="49624" Z="0"/>
					<Vertex X="99485" Y="49723" Z="0"/>
					<Vertex X="99505" Y="49802" Z="0"/>
					<Vertex X="99525" Y="49901" Z="0"/>
					<Vertex X="99584" Y="49980" Z="0"/>
					<Vertex X="99624" Y="50139" Z="0"/>
					<Vertex X="99683" Y="50258" Z="0"/>
					<Vertex X="99703" Y="50397" Z="0"/>
					<Vertex X="99743" Y="50496" Z="0"/>
					<Vertex X="99762" Y="50615" Z="0"/>
					<Vertex X="99802" Y="50734" Z="0"/>
					<Vertex X="99802" Y="50853" Z="0"/>
					<Vertex X="99822" Y="50972" Z="0"/>
					<Vertex X="99822" Y="51091" Z="0"/>
					<Vertex X="99822" Y="51210" Z="0"/>
					<Vertex X="99822" Y="51329" Z="0"/>
					<Vertex X="99822" Y="51487" Z="0"/>
					<Vertex X="99802" Y="51586" Z="0"/>
					<Vertex X="99802" Y="51705" Z="0"/>
					<Vertex X="99802" Y="51804" Z="0"/>
					<Vertex X="99802" Y="51923" Z="0"/>
					<Vertex X="99762" Y="52062" Z="0"/>
					<Vertex X="99782" Y="52221" Z="0"/>
					<Vertex X="99782" Y="52340" Z="0"/>
					<Vertex X="99743" Y="52459" Z="0"/>
					<Vertex X="99703" Y="52578" Z="0"/>
					<Vertex X="99683" Y="52696" Z="0"/>
					<Vertex X="99683" Y="52855" Z="0"/>
					<Vertex X="99663" Y="52915" Z="0"/>
					<Vertex X="99624" Y="52994" Z="0"/>
					<Vertex X="99604" Y="53073" Z="0"/>
					<Vertex X="99564" Y="53172" Z="0"/>
					<Vertex X="99544" Y="53271" Z="0"/>
					<Vertex X="99505" Y="53311" Z="0"/>
					<Vertex X="99485" Y="53390" Z="0"/>
					<Vertex X="99406" Y="53470" Z="0"/>
					<Vertex X="99346" Y="53529" Z="0"/>
					<Vertex X="99306" Y="53608" Z="0"/>
					<Vertex X="99247" Y="53708" Z="0"/>
					<Vertex X="99168" Y="53767" Z="0"/>
					<Vertex X="99128" Y="53866" Z="0"/>
					<Vertex X="99069" Y="53946" Z="0"/>
					<Vertex X="99009" Y="54045" Z="0"/>
					<Vertex X="98910" Y="54124" Z="0"/>
					<Vertex X="98850" Y="54203" Z="0"/>
					<Vertex X="98791" Y="54283" Z="0"/>
					<Vertex X="98712" Y="54322" Z="0"/>
					<Vertex X="98593" Y="54362" Z="0"/>
					<Vertex X="98494" Y="54421" Z="0"/>
					<Vertex X="98414" Y="54481" Z="0"/>
					<Vertex X="98315" Y="54540" Z="0"/>
					<Vertex X="98196" Y="54600" Z="0"/>
					<Vertex X="98077" Y="54659" Z="0"/>
					<Vertex X="97939" Y="54758" Z="0"/>
					<Vertex X="97780" Y="54857" Z="0"/>
					<Vertex X="97601" Y="54957" Z="0"/>
					<Vertex X="97463" Y="55095" Z="0"/>
					<Vertex X="97264" Y="55214" Z="0"/>
					<Vertex X="97106" Y="55373" Z="0"/>
					<Vertex X="96987" Y="55492" Z="0"/>
					<Vertex X="96828" Y="55651" Z="0"/>
					<Vertex X="96709" Y="55750" Z="0"/>
					<Vertex X="96590" Y="55908" Z="0"/>
					<Vertex X="96471" Y="56047" Z="0"/>
					<Vertex X="96392" Y="56206" Z="0"/>
					<Vertex X="96273" Y="56384" Z="0"/>
					<Vertex X="96134" Y="56503" Z="0"/>
					<Vertex X="96035" Y="56642" Z="0"/>
					<Vertex X="95916" Y="56761" Z="0"/>
					<Vertex X="95797" Y="56880" Z="0"/>
					<Vertex X="95659" Y="56979" Z="0"/>
					<Vertex X="95540" Y="57098" Z="0"/>
					<Vertex X="95401" Y="57217" Z="0"/>
					<Vertex X="95282" Y="57375" Z="0"/>
					<Vertex X="95163" Y="57474" Z="0"/>
					<Vertex X="95004" Y="57633" Z="0"/>
					<Vertex X="94925" Y="57712" Z="0"/>
					<Vertex X="94806" Y="57772" Z="0"/>
					<Vertex X="94687" Y="57831" Z="0"/>
					<Vertex X="94588" Y="57871" Z="0"/>
					<Vertex X="94509" Y="57911" Z="0"/>
					<Vertex X="94390" Y="57911" Z="0"/>
					<Vertex X="94271" Y="57930" Z="0"/>
					<Vertex X="94092" Y="57950" Z="0"/>
					<Vertex X="93914" Y="58010" Z="0"/>
					<Vertex X="93735" Y="58049" Z="0"/>
					<Vertex X="93557" Y="58109" Z="0"/>
					<Vertex X="93319" Y="58129" Z="0"/>
					<Vertex X="93081" Y="58188" Z="0"/>
					<Vertex X="92784" Y="58287" Z="0"/>
					<Vertex X="92586" Y="58367" Z="0"/>
					<Vertex X="92368" Y="58426" Z="0"/>
					<Vertex X="92149" Y="58525" Z="0"/>
					<Vertex X="91951" Y="58605" Z="0"/>
					<Vertex X="91753" Y="58704" Z="0"/>
					<Vertex X="91575" Y="58823" Z="0"/>
					<Vertex X="91356" Y="58902" Z="0"/>
					<Vertex X="91119" Y="59060" Z="0"/>
					<Vertex X="90940" Y="59179" Z="0"/>
					<Vertex X="90762" Y="59259" Z="0"/>
					<Vertex X="90583" Y="59398" Z="0"/>
					<Vertex X="90326" Y="59556" Z="0"/>
					<Vertex X="90107" Y="59735" Z="0"/>
					<Vertex X="89929" Y="59893" Z="0"/>
					<Vertex X="89711" Y="60032" Z="0"/>
					<Vertex X="89513" Y="60210" Z="0"/>
					<Vertex X="89255" Y="60428" Z="0"/>
					<Vertex X="89037" Y="60607" Z="0"/>
					<Vertex X="88878" Y="60726" Z="0"/>
					<Vertex X="88720" Y="60904" Z="0"/>
					<Vertex X="88521" Y="61063" Z="0"/>
					<Vertex X="88383" Y="61202" Z="0"/>
					<Vertex X="88224" Y="61380" Z="0"/>
					<Vertex X="88046" Y="61559" Z="0"/>
					<Vertex X="87907" Y="61697" Z="0"/>
					<Vertex X="87728" Y="61896" Z="0"/>
					<Vertex X="87609" Y="62034" Z="0"/>
					<Vertex X="87510" Y="62193" Z="0"/>
					<Vertex X="87391" Y="62391" Z="0"/>
					<Vertex X="87352" Y="62490" Z="0"/>
					<Vertex X="87213" Y="62629" Z="0"/>
					<Vertex X="87134" Y="62788" Z="0"/>
					<Vertex X="87015" Y="62946" Z="0"/>
					<Vertex X="86916" Y="63105" Z="0"/>
					<Vertex X="86836" Y="63224" Z="0"/>
					<Vertex X="86737" Y="63343" Z="0"/>
					<Vertex X="86678" Y="63462" Z="0"/>
					<Vertex X="86598" Y="63581" Z="0"/>
					<Vertex X="86499" Y="63680" Z="0"/>
					<Vertex X="86420" Y="63779" Z="0"/>
					<Vertex X="86360" Y="63878" Z="0"/>
					<Vertex X="86281" Y="63997" Z="0"/>
					<Vertex X="86202" Y="64076" Z="0"/>
					<Vertex X="86083" Y="64195" Z="0"/>
					<Vertex X="86004" Y="64294" Z="0"/>
					<Vertex X="85904" Y="64354" Z="0"/>
					<Vertex X="85825" Y="64413" Z="0"/>
					<Vertex X="85667" Y="64493" Z="0"/>
					<Vertex X="85528" Y="64592" Z="0"/>
					<Vertex X="85409" Y="64612" Z="0"/>
					<Vertex X="85290" Y="64671" Z="0"/>
					<Vertex X="85131" Y="64731" Z="0"/>
					<Vertex X="85012" Y="64830" Z="0"/>
					<Vertex X="84873" Y="64909" Z="0"/>
					<Vertex X="84675" Y="65028" Z="0"/>
					<Vertex X="84477" Y="65127" Z="0"/>
					<Vertex X="84299" Y="65206" Z="0"/>
					<Vertex X="84140" Y="65266" Z="0"/>
					<Vertex X="83942" Y="65325" Z="0"/>
					<Vertex X="83763" Y="65385" Z="0"/>
					<Vertex X="83624" Y="65464" Z="0"/>
					<Vertex X="83406" Y="65504" Z="0"/>
					<Vertex X="83228" Y="65563" Z="0"/>
					<Vertex X="83050" Y="65603" Z="0"/>
					<Vertex X="82911" Y="65623" Z="0"/>
					<Vertex X="82693" Y="65682" Z="0"/>
					<Vertex X="82554" Y="65722" Z="0"/>
					<Vertex X="82395" Y="65762" Z="0"/>
					<Vertex X="82217" Y="65781" Z="0"/>
					<Vertex X="82019" Y="65801" Z="0"/>
					<Vertex X="81860" Y="65841" Z="0"/>
					<Vertex X="81721" Y="65861" Z="0"/>
					<Vertex X="81563" Y="65861" Z="0"/>
					<Vertex X="81424" Y="65900" Z="0"/>
					<Vertex X="81245" Y="65920" Z="0"/>
					<Vertex X="81087" Y="65920" Z="0"/>
					<Vertex X="80928" Y="65920" Z="0"/>
					<Vertex X="80710" Y="65960" Z="0"/>
					<Vertex X="80532" Y="65920" Z="0"/>
					<Vertex X="80234" Y="65920" Z="0"/>
					<Vertex X="80016" Y="65920" Z="0"/>
					<Vertex X="79818" Y="65900" Z="0"/>
					<Vertex X="79580" Y="65861" Z="0"/>
					<Vertex X="79362" Y="65801" Z="0"/>
					<Vertex X="79164" Y="65781" Z="0"/>
					<Vertex X="78926" Y="65762" Z="0"/>
					<Vertex X="78708" Y="65682" Z="0"/>
					<Vertex X="78529" Y="65623" Z="0"/>
					<Vertex X="78272" Y="65504" Z="0"/>
					<Vertex X="78053" Y="65464" Z="0"/>
					<Vertex X="77875" Y="65365" Z="0"/>
					<Vertex X="77697" Y="65266" Z="0"/>
					<Vertex X="77518" Y="65206" Z="0"/>
					<Vertex X="77320" Y="65127" Z="0"/>
					<Vertex X="77161" Y="65068" Z="0"/>
					<Vertex X="76983" Y="65028" Z="0"/>
					<Vertex X="76804" Y="64969" Z="0"/>
					<Vertex X="76626" Y="64949" Z="0"/>
					<Vertex X="76368" Y="64850" Z="0"/>
					<Vertex X="76190" Y="64830" Z="0"/>
					<Vertex X="76011" Y="64790" Z="0"/>
					<Vertex X="75793" Y="64790" Z="0"/>
					<Vertex X="75555" Y="64790" Z="0"/>
					<Vertex X="75357" Y="64790" Z="0"/>
					<Vertex X="75060" Y="64830" Z="0"/>
					<Vertex X="74842" Y="64830" Z="0"/>
					<Vertex X="74644" Y="64850" Z="0"/>
					<Vertex X="74425" Y="64850" Z="0"/>
					<Vertex X="74287" Y="64830" Z="0"/>
					<Vertex X="74128" Y="64770" Z="0"/>
					<Vertex X="74009" Y="64671" Z="0"/>
					<Vertex X="73930" Y="64552" Z="0"/>
					<Vertex X="73831" Y="64433" Z="0"/>
					<Vertex X="73751" Y="64255" Z="0"/>
					<Vertex X="73692" Y="64116" Z="0"/>
					<Vertex X="73632" Y="63997" Z="0"/>
					<Vertex X="73573" Y="63878" Z="0"/>
					<Vertex X="73513" Y="63719" Z="0"/>
					<Vertex X="73454" Y="63581" Z="0"/>
					<Vertex X="73355" Y="63402" Z="0"/>
					<Vertex X="73236" Y="63283" Z="0"/>
					<Vertex X="73157" Y="63164" Z="0"/>
					<Vertex X="73097" Y="63045" Z="0"/>
					<Vertex X="72978" Y="62887" Z="0"/>
					<Vertex X="72879" Y="62808" Z="0"/>
					<Vertex X="72760" Y="62708" Z="0"/>
					<Vertex X="72621" Y="62629" Z="0"/>
					<Vertex X="72502" Y="62570" Z="0"/>
					<Vertex X="72383" Y="62510" Z="0"/>
					<Vertex X="72284" Y="62451" Z="0"/>
					<Vertex X="72205" Y="62391" Z="0"/>
					<Vertex X="72106" Y="62292" Z="0"/>
					<Vertex X="72086" Y="62252" Z="0"/>
					<Vertex X="72106" Y="62213" Z="0"/>
					<Vertex X="71967" Y="62212" Z="0"/>
					<Vertex X="71729" Y="62133" Z="0"/>
					<Vertex X="71491" Y="62034" Z="0"/>
					<Vertex X="71312" Y="61994" Z="0"/>
					<Vertex X="71074" Y="61955" Z="0"/>
					<Vertex X="70856" Y="61875" Z="0"/>
					<Vertex X="70579" Y="61855" Z="0"/>
					<Vertex X="70420" Y="61836" Z="0"/>
					<Vertex X="70182" Y="61836" Z="0"/>
					<Vertex X="69984" Y="61836" Z="0"/>
					<Vertex X="69766" Y="61855" Z="0"/>
					<Vertex X="69568" Y="61855" Z="0"/>
					<Vertex X="69369" Y="61875" Z="0"/>
					<Vertex X="69191" Y="61935" Z="0"/>
					<Vertex X="68993" Y="61994" Z="0"/>
					<Vertex X="68775" Y="62093" Z="0"/>
					<Vertex X="68616" Y="62173" Z="0"/>
					<Vertex X="68477" Y="62212" Z="0"/>
					<Vertex X="68358" Y="62212" Z="0"/>
					<Vertex X="68299" Y="62173" Z="0"/>
					<Vertex X="68239" Y="62153" Z="0"/>
					<Vertex X="68160" Y="62054" Z="0"/>
					<Vertex X="68061" Y="61994" Z="0"/>
					<Vertex X="67942" Y="61935" Z="0"/>
					<Vertex X="67803" Y="61875" Z="0"/>
					<Vertex X="67645" Y="61816" Z="0"/>
					<Vertex X="67466" Y="61816" Z="0"/>
					<Vertex X="67268" Y="61816" Z="0"/>
					<Vertex X="67149" Y="61816" Z="0"/>
					<Vertex X="66931" Y="61816" Z="0"/>
					<Vertex X="66693" Y="61875" Z="0"/>
					<Vertex X="66455" Y="61935" Z="0"/>
					<Vertex X="66197" Y="61994" Z="0"/>
					<Vertex X="65959" Y="62054" Z="0"/>
					<Vertex X="65722" Y="62153" Z="0"/>
					<Vertex X="65444" Y="62272" Z="0"/>
					<Vertex X="65206" Y="62391" Z="0"/>
					<Vertex X="64948" Y="62510" Z="0"/>
					<Vertex X="64770" Y="62589" Z="0"/>
					<Vertex X="64492" Y="62748" Z="0"/>
					<Vertex X="64235" Y="62926" Z="0"/>
					<Vertex X="63957" Y="63104" Z="0"/>
					<Vertex X="63660" Y="63243" Z="0"/>
					<Vertex X="63402" Y="63422" Z="0"/>
					<Vertex X="63105" Y="63640" Z="0"/>
					<Vertex X="62827" Y="63838" Z="0"/>
					<Vertex X="62530" Y="64056" Z="0"/>
					<Vertex X="62232" Y="64274" Z="0"/>
					<Vertex X="61935" Y="64433" Z="0"/>
					<Vertex X="61756" Y="64591" Z="0"/>
					<Vertex X="61459" Y="64790" Z="0"/>
					<Vertex X="61162" Y="65008" Z="0"/>
					<Vertex X="60864" Y="65246" Z="0"/>
					<Vertex X="60626" Y="65424" Z="0"/>
					<Vertex X="60369" Y="65622" Z="0"/>
					<Vertex X="60131" Y="65781" Z="0"/>
					<Vertex X="59893" Y="65959" Z="0"/>
					<Vertex X="59675" Y="66078" Z="0"/>
					<Vertex X="59496" Y="66138" Z="0"/>
					<Vertex X="59298" Y="66197" Z="0"/>
					<Vertex X="59080" Y="66197" Z="0"/>
					<Vertex X="58882" Y="66158" Z="0"/>
					<Vertex X="58604" Y="66098" Z="0"/>
					<Vertex X="58366" Y="66019" Z="0"/>
					<Vertex X="58109" Y="65860" Z="0"/>
					<Vertex X="57811" Y="65721" Z="0"/>
					<Vertex X="57534" Y="65503" Z="0"/>
					<Vertex X="57276" Y="65265" Z="0"/>
					<Vertex X="56998" Y="65008" Z="0"/>
					<Vertex X="56760" Y="64730" Z="0"/>
					<Vertex X="56522" Y="64492" Z="0"/>
					<Vertex X="56324" Y="64234" Z="0"/>
					<Vertex X="56205" Y="64076" Z="0"/>
					<Vertex X="56027" Y="63818" Z="0"/>
					<Vertex X="55809" Y="63521" Z="0"/>
					<Vertex X="55749" Y="63402" Z="0"/>
					<Vertex X="55690" Y="63184" Z="0"/>
					<Vertex X="55690" Y="62985" Z="0"/>
					<Vertex X="55729" Y="62767" Z="0"/>
					<Vertex X="55848" Y="62569" Z="0"/>
					<Vertex X="55987" Y="62292" Z="0"/>
					<Vertex X="56166" Y="62034" Z="0"/>
					<Vertex X="56344" Y="61736" Z="0"/>
					<Vertex X="56582" Y="61459" Z="0"/>
					<Vertex X="56820" Y="61201" Z="0"/>
					<Vertex X="57038" Y="60924" Z="0"/>
					<Vertex X="57236" Y="60666" Z="0"/>
					<Vertex X="57474" Y="60368" Z="0"/>
					<Vertex X="57633" Y="60150" Z="0"/>
					<Vertex X="57871" Y="59833" Z="0"/>
					<Vertex X="58069" Y="59496" Z="0"/>
					<Vertex X="58287" Y="59139" Z="0"/>
					<Vertex X="58485" Y="58822" Z="0"/>
					<Vertex X="58703" Y="58465" Z="0"/>
					<Vertex X="58882" Y="58128" Z="0"/>
					<Vertex X="59020" Y="57811" Z="0"/>
					<Vertex X="59139" Y="57514" Z="0"/>
					<Vertex X="59199" Y="57236" Z="0"/>
					<Vertex X="59258" Y="56978" Z="0"/>
					<Vertex X="59318" Y="56701" Z="0"/>
					<Vertex X="59318" Y="56403" Z="0"/>
					<Vertex X="59318" Y="56106" Z="0"/>
					<Vertex X="59318" Y="55789" Z="0"/>
					<Vertex X="59318" Y="55491" Z="0"/>
					<Vertex X="59318" Y="55273" Z="0"/>
					<Vertex X="59258" Y="54976" Z="0"/>
					<Vertex X="59179" Y="54718" Z="0"/>
					<Vertex X="59060" Y="54441" Z="0"/>
					<Vertex X="58961" Y="54203" Z="0"/>
					<Vertex X="58763" Y="53905" Z="0"/>
					<Vertex X="58584" Y="53707" Z="0"/>
					<Vertex X="58406" Y="53548" Z="0"/>
					<Vertex X="58188" Y="53410" Z="0"/>
					<Vertex X="57990" Y="53291" Z="0"/>
					<Vertex X="57811" Y="53192" Z="0"/>
					<Vertex X="57633" Y="53073" Z="0"/>
					<Vertex X="57474" Y="52954" Z="0"/>
					<Vertex X="57335" Y="52815" Z="0"/>
					<Vertex X="57177" Y="52656" Z="0"/>
					<Vertex X="57097" Y="52478" Z="0"/>
					<Vertex X="57038" Y="52299" Z="0"/>
					<Vertex X="56978" Y="52101" Z="0"/>
					<Vertex X="56978" Y="51863" Z="0"/>
					<Vertex X="56978" Y="51625" Z="0"/>
					<Vertex X="56978" Y="51407" Z="0"/>
					<Vertex X="56978" Y="51209" Z="0"/>
					<Vertex X="56978" Y="50991" Z="0"/>
					<Vertex X="56998" Y="50793" Z="0"/>
					<Vertex X="56998" Y="50614" Z="0"/>
					<Vertex X="57038" Y="50396" Z="0"/>
					<Vertex X="57058" Y="50218" Z="0"/>
					<Vertex X="57058" Y="50079" Z="0"/>
					<Vertex X="57097" Y="49920" Z="0"/>
					<Vertex X="57177" Y="49901" Z="0"/>
					<Vertex X="57157" Y="49861" Z="0"/>
					<Vertex X="57117" Y="49841" Z="0"/>
					<Vertex X="57171" Y="49663" Z="0"/>
					<Vertex X="57001" Y="49208" Z="0"/>
					<Vertex X="56830" Y="48810" Z="0"/>
					<Vertex X="56659" Y="48355" Z="0"/>
					<Vertex X="56602" Y="47956" Z="0"/>
					<Vertex X="56432" Y="47615" Z="0"/>
					<Vertex X="56261" Y="47103" Z="0"/>
					<Vertex X="56147" Y="46762" Z="0"/>
					<Vertex X="55977" Y="46477" Z="0"/>
					<Vertex X="55920" Y="46250" Z="0"/>
					<Vertex X="55749" Y="45965" Z="0"/>
					<Vertex X="55578" Y="45738" Z="0"/>
					<Vertex X="55465" Y="45453" Z="0"/>
					<Vertex X="55294" Y="45226" Z="0"/>
					<Vertex X="55123" Y="44884" Z="0"/>
					<Vertex X="54953" Y="44657" Z="0"/>
					<Vertex X="54782" Y="44259" Z="0"/>
					<Vertex X="54611" Y="44031" Z="0"/>
					<Vertex X="54441" Y="43690" Z="0"/>
					<Vertex X="54213" Y="43349" Z="0"/>
					<Vertex X="54042" Y="43007" Z="0"/>
					<Vertex X="53872" Y="42723" Z="0"/>
					<Vertex X="53701" Y="42381" Z="0"/>
					<Vertex X="53530" Y="42154" Z="0"/>
					<Vertex X="53360" Y="41869" Z="0"/>
					<Vertex X="53246" Y="41642" Z="0"/>
					<Vertex X="53075" Y="41357" Z="0"/>
					<Vertex X="52905" Y="41130" Z="0"/>
					<Vertex X="52734" Y="40789" Z="0"/>
					<Vertex X="52506" Y="40618" Z="0"/>
					<Vertex X="52336" Y="40277" Z="0"/>
					<Vertex X="52051" Y="39992" Z="0"/>
					<Vertex X="51881" Y="39822" Z="0"/>
					<Vertex X="51653" Y="39594" Z="0"/>
					<Vertex X="51369" Y="39310" Z="0"/>
					<Vertex X="51141" Y="39139" Z="0"/>
					<Vertex X="50800" Y="38968" Z="0"/>
					<Vertex X="50345" Y="38741" Z="0"/>
					<Vertex X="50003" Y="38456" Z="0"/>
					<Vertex X="49662" Y="38286" Z="0"/>
					<Vertex X="49321" Y="38115" Z="0"/>
					<Vertex X="48979" Y="37944" Z="0"/>
					<Vertex X="48581" Y="37887" Z="0"/>
					<Vertex X="48240" Y="37717" Z="0"/>
					<Vertex X="47785" Y="37603" Z="0"/>
					<Vertex X="47273" Y="37432" Z="0"/>
					<Vertex X="46761" Y="37432" Z="0"/>
					<Vertex X="46249" Y="37375" Z="0"/>
					<Vertex X="45851" Y="37375" Z="0"/>
					<Vertex X="45396" Y="37262" Z="0"/>
					<Vertex X="44713" Y="37262" Z="0"/>
					<Vertex X="44201" Y="37262" Z="0"/>
					<Vertex X="44171" Y="37252" Z="0"/>
					<Vertex X="42486" Y="37252" Z="0"/>
					<Vertex X="42129" Y="37252" Z="0"/>
					<Vertex X="41931" Y="37272" Z="0"/>
					<Vertex X="41713" Y="37312" Z="0"/>
					<Vertex X="41534" Y="37332" Z="0"/>
					<Vertex X="41296" Y="37391" Z="0"/>
					<Vertex X="41157" Y="37431" Z="0"/>
					<Vertex X="40920" Y="37490" Z="0"/>
					<Vertex X="40801" Y="37550" Z="0"/>
					<Vertex X="40582" Y="37629" Z="0"/>
					<Vertex X="40444" Y="37728" Z="0"/>
					<Vertex X="40226" Y="37847" Z="0"/>
					<Vertex X="40027" Y="37966" Z="0"/>
					<Vertex X="39908" Y="38045" Z="0"/>
					<Vertex X="39730" Y="38204" Z="0"/>
					<Vertex X="39611" Y="38343" Z="0"/>
					<Vertex X="39433" Y="38521" Z="0"/>
					<Vertex X="39254" Y="38759" Z="0"/>
					<Vertex X="39155" Y="38918" Z="0"/>
					<Vertex X="39036" Y="39057" Z="0"/>
					<Vertex X="38897" Y="39275" Z="0"/>
					<Vertex X="38778" Y="39512" Z="0"/>
					<Vertex X="38679" Y="39651" Z="0"/>
					<Vertex X="38560" Y="39869" Z="0"/>
					<Vertex X="38501" Y="39988" Z="0"/>
					<Vertex X="38441" Y="40167" Z="0"/>
					<Vertex X="38382" Y="40306" Z="0"/>
					<Vertex X="38322" Y="40424" Z="0"/>
					<Vertex X="38322" Y="40484" Z="0"/>
					<Vertex X="38303" Y="40524" Z="0"/>
					<Vertex X="38263" Y="40524" Z="0"/>
					<Vertex X="38263" Y="40484" Z="0"/>
					<Vertex X="38243" Y="40464" Z="0"/>
					<Vertex X="38203" Y="40424" Z="0"/>
					<Vertex X="38144" Y="40405" Z="0"/>
					<Vertex X="38084" Y="40345" Z="0"/>
					<Vertex X="38005" Y="40306" Z="0"/>
					<Vertex X="37946" Y="40246" Z="0"/>
					<Vertex X="37847" Y="40167" Z="0"/>
					<Vertex X="37827" Y="40107" Z="0"/>
					<Vertex X="37767" Y="40008" Z="0"/>
					<Vertex X="37708" Y="39949" Z="0"/>
					<Vertex X="37648" Y="39869" Z="0"/>
					<Vertex X="37609" Y="39810" Z="0"/>
					<Vertex X="37549" Y="39770" Z="0"/>
					<Vertex X="37490" Y="39691" Z="0"/>
					<Vertex X="37470" Y="39631" Z="0"/>
					<Vertex X="37410" Y="39532" Z="0"/>
					<Vertex X="37351" Y="39453" Z="0"/>
					<Vertex X="37311" Y="39394" Z="0"/>
					<Vertex X="37252" Y="39334" Z="0"/>
					<Vertex X="37232" Y="39275" Z="0"/>
					<Vertex X="37192" Y="39215" Z="0"/>
					<Vertex X="37133" Y="39156" Z="0"/>
					<Vertex X="37054" Y="39057" Z="0"/>
					<Vertex X="37014" Y="39037" Z="0"/>
					<Vertex X="36994" Y="38977" Z="0"/>
					<Vertex X="36935" Y="38918" Z="0"/>
					<Vertex X="36875" Y="38858" Z="0"/>
					<Vertex X="36835" Y="38799" Z="0"/>
					<Vertex X="36776" Y="38739" Z="0"/>
					<Vertex X="36717" Y="38700" Z="0"/>
					<Vertex X="36657" Y="38680" Z="0"/>
					<Vertex X="36578" Y="38620" Z="0"/>
					<Vertex X="36518" Y="38581" Z="0"/>
					<Vertex X="36419" Y="38561" Z="0"/>
					<Vertex X="36340" Y="38521" Z="0"/>
					<Vertex X="36280" Y="38501" Z="0"/>
					<Vertex X="36161" Y="38462" Z="0"/>
					<Vertex X="36042" Y="38442" Z="0"/>
					<Vertex X="35943" Y="38402" Z="0"/>
					<Vertex X="35805" Y="38382" Z="0"/>
					<Vertex X="35705" Y="38323" Z="0"/>
					<Vertex X="35567" Y="38303" Z="0"/>
					<Vertex X="35468" Y="38263" Z="0"/>
					<Vertex X="35329" Y="38204" Z="0"/>
					<Vertex X="35210" Y="38184" Z="0"/>
					<Vertex X="35031" Y="38125" Z="0"/>
					<Vertex X="34912" Y="38085" Z="0"/>
					<Vertex X="34734" Y="38026" Z="0"/>
					<Vertex X="34556" Y="37986" Z="0"/>
					<Vertex X="34437" Y="37966" Z="0"/>
					<Vertex X="34218" Y="37907" Z="0"/>
					<Vertex X="34100" Y="37867" Z="0"/>
					<Vertex X="33901" Y="37847" Z="0"/>
					<Vertex X="33743" Y="37808" Z="0"/>
					<Vertex X="33544" Y="37788" Z="0"/>
					<Vertex X="33425" Y="37748" Z="0"/>
					<Vertex X="33207" Y="37728" Z="0"/>
					<Vertex X="32969" Y="37689" Z="0"/>
					<Vertex X="32732" Y="37689" Z="0"/>
					<Vertex X="32593" Y="37689" Z="0"/>
					<Vertex X="32315" Y="37728" Z="0"/>
					<Vertex X="32176" Y="37748" Z="0"/>
					<Vertex X="31899" Y="37788" Z="0"/>
					<Vertex X="31641" Y="37808" Z="0"/>
					<Vertex X="31463" Y="37847" Z="0"/>
					<Vertex X="31225" Y="37907" Z="0"/>
					<Vertex X="30987" Y="37907" Z="0"/>
					<Vertex X="30828" Y="37907" Z="0"/>
					<Vertex X="30590" Y="37926" Z="0"/>
					<Vertex X="30452" Y="37966" Z="0"/>
					<Vertex X="30234" Y="37986" Z="0"/>
					<Vertex X="30095" Y="38026" Z="0"/>
					<Vertex X="29857" Y="38085" Z="0"/>
					<Vertex X="29619" Y="38184" Z="0"/>
					<Vertex X="29441" Y="38224" Z="0"/>
					<Vertex X="29163" Y="38323" Z="0"/>
					<Vertex X="29024" Y="38402" Z="0"/>
					<Vertex X="28786" Y="38521" Z="0"/>
					<Vertex X="28628" Y="38581" Z="0"/>
					<Vertex X="28614" Y="38570" Z="0"/>
				</Vertices>
			</Region>
		</Regions>
		<Plots/>
	</Annotation>
</Annotations>
