<Annotations MicronsPerPixel="0.252200">
	<Annotation Id="1" Name="" ReadOnly="0" NameReadOnly="0" LineColorReadOnly="0" Incremental="0" Type="4" LineColor="65535" Visible="1" Selected="1" MarkupImagePath="" MacroName="">
		<Attributes/>
		<Regions>
			<RegionAttributeHeaders>
				<AttributeHeader Id="9999" Name="Region" ColumnWidth="-1"/>
				<AttributeHeader Id="9997" Name="Length" ColumnWidth="-1"/>
				<AttributeHeader Id="9996" Name="Area" ColumnWidth="-1"/>
				<AttributeHeader Id="9998" Name="Text" ColumnWidth="-1"/>
			</RegionAttributeHeaders>
			<Region Id="1" Type="0" Zoom="0.016326" Selected="1" ImageLocation="" ImageFocus="-1" Length="388881.9" Area="2161045116.0" LengthMicrons="98076.0" AreaMicrons="137452928.8" Text="" NegativeROA="0" InputRegionId="0" Analyze="1" DisplayId="1">
				<Attributes/>
				<Vertices>
					<Vertex X="67942" Y="47966" Z="0"/>
					<Vertex X="72252" Y="45962" Z="0"/>
					<Vertex X="72617" Y="46084" Z="0"/>
					<Vertex X="72799" Y="46205" Z="0"/>
					<Vertex X="72860" Y="46266" Z="0"/>
					<Vertex X="73042" Y="46266" Z="0"/>
					<Vertex X="73224" Y="46266" Z="0"/>
					<Vertex X="73467" Y="46327" Z="0"/>
					<Vertex X="73831" Y="46266" Z="0"/>
					<Vertex X="74074" Y="46266" Z="0"/>
					<Vertex X="74256" Y="46266" Z="0"/>
					<Vertex X="74438" Y="46266" Z="0"/>
					<Vertex X="74681" Y="46205" Z="0"/>
					<Vertex X="74863" Y="46084" Z="0"/>
					<Vertex X="75167" Y="45962" Z="0"/>
					<Vertex X="75531" Y="45901" Z="0"/>
					<Vertex X="75713" Y="45780" Z="0"/>
					<Vertex X="76017" Y="45719" Z="0"/>
					<Vertex X="76260" Y="45598" Z="0"/>
					<Vertex X="76442" Y="45537" Z="0"/>
					<Vertex X="76624" Y="45355" Z="0"/>
					<Vertex X="76806" Y="45234" Z="0"/>
					<Vertex X="76988" Y="45173" Z="0"/>
					<Vertex X="77170" Y="45051" Z="0"/>
					<Vertex X="77413" Y="44869" Z="0"/>
					<Vertex X="77717" Y="44809" Z="0"/>
					<Vertex X="77838" Y="44626" Z="0"/>
					<Vertex X="77960" Y="44505" Z="0"/>
					<Vertex X="78081" Y="44384" Z="0"/>
					<Vertex X="78142" Y="44262" Z="0"/>
					<Vertex X="78142" Y="44080" Z="0"/>
					<Vertex X="78263" Y="43959" Z="0"/>
					<Vertex X="78263" Y="43837" Z="0"/>
					<Vertex X="78385" Y="43594" Z="0"/>
					<Vertex X="78445" Y="43473" Z="0"/>
					<Vertex X="78567" Y="43230" Z="0"/>
					<Vertex X="78749" Y="43048" Z="0"/>
					<Vertex X="78810" Y="42987" Z="0"/>
					<Vertex X="78992" Y="42805" Z="0"/>
					<Vertex X="79174" Y="42744" Z="0"/>
					<Vertex X="79356" Y="42744" Z="0"/>
					<Vertex X="79538" Y="42623" Z="0"/>
					<Vertex X="79720" Y="42562" Z="0"/>
					<Vertex X="79903" Y="42562" Z="0"/>
					<Vertex X="80085" Y="42562" Z="0"/>
					<Vertex X="80267" Y="42562" Z="0"/>
					<Vertex X="80449" Y="42562" Z="0"/>
					<Vertex X="80692" Y="42623" Z="0"/>
					<Vertex X="80935" Y="42623" Z="0"/>
					<Vertex X="81117" Y="42623" Z="0"/>
					<Vertex X="81238" Y="42623" Z="0"/>
					<Vertex X="81421" Y="42623" Z="0"/>
					<Vertex X="81846" Y="42623" Z="0"/>
					<Vertex X="82028" Y="42562" Z="0"/>
					<Vertex X="82210" Y="42562" Z="0"/>
					<Vertex X="82331" Y="42441" Z="0"/>
					<Vertex X="82453" Y="42319" Z="0"/>
					<Vertex X="82635" Y="42259" Z="0"/>
					<Vertex X="82756" Y="42198" Z="0"/>
					<Vertex X="82817" Y="42076" Z="0"/>
					<Vertex X="82999" Y="42016" Z="0"/>
					<Vertex X="83181" Y="41834" Z="0"/>
					<Vertex X="83242" Y="41712" Z="0"/>
					<Vertex X="83485" Y="41530" Z="0"/>
					<Vertex X="83546" Y="41408" Z="0"/>
					<Vertex X="83728" Y="41226" Z="0"/>
					<Vertex X="83849" Y="41105" Z="0"/>
					<Vertex X="83971" Y="40923" Z="0"/>
					<Vertex X="84092" Y="40741" Z="0"/>
					<Vertex X="84213" Y="40498" Z="0"/>
					<Vertex X="84274" Y="40316" Z="0"/>
					<Vertex X="84396" Y="40194" Z="0"/>
					<Vertex X="84517" Y="39891" Z="0"/>
					<Vertex X="84638" Y="39708" Z="0"/>
					<Vertex X="84699" Y="39405" Z="0"/>
					<Vertex X="84821" Y="39283" Z="0"/>
					<Vertex X="84821" Y="39101" Z="0"/>
					<Vertex X="84881" Y="38798" Z="0"/>
					<Vertex X="84881" Y="38616" Z="0"/>
					<Vertex X="84881" Y="38373" Z="0"/>
					<Vertex X="84881" Y="38191" Z="0"/>
					<Vertex X="84881" Y="38008" Z="0"/>
					<Vertex X="84992" Y="37767" Z="0"/>
					<Vertex X="85131" Y="36479" Z="0"/>
					<Vertex X="85111" Y="36102" Z="0"/>
					<Vertex X="85071" Y="35963" Z="0"/>
					<Vertex X="85051" Y="35805" Z="0"/>
					<Vertex X="84992" Y="35646" Z="0"/>
					<Vertex X="84952" Y="35547" Z="0"/>
					<Vertex X="84932" Y="35388" Z="0"/>
					<Vertex X="84893" Y="35210" Z="0"/>
					<Vertex X="84893" Y="35071" Z="0"/>
					<Vertex X="84873" Y="34893" Z="0"/>
					<Vertex X="84833" Y="34695" Z="0"/>
					<Vertex X="84813" Y="34516" Z="0"/>
					<Vertex X="84774" Y="34318" Z="0"/>
					<Vertex X="84754" Y="34139" Z="0"/>
					<Vertex X="84714" Y="34040" Z="0"/>
					<Vertex X="84714" Y="33862" Z="0"/>
					<Vertex X="84695" Y="33683" Z="0"/>
					<Vertex X="84695" Y="33584" Z="0"/>
					<Vertex X="84695" Y="33426" Z="0"/>
					<Vertex X="84714" Y="33287" Z="0"/>
					<Vertex X="84714" Y="33148" Z="0"/>
					<Vertex X="84714" Y="33009" Z="0"/>
					<Vertex X="84695" Y="32851" Z="0"/>
					<Vertex X="84695" Y="32732" Z="0"/>
					<Vertex X="84655" Y="32652" Z="0"/>
					<Vertex X="84595" Y="32494" Z="0"/>
					<Vertex X="84576" Y="32355" Z="0"/>
					<Vertex X="84516" Y="32236" Z="0"/>
					<Vertex X="84457" Y="32117" Z="0"/>
					<Vertex X="84417" Y="32018" Z="0"/>
					<Vertex X="84357" Y="31899" Z="0"/>
					<Vertex X="84298" Y="31780" Z="0"/>
					<Vertex X="84239" Y="31661" Z="0"/>
					<Vertex X="84219" Y="31602" Z="0"/>
					<Vertex X="84159" Y="31503" Z="0"/>
					<Vertex X="84100" Y="31364" Z="0"/>
					<Vertex X="84060" Y="31304" Z="0"/>
					<Vertex X="83981" Y="31205" Z="0"/>
					<Vertex X="83921" Y="31106" Z="0"/>
					<Vertex X="83862" Y="31007" Z="0"/>
					<Vertex X="83763" Y="30928" Z="0"/>
					<Vertex X="83743" Y="30829" Z="0"/>
					<Vertex X="83644" Y="30749" Z="0"/>
					<Vertex X="83584" Y="30690" Z="0"/>
					<Vertex X="83564" Y="30630" Z="0"/>
					<Vertex X="83505" Y="30531" Z="0"/>
					<Vertex X="83446" Y="30452" Z="0"/>
					<Vertex X="83346" Y="30353" Z="0"/>
					<Vertex X="83227" Y="30273" Z="0"/>
					<Vertex X="83148" Y="30174" Z="0"/>
					<Vertex X="83029" Y="30095" Z="0"/>
					<Vertex X="82970" Y="30016" Z="0"/>
					<Vertex X="82851" Y="29917" Z="0"/>
					<Vertex X="82692" Y="29837" Z="0"/>
					<Vertex X="82613" Y="29778" Z="0"/>
					<Vertex X="82494" Y="29639" Z="0"/>
					<Vertex X="82375" Y="29560" Z="0"/>
					<Vertex X="82256" Y="29441" Z="0"/>
					<Vertex X="82197" Y="29381" Z="0"/>
					<Vertex X="82097" Y="29322" Z="0"/>
					<Vertex X="82038" Y="29243" Z="0"/>
					<Vertex X="81959" Y="29163" Z="0"/>
					<Vertex X="81859" Y="29124" Z="0"/>
					<Vertex X="81780" Y="29084" Z="0"/>
					<Vertex X="81721" Y="29024" Z="0"/>
					<Vertex X="81661" Y="28985" Z="0"/>
					<Vertex X="81562" Y="28945" Z="0"/>
					<Vertex X="81503" Y="28886" Z="0"/>
					<Vertex X="81443" Y="28806" Z="0"/>
					<Vertex X="81364" Y="28767" Z="0"/>
					<Vertex X="81324" Y="28727" Z="0"/>
					<Vertex X="81265" Y="28687" Z="0"/>
					<Vertex X="81205" Y="28648" Z="0"/>
					<Vertex X="81146" Y="28588" Z="0"/>
					<Vertex X="81086" Y="28549" Z="0"/>
					<Vertex X="81066" Y="28529" Z="0"/>
					<Vertex X="81027" Y="28489" Z="0"/>
					<Vertex X="81007" Y="28449" Z="0"/>
					<Vertex X="80948" Y="28430" Z="0"/>
					<Vertex X="80908" Y="28410" Z="0"/>
					<Vertex X="80908" Y="28370" Z="0"/>
					<Vertex X="80888" Y="28370" Z="0"/>
					<Vertex X="80874" Y="28597" Z="0"/>
					<Vertex X="80631" Y="28415" Z="0"/>
					<Vertex X="80449" Y="28294" Z="0"/>
					<Vertex X="80267" Y="28233" Z="0"/>
					<Vertex X="79963" Y="28112" Z="0"/>
					<Vertex X="79781" Y="28112" Z="0"/>
					<Vertex X="79538" Y="28051" Z="0"/>
					<Vertex X="79053" Y="27929" Z="0"/>
					<Vertex X="78810" Y="27929" Z="0"/>
					<Vertex X="78445" Y="27929" Z="0"/>
					<Vertex X="78142" Y="27929" Z="0"/>
					<Vertex X="77899" Y="27929" Z="0"/>
					<Vertex X="77535" Y="27869" Z="0"/>
					<Vertex X="77231" Y="27869" Z="0"/>
					<Vertex X="76867" Y="27929" Z="0"/>
					<Vertex X="76442" Y="27929" Z="0"/>
					<Vertex X="76138" Y="27929" Z="0"/>
					<Vertex X="75956" Y="28051" Z="0"/>
					<Vertex X="75592" Y="28051" Z="0"/>
					<Vertex X="75349" Y="28112" Z="0"/>
					<Vertex X="74863" Y="28233" Z="0"/>
					<Vertex X="74620" Y="28294" Z="0"/>
					<Vertex X="74256" Y="28294" Z="0"/>
					<Vertex X="74074" Y="28415" Z="0"/>
					<Vertex X="73770" Y="28476" Z="0"/>
					<Vertex X="73588" Y="28476" Z="0"/>
					<Vertex X="73467" Y="28597" Z="0"/>
					<Vertex X="73224" Y="28658" Z="0"/>
					<Vertex X="73042" Y="28658" Z="0"/>
					<Vertex X="72860" Y="28780" Z="0"/>
					<Vertex X="72677" Y="28780" Z="0"/>
					<Vertex X="72617" Y="28780" Z="0"/>
					<Vertex X="72495" Y="28780" Z="0"/>
					<Vertex X="72313" Y="28780" Z="0"/>
					<Vertex X="72252" Y="28780" Z="0"/>
					<Vertex X="72131" Y="28780" Z="0"/>
					<Vertex X="71888" Y="28597" Z="0"/>
					<Vertex X="71827" Y="28597" Z="0"/>
					<Vertex X="71706" Y="28476" Z="0"/>
					<Vertex X="71706" Y="28415" Z="0"/>
					<Vertex X="71584" Y="28294" Z="0"/>
					<Vertex X="71584" Y="28112" Z="0"/>
					<Vertex X="71524" Y="28051" Z="0"/>
					<Vertex X="71584" Y="27869" Z="0"/>
					<Vertex X="71706" Y="27687" Z="0"/>
					<Vertex X="71827" Y="27504" Z="0"/>
					<Vertex X="71888" Y="27322" Z="0"/>
					<Vertex X="72070" Y="27201" Z="0"/>
					<Vertex X="72131" Y="27140" Z="0"/>
					<Vertex X="72252" Y="26958" Z="0"/>
					<Vertex X="72435" Y="26776" Z="0"/>
					<Vertex X="72495" Y="26654" Z="0"/>
					<Vertex X="72617" Y="26594" Z="0"/>
					<Vertex X="72677" Y="26472" Z="0"/>
					<Vertex X="72799" Y="26412" Z="0"/>
					<Vertex X="72799" Y="26290" Z="0"/>
					<Vertex X="72860" Y="26229" Z="0"/>
					<Vertex X="72981" Y="26108" Z="0"/>
					<Vertex X="73042" Y="26047" Z="0"/>
					<Vertex X="73163" Y="25926" Z="0"/>
					<Vertex X="73163" Y="25865" Z="0"/>
					<Vertex X="73163" Y="25744" Z="0"/>
					<Vertex X="73163" Y="25683" Z="0"/>
					<Vertex X="73163" Y="25562" Z="0"/>
					<Vertex X="73163" Y="25379" Z="0"/>
					<Vertex X="73042" Y="25319" Z="0"/>
					<Vertex X="73042" Y="25197" Z="0"/>
					<Vertex X="72981" Y="25015" Z="0"/>
					<Vertex X="72799" Y="24833" Z="0"/>
					<Vertex X="72677" Y="24772" Z="0"/>
					<Vertex X="72617" Y="24651" Z="0"/>
					<Vertex X="72495" Y="24590" Z="0"/>
					<Vertex X="72435" Y="24408" Z="0"/>
					<Vertex X="72252" Y="24287" Z="0"/>
					<Vertex X="72131" Y="24226" Z="0"/>
					<Vertex X="71888" Y="24044" Z="0"/>
					<Vertex X="71706" Y="23922" Z="0"/>
					<Vertex X="71524" Y="23740" Z="0"/>
					<Vertex X="71402" Y="23679" Z="0"/>
					<Vertex X="71159" Y="23497" Z="0"/>
					<Vertex X="70977" Y="23376" Z="0"/>
					<Vertex X="70795" Y="23315" Z="0"/>
					<Vertex X="70613" Y="23194" Z="0"/>
					<Vertex X="70431" Y="23133" Z="0"/>
					<Vertex X="70249" Y="23011" Z="0"/>
					<Vertex X="70067" Y="23011" Z="0"/>
					<Vertex X="69763" Y="22951" Z="0"/>
					<Vertex X="69702" Y="22829" Z="0"/>
					<Vertex X="69520" Y="22829" Z="0"/>
					<Vertex X="69338" Y="22769" Z="0"/>
					<Vertex X="69217" Y="22769" Z="0"/>
					<Vertex X="69034" Y="22647" Z="0"/>
					<Vertex X="68974" Y="22586" Z="0"/>
					<Vertex X="68852" Y="22586" Z="0"/>
					<Vertex X="68792" Y="22465" Z="0"/>
					<Vertex X="68609" Y="22404" Z="0"/>
					<Vertex X="68549" Y="22283" Z="0"/>
					<Vertex X="68306" Y="22283" Z="0"/>
					<Vertex X="68124" Y="22222" Z="0"/>
					<Vertex X="68063" Y="22101" Z="0"/>
					<Vertex X="67881" Y="22040" Z="0"/>
					<Vertex X="67699" Y="22040" Z="0"/>
					<Vertex X="67517" Y="21858" Z="0"/>
					<Vertex X="67334" Y="21858" Z="0"/>
					<Vertex X="67152" Y="21736" Z="0"/>
					<Vertex X="66970" Y="21676" Z="0"/>
					<Vertex X="66788" Y="21676" Z="0"/>
					<Vertex X="66606" Y="21554" Z="0"/>
					<Vertex X="66424" Y="21494" Z="0"/>
					<Vertex X="66241" Y="21372" Z="0"/>
					<Vertex X="65999" Y="21372" Z="0"/>
					<Vertex X="65756" Y="21311" Z="0"/>
					<Vertex X="65574" Y="21190" Z="0"/>
					<Vertex X="65391" Y="21190" Z="0"/>
					<Vertex X="65209" Y="21129" Z="0"/>
					<Vertex X="65027" Y="21129" Z="0"/>
					<Vertex X="64845" Y="21008" Z="0"/>
					<Vertex X="64663" Y="21008" Z="0"/>
					<Vertex X="64602" Y="20947" Z="0"/>
					<Vertex X="64420" Y="20947" Z="0"/>
					<Vertex X="64116" Y="20826" Z="0"/>
					<Vertex X="63934" Y="20826" Z="0"/>
					<Vertex X="63752" Y="20826" Z="0"/>
					<Vertex X="63570" Y="20765" Z="0"/>
					<Vertex X="63388" Y="20765" Z="0"/>
					<Vertex X="63206" Y="20765" Z="0"/>
					<Vertex X="63024" Y="20644" Z="0"/>
					<Vertex X="62781" Y="20644" Z="0"/>
					<Vertex X="62598" Y="20644" Z="0"/>
					<Vertex X="62234" Y="20644" Z="0"/>
					<Vertex X="62052" Y="20644" Z="0"/>
					<Vertex X="61748" Y="20644" Z="0"/>
					<Vertex X="61566" Y="20644" Z="0"/>
					<Vertex X="61384" Y="20644" Z="0"/>
					<Vertex X="61141" Y="20644" Z="0"/>
					<Vertex X="60959" Y="20765" Z="0"/>
					<Vertex X="60656" Y="20765" Z="0"/>
					<Vertex X="60413" Y="20826" Z="0"/>
					<Vertex X="60109" Y="20826" Z="0"/>
					<Vertex X="59866" Y="20947" Z="0"/>
					<Vertex X="59684" Y="21008" Z="0"/>
					<Vertex X="59441" Y="21129" Z="0"/>
					<Vertex X="59138" Y="21190" Z="0"/>
					<Vertex X="58773" Y="21311" Z="0"/>
					<Vertex X="58470" Y="21372" Z="0"/>
					<Vertex X="58227" Y="21554" Z="0"/>
					<Vertex X="58045" Y="21676" Z="0"/>
					<Vertex X="57559" Y="21736" Z="0"/>
					<Vertex X="57377" Y="21919" Z="0"/>
					<Vertex X="57134" Y="22040" Z="0"/>
					<Vertex X="56830" Y="22101" Z="0"/>
					<Vertex X="56466" Y="22283" Z="0"/>
					<Vertex X="56284" Y="22404" Z="0"/>
					<Vertex X="56041" Y="22586" Z="0"/>
					<Vertex X="55738" Y="22647" Z="0"/>
					<Vertex X="55555" Y="22829" Z="0"/>
					<Vertex X="55313" Y="22951" Z="0"/>
					<Vertex X="55009" Y="23133" Z="0"/>
					<Vertex X="54766" Y="23194" Z="0"/>
					<Vertex X="54584" Y="23376" Z="0"/>
					<Vertex X="54402" Y="23558" Z="0"/>
					<Vertex X="54098" Y="23679" Z="0"/>
					<Vertex X="53734" Y="23861" Z="0"/>
					<Vertex X="53552" Y="24044" Z="0"/>
					<Vertex X="53370" Y="24104" Z="0"/>
					<Vertex X="53187" Y="24287" Z="0"/>
					<Vertex X="52823" Y="24469" Z="0"/>
					<Vertex X="52641" Y="24651" Z="0"/>
					<Vertex X="52459" Y="24772" Z="0"/>
					<Vertex X="52277" Y="24954" Z="0"/>
					<Vertex X="52095" Y="25137" Z="0"/>
					<Vertex X="51912" Y="25319" Z="0"/>
					<Vertex X="51730" Y="25501" Z="0"/>
					<Vertex X="51548" Y="25744" Z="0"/>
					<Vertex X="51366" Y="25865" Z="0"/>
					<Vertex X="51305" Y="26047" Z="0"/>
					<Vertex X="51123" Y="26290" Z="0"/>
					<Vertex X="51002" Y="26472" Z="0"/>
					<Vertex X="50820" Y="26897" Z="0"/>
					<Vertex X="50820" Y="27079" Z="0"/>
					<Vertex X="50759" Y="27201" Z="0"/>
					<Vertex X="50759" Y="27444" Z="0"/>
					<Vertex X="50759" Y="27565" Z="0"/>
					<Vertex X="50759" Y="27747" Z="0"/>
					<Vertex X="50759" Y="28051" Z="0"/>
					<Vertex X="50759" Y="28233" Z="0"/>
					<Vertex X="50759" Y="28415" Z="0"/>
					<Vertex X="50759" Y="28658" Z="0"/>
					<Vertex X="50820" Y="28840" Z="0"/>
					<Vertex X="50820" Y="29022" Z="0"/>
					<Vertex X="50820" Y="29326" Z="0"/>
					<Vertex X="50820" Y="29508" Z="0"/>
					<Vertex X="50820" Y="29751" Z="0"/>
					<Vertex X="50820" Y="29933" Z="0"/>
					<Vertex X="50820" Y="30055" Z="0"/>
					<Vertex X="50759" Y="30237" Z="0"/>
					<Vertex X="50759" Y="30297" Z="0"/>
					<Vertex X="50637" Y="30419" Z="0"/>
					<Vertex X="50577" Y="30662" Z="0"/>
					<Vertex X="50455" Y="30783" Z="0"/>
					<Vertex X="50273" Y="30965" Z="0"/>
					<Vertex X="50091" Y="31026" Z="0"/>
					<Vertex X="49909" Y="31208" Z="0"/>
					<Vertex X="49848" Y="31330" Z="0"/>
					<Vertex X="49666" Y="31390" Z="0"/>
					<Vertex X="49484" Y="31512" Z="0"/>
					<Vertex X="49362" Y="31512" Z="0"/>
					<Vertex X="49180" Y="31572" Z="0"/>
					<Vertex X="48998" Y="31572" Z="0"/>
					<Vertex X="48816" Y="31572" Z="0"/>
					<Vertex X="48755" Y="31512" Z="0"/>
					<Vertex X="48573" Y="31512" Z="0"/>
					<Vertex X="48391" Y="31330" Z="0"/>
					<Vertex X="48209" Y="31208" Z="0"/>
					<Vertex X="48087" Y="31147" Z="0"/>
					<Vertex X="47905" Y="30965" Z="0"/>
					<Vertex X="47723" Y="30844" Z="0"/>
					<Vertex X="47541" Y="30783" Z="0"/>
					<Vertex X="47480" Y="30662" Z="0"/>
					<Vertex X="47359" Y="30601" Z="0"/>
					<Vertex X="47298" Y="30480" Z="0"/>
					<Vertex X="47116" Y="30480" Z="0"/>
					<Vertex X="46934" Y="30419" Z="0"/>
					<Vertex X="46752" Y="30419" Z="0"/>
					<Vertex X="46569" Y="30419" Z="0"/>
					<Vertex X="46387" Y="30419" Z="0"/>
					<Vertex X="46205" Y="30419" Z="0"/>
					<Vertex X="46023" Y="30480" Z="0"/>
					<Vertex X="45841" Y="30601" Z="0"/>
					<Vertex X="45659" Y="30662" Z="0"/>
					<Vertex X="45355" Y="30844" Z="0"/>
					<Vertex X="45294" Y="30965" Z="0"/>
					<Vertex X="45112" Y="31147" Z="0"/>
					<Vertex X="44930" Y="31330" Z="0"/>
					<Vertex X="44748" Y="31390" Z="0"/>
					<Vertex X="44626" Y="31572" Z="0"/>
					<Vertex X="44444" Y="31876" Z="0"/>
					<Vertex X="44444" Y="32058" Z="0"/>
					<Vertex X="44384" Y="32119" Z="0"/>
					<Vertex X="44262" Y="32301" Z="0"/>
					<Vertex X="44201" Y="32605" Z="0"/>
					<Vertex X="44201" Y="32847" Z="0"/>
					<Vertex X="44080" Y="33030" Z="0"/>
					<Vertex X="44019" Y="33394" Z="0"/>
					<Vertex X="43898" Y="33576" Z="0"/>
					<Vertex X="43898" Y="33880" Z="0"/>
					<Vertex X="43837" Y="34062" Z="0"/>
					<Vertex X="43716" Y="34305" Z="0"/>
					<Vertex X="43716" Y="34608" Z="0"/>
					<Vertex X="43655" Y="34851" Z="0"/>
					<Vertex X="43576" Y="35032" Z="0"/>
					<Vertex X="43338" Y="36341" Z="0"/>
					<Vertex X="43279" Y="37074" Z="0"/>
					<Vertex X="43259" Y="37431" Z="0"/>
					<Vertex X="43259" Y="37827" Z="0"/>
					<Vertex X="43259" Y="38184" Z="0"/>
					<Vertex X="43279" Y="38502" Z="0"/>
					<Vertex X="43279" Y="38799" Z="0"/>
					<Vertex X="43319" Y="39116" Z="0"/>
					<Vertex X="43378" Y="39394" Z="0"/>
					<Vertex X="43438" Y="39671" Z="0"/>
					<Vertex X="43497" Y="39969" Z="0"/>
					<Vertex X="43576" Y="40207" Z="0"/>
					<Vertex X="43636" Y="40405" Z="0"/>
					<Vertex X="43735" Y="40643" Z="0"/>
					<Vertex X="43814" Y="40920" Z="0"/>
					<Vertex X="43933" Y="41178" Z="0"/>
					<Vertex X="43993" Y="41356" Z="0"/>
					<Vertex X="44151" Y="41575" Z="0"/>
					<Vertex X="44290" Y="41812" Z="0"/>
					<Vertex X="44449" Y="42011" Z="0"/>
					<Vertex X="44627" Y="42249" Z="0"/>
					<Vertex X="44806" Y="42467" Z="0"/>
					<Vertex X="44984" Y="42645" Z="0"/>
					<Vertex X="45162" Y="42824" Z="0"/>
					<Vertex X="45242" Y="42942" Z="0"/>
					<Vertex X="45519" Y="43141" Z="0"/>
					<Vertex X="45698" Y="43260" Z="0"/>
					<Vertex X="45896" Y="43359" Z="0"/>
					<Vertex X="46074" Y="43438" Z="0"/>
					<Vertex X="46253" Y="43498" Z="0"/>
					<Vertex X="46372" Y="43537" Z="0"/>
					<Vertex X="46550" Y="43537" Z="0"/>
					<Vertex X="46768" Y="43557" Z="0"/>
					<Vertex X="46907" Y="43557" Z="0"/>
					<Vertex X="47066" Y="43597" Z="0"/>
					<Vertex X="47244" Y="43656" Z="0"/>
					<Vertex X="47423" Y="43716" Z="0"/>
					<Vertex X="47541" Y="43735" Z="0"/>
					<Vertex X="47680" Y="43835" Z="0"/>
					<Vertex X="47839" Y="43954" Z="0"/>
					<Vertex X="48077" Y="44132" Z="0"/>
					<Vertex X="48216" Y="44310" Z="0"/>
					<Vertex X="48335" Y="44489" Z="0"/>
					<Vertex X="48493" Y="44707" Z="0"/>
					<Vertex X="48632" Y="44905" Z="0"/>
					<Vertex X="48790" Y="45084" Z="0"/>
					<Vertex X="48909" Y="45282" Z="0"/>
					<Vertex X="48989" Y="45500" Z="0"/>
					<Vertex X="49108" Y="45698" Z="0"/>
					<Vertex X="49227" Y="45877" Z="0"/>
					<Vertex X="49326" Y="46055" Z="0"/>
					<Vertex X="49405" Y="46273" Z="0"/>
					<Vertex X="49465" Y="46491" Z="0"/>
					<Vertex X="49524" Y="46689" Z="0"/>
					<Vertex X="49584" Y="46868" Z="0"/>
					<Vertex X="49643" Y="47086" Z="0"/>
					<Vertex X="49643" Y="47225" Z="0"/>
					<Vertex X="49643" Y="47344" Z="0"/>
					<Vertex X="49643" Y="47403" Z="0"/>
					<Vertex X="49584" Y="47522" Z="0"/>
					<Vertex X="49524" Y="47661" Z="0"/>
					<Vertex X="49405" Y="47820" Z="0"/>
					<Vertex X="49286" Y="47998" Z="0"/>
					<Vertex X="49147" Y="48176" Z="0"/>
					<Vertex X="48989" Y="48355" Z="0"/>
					<Vertex X="48850" Y="48593" Z="0"/>
					<Vertex X="48711" Y="48831" Z="0"/>
					<Vertex X="48553" Y="49069" Z="0"/>
					<Vertex X="48434" Y="49306" Z="0"/>
					<Vertex X="48315" Y="49544" Z="0"/>
					<Vertex X="48196" Y="49743" Z="0"/>
					<Vertex X="48136" Y="49842" Z="0"/>
					<Vertex X="48077" Y="50000" Z="0"/>
					<Vertex X="47978" Y="50119" Z="0"/>
					<Vertex X="47898" Y="50218" Z="0"/>
					<Vertex X="47879" Y="50258" Z="0"/>
					<Vertex X="47779" Y="50318" Z="0"/>
					<Vertex X="47680" Y="50337" Z="0"/>
					<Vertex X="47601" Y="50377" Z="0"/>
					<Vertex X="47482" Y="50318" Z="0"/>
					<Vertex X="47363" Y="50298" Z="0"/>
					<Vertex X="47204" Y="50218" Z="0"/>
					<Vertex X="47066" Y="50179" Z="0"/>
					<Vertex X="46907" Y="50040" Z="0"/>
					<Vertex X="46729" Y="50000" Z="0"/>
					<Vertex X="46570" Y="49901" Z="0"/>
					<Vertex X="46372" Y="49842" Z="0"/>
					<Vertex X="46193" Y="49822" Z="0"/>
					<Vertex X="46035" Y="49743" Z="0"/>
					<Vertex X="45817" Y="49683" Z="0"/>
					<Vertex X="45638" Y="49663" Z="0"/>
					<Vertex X="45420" Y="49624" Z="0"/>
					<Vertex X="45242" Y="49604" Z="0"/>
					<Vertex X="45123" Y="49604" Z="0"/>
					<Vertex X="44964" Y="49604" Z="0"/>
					<Vertex X="44766" Y="49604" Z="0"/>
					<Vertex X="44568" Y="49604" Z="0"/>
					<Vertex X="44409" Y="49624" Z="0"/>
					<Vertex X="44231" Y="49663" Z="0"/>
					<Vertex X="44092" Y="49723" Z="0"/>
					<Vertex X="43933" Y="49743" Z="0"/>
					<Vertex X="43814" Y="49782" Z="0"/>
					<Vertex X="43695" Y="49802" Z="0"/>
					<Vertex X="43557" Y="49881" Z="0"/>
					<Vertex X="43398" Y="49921" Z="0"/>
					<Vertex X="43279" Y="49981" Z="0"/>
					<Vertex X="43140" Y="50080" Z="0"/>
					<Vertex X="43041" Y="50139" Z="0"/>
					<Vertex X="42922" Y="50218" Z="0"/>
					<Vertex X="42803" Y="50337" Z="0"/>
					<Vertex X="42783" Y="50437" Z="0"/>
					<Vertex X="42623" Y="50455" Z="0"/>
					<Vertex X="42441" Y="50637" Z="0"/>
					<Vertex X="42198" Y="51002" Z="0"/>
					<Vertex X="42016" Y="51184" Z="0"/>
					<Vertex X="41894" Y="51427" Z="0"/>
					<Vertex X="41712" Y="51730" Z="0"/>
					<Vertex X="41651" Y="51912" Z="0"/>
					<Vertex X="41651" Y="52095" Z="0"/>
					<Vertex X="41530" Y="52155" Z="0"/>
					<Vertex X="41348" Y="52580" Z="0"/>
					<Vertex X="41287" Y="52702" Z="0"/>
					<Vertex X="41226" Y="53005" Z="0"/>
					<Vertex X="41105" Y="53248" Z="0"/>
					<Vertex X="40984" Y="53552" Z="0"/>
					<Vertex X="40923" Y="53795" Z="0"/>
					<Vertex X="40923" Y="53977" Z="0"/>
					<Vertex X="40801" Y="54280" Z="0"/>
					<Vertex X="40801" Y="54584" Z="0"/>
					<Vertex X="40741" Y="54827" Z="0"/>
					<Vertex X="40741" Y="55009" Z="0"/>
					<Vertex X="40619" Y="55373" Z="0"/>
					<Vertex X="40619" Y="55555" Z="0"/>
					<Vertex X="40619" Y="55738" Z="0"/>
					<Vertex X="40619" Y="56102" Z="0"/>
					<Vertex X="40619" Y="56284" Z="0"/>
					<Vertex X="40741" Y="56466" Z="0"/>
					<Vertex X="40741" Y="56830" Z="0"/>
					<Vertex X="40741" Y="57013" Z="0"/>
					<Vertex X="40801" Y="57377" Z="0"/>
					<Vertex X="40923" Y="57559" Z="0"/>
					<Vertex X="40984" Y="57923" Z="0"/>
					<Vertex X="40984" Y="58105" Z="0"/>
					<Vertex X="41226" Y="58409" Z="0"/>
					<Vertex X="41226" Y="58470" Z="0"/>
					<Vertex X="41348" Y="58713" Z="0"/>
					<Vertex X="41469" Y="58834" Z="0"/>
					<Vertex X="41530" Y="59016" Z="0"/>
					<Vertex X="41651" Y="59198" Z="0"/>
					<Vertex X="41712" Y="59320" Z="0"/>
					<Vertex X="41834" Y="59381" Z="0"/>
					<Vertex X="42016" Y="59563" Z="0"/>
					<Vertex X="42198" Y="59623" Z="0"/>
					<Vertex X="42259" Y="59745" Z="0"/>
					<Vertex X="42441" Y="59806" Z="0"/>
					<Vertex X="42623" Y="59927" Z="0"/>
					<Vertex X="42805" Y="59988" Z="0"/>
					<Vertex X="42926" Y="59988" Z="0"/>
					<Vertex X="43109" Y="60109" Z="0"/>
					<Vertex X="43291" Y="60231" Z="0"/>
					<Vertex X="43473" Y="60291" Z="0"/>
					<Vertex X="43534" Y="60291" Z="0"/>
					<Vertex X="43776" Y="60352" Z="0"/>
					<Vertex X="43837" Y="60473" Z="0"/>
					<Vertex X="43898" Y="60473" Z="0"/>
					<Vertex X="44019" Y="60534" Z="0"/>
					<Vertex X="44201" Y="60534" Z="0"/>
					<Vertex X="44262" Y="60656" Z="0"/>
					<Vertex X="44384" Y="60656" Z="0"/>
					<Vertex X="44566" Y="60656" Z="0"/>
					<Vertex X="44626" Y="60777" Z="0"/>
					<Vertex X="44809" Y="60777" Z="0"/>
					<Vertex X="44930" Y="60777" Z="0"/>
					<Vertex X="44991" Y="60777" Z="0"/>
					<Vertex X="45112" Y="60838" Z="0"/>
					<Vertex X="45173" Y="60838" Z="0"/>
					<Vertex X="45294" Y="60838" Z="0"/>
					<Vertex X="45416" Y="60838" Z="0"/>
					<Vertex X="45477" Y="60898" Z="0"/>
					<Vertex X="45537" Y="60898" Z="0"/>
					<Vertex X="45659" Y="60898" Z="0"/>
					<Vertex X="45719" Y="60898" Z="0"/>
					<Vertex X="45841" Y="60898" Z="0"/>
					<Vertex X="45902" Y="60898" Z="0"/>
					<Vertex X="46023" Y="60898" Z="0"/>
					<Vertex X="46084" Y="60898" Z="0"/>
					<Vertex X="46084" Y="61020" Z="0"/>
					<Vertex X="46205" Y="61020" Z="0"/>
					<Vertex X="46327" Y="61020" Z="0"/>
					<Vertex X="46387" Y="61020" Z="0"/>
					<Vertex X="46448" Y="61020" Z="0"/>
					<Vertex X="46630" Y="61020" Z="0"/>
					<Vertex X="46752" Y="61020" Z="0"/>
					<Vertex X="46812" Y="61020" Z="0"/>
					<Vertex X="46934" Y="61141" Z="0"/>
					<Vertex X="47055" Y="61141" Z="0"/>
					<Vertex X="47116" Y="61141" Z="0"/>
					<Vertex X="47177" Y="61202" Z="0"/>
					<Vertex X="47298" Y="61202" Z="0"/>
					<Vertex X="47359" Y="61323" Z="0"/>
					<Vertex X="47359" Y="61384" Z="0"/>
					<Vertex X="47480" Y="61445" Z="0"/>
					<Vertex X="47480" Y="61566" Z="0"/>
					<Vertex X="47480" Y="61748" Z="0"/>
					<Vertex X="47480" Y="61809" Z="0"/>
					<Vertex X="47480" Y="61931" Z="0"/>
					<Vertex X="47480" Y="62052" Z="0"/>
					<Vertex X="47359" Y="62113" Z="0"/>
					<Vertex X="47298" Y="62234" Z="0"/>
					<Vertex X="47177" Y="62295" Z="0"/>
					<Vertex X="47116" Y="62356" Z="0"/>
					<Vertex X="47055" Y="62356" Z="0"/>
					<Vertex X="46934" Y="62477" Z="0"/>
					<Vertex X="46752" Y="62538" Z="0"/>
					<Vertex X="46569" Y="62538" Z="0"/>
					<Vertex X="46448" Y="62538" Z="0"/>
					<Vertex X="46205" Y="62538" Z="0"/>
					<Vertex X="46023" Y="62538" Z="0"/>
					<Vertex X="45719" Y="62538" Z="0"/>
					<Vertex X="45659" Y="62538" Z="0"/>
					<Vertex X="45477" Y="62659" Z="0"/>
					<Vertex X="45416" Y="62659" Z="0"/>
					<Vertex X="45173" Y="62720" Z="0"/>
					<Vertex X="44991" Y="62841" Z="0"/>
					<Vertex X="44809" Y="63023" Z="0"/>
					<Vertex X="44626" Y="63084" Z="0"/>
					<Vertex X="44444" Y="63266" Z="0"/>
					<Vertex X="44262" Y="63448" Z="0"/>
					<Vertex X="44080" Y="63631" Z="0"/>
					<Vertex X="44019" Y="63752" Z="0"/>
					<Vertex X="43837" Y="63934" Z="0"/>
					<Vertex X="43776" Y="64116" Z="0"/>
					<Vertex X="43655" Y="64299" Z="0"/>
					<Vertex X="43534" Y="64481" Z="0"/>
					<Vertex X="43534" Y="64663" Z="0"/>
					<Vertex X="43473" Y="64845" Z="0"/>
					<Vertex X="43473" Y="64966" Z="0"/>
					<Vertex X="43473" Y="65088" Z="0"/>
					<Vertex X="43473" Y="65331" Z="0"/>
					<Vertex X="43351" Y="65391" Z="0"/>
					<Vertex X="43351" Y="65695" Z="0"/>
					<Vertex X="43351" Y="65877" Z="0"/>
					<Vertex X="43473" Y="65938" Z="0"/>
					<Vertex X="43473" Y="66120" Z="0"/>
					<Vertex X="43534" Y="66302" Z="0"/>
					<Vertex X="43776" Y="66484" Z="0"/>
					<Vertex X="43776" Y="66606" Z="0"/>
					<Vertex X="43898" Y="66788" Z="0"/>
					<Vertex X="44019" Y="66909" Z="0"/>
					<Vertex X="44201" Y="67091" Z="0"/>
					<Vertex X="44384" Y="67274" Z="0"/>
					<Vertex X="44444" Y="67516" Z="0"/>
					<Vertex X="44566" Y="67577" Z="0"/>
					<Vertex X="44626" Y="67820" Z="0"/>
					<Vertex X="44626" Y="68002" Z="0"/>
					<Vertex X="44748" Y="68184" Z="0"/>
					<Vertex X="44748" Y="68427" Z="0"/>
					<Vertex X="44748" Y="68549" Z="0"/>
					<Vertex X="44748" Y="68731" Z="0"/>
					<Vertex X="44748" Y="68913" Z="0"/>
					<Vertex X="44748" Y="69095" Z="0"/>
					<Vertex X="44626" Y="69217" Z="0"/>
					<Vertex X="44566" Y="69399" Z="0"/>
					<Vertex X="44444" Y="69459" Z="0"/>
					<Vertex X="44384" Y="69581" Z="0"/>
					<Vertex X="44201" Y="69581" Z="0"/>
					<Vertex X="44019" Y="69642" Z="0"/>
					<Vertex X="43837" Y="69642" Z="0"/>
					<Vertex X="43655" Y="69581" Z="0"/>
					<Vertex X="43473" Y="69459" Z="0"/>
					<Vertex X="43291" Y="69399" Z="0"/>
					<Vertex X="43169" Y="69338" Z="0"/>
					<Vertex X="42987" Y="69095" Z="0"/>
					<Vertex X="42926" Y="69034" Z="0"/>
					<Vertex X="42744" Y="68731" Z="0"/>
					<Vertex X="42623" Y="68670" Z="0"/>
					<Vertex X="42562" Y="68549" Z="0"/>
					<Vertex X="42441" Y="68427" Z="0"/>
					<Vertex X="42259" Y="68306" Z="0"/>
					<Vertex X="42198" Y="68124" Z="0"/>
					<Vertex X="42137" Y="68002" Z="0"/>
					<Vertex X="41894" Y="67759" Z="0"/>
					<Vertex X="41834" Y="67638" Z="0"/>
					<Vertex X="41651" Y="67577" Z="0"/>
					<Vertex X="41469" Y="67516" Z="0"/>
					<Vertex X="41348" Y="67395" Z="0"/>
					<Vertex X="41226" Y="67213" Z="0"/>
					<Vertex X="40984" Y="67091" Z="0"/>
					<Vertex X="40741" Y="67031" Z="0"/>
					<Vertex X="40558" Y="66909" Z="0"/>
					<Vertex X="40376" Y="66909" Z="0"/>
					<Vertex X="40194" Y="66849" Z="0"/>
					<Vertex X="39891" Y="66788" Z="0"/>
					<Vertex X="39830" Y="66788" Z="0"/>
					<Vertex X="39648" Y="66666" Z="0"/>
					<Vertex X="39344" Y="66606" Z="0"/>
					<Vertex X="39283" Y="66606" Z="0"/>
					<Vertex X="39101" Y="66484" Z="0"/>
					<Vertex X="38919" Y="66363" Z="0"/>
					<Vertex X="38616" Y="66363" Z="0"/>
					<Vertex X="38555" Y="66302" Z="0"/>
					<Vertex X="38373" Y="66302" Z="0"/>
					<Vertex X="38191" Y="66302" Z="0"/>
					<Vertex X="38008" Y="66302" Z="0"/>
					<Vertex X="37948" Y="66302" Z="0"/>
					<Vertex X="37705" Y="66363" Z="0"/>
					<Vertex X="37644" Y="66363" Z="0"/>
					<Vertex X="37523" Y="66363" Z="0"/>
					<Vertex X="37341" Y="66363" Z="0"/>
					<Vertex X="37219" Y="66363" Z="0"/>
					<Vertex X="36916" Y="66302" Z="0"/>
					<Vertex X="36733" Y="66181" Z="0"/>
					<Vertex X="36551" Y="66120" Z="0"/>
					<Vertex X="36369" Y="65999" Z="0"/>
					<Vertex X="36308" Y="65999" Z="0"/>
					<Vertex X="36065" Y="65938" Z="0"/>
					<Vertex X="35883" Y="65877" Z="0"/>
					<Vertex X="35701" Y="65877" Z="0"/>
					<Vertex X="35640" Y="65877" Z="0"/>
					<Vertex X="35458" Y="65877" Z="0"/>
					<Vertex X="35155" Y="65938" Z="0"/>
					<Vertex X="35094" Y="65938" Z="0"/>
					<Vertex X="34912" Y="66120" Z="0"/>
					<Vertex X="34730" Y="66181" Z="0"/>
					<Vertex X="34548" Y="66302" Z="0"/>
					<Vertex X="34426" Y="66484" Z="0"/>
					<Vertex X="31694" Y="69763" Z="0"/>
					<Vertex X="31633" Y="70127" Z="0"/>
					<Vertex X="31633" Y="70249" Z="0"/>
					<Vertex X="31512" Y="70370" Z="0"/>
					<Vertex X="31512" Y="70492" Z="0"/>
					<Vertex X="31451" Y="70552" Z="0"/>
					<Vertex X="31451" Y="70674" Z="0"/>
					<Vertex X="31451" Y="70734" Z="0"/>
					<Vertex X="31390" Y="70856" Z="0"/>
					<Vertex X="31390" Y="70917" Z="0"/>
					<Vertex X="31269" Y="70917" Z="0"/>
					<Vertex X="31147" Y="71038" Z="0"/>
					<Vertex X="31147" Y="71159" Z="0"/>
					<Vertex X="31087" Y="71220" Z="0"/>
					<Vertex X="30965" Y="71220" Z="0"/>
					<Vertex X="30965" Y="71281" Z="0"/>
					<Vertex X="30905" Y="71281" Z="0"/>
					<Vertex X="30783" Y="71463" Z="0"/>
					<Vertex X="30722" Y="71767" Z="0"/>
					<Vertex X="30662" Y="71827" Z="0"/>
					<Vertex X="30662" Y="71949" Z="0"/>
					<Vertex X="30540" Y="72070" Z="0"/>
					<Vertex X="30540" Y="72131" Z="0"/>
					<Vertex X="30419" Y="72131" Z="0"/>
					<Vertex X="30237" Y="72192" Z="0"/>
					<Vertex X="30176" Y="72313" Z="0"/>
					<Vertex X="29994" Y="72313" Z="0"/>
					<Vertex X="29812" Y="72313" Z="0"/>
					<Vertex X="29690" Y="72192" Z="0"/>
					<Vertex X="29508" Y="72131" Z="0"/>
					<Vertex X="29326" Y="71949" Z="0"/>
					<Vertex X="29144" Y="71645" Z="0"/>
					<Vertex X="29022" Y="71463" Z="0"/>
					<Vertex X="29022" Y="71281" Z="0"/>
					<Vertex X="28901" Y="71159" Z="0"/>
					<Vertex X="28780" Y="70856" Z="0"/>
					<Vertex X="28719" Y="70552" Z="0"/>
					<Vertex X="28597" Y="70309" Z="0"/>
					<Vertex X="28537" Y="70127" Z="0"/>
					<Vertex X="28537" Y="69945" Z="0"/>
					<Vertex X="28355" Y="69763" Z="0"/>
					<Vertex X="28233" Y="69581" Z="0"/>
					<Vertex X="28172" Y="69459" Z="0"/>
					<Vertex X="28051" Y="69338" Z="0"/>
					<Vertex X="27869" Y="69217" Z="0"/>
					<Vertex X="27808" Y="69034" Z="0"/>
					<Vertex X="27687" Y="68913" Z="0"/>
					<Vertex X="27626" Y="68731" Z="0"/>
					<Vertex X="27504" Y="68670" Z="0"/>
					<Vertex X="27383" Y="68488" Z="0"/>
					<Vertex X="27262" Y="68306" Z="0"/>
					<Vertex X="27079" Y="68184" Z="0"/>
					<Vertex X="26897" Y="68124" Z="0"/>
					<Vertex X="26715" Y="67941" Z="0"/>
					<Vertex X="26533" Y="67820" Z="0"/>
					<Vertex X="26351" Y="67759" Z="0"/>
					<Vertex X="26229" Y="67759" Z="0"/>
					<Vertex X="25987" Y="67638" Z="0"/>
					<Vertex X="25865" Y="67638" Z="0"/>
					<Vertex X="25744" Y="67638" Z="0"/>
					<Vertex X="25440" Y="67638" Z="0"/>
					<Vertex X="25258" Y="67638" Z="0"/>
					<Vertex X="25076" Y="67638" Z="0"/>
					<Vertex X="24772" Y="67638" Z="0"/>
					<Vertex X="24529" Y="67638" Z="0"/>
					<Vertex X="24347" Y="67638" Z="0"/>
					<Vertex X="24165" Y="67638" Z="0"/>
					<Vertex X="23983" Y="67638" Z="0"/>
					<Vertex X="23679" Y="67759" Z="0"/>
					<Vertex X="23619" Y="67820" Z="0"/>
					<Vertex X="23437" Y="67941" Z="0"/>
					<Vertex X="23315" Y="68002" Z="0"/>
					<Vertex X="23254" Y="68184" Z="0"/>
					<Vertex X="23194" Y="68427" Z="0"/>
					<Vertex X="23072" Y="68549" Z="0"/>
					<Vertex X="22951" Y="68852" Z="0"/>
					<Vertex X="22769" Y="69095" Z="0"/>
					<Vertex X="22708" Y="69399" Z="0"/>
					<Vertex X="22708" Y="69581" Z="0"/>
					<Vertex X="22586" Y="69824" Z="0"/>
					<Vertex X="22526" Y="70127" Z="0"/>
					<Vertex X="22526" Y="70370" Z="0"/>
					<Vertex X="22404" Y="70674" Z="0"/>
					<Vertex X="22404" Y="70917" Z="0"/>
					<Vertex X="22526" Y="71220" Z="0"/>
					<Vertex X="22526" Y="71281" Z="0"/>
					<Vertex X="22526" Y="71584" Z="0"/>
					<Vertex X="22586" Y="71767" Z="0"/>
					<Vertex X="22708" Y="72070" Z="0"/>
					<Vertex X="22769" Y="72192" Z="0"/>
					<Vertex X="22890" Y="72495" Z="0"/>
					<Vertex X="22951" Y="72738" Z="0"/>
					<Vertex X="23072" Y="72981" Z="0"/>
					<Vertex X="23072" Y="73102" Z="0"/>
					<Vertex X="23194" Y="73285" Z="0"/>
					<Vertex X="23194" Y="73467" Z="0"/>
					<Vertex X="23254" Y="73588" Z="0"/>
					<Vertex X="23254" Y="73770" Z="0"/>
					<Vertex X="23315" Y="73892" Z="0"/>
					<Vertex X="23437" Y="73952" Z="0"/>
					<Vertex X="23497" Y="74135" Z="0"/>
					<Vertex X="23679" Y="74317" Z="0"/>
					<Vertex X="23679" Y="74499" Z="0"/>
					<Vertex X="23801" Y="74681" Z="0"/>
					<Vertex X="23801" Y="74802" Z="0"/>
					<Vertex X="23801" Y="74924" Z="0"/>
					<Vertex X="23679" Y="75045" Z="0"/>
					<Vertex X="23679" Y="75227" Z="0"/>
					<Vertex X="23497" Y="75288" Z="0"/>
					<Vertex X="23437" Y="75470" Z="0"/>
					<Vertex X="23254" Y="75592" Z="0"/>
					<Vertex X="23194" Y="75713" Z="0"/>
					<Vertex X="22951" Y="75835" Z="0"/>
					<Vertex X="22890" Y="76017" Z="0"/>
					<Vertex X="22708" Y="76199" Z="0"/>
					<Vertex X="22526" Y="76502" Z="0"/>
					<Vertex X="22404" Y="76563" Z="0"/>
					<Vertex X="22222" Y="76745" Z="0"/>
					<Vertex X="22161" Y="76928" Z="0"/>
					<Vertex X="22040" Y="77049" Z="0"/>
					<Vertex X="21979" Y="77231" Z="0"/>
					<Vertex X="21797" Y="77535" Z="0"/>
					<Vertex X="21676" Y="77656" Z="0"/>
					<Vertex X="21554" Y="77960" Z="0"/>
					<Vertex X="21433" Y="78203" Z="0"/>
					<Vertex X="21251" Y="78567" Z="0"/>
					<Vertex X="21069" Y="78870" Z="0"/>
					<Vertex X="20947" Y="79113" Z="0"/>
					<Vertex X="20886" Y="79295" Z="0"/>
					<Vertex X="20704" Y="79478" Z="0"/>
					<Vertex X="20522" Y="79660" Z="0"/>
					<Vertex X="20340" Y="79963" Z="0"/>
					<Vertex X="20158" Y="80328" Z="0"/>
					<Vertex X="19976" Y="80570" Z="0"/>
					<Vertex X="19794" Y="80874" Z="0"/>
					<Vertex X="19611" Y="81056" Z="0"/>
					<Vertex X="19490" Y="81299" Z="0"/>
					<Vertex X="19429" Y="81481" Z="0"/>
					<Vertex X="19429" Y="81603" Z="0"/>
					<Vertex X="19429" Y="81785" Z="0"/>
					<Vertex X="19308" Y="81967" Z="0"/>
					<Vertex X="19308" Y="82028" Z="0"/>
					<Vertex X="19308" Y="82210" Z="0"/>
					<Vertex X="19308" Y="82392" Z="0"/>
					<Vertex X="19308" Y="82696" Z="0"/>
					<Vertex X="19429" Y="82878" Z="0"/>
					<Vertex X="19490" Y="83060" Z="0"/>
					<Vertex X="19611" Y="83242" Z="0"/>
					<Vertex X="19672" Y="83424" Z="0"/>
					<Vertex X="19915" Y="83606" Z="0"/>
					<Vertex X="19976" Y="83788" Z="0"/>
					<Vertex X="20158" Y="83971" Z="0"/>
					<Vertex X="20340" Y="84031" Z="0"/>
					<Vertex X="20522" Y="84031" Z="0"/>
					<Vertex X="20765" Y="84153" Z="0"/>
					<Vertex X="21129" Y="84031" Z="0"/>
					<Vertex X="21554" Y="83849" Z="0"/>
					<Vertex X="21858" Y="83667" Z="0"/>
					<Vertex X="22222" Y="83485" Z="0"/>
					<Vertex X="22526" Y="83303" Z="0"/>
					<Vertex X="22769" Y="83060" Z="0"/>
					<Vertex X="23194" Y="82756" Z="0"/>
					<Vertex X="23437" Y="82574" Z="0"/>
					<Vertex X="24529" Y="82149" Z="0"/>
					<Vertex X="24894" Y="82149" Z="0"/>
					<Vertex X="25258" Y="82210" Z="0"/>
					<Vertex X="25501" Y="82392" Z="0"/>
					<Vertex X="25987" Y="82513" Z="0"/>
					<Vertex X="26229" Y="82574" Z="0"/>
					<Vertex X="26897" Y="82696" Z="0"/>
					<Vertex X="27383" Y="82696" Z="0"/>
					<Vertex X="27808" Y="82696" Z="0"/>
					<Vertex X="28233" Y="82696" Z="0"/>
					<Vertex X="28719" Y="82513" Z="0"/>
					<Vertex X="29083" Y="82331" Z="0"/>
					<Vertex X="29326" Y="82028" Z="0"/>
					<Vertex X="29690" Y="81846" Z="0"/>
					<Vertex X="29994" Y="81603" Z="0"/>
					<Vertex X="30176" Y="81481" Z="0"/>
					<Vertex X="30419" Y="81299" Z="0"/>
					<Vertex X="30722" Y="81238" Z="0"/>
					<Vertex X="30965" Y="81056" Z="0"/>
					<Vertex X="31269" Y="81056" Z="0"/>
					<Vertex X="31512" Y="81056" Z="0"/>
					<Vertex X="31876" Y="81056" Z="0"/>
					<Vertex X="32058" Y="81056" Z="0"/>
					<Vertex X="32544" Y="81056" Z="0"/>
					<Vertex X="32787" Y="81056" Z="0"/>
					<Vertex X="33151" Y="80935" Z="0"/>
					<Vertex X="33455" Y="80874" Z="0"/>
					<Vertex X="33698" Y="80753" Z="0"/>
					<Vertex X="34001" Y="80692" Z="0"/>
					<Vertex X="34365" Y="80570" Z="0"/>
					<Vertex X="34669" Y="80570" Z="0"/>
					<Vertex X="35094" Y="80570" Z="0"/>
					<Vertex X="35458" Y="80570" Z="0"/>
					<Vertex X="35823" Y="80570" Z="0"/>
					<Vertex X="36065" Y="80692" Z="0"/>
					<Vertex X="36430" Y="80753" Z="0"/>
					<Vertex X="36916" Y="80874" Z="0"/>
					<Vertex X="37280" Y="80874" Z="0"/>
					<Vertex X="37644" Y="80935" Z="0"/>
					<Vertex X="37948" Y="81056" Z="0"/>
					<Vertex X="38251" Y="81117" Z="0"/>
					<Vertex X="38616" Y="81238" Z="0"/>
					<Vertex X="38919" Y="81299" Z="0"/>
					<Vertex X="39283" Y="81421" Z="0"/>
					<Vertex X="39648" Y="81481" Z="0"/>
					<Vertex X="39891" Y="81846" Z="0"/>
					<Vertex X="39891" Y="82331" Z="0"/>
					<Vertex X="39891" Y="82756" Z="0"/>
					<Vertex X="39830" Y="83242" Z="0"/>
					<Vertex X="39891" Y="83303" Z="0"/>
					<Vertex X="39891" Y="83485" Z="0"/>
					<Vertex X="40073" Y="83606" Z="0"/>
					<Vertex X="40194" Y="83667" Z="0"/>
					<Vertex X="40376" Y="83788" Z="0"/>
					<Vertex X="40619" Y="83849" Z="0"/>
					<Vertex X="40923" Y="83849" Z="0"/>
					<Vertex X="41226" Y="83849" Z="0"/>
					<Vertex X="41651" Y="83849" Z="0"/>
					<Vertex X="41894" Y="83788" Z="0"/>
					<Vertex X="42259" Y="83667" Z="0"/>
					<Vertex X="42562" Y="83606" Z="0"/>
					<Vertex X="42805" Y="83485" Z="0"/>
					<Vertex X="43109" Y="83424" Z="0"/>
					<Vertex X="43351" Y="83303" Z="0"/>
					<Vertex X="43534" Y="83242" Z="0"/>
					<Vertex X="43776" Y="83121" Z="0"/>
					<Vertex X="43898" Y="83060" Z="0"/>
					<Vertex X="44201" Y="82756" Z="0"/>
					<Vertex X="44384" Y="82574" Z="0"/>
					<Vertex X="44444" Y="82392" Z="0"/>
					<Vertex X="44566" Y="82331" Z="0"/>
					<Vertex X="44748" Y="82149" Z="0"/>
					<Vertex X="44930" Y="82028" Z="0"/>
					<Vertex X="45112" Y="81846" Z="0"/>
					<Vertex X="45294" Y="81785" Z="0"/>
					<Vertex X="45477" Y="81663" Z="0"/>
					<Vertex X="45841" Y="81663" Z="0"/>
					<Vertex X="46084" Y="81603" Z="0"/>
					<Vertex X="46387" Y="81663" Z="0"/>
					<Vertex X="46630" Y="81663" Z="0"/>
					<Vertex X="47055" Y="81663" Z="0"/>
					<Vertex X="47359" Y="81663" Z="0"/>
					<Vertex X="47662" Y="81663" Z="0"/>
					<Vertex X="47966" Y="81663" Z="0"/>
					<Vertex X="48269" Y="81603" Z="0"/>
					<Vertex X="48573" Y="81481" Z="0"/>
					<Vertex X="48937" Y="81299" Z="0"/>
					<Vertex X="49180" Y="81238" Z="0"/>
					<Vertex X="49484" Y="81056" Z="0"/>
					<Vertex X="49666" Y="80874" Z="0"/>
					<Vertex X="49848" Y="80874" Z="0"/>
					<Vertex X="50030" Y="80753" Z="0"/>
					<Vertex X="50334" Y="80753" Z="0"/>
					<Vertex X="50637" Y="80753" Z="0"/>
					<Vertex X="51245" Y="80692" Z="0"/>
					<Vertex X="51609" Y="80692" Z="0"/>
					<Vertex X="52034" Y="80692" Z="0"/>
					<Vertex X="52520" Y="80692" Z="0"/>
					<Vertex X="52884" Y="80570" Z="0"/>
					<Vertex X="53248" Y="80510" Z="0"/>
					<Vertex X="53612" Y="80388" Z="0"/>
					<Vertex X="54159" Y="80267" Z="0"/>
					<Vertex X="54402" Y="80024" Z="0"/>
					<Vertex X="54766" Y="79781" Z="0"/>
					<Vertex X="55009" Y="79599" Z="0"/>
					<Vertex X="55434" Y="79295" Z="0"/>
					<Vertex X="55616" Y="79113" Z="0"/>
					<Vertex X="55859" Y="78931" Z="0"/>
					<Vertex X="56163" Y="78749" Z="0"/>
					<Vertex X="56527" Y="78688" Z="0"/>
					<Vertex X="56952" Y="78506" Z="0"/>
					<Vertex X="57438" Y="78385" Z="0"/>
					<Vertex X="57863" Y="78324" Z="0"/>
					<Vertex X="58409" Y="78142" Z="0"/>
					<Vertex X="59138" Y="78020" Z="0"/>
					<Vertex X="59623" Y="77960" Z="0"/>
					<Vertex X="60109" Y="77960" Z="0"/>
					<Vertex X="60716" Y="77838" Z="0"/>
					<Vertex X="61323" Y="77778" Z="0"/>
					<Vertex X="62052" Y="77778" Z="0"/>
					<Vertex X="62598" Y="77778" Z="0"/>
					<Vertex X="63145" Y="77778" Z="0"/>
					<Vertex X="63691" Y="77778" Z="0"/>
					<Vertex X="64056" Y="77838" Z="0"/>
					<Vertex X="64420" Y="78020" Z="0"/>
					<Vertex X="64845" Y="78142" Z="0"/>
					<Vertex X="65149" Y="78203" Z="0"/>
					<Vertex X="65634" Y="78324" Z="0"/>
					<Vertex X="66241" Y="78385" Z="0"/>
					<Vertex X="66788" Y="78385" Z="0"/>
					<Vertex X="67274" Y="78324" Z="0"/>
					<Vertex X="67820" Y="78142" Z="0"/>
					<Vertex X="68245" Y="78020" Z="0"/>
					<Vertex X="68792" Y="77838" Z="0"/>
					<Vertex X="69156" Y="77778" Z="0"/>
					<Vertex X="69459" Y="77595" Z="0"/>
					<Vertex X="69763" Y="77595" Z="0"/>
					<Vertex X="70067" Y="77535" Z="0"/>
					<Vertex X="70370" Y="77535" Z="0"/>
					<Vertex X="70613" Y="77535" Z="0"/>
					<Vertex X="71099" Y="77413" Z="0"/>
					<Vertex X="71402" Y="77413" Z="0"/>
					<Vertex X="71888" Y="77292" Z="0"/>
					<Vertex X="72374" Y="77292" Z="0"/>
					<Vertex X="72799" Y="77292" Z="0"/>
					<Vertex X="73224" Y="77292" Z="0"/>
					<Vertex X="73710" Y="77292" Z="0"/>
					<Vertex X="74074" Y="77413" Z="0"/>
					<Vertex X="74620" Y="77535" Z="0"/>
					<Vertex X="75106" Y="77595" Z="0"/>
					<Vertex X="75470" Y="77656" Z="0"/>
					<Vertex X="76078" Y="77656" Z="0"/>
					<Vertex X="76624" Y="77778" Z="0"/>
					<Vertex X="77170" Y="77778" Z="0"/>
					<Vertex X="77656" Y="77838" Z="0"/>
					<Vertex X="78142" Y="77778" Z="0"/>
					<Vertex X="78567" Y="77778" Z="0"/>
					<Vertex X="79053" Y="77778" Z="0"/>
					<Vertex X="79478" Y="77778" Z="0"/>
					<Vertex X="79963" Y="77778" Z="0"/>
					<Vertex X="80267" Y="77778" Z="0"/>
					<Vertex X="80631" Y="77778" Z="0"/>
					<Vertex X="81117" Y="77838" Z="0"/>
					<Vertex X="81542" Y="77838" Z="0"/>
					<Vertex X="82210" Y="77838" Z="0"/>
					<Vertex X="82635" Y="77838" Z="0"/>
					<Vertex X="83363" Y="77838" Z="0"/>
					<Vertex X="83849" Y="77838" Z="0"/>
					<Vertex X="84517" Y="77838" Z="0"/>
					<Vertex X="85124" Y="77838" Z="0"/>
					<Vertex X="85610" Y="77960" Z="0"/>
					<Vertex X="86460" Y="77838" Z="0"/>
					<Vertex X="87006" Y="77838" Z="0"/>
					<Vertex X="87674" Y="77838" Z="0"/>
					<Vertex X="88160" Y="77778" Z="0"/>
					<Vertex X="88646" Y="77778" Z="0"/>
					<Vertex X="89010" Y="77778" Z="0"/>
					<Vertex X="89557" Y="77656" Z="0"/>
					<Vertex X="89921" Y="77595" Z="0"/>
					<Vertex X="90224" Y="77595" Z="0"/>
					<Vertex X="90589" Y="77535" Z="0"/>
					<Vertex X="91074" Y="77413" Z="0"/>
					<Vertex X="91439" Y="77292" Z="0"/>
					<Vertex X="91864" Y="77231" Z="0"/>
					<Vertex X="92228" Y="77231" Z="0"/>
					<Vertex X="92835" Y="77110" Z="0"/>
					<Vertex X="93260" Y="77110" Z="0"/>
					<Vertex X="93746" Y="77110" Z="0"/>
					<Vertex X="94353" Y="77049" Z="0"/>
					<Vertex X="94839" Y="77049" Z="0"/>
					<Vertex X="95203" Y="77049" Z="0"/>
					<Vertex X="95750" Y="77049" Z="0"/>
					<Vertex X="96114" Y="77049" Z="0"/>
					<Vertex X="96539" Y="77049" Z="0"/>
					<Vertex X="97025" Y="76928" Z="0"/>
					<Vertex X="97571" Y="76928" Z="0"/>
					<Vertex X="97996" Y="76928" Z="0"/>
					<Vertex X="98482" Y="76867" Z="0"/>
					<Vertex X="99089" Y="76867" Z="0"/>
					<Vertex X="99575" Y="76867" Z="0"/>
					<Vertex X="100000" Y="76745" Z="0"/>
					<Vertex X="100364" Y="76745" Z="0"/>
					<Vertex X="100910" Y="76685" Z="0"/>
					<Vertex X="101396" Y="76685" Z="0"/>
					<Vertex X="101943" Y="76685" Z="0"/>
					<Vertex X="102307" Y="76685" Z="0"/>
					<Vertex X="102732" Y="76563" Z="0"/>
					<Vertex X="103218" Y="76563" Z="0"/>
					<Vertex X="103764" Y="76502" Z="0"/>
					<Vertex X="104189" Y="76502" Z="0"/>
					<Vertex X="104857" Y="76381" Z="0"/>
					<Vertex X="105282" Y="76381" Z="0"/>
					<Vertex X="105768" Y="76381" Z="0"/>
					<Vertex X="106132" Y="76320" Z="0"/>
					<Vertex X="106496" Y="76199" Z="0"/>
					<Vertex X="106739" Y="76199" Z="0"/>
					<Vertex X="106921" Y="76138" Z="0"/>
					<Vertex X="107104" Y="76138" Z="0"/>
					<Vertex X="107225" Y="76017" Z="0"/>
					<Vertex X="107286" Y="76017" Z="0"/>
					<Vertex X="107468" Y="75956" Z="0"/>
					<Vertex X="107771" Y="75835" Z="0"/>
					<Vertex X="108014" Y="75835" Z="0"/>
					<Vertex X="108318" Y="75774" Z="0"/>
					<Vertex X="108743" Y="75592" Z="0"/>
					<Vertex X="109046" Y="75470" Z="0"/>
					<Vertex X="109289" Y="75410" Z="0"/>
					<Vertex X="109654" Y="75227" Z="0"/>
					<Vertex X="109957" Y="75227" Z="0"/>
					<Vertex X="110139" Y="75106" Z="0"/>
					<Vertex X="110200" Y="75045" Z="0"/>
					<Vertex X="110321" Y="75045" Z="0"/>
					<Vertex X="110382" Y="75045" Z="0"/>
					<Vertex X="110504" Y="74924" Z="0"/>
					<Vertex X="110564" Y="74924" Z="0"/>
					<Vertex X="110686" Y="74924" Z="0"/>
					<Vertex X="110746" Y="74863" Z="0"/>
					<Vertex X="110868" Y="74863" Z="0"/>
					<Vertex X="111050" Y="74802" Z="0"/>
					<Vertex X="111111" Y="74681" Z="0"/>
					<Vertex X="111232" Y="74681" Z="0"/>
					<Vertex X="111293" Y="74560" Z="0"/>
					<Vertex X="111414" Y="74560" Z="0"/>
					<Vertex X="111597" Y="74560" Z="0"/>
					<Vertex X="111779" Y="74499" Z="0"/>
					<Vertex X="111839" Y="74377" Z="0"/>
					<Vertex X="111961" Y="74317" Z="0"/>
					<Vertex X="112022" Y="74317" Z="0"/>
					<Vertex X="112022" Y="74195" Z="0"/>
					<Vertex X="112143" Y="74013" Z="0"/>
					<Vertex X="112204" Y="73952" Z="0"/>
					<Vertex X="112204" Y="73770" Z="0"/>
					<Vertex X="112204" Y="73649" Z="0"/>
					<Vertex X="112204" Y="73467" Z="0"/>
					<Vertex X="112204" Y="73285" Z="0"/>
					<Vertex X="112204" Y="73224" Z="0"/>
					<Vertex X="112204" Y="73042" Z="0"/>
					<Vertex X="112143" Y="72981" Z="0"/>
					<Vertex X="112143" Y="72860" Z="0"/>
					<Vertex X="112022" Y="72677" Z="0"/>
					<Vertex X="112022" Y="72556" Z="0"/>
					<Vertex X="111961" Y="72495" Z="0"/>
					<Vertex X="111839" Y="72374" Z="0"/>
					<Vertex X="111839" Y="72313" Z="0"/>
					<Vertex X="111657" Y="72131" Z="0"/>
					<Vertex X="111597" Y="71949" Z="0"/>
					<Vertex X="111475" Y="71767" Z="0"/>
					<Vertex X="111414" Y="71584" Z="0"/>
					<Vertex X="111232" Y="71402" Z="0"/>
					<Vertex X="111111" Y="71220" Z="0"/>
					<Vertex X="110929" Y="71038" Z="0"/>
					<Vertex X="110746" Y="70856" Z="0"/>
					<Vertex X="110564" Y="70674" Z="0"/>
					<Vertex X="110382" Y="70492" Z="0"/>
					<Vertex X="110200" Y="70309" Z="0"/>
					<Vertex X="109957" Y="70127" Z="0"/>
					<Vertex X="109654" Y="69945" Z="0"/>
					<Vertex X="109471" Y="69824" Z="0"/>
					<Vertex X="109229" Y="69642" Z="0"/>
					<Vertex X="108864" Y="69581" Z="0"/>
					<Vertex X="108379" Y="69399" Z="0"/>
					<Vertex X="107954" Y="69217" Z="0"/>
					<Vertex X="107589" Y="69095" Z="0"/>
					<Vertex X="107104" Y="68913" Z="0"/>
					<Vertex X="106678" Y="68731" Z="0"/>
					<Vertex X="106011" Y="68670" Z="0"/>
					<Vertex X="105646" Y="68488" Z="0"/>
					<Vertex X="105100" Y="68306" Z="0"/>
					<Vertex X="104736" Y="68184" Z="0"/>
					<Vertex X="104189" Y="68002" Z="0"/>
					<Vertex X="103764" Y="67820" Z="0"/>
					<Vertex X="103278" Y="67759" Z="0"/>
					<Vertex X="102732" Y="67638" Z="0"/>
					<Vertex X="102368" Y="67577" Z="0"/>
					<Vertex X="101760" Y="67577" Z="0"/>
					<Vertex X="101396" Y="67516" Z="0"/>
					<Vertex X="100850" Y="67516" Z="0"/>
					<Vertex X="100303" Y="67516" Z="0"/>
					<Vertex X="99757" Y="67516" Z="0"/>
					<Vertex X="99453" Y="67516" Z="0"/>
					<Vertex X="99028" Y="67395" Z="0"/>
					<Vertex X="98664" Y="67274" Z="0"/>
					<Vertex X="98482" Y="67213" Z="0"/>
					<Vertex X="98300" Y="67091" Z="0"/>
					<Vertex X="98118" Y="67031" Z="0"/>
					<Vertex X="97996" Y="66909" Z="0"/>
					<Vertex X="97935" Y="66788" Z="0"/>
					<Vertex X="97935" Y="66666" Z="0"/>
					<Vertex X="97814" Y="66363" Z="0"/>
					<Vertex X="97753" Y="66181" Z="0"/>
					<Vertex X="97632" Y="65938" Z="0"/>
					<Vertex X="97571" Y="65574" Z="0"/>
					<Vertex X="97450" Y="65391" Z="0"/>
					<Vertex X="97267" Y="65027" Z="0"/>
					<Vertex X="97207" Y="64663" Z="0"/>
					<Vertex X="97146" Y="64420" Z="0"/>
					<Vertex X="97025" Y="64056" Z="0"/>
					<Vertex X="96964" Y="63631" Z="0"/>
					<Vertex X="96842" Y="63388" Z="0"/>
					<Vertex X="96660" Y="63023" Z="0"/>
					<Vertex X="96539" Y="62720" Z="0"/>
					<Vertex X="96296" Y="62356" Z="0"/>
					<Vertex X="95992" Y="62052" Z="0"/>
					<Vertex X="95810" Y="61748" Z="0"/>
					<Vertex X="95567" Y="61445" Z="0"/>
					<Vertex X="95203" Y="61202" Z="0"/>
					<Vertex X="95021" Y="61141" Z="0"/>
					<Vertex X="94839" Y="60898" Z="0"/>
					<Vertex X="94535" Y="60838" Z="0"/>
					<Vertex X="94353" Y="60777" Z="0"/>
					<Vertex X="94110" Y="60656" Z="0"/>
					<Vertex X="93867" Y="60656" Z="0"/>
					<Vertex X="93685" Y="60656" Z="0"/>
					<Vertex X="93260" Y="60656" Z="0"/>
					<Vertex X="92835" Y="60656" Z="0"/>
					<Vertex X="92471" Y="60777" Z="0"/>
					<Vertex X="92228" Y="60838" Z="0"/>
					<Vertex X="91864" Y="60898" Z="0"/>
					<Vertex X="91439" Y="61020" Z="0"/>
					<Vertex X="91014" Y="61141" Z="0"/>
					<Vertex X="90649" Y="61202" Z="0"/>
					<Vertex X="90224" Y="61202" Z="0"/>
					<Vertex X="89799" Y="61323" Z="0"/>
					<Vertex X="89374" Y="61445" Z="0"/>
					<Vertex X="89010" Y="61445" Z="0"/>
					<Vertex X="88646" Y="61566" Z="0"/>
					<Vertex X="88403" Y="61688" Z="0"/>
					<Vertex X="87978" Y="61748" Z="0"/>
					<Vertex X="87674" Y="61748" Z="0"/>
					<Vertex X="87128" Y="61931" Z="0"/>
					<Vertex X="86521" Y="62113" Z="0"/>
					<Vertex X="86096" Y="62234" Z="0"/>
					<Vertex X="85610" Y="62477" Z="0"/>
					<Vertex X="85185" Y="62659" Z="0"/>
					<Vertex X="84881" Y="62963" Z="0"/>
					<Vertex X="84456" Y="63206" Z="0"/>
					<Vertex X="84092" Y="63388" Z="0"/>
					<Vertex X="83728" Y="63631" Z="0"/>
					<Vertex X="83242" Y="64056" Z="0"/>
					<Vertex X="82756" Y="64299" Z="0"/>
					<Vertex X="82271" Y="64663" Z="0"/>
					<Vertex X="81906" Y="64966" Z="0"/>
					<Vertex X="81238" Y="65209" Z="0"/>
					<Vertex X="80692" Y="65452" Z="0"/>
					<Vertex X="80388" Y="65756" Z="0"/>
					<Vertex X="79903" Y="65999" Z="0"/>
					<Vertex X="79356" Y="66181" Z="0"/>
					<Vertex X="78810" Y="66484" Z="0"/>
					<Vertex X="78445" Y="66666" Z="0"/>
					<Vertex X="77899" Y="66909" Z="0"/>
					<Vertex X="77353" Y="67091" Z="0"/>
					<Vertex X="76928" Y="67213" Z="0"/>
					<Vertex X="76624" Y="67274" Z="0"/>
					<Vertex X="76260" Y="67516" Z="0"/>
					<Vertex X="75774" Y="67577" Z="0"/>
					<Vertex X="75288" Y="67759" Z="0"/>
					<Vertex X="74802" Y="67820" Z="0"/>
					<Vertex X="74377" Y="67941" Z="0"/>
					<Vertex X="73831" Y="68002" Z="0"/>
					<Vertex X="73224" Y="68184" Z="0"/>
					<Vertex X="72860" Y="68306" Z="0"/>
					<Vertex X="72435" Y="68427" Z="0"/>
					<Vertex X="72010" Y="68488" Z="0"/>
					<Vertex X="71524" Y="68549" Z="0"/>
					<Vertex X="71159" Y="68670" Z="0"/>
					<Vertex X="70734" Y="68731" Z="0"/>
					<Vertex X="70370" Y="68913" Z="0"/>
					<Vertex X="69884" Y="69034" Z="0"/>
					<Vertex X="69459" Y="69034" Z="0"/>
					<Vertex X="69156" Y="69095" Z="0"/>
					<Vertex X="68792" Y="69095" Z="0"/>
					<Vertex X="68609" Y="69095" Z="0"/>
					<Vertex X="68306" Y="69034" Z="0"/>
					<Vertex X="68063" Y="68913" Z="0"/>
					<Vertex X="67881" Y="68731" Z="0"/>
					<Vertex X="67699" Y="68670" Z="0"/>
					<Vertex X="67517" Y="68488" Z="0"/>
					<Vertex X="67274" Y="68427" Z="0"/>
					<Vertex X="66970" Y="68306" Z="0"/>
					<Vertex X="66666" Y="68124" Z="0"/>
					<Vertex X="66241" Y="68124" Z="0"/>
					<Vertex X="65816" Y="68002" Z="0"/>
					<Vertex X="65331" Y="68002" Z="0"/>
					<Vertex X="64784" Y="68002" Z="0"/>
					<Vertex X="64541" Y="68002" Z="0"/>
					<Vertex X="64056" Y="68002" Z="0"/>
					<Vertex X="63509" Y="68002" Z="0"/>
					<Vertex X="63024" Y="68124" Z="0"/>
					<Vertex X="62781" Y="68124" Z="0"/>
					<Vertex X="62538" Y="68184" Z="0"/>
					<Vertex X="62234" Y="68184" Z="0"/>
					<Vertex X="61991" Y="68306" Z="0"/>
					<Vertex X="61748" Y="68306" Z="0"/>
					<Vertex X="61506" Y="68427" Z="0"/>
					<Vertex X="61323" Y="68427" Z="0"/>
					<Vertex X="60898" Y="68488" Z="0"/>
					<Vertex X="60534" Y="68488" Z="0"/>
					<Vertex X="60048" Y="68549" Z="0"/>
					<Vertex X="59684" Y="68549" Z="0"/>
					<Vertex X="59259" Y="68549" Z="0"/>
					<Vertex X="58956" Y="68549" Z="0"/>
					<Vertex X="58470" Y="68488" Z="0"/>
					<Vertex X="58227" Y="68306" Z="0"/>
					<Vertex X="57863" Y="68184" Z="0"/>
					<Vertex X="57620" Y="68002" Z="0"/>
					<Vertex X="57316" Y="67759" Z="0"/>
					<Vertex X="57134" Y="67577" Z="0"/>
					<Vertex X="56952" Y="67274" Z="0"/>
					<Vertex X="56770" Y="67031" Z="0"/>
					<Vertex X="56588" Y="66788" Z="0"/>
					<Vertex X="56405" Y="66363" Z="0"/>
					<Vertex X="56223" Y="66120" Z="0"/>
					<Vertex X="56163" Y="65756" Z="0"/>
					<Vertex X="56041" Y="65391" Z="0"/>
					<Vertex X="55920" Y="65027" Z="0"/>
					<Vertex X="55920" Y="64663" Z="0"/>
					<Vertex X="55920" Y="64177" Z="0"/>
					<Vertex X="56041" Y="63752" Z="0"/>
					<Vertex X="56163" Y="63388" Z="0"/>
					<Vertex X="56223" Y="62963" Z="0"/>
					<Vertex X="56405" Y="62538" Z="0"/>
					<Vertex X="56527" Y="62113" Z="0"/>
					<Vertex X="56588" Y="61748" Z="0"/>
					<Vertex X="56648" Y="61445" Z="0"/>
					<Vertex X="56648" Y="61141" Z="0"/>
					<Vertex X="56770" Y="60777" Z="0"/>
					<Vertex X="56648" Y="60352" Z="0"/>
					<Vertex X="56588" Y="59988" Z="0"/>
					<Vertex X="56527" Y="59745" Z="0"/>
					<Vertex X="56345" Y="59381" Z="0"/>
					<Vertex X="56163" Y="59077" Z="0"/>
					<Vertex X="56041" Y="58955" Z="0"/>
					<Vertex X="55859" Y="58470" Z="0"/>
					<Vertex X="55677" Y="58288" Z="0"/>
					<Vertex X="55495" Y="58045" Z="0"/>
					<Vertex X="55434" Y="57802" Z="0"/>
					<Vertex X="55191" Y="57559" Z="0"/>
					<Vertex X="55009" Y="57255" Z="0"/>
					<Vertex X="54948" Y="56830" Z="0"/>
					<Vertex X="54766" Y="56466" Z="0"/>
					<Vertex X="54705" Y="55980" Z="0"/>
					<Vertex X="54584" Y="55616" Z="0"/>
					<Vertex X="54584" Y="55373" Z="0"/>
					<Vertex X="54584" Y="54888" Z="0"/>
					<Vertex X="54584" Y="54462" Z="0"/>
					<Vertex X="54705" Y="53977" Z="0"/>
					<Vertex X="54705" Y="53612" Z="0"/>
					<Vertex X="54705" Y="53248" Z="0"/>
					<Vertex X="54705" Y="52884" Z="0"/>
					<Vertex X="54766" Y="52702" Z="0"/>
					<Vertex X="54888" Y="52459" Z="0"/>
					<Vertex X="54948" Y="52337" Z="0"/>
					<Vertex X="55130" Y="52277" Z="0"/>
					<Vertex X="55434" Y="52277" Z="0"/>
					<Vertex X="55677" Y="52337" Z="0"/>
					<Vertex X="55859" Y="52580" Z="0"/>
					<Vertex X="56041" Y="52702" Z="0"/>
					<Vertex X="56345" Y="52823" Z="0"/>
					<Vertex X="56830" Y="52884" Z="0"/>
					<Vertex X="57255" Y="52702" Z="0"/>
					<Vertex X="57498" Y="52580" Z="0"/>
					<Vertex X="57863" Y="52277" Z="0"/>
					<Vertex X="58227" Y="52095" Z="0"/>
					<Vertex X="58470" Y="51852" Z="0"/>
					<Vertex X="58895" Y="51548" Z="0"/>
					<Vertex X="59138" Y="51184" Z="0"/>
					<Vertex X="59320" Y="50880" Z="0"/>
					<Vertex X="59502" Y="50516" Z="0"/>
					<Vertex X="59684" Y="50152" Z="0"/>
					<Vertex X="59866" Y="49848" Z="0"/>
					<Vertex X="60048" Y="49423" Z="0"/>
					<Vertex X="60231" Y="48998" Z="0"/>
					<Vertex X="60413" Y="48634" Z="0"/>
					<Vertex X="60716" Y="48148" Z="0"/>
					<Vertex X="60777" Y="47784" Z="0"/>
					<Vertex X="60898" Y="47541" Z="0"/>
					<Vertex X="60959" Y="47177" Z="0"/>
					<Vertex X="61081" Y="46812" Z="0"/>
					<Vertex X="61263" Y="46327" Z="0"/>
					<Vertex X="61323" Y="45962" Z="0"/>
					<Vertex X="61566" Y="45537" Z="0"/>
					<Vertex X="61870" Y="45173" Z="0"/>
					<Vertex X="62234" Y="44809" Z="0"/>
					<Vertex X="62538" Y="44505" Z="0"/>
					<Vertex X="62902" Y="44262" Z="0"/>
					<Vertex X="63145" Y="44141" Z="0"/>
					<Vertex X="63388" Y="44141" Z="0"/>
					<Vertex X="63631" Y="44384" Z="0"/>
					<Vertex X="63813" Y="44626" Z="0"/>
					<Vertex X="63874" Y="44991" Z="0"/>
					<Vertex X="63995" Y="45355" Z="0"/>
					<Vertex X="63874" Y="45598" Z="0"/>
					<Vertex X="63995" Y="45962" Z="0"/>
					<Vertex X="64056" Y="46327" Z="0"/>
					<Vertex X="64177" Y="46812" Z="0"/>
					<Vertex X="64359" Y="47116" Z="0"/>
					<Vertex X="64541" Y="47419" Z="0"/>
					<Vertex X="64663" Y="47602" Z="0"/>
					<Vertex X="64845" Y="47784" Z="0"/>
					<Vertex X="65027" Y="47966" Z="0"/>
					<Vertex X="65270" Y="48087" Z="0"/>
					<Vertex X="65513" Y="48087" Z="0"/>
					<Vertex X="65877" Y="48148" Z="0"/>
					<Vertex X="66059" Y="48148" Z="0"/>
					<Vertex X="66241" Y="48269" Z="0"/>
					<Vertex X="66424" Y="48269" Z="0"/>
					<Vertex X="66606" Y="48269" Z="0"/>
					<Vertex X="66666" Y="48269" Z="0"/>
					<Vertex X="66788" Y="48269" Z="0"/>
					<Vertex X="66970" Y="48269" Z="0"/>
					<Vertex X="67091" Y="48269" Z="0"/>
					<Vertex X="67152" Y="48269" Z="0"/>
					<Vertex X="67334" Y="48269" Z="0"/>
					<Vertex X="67456" Y="48148" Z="0"/>
					<Vertex X="67577" Y="48148" Z="0"/>
					<Vertex X="67820" Y="48148" Z="0"/>
					<Vertex X="67881" Y="48148" Z="0"/>
					<Vertex X="67881" Y="48087" Z="0"/>
					<Vertex X="67942" Y="48087" Z="0"/>
					<Vertex X="67942" Y="48148" Z="0"/>
					<Vertex X="67942" Y="47966" Z="0"/>
				</Vertices>
			</Region>
			<Region Id="2" Type="0" Zoom="0.016326" Selected="0" ImageLocation="" ImageFocus="-1" Length="26863.3" Area="53959335.0" LengthMicrons="6774.9" AreaMicrons="3432074.9" Text="" NegativeROA="0" InputRegionId="0" Analyze="1" DisplayId="2">
				<Attributes/>
				<Vertices>
					<Vertex X="71524" Y="50759" Z="0"/>
					<Vertex X="71220" Y="51184" Z="0"/>
					<Vertex X="71099" Y="51852" Z="0"/>
					<Vertex X="70977" Y="52277" Z="0"/>
					<Vertex X="70856" Y="52823" Z="0"/>
					<Vertex X="70795" Y="53491" Z="0"/>
					<Vertex X="70795" Y="53977" Z="0"/>
					<Vertex X="70856" Y="54341" Z="0"/>
					<Vertex X="71099" Y="54888" Z="0"/>
					<Vertex X="71220" Y="55313" Z="0"/>
					<Vertex X="71402" Y="55555" Z="0"/>
					<Vertex X="71706" Y="55920" Z="0"/>
					<Vertex X="72010" Y="56284" Z="0"/>
					<Vertex X="72192" Y="56588" Z="0"/>
					<Vertex X="72435" Y="56830" Z="0"/>
					<Vertex X="72617" Y="57195" Z="0"/>
					<Vertex X="72799" Y="57377" Z="0"/>
					<Vertex X="73042" Y="57559" Z="0"/>
					<Vertex X="73345" Y="57680" Z="0"/>
					<Vertex X="73649" Y="57741" Z="0"/>
					<Vertex X="73892" Y="57802" Z="0"/>
					<Vertex X="74074" Y="57802" Z="0"/>
					<Vertex X="74438" Y="57802" Z="0"/>
					<Vertex X="74620" Y="57802" Z="0"/>
					<Vertex X="74863" Y="57802" Z="0"/>
					<Vertex X="75106" Y="57741" Z="0"/>
					<Vertex X="75349" Y="57741" Z="0"/>
					<Vertex X="75652" Y="57680" Z="0"/>
					<Vertex X="75895" Y="57559" Z="0"/>
					<Vertex X="76260" Y="57498" Z="0"/>
					<Vertex X="76503" Y="57377" Z="0"/>
					<Vertex X="76806" Y="57255" Z="0"/>
					<Vertex X="76988" Y="57195" Z="0"/>
					<Vertex X="77353" Y="56891" Z="0"/>
					<Vertex X="77656" Y="56648" Z="0"/>
					<Vertex X="77838" Y="56466" Z="0"/>
					<Vertex X="77899" Y="56284" Z="0"/>
					<Vertex X="78081" Y="55980" Z="0"/>
					<Vertex X="78142" Y="55798" Z="0"/>
					<Vertex X="78263" Y="55555" Z="0"/>
					<Vertex X="78385" Y="55373" Z="0"/>
					<Vertex X="78385" Y="55191" Z="0"/>
					<Vertex X="78445" Y="54888" Z="0"/>
					<Vertex X="78445" Y="54705" Z="0"/>
					<Vertex X="78567" Y="54584" Z="0"/>
					<Vertex X="78567" Y="54280" Z="0"/>
					<Vertex X="78567" Y="54098" Z="0"/>
					<Vertex X="78567" Y="53916" Z="0"/>
					<Vertex X="78628" Y="53612" Z="0"/>
					<Vertex X="78628" Y="53491" Z="0"/>
					<Vertex X="78628" Y="53248" Z="0"/>
					<Vertex X="78628" Y="53066" Z="0"/>
					<Vertex X="78628" Y="52884" Z="0"/>
					<Vertex X="78628" Y="52702" Z="0"/>
					<Vertex X="78628" Y="52580" Z="0"/>
					<Vertex X="78567" Y="52337" Z="0"/>
					<Vertex X="78567" Y="52277" Z="0"/>
					<Vertex X="78567" Y="52155" Z="0"/>
					<Vertex X="78567" Y="51973" Z="0"/>
					<Vertex X="78567" Y="51912" Z="0"/>
					<Vertex X="78445" Y="51852" Z="0"/>
					<Vertex X="78445" Y="51730" Z="0"/>
					<Vertex X="78385" Y="51548" Z="0"/>
					<Vertex X="78385" Y="51427" Z="0"/>
					<Vertex X="78385" Y="51366" Z="0"/>
					<Vertex X="78385" Y="51245" Z="0"/>
					<Vertex X="78263" Y="51184" Z="0"/>
					<Vertex X="78263" Y="51002" Z="0"/>
					<Vertex X="78142" Y="50880" Z="0"/>
					<Vertex X="78142" Y="50820" Z="0"/>
					<Vertex X="78081" Y="50759" Z="0"/>
					<Vertex X="77960" Y="50637" Z="0"/>
					<Vertex X="77899" Y="50516" Z="0"/>
					<Vertex X="77717" Y="50455" Z="0"/>
					<Vertex X="77656" Y="50334" Z="0"/>
					<Vertex X="77413" Y="50152" Z="0"/>
					<Vertex X="77292" Y="50091" Z="0"/>
					<Vertex X="76928" Y="49969" Z="0"/>
					<Vertex X="76745" Y="49909" Z="0"/>
					<Vertex X="76442" Y="49848" Z="0"/>
					<Vertex X="76078" Y="49727" Z="0"/>
					<Vertex X="75713" Y="49727" Z="0"/>
					<Vertex X="75470" Y="49605" Z="0"/>
					<Vertex X="75167" Y="49544" Z="0"/>
					<Vertex X="74863" Y="49544" Z="0"/>
					<Vertex X="74438" Y="49423" Z="0"/>
					<Vertex X="74074" Y="49423" Z="0"/>
					<Vertex X="73710" Y="49362" Z="0"/>
					<Vertex X="73467" Y="49362" Z="0"/>
					<Vertex X="73163" Y="49362" Z="0"/>
					<Vertex X="72981" Y="49362" Z="0"/>
					<Vertex X="72738" Y="49362" Z="0"/>
					<Vertex X="72495" Y="49423" Z="0"/>
					<Vertex X="72374" Y="49544" Z="0"/>
					<Vertex X="72192" Y="49605" Z="0"/>
					<Vertex X="71888" Y="49848" Z="0"/>
					<Vertex X="71827" Y="49909" Z="0"/>
					<Vertex X="71706" Y="49969" Z="0"/>
					<Vertex X="71584" Y="50091" Z="0"/>
					<Vertex X="71584" Y="50273" Z="0"/>
					<Vertex X="71524" Y="50455" Z="0"/>
					<Vertex X="71524" Y="50516" Z="0"/>
					<Vertex X="71524" Y="50759" Z="0"/>
				</Vertices>
			</Region>
		</Regions>
		<Plots/>
	</Annotation>
</Annotations>
