<Annotations MicronsPerPixel="0.252200">
	<Annotation Id="1" Name="" ReadOnly="0" NameReadOnly="0" LineColorReadOnly="0" Incremental="0" Type="4" LineColor="16711935" Visible="1" Selected="1" MarkupImagePath="" MacroName="">
		<Attributes/>
		<Regions>
			<RegionAttributeHeaders>
				<AttributeHeader Id="9999" Name="Region" ColumnWidth="-1"/>
				<AttributeHeader Id="9997" Name="Length" ColumnWidth="-1"/>
				<AttributeHeader Id="9996" Name="Area" ColumnWidth="-1"/>
				<AttributeHeader Id="9998" Name="Text" ColumnWidth="-1"/>
			</RegionAttributeHeaders>
			<Region Id="1" Type="0" Zoom="0.017888" Selected="1" ImageLocation="" ImageFocus="-1" Length="188223.7" Area="833867356.0" LengthMicrons="47470.0" AreaMicrons="53037999.8" Text="" NegativeROA="0" InputRegionId="0" Analyze="1" DisplayId="1">
				<Attributes/>
				<Vertices>
					<Vertex X="47437" Y="39678" Z="0"/>
					<Vertex X="47344" Y="39750" Z="0"/>
					<Vertex X="46848" Y="40335" Z="0"/>
					<Vertex X="46660" Y="40633" Z="0"/>
					<Vertex X="46551" Y="40821" Z="0"/>
					<Vertex X="46491" Y="40960" Z="0"/>
					<Vertex X="46432" Y="41109" Z="0"/>
					<Vertex X="46372" Y="41257" Z="0"/>
					<Vertex X="46333" Y="41386" Z="0"/>
					<Vertex X="46273" Y="41584" Z="0"/>
					<Vertex X="46243" Y="41703" Z="0"/>
					<Vertex X="46214" Y="41832" Z="0"/>
					<Vertex X="46184" Y="41951" Z="0"/>
					<Vertex X="46154" Y="42090" Z="0"/>
					<Vertex X="46095" Y="42298" Z="0"/>
					<Vertex X="46065" Y="42427" Z="0"/>
					<Vertex X="46035" Y="42635" Z="0"/>
					<Vertex X="46005" Y="42774" Z="0"/>
					<Vertex X="45986" Y="42932" Z="0"/>
					<Vertex X="45976" Y="43101" Z="0"/>
					<Vertex X="45956" Y="43349" Z="0"/>
					<Vertex X="45956" Y="43527" Z="0"/>
					<Vertex X="45946" Y="43706" Z="0"/>
					<Vertex X="45946" Y="43884" Z="0"/>
					<Vertex X="45956" Y="44172" Z="0"/>
					<Vertex X="45956" Y="44360" Z="0"/>
					<Vertex X="45986" Y="44538" Z="0"/>
					<Vertex X="46005" Y="44717" Z="0"/>
					<Vertex X="46045" Y="44955" Z="0"/>
					<Vertex X="46075" Y="45103" Z="0"/>
					<Vertex X="46105" Y="45242" Z="0"/>
					<Vertex X="46164" Y="45450" Z="0"/>
					<Vertex X="46214" Y="45599" Z="0"/>
					<Vertex X="46253" Y="45728" Z="0"/>
					<Vertex X="46283" Y="45867" Z="0"/>
					<Vertex X="46343" Y="46055" Z="0"/>
					<Vertex X="46392" Y="46174" Z="0"/>
					<Vertex X="46422" Y="46283" Z="0"/>
					<Vertex X="46452" Y="46402" Z="0"/>
					<Vertex X="46481" Y="46501" Z="0"/>
					<Vertex X="46521" Y="46670" Z="0"/>
					<Vertex X="46541" Y="46769" Z="0"/>
					<Vertex X="46571" Y="46907" Z="0"/>
					<Vertex X="46590" Y="47017" Z="0"/>
					<Vertex X="46590" Y="47116" Z="0"/>
					<Vertex X="46600" Y="47264" Z="0"/>
					<Vertex X="46600" Y="47373" Z="0"/>
					<Vertex X="46600" Y="47482" Z="0"/>
					<Vertex X="46600" Y="47651" Z="0"/>
					<Vertex X="46600" Y="47750" Z="0"/>
					<Vertex X="46590" Y="47859" Z="0"/>
					<Vertex X="46571" Y="48038" Z="0"/>
					<Vertex X="46541" Y="48156" Z="0"/>
					<Vertex X="46511" Y="48335" Z="0"/>
					<Vertex X="46481" Y="48454" Z="0"/>
					<Vertex X="46452" Y="48573" Z="0"/>
					<Vertex X="46422" Y="48672" Z="0"/>
					<Vertex X="46372" Y="48860" Z="0"/>
					<Vertex X="46333" Y="48959" Z="0"/>
					<Vertex X="46283" Y="49078" Z="0"/>
					<Vertex X="46224" Y="49237" Z="0"/>
					<Vertex X="46184" Y="49346" Z="0"/>
					<Vertex X="46124" Y="49455" Z="0"/>
					<Vertex X="46075" Y="49554" Z="0"/>
					<Vertex X="46035" Y="49653" Z="0"/>
					<Vertex X="45956" Y="49802" Z="0"/>
					<Vertex X="45887" Y="49921" Z="0"/>
					<Vertex X="45837" Y="50030" Z="0"/>
					<Vertex X="45738" Y="50159" Z="0"/>
					<Vertex X="45688" Y="50268" Z="0"/>
					<Vertex X="45619" Y="50357" Z="0"/>
					<Vertex X="45530" Y="50506" Z="0"/>
					<Vertex X="45450" Y="50605" Z="0"/>
					<Vertex X="45401" Y="50694" Z="0"/>
					<Vertex X="45331" Y="50783" Z="0"/>
					<Vertex X="45252" Y="50873" Z="0"/>
					<Vertex X="45143" Y="51011" Z="0"/>
					<Vertex X="45054" Y="51101" Z="0"/>
					<Vertex X="44965" Y="51170" Z="0"/>
					<Vertex X="44816" Y="51309" Z="0"/>
					<Vertex X="44727" Y="51378" Z="0"/>
					<Vertex X="44618" Y="51438" Z="0"/>
					<Vertex X="44519" Y="51497" Z="0"/>
					<Vertex X="44410" Y="51547" Z="0"/>
					<Vertex X="44261" Y="51606" Z="0"/>
					<Vertex X="44162" Y="51636" Z="0"/>
					<Vertex X="44063" Y="51666" Z="0"/>
					<Vertex X="43904" Y="51705" Z="0"/>
					<Vertex X="43805" Y="51725" Z="0"/>
					<Vertex X="43716" Y="51735" Z="0"/>
					<Vertex X="43607" Y="51755" Z="0"/>
					<Vertex X="43448" Y="51765" Z="0"/>
					<Vertex X="43339" Y="51765" Z="0"/>
					<Vertex X="43240" Y="51765" Z="0"/>
					<Vertex X="43151" Y="51765" Z="0"/>
					<Vertex X="42982" Y="51765" Z="0"/>
					<Vertex X="42893" Y="51765" Z="0"/>
					<Vertex X="42804" Y="51765" Z="0"/>
					<Vertex X="42714" Y="51755" Z="0"/>
					<Vertex X="42586" Y="51725" Z="0"/>
					<Vertex X="42496" Y="51705" Z="0"/>
					<Vertex X="42407" Y="51705" Z="0"/>
					<Vertex X="42318" Y="51695" Z="0"/>
					<Vertex X="42199" Y="51676" Z="0"/>
					<Vertex X="42110" Y="51666" Z="0"/>
					<Vertex X="42030" Y="51646" Z="0"/>
					<Vertex X="41902" Y="51636" Z="0"/>
					<Vertex X="41822" Y="51606" Z="0"/>
					<Vertex X="41733" Y="51586" Z="0"/>
					<Vertex X="41614" Y="51547" Z="0"/>
					<Vertex X="41545" Y="51517" Z="0"/>
					<Vertex X="41426" Y="51467" Z="0"/>
					<Vertex X="41346" Y="51438" Z="0"/>
					<Vertex X="41277" Y="51398" Z="0"/>
					<Vertex X="41158" Y="51319" Z="0"/>
					<Vertex X="41069" Y="51259" Z="0"/>
					<Vertex X="41009" Y="51219" Z="0"/>
					<Vertex X="40404" Y="50763" Z="0"/>
					<Vertex X="40176" Y="50545" Z="0"/>
					<Vertex X="40077" Y="50456" Z="0"/>
					<Vertex X="39998" Y="50396" Z="0"/>
					<Vertex X="39928" Y="50347" Z="0"/>
					<Vertex X="39819" Y="50257" Z="0"/>
					<Vertex X="39750" Y="50188" Z="0"/>
					<Vertex X="39690" Y="50128" Z="0"/>
					<Vertex X="39601" Y="50049" Z="0"/>
					<Vertex X="39542" Y="50009" Z="0"/>
					<Vertex X="39433" Y="49940" Z="0"/>
					<Vertex X="39373" Y="49891" Z="0"/>
					<Vertex X="39314" Y="49831" Z="0"/>
					<Vertex X="39244" Y="49772" Z="0"/>
					<Vertex X="39195" Y="49722" Z="0"/>
					<Vertex X="39135" Y="49663" Z="0"/>
					<Vertex X="39096" Y="49633" Z="0"/>
					<Vertex X="39046" Y="49603" Z="0"/>
					<Vertex X="38977" Y="49573" Z="0"/>
					<Vertex X="38947" Y="49563" Z="0"/>
					<Vertex X="38888" Y="49544" Z="0"/>
					<Vertex X="38838" Y="49544" Z="0"/>
					<Vertex X="38779" Y="49534" Z="0"/>
					<Vertex X="38749" Y="49534" Z="0"/>
					<Vertex X="38709" Y="49534" Z="0"/>
					<Vertex X="38679" Y="49534" Z="0"/>
					<Vertex X="38630" Y="49544" Z="0"/>
					<Vertex X="38590" Y="49544" Z="0"/>
					<Vertex X="38560" Y="49544" Z="0"/>
					<Vertex X="38511" Y="49573" Z="0"/>
					<Vertex X="38481" Y="49593" Z="0"/>
					<Vertex X="38441" Y="49633" Z="0"/>
					<Vertex X="38412" Y="49682" Z="0"/>
					<Vertex X="38362" Y="49742" Z="0"/>
					<Vertex X="38303" Y="49831" Z="0"/>
					<Vertex X="38243" Y="49920" Z="0"/>
					<Vertex X="38204" Y="50000" Z="0"/>
					<Vertex X="38174" Y="50049" Z="0"/>
					<Vertex X="38124" Y="50158" Z="0"/>
					<Vertex X="38095" Y="50218" Z="0"/>
					<Vertex X="38065" Y="50337" Z="0"/>
					<Vertex X="38055" Y="50396" Z="0"/>
					<Vertex X="38025" Y="50465" Z="0"/>
					<Vertex X="37995" Y="50575" Z="0"/>
					<Vertex X="37976" Y="50644" Z="0"/>
					<Vertex X="37966" Y="50703" Z="0"/>
					<Vertex X="37946" Y="50793" Z="0"/>
					<Vertex X="37946" Y="50872" Z="0"/>
					<Vertex X="37936" Y="50941" Z="0"/>
					<Vertex X="37936" Y="51050" Z="0"/>
					<Vertex X="37936" Y="51120" Z="0"/>
					<Vertex X="37946" Y="51199" Z="0"/>
					<Vertex X="37966" Y="51318" Z="0"/>
					<Vertex X="37966" Y="51407" Z="0"/>
					<Vertex X="37976" Y="51496" Z="0"/>
					<Vertex X="37995" Y="51566" Z="0"/>
					<Vertex X="38005" Y="51685" Z="0"/>
					<Vertex X="38025" Y="51764" Z="0"/>
					<Vertex X="38025" Y="51853" Z="0"/>
					<Vertex X="38035" Y="51923" Z="0"/>
					<Vertex X="38035" Y="52042" Z="0"/>
					<Vertex X="38055" Y="52121" Z="0"/>
					<Vertex X="38055" Y="52180" Z="0"/>
					<Vertex X="38065" Y="52299" Z="0"/>
					<Vertex X="38085" Y="52369" Z="0"/>
					<Vertex X="38085" Y="52488" Z="0"/>
					<Vertex X="38095" Y="52567" Z="0"/>
					<Vertex X="38095" Y="52626" Z="0"/>
					<Vertex X="38114" Y="52686" Z="0"/>
					<Vertex X="38124" Y="52745" Z="0"/>
					<Vertex X="38124" Y="52845" Z="0"/>
					<Vertex X="38144" Y="52924" Z="0"/>
					<Vertex X="38144" Y="53043" Z="0"/>
					<Vertex X="38144" Y="53112" Z="0"/>
					<Vertex X="38164" Y="53172" Z="0"/>
					<Vertex X="38174" Y="53251" Z="0"/>
					<Vertex X="38174" Y="53340" Z="0"/>
					<Vertex X="38194" Y="53400" Z="0"/>
					<Vertex X="38194" Y="53509" Z="0"/>
					<Vertex X="38194" Y="53578" Z="0"/>
					<Vertex X="38194" Y="53677" Z="0"/>
					<Vertex X="38194" Y="53757" Z="0"/>
					<Vertex X="38194" Y="53816" Z="0"/>
					<Vertex X="38204" Y="53915" Z="0"/>
					<Vertex X="38204" Y="53994" Z="0"/>
					<Vertex X="38204" Y="54113" Z="0"/>
					<Vertex X="38194" Y="54203" Z="0"/>
					<Vertex X="38194" Y="54292" Z="0"/>
					<Vertex X="38194" Y="54411" Z="0"/>
					<Vertex X="38174" Y="54550" Z="0"/>
					<Vertex X="38164" Y="54619" Z="0"/>
					<Vertex X="38144" Y="54708" Z="0"/>
					<Vertex X="38124" Y="54837" Z="0"/>
					<Vertex X="38095" Y="54956" Z="0"/>
					<Vertex X="38095" Y="55035" Z="0"/>
					<Vertex X="38085" Y="55124" Z="0"/>
					<Vertex X="38055" Y="55243" Z="0"/>
					<Vertex X="38045" Y="55313" Z="0"/>
					<Vertex X="38015" Y="55442" Z="0"/>
					<Vertex X="37976" Y="55511" Z="0"/>
					<Vertex X="37956" Y="55630" Z="0"/>
					<Vertex X="37926" Y="55699" Z="0"/>
					<Vertex X="37896" Y="55779" Z="0"/>
					<Vertex X="37847" Y="55868" Z="0"/>
					<Vertex X="37807" Y="55977" Z="0"/>
					<Vertex X="37777" Y="56046" Z="0"/>
					<Vertex X="37708" Y="56165" Z="0"/>
					<Vertex X="37668" Y="56245" Z="0"/>
					<Vertex X="37599" Y="56354" Z="0"/>
					<Vertex X="37539" Y="56433" Z="0"/>
					<Vertex X="37460" Y="56552" Z="0"/>
					<Vertex X="37401" Y="56641" Z="0"/>
					<Vertex X="37341" Y="56730" Z="0"/>
					<Vertex X="37292" Y="56820" Z="0"/>
					<Vertex X="37212" Y="56939" Z="0"/>
					<Vertex X="37163" Y="57028" Z="0"/>
					<Vertex X="37113" Y="57097" Z="0"/>
					<Vertex X="37044" Y="57216" Z="0"/>
					<Vertex X="36984" Y="57305" Z="0"/>
					<Vertex X="36945" Y="57385" Z="0"/>
					<Vertex X="36875" Y="57504" Z="0"/>
					<Vertex X="36846" Y="57583" Z="0"/>
					<Vertex X="36796" Y="57692" Z="0"/>
					<Vertex X="36756" Y="57781" Z="0"/>
					<Vertex X="36717" Y="57880" Z="0"/>
					<Vertex X="36687" Y="57960" Z="0"/>
					<Vertex X="36637" Y="58108" Z="0"/>
					<Vertex X="36608" Y="58197" Z="0"/>
					<Vertex X="36598" Y="58287" Z="0"/>
					<Vertex X="36568" Y="58406" Z="0"/>
					<Vertex X="36548" Y="58485" Z="0"/>
					<Vertex X="36509" Y="58525" Z="0"/>
					<Vertex X="36300" Y="59160" Z="0"/>
					<Vertex X="36221" Y="59368" Z="0"/>
					<Vertex X="36181" Y="59447" Z="0"/>
					<Vertex X="36122" Y="59566" Z="0"/>
					<Vertex X="36062" Y="59655" Z="0"/>
					<Vertex X="36003" Y="59725" Z="0"/>
					<Vertex X="35924" Y="59844" Z="0"/>
					<Vertex X="35884" Y="59923" Z="0"/>
					<Vertex X="35805" Y="60062" Z="0"/>
					<Vertex X="35735" Y="60161" Z="0"/>
					<Vertex X="35646" Y="60309" Z="0"/>
					<Vertex X="35597" Y="60409" Z="0"/>
					<Vertex X="35537" Y="60518" Z="0"/>
					<Vertex X="35478" Y="60676" Z="0"/>
					<Vertex X="35438" Y="60785" Z="0"/>
					<Vertex X="35388" Y="60884" Z="0"/>
					<Vertex X="35329" Y="61053" Z="0"/>
					<Vertex X="35289" Y="61152" Z="0"/>
					<Vertex X="35259" Y="61261" Z="0"/>
					<Vertex X="35230" Y="61420" Z="0"/>
					<Vertex X="35200" Y="61529" Z="0"/>
					<Vertex X="35170" Y="61648" Z="0"/>
					<Vertex X="35141" Y="61747" Z="0"/>
					<Vertex X="35111" Y="61925" Z="0"/>
					<Vertex X="35081" Y="62044" Z="0"/>
					<Vertex X="35061" Y="62193" Z="0"/>
					<Vertex X="35051" Y="62302" Z="0"/>
					<Vertex X="35051" Y="62411" Z="0"/>
					<Vertex X="35051" Y="62570" Z="0"/>
					<Vertex X="35051" Y="62689" Z="0"/>
					<Vertex X="35031" Y="62817" Z="0"/>
					<Vertex X="35031" Y="63016" Z="0"/>
					<Vertex X="35051" Y="63164" Z="0"/>
					<Vertex X="35051" Y="63293" Z="0"/>
					<Vertex X="35051" Y="63432" Z="0"/>
					<Vertex X="35081" Y="63610" Z="0"/>
					<Vertex X="35081" Y="63739" Z="0"/>
					<Vertex X="35091" Y="63868" Z="0"/>
					<Vertex X="35121" Y="64047" Z="0"/>
					<Vertex X="35121" Y="64166" Z="0"/>
					<Vertex X="35150" Y="64324" Z="0"/>
					<Vertex X="35150" Y="64443" Z="0"/>
					<Vertex X="35180" Y="64552" Z="0"/>
					<Vertex X="35200" Y="64711" Z="0"/>
					<Vertex X="35210" Y="64830" Z="0"/>
					<Vertex X="35230" Y="64949" Z="0"/>
					<Vertex X="35230" Y="65127" Z="0"/>
					<Vertex X="35240" Y="65246" Z="0"/>
					<Vertex X="35240" Y="65345" Z="0"/>
					<Vertex X="35240" Y="65514" Z="0"/>
					<Vertex X="35240" Y="65613" Z="0"/>
					<Vertex X="35230" Y="65722" Z="0"/>
					<Vertex X="35200" Y="65900" Z="0"/>
					<Vertex X="35170" Y="66009" Z="0"/>
					<Vertex X="35141" Y="66108" Z="0"/>
					<Vertex X="35091" Y="66257" Z="0"/>
					<Vertex X="35051" Y="66406" Z="0"/>
					<Vertex X="35012" Y="66505" Z="0"/>
					<Vertex X="34962" Y="66673" Z="0"/>
					<Vertex X="34913" Y="66763" Z="0"/>
					<Vertex X="34873" Y="66862" Z="0"/>
					<Vertex X="34794" Y="67001" Z="0"/>
					<Vertex X="34764" Y="67070" Z="0"/>
					<Vertex X="34724" Y="67159" Z="0"/>
					<Vertex X="34665" Y="67278" Z="0"/>
					<Vertex X="34615" Y="67357" Z="0"/>
					<Vertex X="34526" Y="67476" Z="0"/>
					<Vertex X="34486" Y="67566" Z="0"/>
					<Vertex X="34417" Y="67565" Z="0"/>
					<Vertex X="34040" Y="68160" Z="0"/>
					<Vertex X="33862" Y="68408" Z="0"/>
					<Vertex X="33793" Y="68517" Z="0"/>
					<Vertex X="33674" Y="68666" Z="0"/>
					<Vertex X="33555" Y="68795" Z="0"/>
					<Vertex X="33495" Y="68884" Z="0"/>
					<Vertex X="33376" Y="69003" Z="0"/>
					<Vertex X="33287" Y="69092" Z="0"/>
					<Vertex X="33198" Y="69181" Z="0"/>
					<Vertex X="33079" Y="69290" Z="0"/>
					<Vertex X="32990" Y="69360" Z="0"/>
					<Vertex X="32900" Y="69439" Z="0"/>
					<Vertex X="32762" Y="69528" Z="0"/>
					<Vertex X="32663" Y="69598" Z="0"/>
					<Vertex X="32514" Y="69687" Z="0"/>
					<Vertex X="32405" Y="69746" Z="0"/>
					<Vertex X="32306" Y="69806" Z="0"/>
					<Vertex X="32157" Y="69865" Z="0"/>
					<Vertex X="32048" Y="69915" Z="0"/>
					<Vertex X="31949" Y="69954" Z="0"/>
					<Vertex X="31800" Y="70004" Z="0"/>
					<Vertex X="31691" Y="70034" Z="0"/>
					<Vertex X="31592" Y="70063" Z="0"/>
					<Vertex X="31443" Y="70093" Z="0"/>
					<Vertex X="31354" Y="70103" Z="0"/>
					<Vertex X="31245" Y="70123" Z="0"/>
					<Vertex X="31096" Y="70123" Z="0"/>
					<Vertex X="30997" Y="70133" Z="0"/>
					<Vertex X="30858" Y="70133" Z="0"/>
					<Vertex X="30710" Y="70153" Z="0"/>
					<Vertex X="30611" Y="70163" Z="0"/>
					<Vertex X="30462" Y="70182" Z="0"/>
					<Vertex X="30323" Y="70182" Z="0"/>
					<Vertex X="30234" Y="70192" Z="0"/>
					<Vertex X="30145" Y="70192" Z="0"/>
					<Vertex X="30026" Y="70212" Z="0"/>
					<Vertex X="29956" Y="70212" Z="0"/>
					<Vertex X="29867" Y="70212" Z="0"/>
					<Vertex X="29818" Y="70212" Z="0"/>
					<Vertex X="29758" Y="70192" Z="0"/>
					<Vertex X="29718" Y="70182" Z="0"/>
					<Vertex X="29689" Y="70182" Z="0"/>
					<Vertex X="29659" Y="70182" Z="0"/>
					<Vertex X="29609" Y="70182" Z="0"/>
					<Vertex X="29580" Y="70182" Z="0"/>
					<Vertex X="29520" Y="70182" Z="0"/>
					<Vertex X="29490" Y="70182" Z="0"/>
					<Vertex X="29461" Y="70182" Z="0"/>
					<Vertex X="29401" Y="70192" Z="0"/>
					<Vertex X="29391" Y="70212" Z="0"/>
					<Vertex X="29362" Y="70212" Z="0"/>
					<Vertex X="29342" Y="70242" Z="0"/>
					<Vertex X="29332" Y="70242" Z="0"/>
					<Vertex X="29332" Y="70252" Z="0"/>
					<Vertex X="29312" Y="70272" Z="0"/>
					<Vertex X="29312" Y="70282" Z="0"/>
					<Vertex X="29302" Y="70311" Z="0"/>
					<Vertex X="29302" Y="70341" Z="0"/>
					<Vertex X="29302" Y="70371" Z="0"/>
					<Vertex X="29282" Y="70401" Z="0"/>
					<Vertex X="29282" Y="70430" Z="0"/>
					<Vertex X="29272" Y="70450" Z="0"/>
					<Vertex X="29272" Y="70480" Z="0"/>
					<Vertex X="29272" Y="70510" Z="0"/>
					<Vertex X="29272" Y="70519" Z="0"/>
					<Vertex X="29272" Y="70549" Z="0"/>
					<Vertex X="29272" Y="70569" Z="0"/>
					<Vertex X="29272" Y="70579" Z="0"/>
					<Vertex X="29272" Y="70629" Z="0"/>
					<Vertex X="29282" Y="70638" Z="0"/>
					<Vertex X="29282" Y="70688" Z="0"/>
					<Vertex X="29302" Y="70718" Z="0"/>
					<Vertex X="29312" Y="70757" Z="0"/>
					<Vertex X="29332" Y="70797" Z="0"/>
					<Vertex X="29332" Y="70817" Z="0"/>
					<Vertex X="29342" Y="70866" Z="0"/>
					<Vertex X="29362" Y="70896" Z="0"/>
					<Vertex X="29362" Y="70916" Z="0"/>
					<Vertex X="29362" Y="70926" Z="0"/>
					<Vertex X="29362" Y="70936" Z="0"/>
					<Vertex X="29342" Y="70936" Z="0"/>
					<Vertex X="29342" Y="70956" Z="0"/>
					<Vertex X="29332" Y="70956" Z="0"/>
					<Vertex X="29312" Y="70956" Z="0"/>
					<Vertex X="29302" Y="70956" Z="0"/>
					<Vertex X="29302" Y="70966" Z="0"/>
					<Vertex X="29282" Y="70985" Z="0"/>
					<Vertex X="29253" Y="70985" Z="0"/>
					<Vertex X="29243" Y="70995" Z="0"/>
					<Vertex X="29223" Y="71015" Z="0"/>
					<Vertex X="29183" Y="71025" Z="0"/>
					<Vertex X="29163" Y="71045" Z="0"/>
					<Vertex X="29124" Y="71055" Z="0"/>
					<Vertex X="29094" Y="71075" Z="0"/>
					<Vertex X="29064" Y="71084" Z="0"/>
					<Vertex X="29015" Y="71104" Z="0"/>
					<Vertex X="28975" Y="71114" Z="0"/>
					<Vertex X="28945" Y="71114" Z="0"/>
					<Vertex X="28886" Y="71134" Z="0"/>
					<Vertex X="28856" Y="71144" Z="0"/>
					<Vertex X="28806" Y="71144" Z="0"/>
					<Vertex X="28767" Y="71164" Z="0"/>
					<Vertex X="28717" Y="71174" Z="0"/>
					<Vertex X="28688" Y="71174" Z="0"/>
					<Vertex X="28628" Y="71194" Z="0"/>
					<Vertex X="28598" Y="71194" Z="0"/>
					<Vertex X="28539" Y="71203" Z="0"/>
					<Vertex X="28499" Y="71223" Z="0"/>
					<Vertex X="28450" Y="71233" Z="0"/>
					<Vertex X="28390" Y="71253" Z="0"/>
					<Vertex X="28360" Y="71253" Z="0"/>
					<Vertex X="28321" Y="71263" Z="0"/>
					<Vertex X="28241" Y="71263" Z="0"/>
					<Vertex X="28202" Y="71283" Z="0"/>
					<Vertex X="28123" Y="71293" Z="0"/>
					<Vertex X="28083" Y="71312" Z="0"/>
					<Vertex X="28004" Y="71322" Z="0"/>
					<Vertex X="27934" Y="71342" Z="0"/>
					<Vertex X="27855" Y="71362" Z="0"/>
					<Vertex X="27795" Y="71372" Z="0"/>
					<Vertex X="27736" Y="71402" Z="0"/>
					<Vertex X="27696" Y="71402" Z="0"/>
					<Vertex X="27617" Y="71412" Z="0"/>
					<Vertex X="27577" Y="71431" Z="0"/>
					<Vertex X="27498" Y="71461" Z="0"/>
					<Vertex X="27429" Y="71471" Z="0"/>
					<Vertex X="27379" Y="71491" Z="0"/>
					<Vertex X="27290" Y="71521" Z="0"/>
					<Vertex X="27220" Y="71550" Z="0"/>
					<Vertex X="27161" Y="71560" Z="0"/>
					<Vertex X="27072" Y="71590" Z="0"/>
					<Vertex X="27012" Y="71620" Z="0"/>
					<Vertex X="26903" Y="71669" Z="0"/>
					<Vertex X="26844" Y="71679" Z="0"/>
					<Vertex X="26745" Y="71729" Z="0"/>
					<Vertex X="26655" Y="71788" Z="0"/>
					<Vertex X="26596" Y="71818" Z="0"/>
					<Vertex X="26507" Y="71858" Z="0"/>
					<Vertex X="26457" Y="71878" Z="0"/>
					<Vertex X="26418" Y="71907" Z="0"/>
					<Vertex X="26358" Y="71947" Z="0"/>
					<Vertex X="26328" Y="71977" Z="0"/>
					<Vertex X="26299" Y="72026" Z="0"/>
					<Vertex X="26269" Y="72056" Z="0"/>
					<Vertex X="26269" Y="72096" Z="0"/>
					<Vertex X="26269" Y="72125" Z="0"/>
					<Vertex X="26269" Y="72185" Z="0"/>
					<Vertex X="26269" Y="72234" Z="0"/>
					<Vertex X="26279" Y="72294" Z="0"/>
					<Vertex X="26279" Y="72353" Z="0"/>
					<Vertex X="26299" Y="72413" Z="0"/>
					<Vertex X="26328" Y="72452" Z="0"/>
					<Vertex X="26358" Y="72512" Z="0"/>
					<Vertex X="26398" Y="72601" Z="0"/>
					<Vertex X="26427" Y="72661" Z="0"/>
					<Vertex X="26487" Y="72740" Z="0"/>
					<Vertex X="26536" Y="72799" Z="0"/>
					<Vertex X="26596" Y="72889" Z="0"/>
					<Vertex X="26655" Y="72928" Z="0"/>
					<Vertex X="26725" Y="73008" Z="0"/>
					<Vertex X="26784" Y="73067" Z="0"/>
					<Vertex X="26844" Y="73097" Z="0"/>
					<Vertex X="26923" Y="73166" Z="0"/>
					<Vertex X="26983" Y="73196" Z="0"/>
					<Vertex X="27072" Y="73226" Z="0"/>
					<Vertex X="27111" Y="73265" Z="0"/>
					<Vertex X="27191" Y="73275" Z="0"/>
					<Vertex X="27230" Y="73275" Z="0"/>
					<Vertex X="27280" Y="73275" Z="0"/>
					<Vertex X="27369" Y="73275" Z="0"/>
					<Vertex X="27429" Y="73275" Z="0"/>
					<Vertex X="27488" Y="73265" Z="0"/>
					<Vertex X="27528" Y="73245" Z="0"/>
					<Vertex X="27587" Y="73216" Z="0"/>
					<Vertex X="27637" Y="73206" Z="0"/>
					<Vertex X="27696" Y="73176" Z="0"/>
					<Vertex X="27726" Y="73136" Z="0"/>
					<Vertex X="27756" Y="73127" Z="0"/>
					<Vertex X="27795" Y="73097" Z="0"/>
					<Vertex X="27815" Y="73077" Z="0"/>
					<Vertex X="27845" Y="73067" Z="0"/>
					<Vertex X="27855" Y="73057" Z="0"/>
					<Vertex X="27855" Y="73037" Z="0"/>
					<Vertex X="27855" Y="73027" Z="0"/>
					<Vertex X="27855" Y="73008" Z="0"/>
					<Vertex X="27875" Y="72988" Z="0"/>
					<Vertex X="27875" Y="72978" Z="0"/>
					<Vertex X="27875" Y="72948" Z="0"/>
					<Vertex X="27895" Y="72889" Z="0"/>
					<Vertex X="27895" Y="72859" Z="0"/>
					<Vertex X="27895" Y="72819" Z="0"/>
					<Vertex X="27885" Y="72780" Z="0"/>
					<Vertex X="27885" Y="72750" Z="0"/>
					<Vertex X="27885" Y="72690" Z="0"/>
					<Vertex X="27885" Y="72651" Z="0"/>
					<Vertex X="27885" Y="72571" Z="0"/>
					<Vertex X="27875" Y="72512" Z="0"/>
					<Vertex X="27875" Y="72482" Z="0"/>
					<Vertex X="27875" Y="72452" Z="0"/>
					<Vertex X="27855" Y="72413" Z="0"/>
					<Vertex X="27855" Y="72363" Z="0"/>
					<Vertex X="27855" Y="72304" Z="0"/>
					<Vertex X="27855" Y="72264" Z="0"/>
					<Vertex X="27855" Y="72244" Z="0"/>
					<Vertex X="27855" Y="72215" Z="0"/>
					<Vertex X="27875" Y="72205" Z="0"/>
					<Vertex X="27875" Y="72155" Z="0"/>
					<Vertex X="27885" Y="72125" Z="0"/>
					<Vertex X="27885" Y="72066" Z="0"/>
					<Vertex X="27904" Y="72036" Z="0"/>
					<Vertex X="27914" Y="72026" Z="0"/>
					<Vertex X="27914" Y="71996" Z="0"/>
					<Vertex X="27914" Y="71977" Z="0"/>
					<Vertex X="27944" Y="71947" Z="0"/>
					<Vertex X="27964" Y="71917" Z="0"/>
					<Vertex X="27994" Y="71887" Z="0"/>
					<Vertex X="28023" Y="71848" Z="0"/>
					<Vertex X="28033" Y="71828" Z="0"/>
					<Vertex X="28053" Y="71828" Z="0"/>
					<Vertex X="28053" Y="71818" Z="0"/>
					<Vertex X="28063" Y="71818" Z="0"/>
					<Vertex X="28083" Y="71818" Z="0"/>
					<Vertex X="28083" Y="71808" Z="0"/>
					<Vertex X="28093" Y="71808" Z="0"/>
					<Vertex X="28093" Y="71818" Z="0"/>
					<Vertex X="28113" Y="71818" Z="0"/>
					<Vertex X="28123" Y="71818" Z="0"/>
					<Vertex X="28172" Y="71828" Z="0"/>
					<Vertex X="28202" Y="71828" Z="0"/>
					<Vertex X="28241" Y="71848" Z="0"/>
					<Vertex X="28271" Y="71858" Z="0"/>
					<Vertex X="28321" Y="71878" Z="0"/>
					<Vertex X="28360" Y="71907" Z="0"/>
					<Vertex X="28390" Y="71917" Z="0"/>
					<Vertex X="28420" Y="71947" Z="0"/>
					<Vertex X="28469" Y="72026" Z="0"/>
					<Vertex X="28499" Y="72066" Z="0"/>
					<Vertex X="28529" Y="72115" Z="0"/>
					<Vertex X="29134" Y="72552" Z="0"/>
					<Vertex X="29193" Y="72591" Z="0"/>
					<Vertex X="29243" Y="72621" Z="0"/>
					<Vertex X="29302" Y="72680" Z="0"/>
					<Vertex X="29332" Y="72710" Z="0"/>
					<Vertex X="29362" Y="72740" Z="0"/>
					<Vertex X="29391" Y="72770" Z="0"/>
					<Vertex X="29401" Y="72819" Z="0"/>
					<Vertex X="29451" Y="72859" Z="0"/>
					<Vertex X="29481" Y="72889" Z="0"/>
					<Vertex X="29510" Y="72928" Z="0"/>
					<Vertex X="29520" Y="72948" Z="0"/>
					<Vertex X="29540" Y="72958" Z="0"/>
					<Vertex X="29570" Y="72978" Z="0"/>
					<Vertex X="29619" Y="72988" Z="0"/>
					<Vertex X="29629" Y="72988" Z="0"/>
					<Vertex X="29639" Y="72988" Z="0"/>
					<Vertex X="29669" Y="72988" Z="0"/>
					<Vertex X="29689" Y="72978" Z="0"/>
					<Vertex X="29699" Y="72978" Z="0"/>
					<Vertex X="29718" Y="72958" Z="0"/>
					<Vertex X="29728" Y="72958" Z="0"/>
					<Vertex X="29748" Y="72958" Z="0"/>
					<Vertex X="29768" Y="72958" Z="0"/>
					<Vertex X="29778" Y="72958" Z="0"/>
					<Vertex X="29788" Y="72958" Z="0"/>
					<Vertex X="29808" Y="72958" Z="0"/>
					<Vertex X="29818" Y="72958" Z="0"/>
					<Vertex X="29837" Y="72978" Z="0"/>
					<Vertex X="29847" Y="72978" Z="0"/>
					<Vertex X="29877" Y="72958" Z="0"/>
					<Vertex X="29907" Y="72958" Z="0"/>
					<Vertex X="29927" Y="72958" Z="0"/>
					<Vertex X="29956" Y="72958" Z="0"/>
					<Vertex X="29966" Y="72958" Z="0"/>
					<Vertex X="29996" Y="72978" Z="0"/>
					<Vertex X="30016" Y="72978" Z="0"/>
					<Vertex X="30046" Y="72988" Z="0"/>
					<Vertex X="30055" Y="73008" Z="0"/>
					<Vertex X="30075" Y="73037" Z="0"/>
					<Vertex X="30085" Y="73057" Z="0"/>
					<Vertex X="30115" Y="73077" Z="0"/>
					<Vertex X="30135" Y="73127" Z="0"/>
					<Vertex X="30145" Y="73156" Z="0"/>
					<Vertex X="30165" Y="73186" Z="0"/>
					<Vertex X="30174" Y="73216" Z="0"/>
					<Vertex X="30194" Y="73245" Z="0"/>
					<Vertex X="30204" Y="73275" Z="0"/>
					<Vertex X="30224" Y="73285" Z="0"/>
					<Vertex X="30224" Y="73305" Z="0"/>
					<Vertex X="30234" Y="73335" Z="0"/>
					<Vertex X="30254" Y="73355" Z="0"/>
					<Vertex X="30264" Y="73364" Z="0"/>
					<Vertex X="30283" Y="73374" Z="0"/>
					<Vertex X="30303" Y="73374" Z="0"/>
					<Vertex X="30303" Y="73394" Z="0"/>
					<Vertex X="30313" Y="73394" Z="0"/>
					<Vertex X="30323" Y="73394" Z="0"/>
					<Vertex X="30323" Y="73404" Z="0"/>
					<Vertex X="30353" Y="73404" Z="0"/>
					<Vertex X="30373" Y="73404" Z="0"/>
					<Vertex X="30383" Y="73424" Z="0"/>
					<Vertex X="30402" Y="73424" Z="0"/>
					<Vertex X="30432" Y="73434" Z="0"/>
					<Vertex X="30462" Y="73434" Z="0"/>
					<Vertex X="30472" Y="73454" Z="0"/>
					<Vertex X="30521" Y="73454" Z="0"/>
					<Vertex X="30531" Y="73454" Z="0"/>
					<Vertex X="30571" Y="73454" Z="0"/>
					<Vertex X="30591" Y="73473" Z="0"/>
					<Vertex X="30621" Y="73473" Z="0"/>
					<Vertex X="30640" Y="73483" Z="0"/>
					<Vertex X="30650" Y="73493" Z="0"/>
					<Vertex X="30670" Y="73513" Z="0"/>
					<Vertex X="30680" Y="73523" Z="0"/>
					<Vertex X="30680" Y="73543" Z="0"/>
					<Vertex X="30720" Y="73583" Z="0"/>
					<Vertex X="30730" Y="73622" Z="0"/>
					<Vertex X="30739" Y="73632" Z="0"/>
					<Vertex X="30769" Y="73672" Z="0"/>
					<Vertex X="30789" Y="73711" Z="0"/>
					<Vertex X="30819" Y="73731" Z="0"/>
					<Vertex X="30849" Y="73781" Z="0"/>
					<Vertex X="30878" Y="73801" Z="0"/>
					<Vertex X="30918" Y="73840" Z="0"/>
					<Vertex X="30948" Y="73850" Z="0"/>
					<Vertex X="30997" Y="73870" Z="0"/>
					<Vertex X="31027" Y="73880" Z="0"/>
					<Vertex X="31067" Y="73920" Z="0"/>
					<Vertex X="31106" Y="73920" Z="0"/>
					<Vertex X="31156" Y="73929" Z="0"/>
					<Vertex X="31205" Y="73929" Z="0"/>
					<Vertex X="31255" Y="73939" Z="0"/>
					<Vertex X="31295" Y="73939" Z="0"/>
					<Vertex X="31324" Y="73939" Z="0"/>
					<Vertex X="31354" Y="73959" Z="0"/>
					<Vertex X="31414" Y="73959" Z="0"/>
					<Vertex X="31473" Y="73989" Z="0"/>
					<Vertex X="31503" Y="73989" Z="0"/>
					<Vertex X="31552" Y="73999" Z="0"/>
					<Vertex X="31602" Y="74019" Z="0"/>
					<Vertex X="31681" Y="74048" Z="0"/>
					<Vertex X="31731" Y="74068" Z="0"/>
					<Vertex X="31800" Y="74108" Z="0"/>
					<Vertex X="31860" Y="74138" Z="0"/>
					<Vertex X="31939" Y="74167" Z="0"/>
					<Vertex X="32008" Y="74217" Z="0"/>
					<Vertex X="32058" Y="74247" Z="0"/>
					<Vertex X="32127" Y="74306" Z="0"/>
					<Vertex X="32167" Y="74326" Z="0"/>
					<Vertex X="32246" Y="74376" Z="0"/>
					<Vertex X="32296" Y="74405" Z="0"/>
					<Vertex X="32375" Y="74445" Z="0"/>
					<Vertex X="32454" Y="74514" Z="0"/>
					<Vertex X="32514" Y="74544" Z="0"/>
					<Vertex X="32593" Y="74594" Z="0"/>
					<Vertex X="32633" Y="74643" Z="0"/>
					<Vertex X="32702" Y="74703" Z="0"/>
					<Vertex X="32772" Y="74732" Z="0"/>
					<Vertex X="32831" Y="74772" Z="0"/>
					<Vertex X="32891" Y="74832" Z="0"/>
					<Vertex X="32930" Y="74861" Z="0"/>
					<Vertex X="32970" Y="74891" Z="0"/>
					<Vertex X="33049" Y="74960" Z="0"/>
					<Vertex X="33128" Y="75000" Z="0"/>
					<Vertex X="33198" Y="75040" Z="0"/>
					<Vertex X="33237" Y="75089" Z="0"/>
					<Vertex X="33337" Y="75129" Z="0"/>
					<Vertex X="33396" Y="75178" Z="0"/>
					<Vertex X="33465" Y="75238" Z="0"/>
					<Vertex X="33525" Y="75268" Z="0"/>
					<Vertex X="33614" Y="75327" Z="0"/>
					<Vertex X="33674" Y="75357" Z="0"/>
					<Vertex X="33763" Y="75416" Z="0"/>
					<Vertex X="33852" Y="75486" Z="0"/>
					<Vertex X="33912" Y="75515" Z="0"/>
					<Vertex X="33981" Y="75595" Z="0"/>
					<Vertex X="34060" Y="75664" Z="0"/>
					<Vertex X="34110" Y="75714" Z="0"/>
					<Vertex X="34169" Y="75783" Z="0"/>
					<Vertex X="34229" Y="75833" Z="0"/>
					<Vertex X="34298" Y="75892" Z="0"/>
					<Vertex X="34377" Y="75962" Z="0"/>
					<Vertex X="34417" Y="76011" Z="0"/>
					<Vertex X="34457" Y="76071" Z="0"/>
					<Vertex X="34506" Y="76130" Z="0"/>
					<Vertex X="34566" Y="76190" Z="0"/>
					<Vertex X="34625" Y="76249" Z="0"/>
					<Vertex X="34675" Y="76299" Z="0"/>
					<Vertex X="34714" Y="76348" Z="0"/>
					<Vertex X="34764" Y="76408" Z="0"/>
					<Vertex X="34794" Y="76437" Z="0"/>
					<Vertex X="35181" Y="76993" Z="0"/>
					<Vertex X="35458" Y="77379" Z="0"/>
					<Vertex X="35567" Y="77498" Z="0"/>
					<Vertex X="35637" Y="77587" Z="0"/>
					<Vertex X="35716" Y="77687" Z="0"/>
					<Vertex X="35785" Y="77766" Z="0"/>
					<Vertex X="35875" Y="77855" Z="0"/>
					<Vertex X="35954" Y="77905" Z="0"/>
					<Vertex X="36053" Y="77974" Z="0"/>
					<Vertex X="36162" Y="78043" Z="0"/>
					<Vertex X="36261" Y="78103" Z="0"/>
					<Vertex X="36340" Y="78133" Z="0"/>
					<Vertex X="36459" Y="78202" Z="0"/>
					<Vertex X="36588" Y="78242" Z="0"/>
					<Vertex X="36668" Y="78271" Z="0"/>
					<Vertex X="36787" Y="78321" Z="0"/>
					<Vertex X="36856" Y="78351" Z="0"/>
					<Vertex X="36975" Y="78370" Z="0"/>
					<Vertex X="37054" Y="78390" Z="0"/>
					<Vertex X="37173" Y="78410" Z="0"/>
					<Vertex X="37302" Y="78420" Z="0"/>
					<Vertex X="37391" Y="78420" Z="0"/>
					<Vertex X="37540" Y="78390" Z="0"/>
					<Vertex X="37649" Y="78370" Z="0"/>
					<Vertex X="37768" Y="78361" Z="0"/>
					<Vertex X="37946" Y="78331" Z="0"/>
					<Vertex X="38105" Y="78281" Z="0"/>
					<Vertex X="38224" Y="78271" Z="0"/>
					<Vertex X="38392" Y="78222" Z="0"/>
					<Vertex X="38492" Y="78182" Z="0"/>
					<Vertex X="38640" Y="78133" Z="0"/>
					<Vertex X="38749" Y="78103" Z="0"/>
					<Vertex X="38888" Y="78063" Z="0"/>
					<Vertex X="38977" Y="78024" Z="0"/>
					<Vertex X="39096" Y="77974" Z="0"/>
					<Vertex X="39185" Y="77924" Z="0"/>
					<Vertex X="39294" Y="77875" Z="0"/>
					<Vertex X="39394" Y="77825" Z="0"/>
					<Vertex X="39493" Y="77736" Z="0"/>
					<Vertex X="39582" Y="77677" Z="0"/>
					<Vertex X="39701" Y="77577" Z="0"/>
					<Vertex X="39780" Y="77508" Z="0"/>
					<Vertex X="39879" Y="77409" Z="0"/>
					<Vertex X="39998" Y="77290" Z="0"/>
					<Vertex X="40068" Y="77221" Z="0"/>
					<Vertex X="40177" Y="77092" Z="0"/>
					<Vertex X="40296" Y="76983" Z="0"/>
					<Vertex X="40355" Y="76884" Z="0"/>
					<Vertex X="40444" Y="76775" Z="0"/>
					<Vertex X="40504" Y="76675" Z="0"/>
					<Vertex X="40563" Y="76527" Z="0"/>
					<Vertex X="40603" Y="76437" Z="0"/>
					<Vertex X="40662" Y="76309" Z="0"/>
					<Vertex X="40702" Y="76210" Z="0"/>
					<Vertex X="40712" Y="76051" Z="0"/>
					<Vertex X="40732" Y="75902" Z="0"/>
					<Vertex X="40742" Y="75803" Z="0"/>
					<Vertex X="40732" Y="75635" Z="0"/>
					<Vertex X="40732" Y="75535" Z="0"/>
					<Vertex X="40712" Y="75357" Z="0"/>
					<Vertex X="40662" Y="75188" Z="0"/>
					<Vertex X="40633" Y="75089" Z="0"/>
					<Vertex X="40593" Y="74921" Z="0"/>
					<Vertex X="40563" Y="74822" Z="0"/>
					<Vertex X="40534" Y="74693" Z="0"/>
					<Vertex X="40494" Y="74505" Z="0"/>
					<Vertex X="40444" Y="74316" Z="0"/>
					<Vertex X="40415" Y="74177" Z="0"/>
					<Vertex X="40385" Y="73989" Z="0"/>
					<Vertex X="40355" Y="73781" Z="0"/>
					<Vertex X="40306" Y="73583" Z="0"/>
					<Vertex X="40286" Y="73454" Z="0"/>
					<Vertex X="40246" Y="73246" Z="0"/>
					<Vertex X="40216" Y="73037" Z="0"/>
					<Vertex X="40206" Y="72899" Z="0"/>
					<Vertex X="40187" Y="72690" Z="0"/>
					<Vertex X="40177" Y="72562" Z="0"/>
					<Vertex X="40147" Y="72363" Z="0"/>
					<Vertex X="40127" Y="72175" Z="0"/>
					<Vertex X="40117" Y="71967" Z="0"/>
					<Vertex X="40117" Y="71848" Z="0"/>
					<Vertex X="40097" Y="71709" Z="0"/>
					<Vertex X="40068" Y="71501" Z="0"/>
					<Vertex X="40068" Y="71293" Z="0"/>
					<Vertex X="40058" Y="71164" Z="0"/>
					<Vertex X="40058" Y="70966" Z="0"/>
					<Vertex X="40038" Y="70757" Z="0"/>
					<Vertex X="40038" Y="70629" Z="0"/>
					<Vertex X="40038" Y="70420" Z="0"/>
					<Vertex X="40117" Y="70321" Z="0"/>
					<Vertex X="40177" Y="69637" Z="0"/>
					<Vertex X="40266" Y="69310" Z="0"/>
					<Vertex X="40286" Y="69221" Z="0"/>
					<Vertex X="40296" Y="69052" Z="0"/>
					<Vertex X="40306" Y="68904" Z="0"/>
					<Vertex X="40326" Y="68775" Z="0"/>
					<Vertex X="40355" Y="68685" Z="0"/>
					<Vertex X="40385" Y="68527" Z="0"/>
					<Vertex X="40415" Y="68418" Z="0"/>
					<Vertex X="40454" Y="68279" Z="0"/>
					<Vertex X="40484" Y="68190" Z="0"/>
					<Vertex X="40554" Y="68081" Z="0"/>
					<Vertex X="40603" Y="67982" Z="0"/>
					<Vertex X="40682" Y="67853" Z="0"/>
					<Vertex X="40782" Y="67734" Z="0"/>
					<Vertex X="40871" Y="67645" Z="0"/>
					<Vertex X="41010" Y="67526" Z="0"/>
					<Vertex X="41158" Y="67407" Z="0"/>
					<Vertex X="41307" Y="67288" Z="0"/>
					<Vertex X="41396" Y="67218" Z="0"/>
					<Vertex X="41545" Y="67109" Z="0"/>
					<Vertex X="41694" Y="67040" Z="0"/>
					<Vertex X="41803" Y="66990" Z="0"/>
					<Vertex X="41922" Y="66931" Z="0"/>
					<Vertex X="42021" Y="66891" Z="0"/>
					<Vertex X="42169" Y="66842" Z="0"/>
					<Vertex X="42278" Y="66812" Z="0"/>
					<Vertex X="42457" Y="66762" Z="0"/>
					<Vertex X="42556" Y="66723" Z="0"/>
					<Vertex X="42725" Y="66643" Z="0"/>
					<Vertex X="42893" Y="66594" Z="0"/>
					<Vertex X="43022" Y="66534" Z="0"/>
					<Vertex X="43190" Y="66455" Z="0"/>
					<Vertex X="43319" Y="66396" Z="0"/>
					<Vertex X="43488" Y="66306" Z="0"/>
					<Vertex X="43617" Y="66247" Z="0"/>
					<Vertex X="43795" Y="66148" Z="0"/>
					<Vertex X="43904" Y="66068" Z="0"/>
					<Vertex X="44073" Y="65940" Z="0"/>
					<Vertex X="44211" Y="65860" Z="0"/>
					<Vertex X="44390" Y="65731" Z="0"/>
					<Vertex X="44578" Y="65603" Z="0"/>
					<Vertex X="44697" Y="65533" Z="0"/>
					<Vertex X="44866" Y="65424" Z="0"/>
					<Vertex X="45024" Y="65305" Z="0"/>
					<Vertex X="45113" Y="65246" Z="0"/>
					<Vertex X="45282" Y="65127" Z="0"/>
					<Vertex X="45441" Y="65008" Z="0"/>
					<Vertex X="45560" Y="64938" Z="0"/>
					<Vertex X="45708" Y="64829" Z="0"/>
					<Vertex X="45827" Y="64750" Z="0"/>
					<Vertex X="45996" Y="64621" Z="0"/>
					<Vertex X="46154" Y="64522" Z="0"/>
					<Vertex X="46263" Y="64463" Z="0"/>
					<Vertex X="46422" Y="64373" Z="0"/>
					<Vertex X="46531" Y="64324" Z="0"/>
					<Vertex X="46690" Y="64264" Z="0"/>
					<Vertex X="46809" Y="64225" Z="0"/>
					<Vertex X="46957" Y="64165" Z="0"/>
					<Vertex X="47126" Y="64106" Z="0"/>
					<Vertex X="47235" Y="64056" Z="0"/>
					<Vertex X="47413" Y="63987" Z="0"/>
					<Vertex X="47502" Y="63938" Z="0"/>
					<Vertex X="48028" Y="63422" Z="0"/>
					<Vertex X="48305" Y="63135" Z="0"/>
					<Vertex X="48444" Y="62986" Z="0"/>
					<Vertex X="48543" Y="62857" Z="0"/>
					<Vertex X="48603" Y="62768" Z="0"/>
					<Vertex X="48692" Y="62629" Z="0"/>
					<Vertex X="48771" Y="62500" Z="0"/>
					<Vertex X="48840" Y="62372" Z="0"/>
					<Vertex X="49068" Y="61926" Z="0"/>
					<Vertex X="49138" Y="61807" Z="0"/>
					<Vertex X="49217" Y="61668" Z="0"/>
					<Vertex X="49287" Y="61519" Z="0"/>
					<Vertex X="49346" Y="61430" Z="0"/>
					<Vertex X="49405" Y="61291" Z="0"/>
					<Vertex X="49515" Y="61103" Z="0"/>
					<Vertex X="49614" Y="60964" Z="0"/>
					<Vertex X="49673" Y="60865" Z="0"/>
					<Vertex X="49782" Y="60726" Z="0"/>
					<Vertex X="49861" Y="60607" Z="0"/>
					<Vertex X="49971" Y="60488" Z="0"/>
					<Vertex X="50060" Y="60389" Z="0"/>
					<Vertex X="50129" Y="60310" Z="0"/>
					<Vertex X="50248" Y="60230" Z="0"/>
					<Vertex X="50327" Y="60161" Z="0"/>
					<Vertex X="50446" Y="60112" Z="0"/>
					<Vertex X="50516" Y="60062" Z="0"/>
					<Vertex X="50615" Y="60012" Z="0"/>
					<Vertex X="50744" Y="59953" Z="0"/>
					<Vertex X="50853" Y="59913" Z="0"/>
					<Vertex X="50992" Y="59854" Z="0"/>
					<Vertex X="51091" Y="59824" Z="0"/>
					<Vertex X="51200" Y="59794" Z="0"/>
					<Vertex X="51279" Y="59784" Z="0"/>
					<Vertex X="51388" Y="59735" Z="0"/>
					<Vertex X="51457" Y="59705" Z="0"/>
					<Vertex X="51547" Y="59656" Z="0"/>
					<Vertex X="51666" Y="59596" Z="0"/>
					<Vertex X="51735" Y="59537" Z="0"/>
					<Vertex X="51874" Y="59467" Z="0"/>
					<Vertex X="51953" Y="59388" Z="0"/>
					<Vertex X="52082" Y="59289" Z="0"/>
					<Vertex X="52221" Y="59170" Z="0"/>
					<Vertex X="52310" Y="59081" Z="0"/>
					<Vertex X="52419" Y="58952" Z="0"/>
					<Vertex X="52498" Y="58872" Z="0"/>
					<Vertex X="52578" Y="58753" Z="0"/>
					<Vertex X="52627" Y="58664" Z="0"/>
					<Vertex X="52677" Y="58575" Z="0"/>
					<Vertex X="52756" Y="58446" Z="0"/>
					<Vertex X="52806" Y="58357" Z="0"/>
					<Vertex X="52885" Y="58208" Z="0"/>
					<Vertex X="52954" Y="58060" Z="0"/>
					<Vertex X="53004" Y="57980" Z="0"/>
					<Vertex X="53053" Y="57851" Z="0"/>
					<Vertex X="53073" Y="57772" Z="0"/>
					<Vertex X="53113" Y="57653" Z="0"/>
					<Vertex X="53123" Y="57584" Z="0"/>
					<Vertex X="53143" Y="57524" Z="0"/>
					<Vertex X="53162" Y="57415" Z="0"/>
					<Vertex X="53192" Y="57346" Z="0"/>
					<Vertex X="53262" Y="57237" Z="0"/>
					<Vertex X="53321" Y="57167" Z="0"/>
					<Vertex X="53410" Y="57058" Z="0"/>
					<Vertex X="53529" Y="56959" Z="0"/>
					<Vertex X="53777" Y="56721" Z="0"/>
					<Vertex X="53866" Y="56642" Z="0"/>
					<Vertex X="54015" Y="56523" Z="0"/>
					<Vertex X="54124" Y="56454" Z="0"/>
					<Vertex X="54283" Y="56335" Z="0"/>
					<Vertex X="54441" Y="56226" Z="0"/>
					<Vertex X="54530" Y="56146" Z="0"/>
					<Vertex X="54689" Y="56077" Z="0"/>
					<Vertex X="54788" Y="56027" Z="0"/>
					<Vertex X="54907" Y="55978" Z="0"/>
					<Vertex X="54996" Y="55958" Z="0"/>
					<Vertex X="55066" Y="55928" Z="0"/>
					<Vertex X="55155" Y="55928" Z="0"/>
					<Vertex X="55214" Y="55928" Z="0"/>
					<Vertex X="55274" Y="55958" Z="0"/>
					<Vertex X="55353" Y="55988" Z="0"/>
					<Vertex X="55413" Y="56047" Z="0"/>
					<Vertex X="55452" Y="56077" Z="0"/>
					<Vertex X="55512" Y="56127" Z="0"/>
					<Vertex X="55601" Y="56196" Z="0"/>
					<Vertex X="56423" Y="56344" Z="0"/>
					<Vertex X="56820" Y="56344" Z="0"/>
					<Vertex X="56939" Y="56364" Z="0"/>
					<Vertex X="57068" Y="56344" Z="0"/>
					<Vertex X="57157" Y="56344" Z="0"/>
					<Vertex X="57296" Y="56315" Z="0"/>
					<Vertex X="57454" Y="56285" Z="0"/>
					<Vertex X="57563" Y="56255" Z="0"/>
					<Vertex X="57722" Y="56215" Z="0"/>
					<Vertex X="57910" Y="56146" Z="0"/>
					<Vertex X="58099" Y="56087" Z="0"/>
					<Vertex X="58237" Y="56047" Z="0"/>
					<Vertex X="58406" Y="55997" Z="0"/>
					<Vertex X="58535" Y="55958" Z="0"/>
					<Vertex X="58842" Y="55868" Z="0"/>
					<Vertex X="58961" Y="55819" Z="0"/>
					<Vertex X="59139" Y="55750" Z="0"/>
					<Vertex X="59258" Y="55720" Z="0"/>
					<Vertex X="59437" Y="55660" Z="0"/>
					<Vertex X="59556" Y="55611" Z="0"/>
					<Vertex X="59744" Y="55551" Z="0"/>
					<Vertex X="59873" Y="55512" Z="0"/>
					<Vertex X="60081" Y="55452" Z="0"/>
					<Vertex X="60210" Y="55422" Z="0"/>
					<Vertex X="60408" Y="55393" Z="0"/>
					<Vertex X="60517" Y="55363" Z="0"/>
					<Vertex X="60725" Y="55313" Z="0"/>
					<Vertex X="60864" Y="55284" Z="0"/>
					<Vertex X="61072" Y="55234" Z="0"/>
					<Vertex X="61211" Y="55194" Z="0"/>
					<Vertex X="61400" Y="55135" Z="0"/>
					<Vertex X="61518" Y="55095" Z="0"/>
					<Vertex X="61697" Y="55036" Z="0"/>
					<Vertex X="61836" Y="54986" Z="0"/>
					<Vertex X="62024" Y="54937" Z="0"/>
					<Vertex X="62183" Y="54857" Z="0"/>
					<Vertex X="62282" Y="54828" Z="0"/>
					<Vertex X="62421" Y="54768" Z="0"/>
					<Vertex X="62559" Y="54719" Z="0"/>
					<Vertex X="62639" Y="54679" Z="0"/>
					<Vertex X="62738" Y="54639" Z="0"/>
					<Vertex X="62847" Y="54590" Z="0"/>
					<Vertex X="62906" Y="54560" Z="0"/>
					<Vertex X="62956" Y="54540" Z="0"/>
					<Vertex X="63065" Y="54501" Z="0"/>
					<Vertex X="63124" Y="54471" Z="0"/>
					<Vertex X="63214" Y="54441" Z="0"/>
					<Vertex X="63253" Y="54421" Z="0"/>
					<Vertex X="63303" Y="54411" Z="0"/>
					<Vertex X="63382" Y="54411" Z="0"/>
					<Vertex X="63422" Y="54391" Z="0"/>
					<Vertex X="63471" Y="54411" Z="0"/>
					<Vertex X="63491" Y="54421" Z="0"/>
					<Vertex X="63521" Y="54441" Z="0"/>
					<Vertex X="63570" Y="54471" Z="0"/>
					<Vertex X="63600" Y="54501" Z="0"/>
					<Vertex X="63660" Y="54530" Z="0"/>
					<Vertex X="63709" Y="54560" Z="0"/>
					<Vertex X="63759" Y="54600" Z="0"/>
					<Vertex X="63808" Y="54659" Z="0"/>
					<Vertex X="63838" Y="54689" Z="0"/>
					<Vertex X="63888" Y="54768" Z="0"/>
					<Vertex X="63898" Y="54808" Z="0"/>
					<Vertex X="63927" Y="54887" Z="0"/>
					<Vertex X="63937" Y="54947" Z="0"/>
					<Vertex X="63977" Y="55036" Z="0"/>
					<Vertex X="63977" Y="55095" Z="0"/>
					<Vertex X="63977" Y="55194" Z="0"/>
					<Vertex X="63977" Y="55274" Z="0"/>
					<Vertex X="63987" Y="55333" Z="0"/>
					<Vertex X="64007" Y="55422" Z="0"/>
					<Vertex X="64017" Y="55492" Z="0"/>
					<Vertex X="64026" Y="55551" Z="0"/>
					<Vertex X="64056" Y="55631" Z="0"/>
					<Vertex X="64076" Y="55690" Z="0"/>
					<Vertex X="64106" Y="55779" Z="0"/>
					<Vertex X="64106" Y="55839" Z="0"/>
					<Vertex X="64135" Y="55908" Z="0"/>
					<Vertex X="64155" Y="55978" Z="0"/>
					<Vertex X="64195" Y="56047" Z="0"/>
					<Vertex X="64225" Y="56106" Z="0"/>
					<Vertex X="64274" Y="56196" Z="0"/>
					<Vertex X="64294" Y="56255" Z="0"/>
					<Vertex X="64354" Y="56344" Z="0"/>
					<Vertex X="64403" Y="56434" Z="0"/>
					<Vertex X="64433" Y="56513" Z="0"/>
					<Vertex X="64492" Y="56592" Z="0"/>
					<Vertex X="64522" Y="56671" Z="0"/>
					<Vertex X="64582" Y="56761" Z="0"/>
					<Vertex X="64621" Y="56820" Z="0"/>
					<Vertex X="64691" Y="56929" Z="0"/>
					<Vertex X="64750" Y="56979" Z="0"/>
					<Vertex X="64819" Y="57088" Z="0"/>
					<Vertex X="64889" Y="57147" Z="0"/>
					<Vertex X="64998" Y="57236" Z="0"/>
					<Vertex X="65067" Y="57296" Z="0"/>
					<Vertex X="65156" Y="57375" Z="0"/>
					<Vertex X="65147" Y="57395" Z="0"/>
					<Vertex X="65593" Y="57960" Z="0"/>
					<Vertex X="65940" Y="58376" Z="0"/>
					<Vertex X="66089" Y="58565" Z="0"/>
					<Vertex X="66238" Y="58763" Z="0"/>
					<Vertex X="66337" Y="58882" Z="0"/>
					<Vertex X="66485" Y="59060" Z="0"/>
					<Vertex X="66604" Y="59199" Z="0"/>
					<Vertex X="66753" Y="59387" Z="0"/>
					<Vertex X="66902" Y="59615" Z="0"/>
					<Vertex X="66991" Y="59774" Z="0"/>
					<Vertex X="67130" Y="59992" Z="0"/>
					<Vertex X="67219" Y="60131" Z="0"/>
					<Vertex X="67348" Y="60339" Z="0"/>
					<Vertex X="67467" Y="60547" Z="0"/>
					<Vertex X="67556" Y="60676" Z="0"/>
					<Vertex X="67675" Y="60904" Z="0"/>
					<Vertex X="67794" Y="61112" Z="0"/>
					<Vertex X="67873" Y="61241" Z="0"/>
					<Vertex X="67992" Y="61439" Z="0"/>
					<Vertex X="68111" Y="61618" Z="0"/>
					<Vertex X="68210" Y="61806" Z="0"/>
					<Vertex X="68270" Y="61935" Z="0"/>
					<Vertex X="68359" Y="62104" Z="0"/>
					<Vertex X="68418" Y="62223" Z="0"/>
					<Vertex X="68508" Y="62401" Z="0"/>
					<Vertex X="68587" Y="62579" Z="0"/>
					<Vertex X="68626" Y="62688" Z="0"/>
					<Vertex X="68726" Y="62837" Z="0"/>
					<Vertex X="68775" Y="62946" Z="0"/>
					<Vertex X="68874" Y="63075" Z="0"/>
					<Vertex X="68924" Y="63164" Z="0"/>
					<Vertex X="68993" Y="63274" Z="0"/>
					<Vertex X="69439" Y="63829" Z="0"/>
					<Vertex X="69696" Y="64126" Z="0"/>
					<Vertex X="69815" Y="64245" Z="0"/>
					<Vertex X="69934" Y="64384" Z="0"/>
					<Vertex X="70004" Y="64483" Z="0"/>
					<Vertex X="70113" Y="64652" Z="0"/>
					<Vertex X="70172" Y="64741" Z="0"/>
					<Vertex X="70291" Y="64860" Z="0"/>
					<Vertex X="70390" Y="64979" Z="0"/>
					<Vertex X="70529" Y="65098" Z="0"/>
					<Vertex X="70599" Y="65167" Z="0"/>
					<Vertex X="70717" Y="65306" Z="0"/>
					<Vertex X="70856" Y="65405" Z="0"/>
					<Vertex X="70926" Y="65454" Z="0"/>
					<Vertex X="71045" Y="65524" Z="0"/>
					<Vertex X="71193" Y="65583" Z="0"/>
					<Vertex X="71283" Y="65633" Z="0"/>
					<Vertex X="71401" Y="65692" Z="0"/>
					<Vertex X="71520" Y="65762" Z="0"/>
					<Vertex X="71639" Y="65841" Z="0"/>
					<Vertex X="71758" Y="65901" Z="0"/>
					<Vertex X="71848" Y="65930" Z="0"/>
					<Vertex X="71986" Y="65990" Z="0"/>
					<Vertex X="72105" Y="66049" Z="0"/>
					<Vertex X="72224" Y="66089" Z="0"/>
					<Vertex X="72323" Y="66119" Z="0"/>
					<Vertex X="72432" Y="66168" Z="0"/>
					<Vertex X="72502" Y="66178" Z="0"/>
					<Vertex X="72591" Y="66228" Z="0"/>
					<Vertex X="72670" Y="66257" Z="0"/>
					<Vertex X="72769" Y="66287" Z="0"/>
					<Vertex X="72859" Y="66317" Z="0"/>
					<Vertex X="72938" Y="66317" Z="0"/>
					<Vertex X="73037" Y="66337" Z="0"/>
					<Vertex X="73166" Y="66317" Z="0"/>
					<Vertex X="73265" Y="66297" Z="0"/>
					<Vertex X="73285" Y="66337" Z="0"/>
					<Vertex X="74078" Y="66178" Z="0"/>
					<Vertex X="74246" Y="66168" Z="0"/>
					<Vertex X="74336" Y="66168" Z="0"/>
					<Vertex X="74425" Y="66148" Z="0"/>
					<Vertex X="74504" Y="66148" Z="0"/>
					<Vertex X="74583" Y="66168" Z="0"/>
					<Vertex X="74683" Y="66178" Z="0"/>
					<Vertex X="74772" Y="66208" Z="0"/>
					<Vertex X="74821" Y="66228" Z="0"/>
					<Vertex X="74950" Y="66238" Z="0"/>
					<Vertex X="75069" Y="66267" Z="0"/>
					<Vertex X="75198" Y="66297" Z="0"/>
					<Vertex X="75347" Y="66317" Z="0"/>
					<Vertex X="75436" Y="66337" Z="0"/>
					<Vertex X="75575" Y="66357" Z="0"/>
					<Vertex X="75704" Y="66376" Z="0"/>
					<Vertex X="75823" Y="66406" Z="0"/>
					<Vertex X="75942" Y="66416" Z="0"/>
					<Vertex X="76060" Y="66436" Z="0"/>
					<Vertex X="76150" Y="66436" Z="0"/>
					<Vertex X="76269" Y="66436" Z="0"/>
					<Vertex X="76407" Y="66436" Z="0"/>
					<Vertex X="76536" Y="66436" Z="0"/>
					<Vertex X="76625" Y="66436" Z="0"/>
					<Vertex X="76774" Y="66416" Z="0"/>
					<Vertex X="76923" Y="66406" Z="0"/>
					<Vertex X="77072" Y="66386" Z="0"/>
					<Vertex X="77210" Y="66376" Z="0"/>
					<Vertex X="77280" Y="66376" Z="0"/>
					<Vertex X="77389" Y="66357" Z="0"/>
					<Vertex X="77488" Y="66337" Z="0"/>
					<Vertex X="77577" Y="66317" Z="0"/>
					<Vertex X="77637" Y="66317" Z="0"/>
					<Vertex X="77696" Y="66297" Z="0"/>
					<Vertex X="77756" Y="66287" Z="0"/>
					<Vertex X="77825" Y="66257" Z="0"/>
					<Vertex X="77875" Y="66257" Z="0"/>
					<Vertex X="77954" Y="66228" Z="0"/>
					<Vertex X="78023" Y="66208" Z="0"/>
					<Vertex X="78112" Y="66178" Z="0"/>
					<Vertex X="78172" Y="66148" Z="0"/>
					<Vertex X="78281" Y="66119" Z="0"/>
					<Vertex X="78360" Y="66089" Z="0"/>
					<Vertex X="78459" Y="66049" Z="0"/>
					<Vertex X="78549" Y="65990" Z="0"/>
					<Vertex X="78588" Y="65960" Z="0"/>
					<Vertex X="78658" Y="65910" Z="0"/>
					<Vertex X="78737" Y="65851" Z="0"/>
					<Vertex X="78816" Y="65791" Z="0"/>
					<Vertex X="78856" Y="65772" Z="0"/>
					<Vertex X="78915" Y="65692" Z="0"/>
					<Vertex X="78975" Y="65633" Z="0"/>
					<Vertex X="79034" Y="65554" Z="0"/>
					<Vertex X="79094" Y="65504" Z="0"/>
					<Vertex X="79133" Y="65454" Z="0"/>
					<Vertex X="79193" Y="65375" Z="0"/>
					<Vertex X="79262" Y="65306" Z="0"/>
					<Vertex X="79322" Y="65236" Z="0"/>
					<Vertex X="79282" Y="65156" Z="0"/>
					<Vertex X="79550" Y="64551" Z="0"/>
					<Vertex X="79629" Y="64294" Z="0"/>
					<Vertex X="79659" Y="64185" Z="0"/>
					<Vertex X="79679" Y="64105" Z="0"/>
					<Vertex X="79688" Y="63996" Z="0"/>
					<Vertex X="79708" Y="63887" Z="0"/>
					<Vertex X="79728" Y="63768" Z="0"/>
					<Vertex X="79748" Y="63639" Z="0"/>
					<Vertex X="79748" Y="63511" Z="0"/>
					<Vertex X="79768" Y="63441" Z="0"/>
					<Vertex X="79778" Y="63302" Z="0"/>
					<Vertex X="79778" Y="63174" Z="0"/>
					<Vertex X="79778" Y="63045" Z="0"/>
					<Vertex X="79778" Y="62936" Z="0"/>
					<Vertex X="79768" Y="62807" Z="0"/>
					<Vertex X="79768" Y="62728" Z="0"/>
					<Vertex X="79748" Y="62599" Z="0"/>
					<Vertex X="79728" Y="62470" Z="0"/>
					<Vertex X="79718" Y="62331" Z="0"/>
					<Vertex X="79708" Y="62202" Z="0"/>
					<Vertex X="79679" Y="62063" Z="0"/>
					<Vertex X="79659" Y="61925" Z="0"/>
					<Vertex X="79629" Y="61786" Z="0"/>
					<Vertex X="79619" Y="61637" Z="0"/>
					<Vertex X="79579" Y="61488" Z="0"/>
					<Vertex X="79550" Y="61350" Z="0"/>
					<Vertex X="79520" Y="61201" Z="0"/>
					<Vertex X="79500" Y="61072" Z="0"/>
					<Vertex X="79460" Y="60923" Z="0"/>
					<Vertex X="79421" Y="60745" Z="0"/>
					<Vertex X="79391" Y="60606" Z="0"/>
					<Vertex X="79351" Y="60477" Z="0"/>
					<Vertex X="79312" Y="60358" Z="0"/>
					<Vertex X="79272" Y="60220" Z="0"/>
					<Vertex X="79242" Y="60111" Z="0"/>
					<Vertex X="79203" Y="59972" Z="0"/>
					<Vertex X="79143" Y="59853" Z="0"/>
					<Vertex X="79114" Y="59774" Z="0"/>
					<Vertex X="79064" Y="59674" Z="0"/>
					<Vertex X="79004" Y="59575" Z="0"/>
					<Vertex X="78945" Y="59466" Z="0"/>
					<Vertex X="78876" Y="59347" Z="0"/>
					<Vertex X="78796" Y="59248" Z="0"/>
					<Vertex X="78717" Y="59139" Z="0"/>
					<Vertex X="78677" Y="59060" Z="0"/>
					<Vertex X="78588" Y="58961" Z="0"/>
					<Vertex X="78499" Y="58852" Z="0"/>
					<Vertex X="78420" Y="58762" Z="0"/>
					<Vertex X="78330" Y="58673" Z="0"/>
					<Vertex X="78291" Y="58614" Z="0"/>
					<Vertex X="78182" Y="58515" Z="0"/>
					<Vertex X="78093" Y="58425" Z="0"/>
					<Vertex X="78003" Y="58346" Z="0"/>
					<Vertex X="77914" Y="58257" Z="0"/>
					<Vertex X="77825" Y="58187" Z="0"/>
					<Vertex X="77765" Y="58128" Z="0"/>
					<Vertex X="77676" Y="58039" Z="0"/>
					<Vertex X="77577" Y="57959" Z="0"/>
					<Vertex X="77518" Y="57900" Z="0"/>
					<Vertex X="77428" Y="57811" Z="0"/>
					<Vertex X="77319" Y="57741" Z="0"/>
					<Vertex X="77220" Y="57662" Z="0"/>
					<Vertex X="77111" Y="57603" Z="0"/>
					<Vertex X="77052" Y="57563" Z="0"/>
					<Vertex X="76923" Y="57503" Z="0"/>
					<Vertex X="76814" Y="57444" Z="0"/>
					<Vertex X="76685" Y="57385" Z="0"/>
					<Vertex X="76566" Y="57325" Z="0"/>
					<Vertex X="76447" Y="57266" Z="0"/>
					<Vertex X="76328" Y="57186" Z="0"/>
					<Vertex X="76209" Y="57117" Z="0"/>
					<Vertex X="76070" Y="57057" Z="0"/>
					<Vertex X="76001" Y="56998" Z="0"/>
					<Vertex X="75862" Y="56919" Z="0"/>
					<Vertex X="75743" Y="56829" Z="0"/>
					<Vertex X="75624" Y="56740" Z="0"/>
					<Vertex X="75495" Y="56651" Z="0"/>
					<Vertex X="75357" Y="56582" Z="0"/>
					<Vertex X="75238" Y="56492" Z="0"/>
					<Vertex X="75119" Y="56413" Z="0"/>
					<Vertex X="75049" Y="56373" Z="0"/>
					<Vertex X="74931" Y="56314" Z="0"/>
					<Vertex X="74207" Y="56017" Z="0"/>
					<Vertex X="73841" Y="55928" Z="0"/>
					<Vertex X="73751" Y="55908" Z="0"/>
					<Vertex X="73603" Y="55898" Z="0"/>
					<Vertex X="73464" Y="55888" Z="0"/>
					<Vertex X="73375" Y="55888" Z="0"/>
					<Vertex X="73256" Y="55858" Z="0"/>
					<Vertex X="73147" Y="55819" Z="0"/>
					<Vertex X="73058" Y="55779" Z="0"/>
					<Vertex X="73008" Y="55739" Z="0"/>
					<Vertex X="72968" Y="55670" Z="0"/>
					<Vertex X="72939" Y="55601" Z="0"/>
					<Vertex X="72929" Y="55541" Z="0"/>
					<Vertex X="72909" Y="55452" Z="0"/>
					<Vertex X="72899" Y="55333" Z="0"/>
					<Vertex X="72879" Y="55254" Z="0"/>
					<Vertex X="72879" Y="55135" Z="0"/>
					<Vertex X="72869" Y="55016" Z="0"/>
					<Vertex X="72849" Y="54937" Z="0"/>
					<Vertex X="72849" Y="54778" Z="0"/>
					<Vertex X="72849" Y="54629" Z="0"/>
					<Vertex X="72840" Y="54540" Z="0"/>
					<Vertex X="72840" Y="54332" Z="0"/>
					<Vertex X="72840" Y="54173" Z="0"/>
					<Vertex X="72869" Y="53995" Z="0"/>
					<Vertex X="72879" Y="53797" Z="0"/>
					<Vertex X="72899" Y="53628" Z="0"/>
					<Vertex X="72909" Y="53430" Z="0"/>
					<Vertex X="72939" Y="53232" Z="0"/>
					<Vertex X="72958" Y="53083" Z="0"/>
					<Vertex X="72968" Y="52894" Z="0"/>
					<Vertex X="72978" Y="52686" Z="0"/>
					<Vertex X="72998" Y="52548" Z="0"/>
					<Vertex X="73008" Y="52339" Z="0"/>
					<Vertex X="73028" Y="52121" Z="0"/>
					<Vertex X="73038" Y="51893" Z="0"/>
					<Vertex X="73067" Y="51675" Z="0"/>
					<Vertex X="73067" Y="51467" Z="0"/>
					<Vertex X="73087" Y="51318" Z="0"/>
					<Vertex X="73097" Y="51110" Z="0"/>
					<Vertex X="73097" Y="50892" Z="0"/>
					<Vertex X="73117" Y="50694" Z="0"/>
					<Vertex X="73097" Y="50486" Z="0"/>
					<Vertex X="73087" Y="50307" Z="0"/>
					<Vertex X="73067" Y="50168" Z="0"/>
					<Vertex X="73097" Y="50049" Z="0"/>
					<Vertex X="72601" Y="49504" Z="0"/>
					<Vertex X="72343" Y="49286" Z="0"/>
					<Vertex X="72215" Y="49157" Z="0"/>
					<Vertex X="72066" Y="49038" Z="0"/>
					<Vertex X="71937" Y="48909" Z="0"/>
					<Vertex X="71858" Y="48820" Z="0"/>
					<Vertex X="71739" Y="48691" Z="0"/>
					<Vertex X="71610" Y="48542" Z="0"/>
					<Vertex X="71541" Y="48463" Z="0"/>
					<Vertex X="71471" Y="48374" Z="0"/>
					<Vertex X="71422" Y="48265" Z="0"/>
					<Vertex X="71402" Y="48186" Z="0"/>
					<Vertex X="71382" Y="48116" Z="0"/>
					<Vertex X="71402" Y="48027" Z="0"/>
					<Vertex X="71402" Y="47967" Z="0"/>
					<Vertex X="71441" Y="47878" Z="0"/>
					<Vertex X="71491" Y="47809" Z="0"/>
					<Vertex X="71541" Y="47759" Z="0"/>
					<Vertex X="71640" Y="47690" Z="0"/>
					<Vertex X="71739" Y="47611" Z="0"/>
					<Vertex X="71808" Y="47561" Z="0"/>
					<Vertex X="71917" Y="47462" Z="0"/>
					<Vertex X="72026" Y="47373" Z="0"/>
					<Vertex X="72096" Y="47313" Z="0"/>
					<Vertex X="72205" Y="47224" Z="0"/>
					<Vertex X="72294" Y="47155" Z="0"/>
					<Vertex X="72334" Y="47095" Z="0"/>
					<Vertex X="72423" Y="46976" Z="0"/>
					<Vertex X="72472" Y="46897" Z="0"/>
					<Vertex X="72532" Y="46778" Z="0"/>
					<Vertex X="72571" Y="46679" Z="0"/>
					<Vertex X="72611" Y="46590" Z="0"/>
					<Vertex X="72661" Y="46481" Z="0"/>
					<Vertex X="72690" Y="46381" Z="0"/>
					<Vertex X="72710" Y="46322" Z="0"/>
					<Vertex X="72710" Y="46203" Z="0"/>
					<Vertex X="72720" Y="46104" Z="0"/>
					<Vertex X="72690" Y="45965" Z="0"/>
					<Vertex X="72661" Y="45846" Z="0"/>
					<Vertex X="72631" Y="45777" Z="0"/>
					<Vertex X="72571" Y="45668" Z="0"/>
					<Vertex X="72512" Y="45529" Z="0"/>
					<Vertex X="72482" Y="45440" Z="0"/>
					<Vertex X="72403" Y="45321" Z="0"/>
					<Vertex X="72314" Y="45192" Z="0"/>
					<Vertex X="72225" Y="45073" Z="0"/>
					<Vertex X="72165" Y="44964" Z="0"/>
					<Vertex X="72076" Y="44835" Z="0"/>
					<Vertex X="71997" Y="44696" Z="0"/>
					<Vertex X="71927" Y="44607" Z="0"/>
					<Vertex X="71828" Y="44429" Z="0"/>
					<Vertex X="71739" Y="44300" Z="0"/>
					<Vertex X="71650" Y="44161" Z="0"/>
					<Vertex X="71560" Y="44042" Z="0"/>
					<Vertex X="71501" Y="43973" Z="0"/>
					<Vertex X="71392" Y="43883" Z="0"/>
					<Vertex X="71293" Y="43794" Z="0"/>
					<Vertex X="71204" Y="43705" Z="0"/>
					<Vertex X="71124" Y="43646" Z="0"/>
					<Vertex X="71005" Y="43566" Z="0"/>
					<Vertex X="70876" Y="43497" Z="0"/>
					<Vertex X="70757" Y="43447" Z="0"/>
					<Vertex X="70619" Y="43388" Z="0"/>
					<Vertex X="70529" Y="43358" Z="0"/>
					<Vertex X="70410" Y="43328" Z="0"/>
					<Vertex X="70282" Y="43299" Z="0"/>
					<Vertex X="70173" Y="43289" Z="0"/>
					<Vertex X="70044" Y="43259" Z="0"/>
					<Vertex X="69905" Y="43239" Z="0"/>
					<Vertex X="69816" Y="43239" Z="0"/>
					<Vertex X="69687" Y="43239" Z="0"/>
					<Vertex X="69538" Y="43239" Z="0"/>
					<Vertex X="69449" Y="43259" Z="0"/>
					<Vertex X="69300" Y="43269" Z="0"/>
					<Vertex X="69152" Y="43299" Z="0"/>
					<Vertex X="69092" Y="43348" Z="0"/>
					<Vertex X="68358" Y="43616" Z="0"/>
					<Vertex X="67972" Y="43824" Z="0"/>
					<Vertex X="67813" Y="43913" Z="0"/>
					<Vertex X="67645" Y="44002" Z="0"/>
					<Vertex X="67486" Y="44092" Z="0"/>
					<Vertex X="67327" Y="44181" Z="0"/>
					<Vertex X="67228" Y="44240" Z="0"/>
					<Vertex X="67080" Y="44330" Z="0"/>
					<Vertex X="66931" Y="44399" Z="0"/>
					<Vertex X="66782" Y="44478" Z="0"/>
					<Vertex X="66653" Y="44528" Z="0"/>
					<Vertex X="66514" Y="44548" Z="0"/>
					<Vertex X="66425" Y="44567" Z="0"/>
					<Vertex X="66277" Y="44577" Z="0"/>
					<Vertex X="66148" Y="44567" Z="0"/>
					<Vertex X="65989" Y="44538" Z="0"/>
					<Vertex X="65910" Y="44528" Z="0"/>
					<Vertex X="65751" Y="44508" Z="0"/>
					<Vertex X="65612" Y="44478" Z="0"/>
					<Vertex X="65503" Y="44448" Z="0"/>
					<Vertex X="65345" Y="44399" Z="0"/>
					<Vertex X="65176" Y="44330" Z="0"/>
					<Vertex X="65018" Y="44270" Z="0"/>
					<Vertex X="64899" Y="44230" Z="0"/>
					<Vertex X="64730" Y="44161" Z="0"/>
					<Vertex X="64572" Y="44102" Z="0"/>
					<Vertex X="64383" Y="44032" Z="0"/>
					<Vertex X="64225" Y="43973" Z="0"/>
					<Vertex X="64076" Y="43893" Z="0"/>
					<Vertex X="63987" Y="43834" Z="0"/>
					<Vertex X="63848" Y="43764" Z="0"/>
					<Vertex X="63729" Y="43665" Z="0"/>
					<Vertex X="63670" Y="43596" Z="0"/>
					<Vertex X="63580" Y="43487" Z="0"/>
					<Vertex X="63521" Y="43348" Z="0"/>
					<Vertex X="63481" Y="43209" Z="0"/>
					<Vertex X="63451" Y="43120" Z="0"/>
					<Vertex X="63422" Y="42991" Z="0"/>
					<Vertex X="63402" Y="42853" Z="0"/>
					<Vertex X="63392" Y="42753" Z="0"/>
					<Vertex X="63372" Y="42595" Z="0"/>
					<Vertex X="63362" Y="42327" Z="0"/>
					<Vertex X="63362" Y="42159" Z="0"/>
					<Vertex X="63422" Y="42010" Z="0"/>
					<Vertex X="63095" Y="41376" Z="0"/>
					<Vertex X="62926" Y="40910" Z="0"/>
					<Vertex X="62857" Y="40632" Z="0"/>
					<Vertex X="62837" Y="40434" Z="0"/>
					<Vertex X="62827" Y="40265" Z="0"/>
					<Vertex X="62837" Y="40117" Z="0"/>
					<Vertex X="62867" Y="39958" Z="0"/>
					<Vertex X="62896" Y="39809" Z="0"/>
					<Vertex X="62926" Y="39641" Z="0"/>
					<Vertex X="62986" Y="39462" Z="0"/>
					<Vertex X="63015" Y="39393" Z="0"/>
					<Vertex X="63045" Y="39274" Z="0"/>
					<Vertex X="63075" Y="39155" Z="0"/>
					<Vertex X="63095" Y="39036" Z="0"/>
					<Vertex X="63124" Y="38897" Z="0"/>
					<Vertex X="63154" Y="38778" Z="0"/>
					<Vertex X="63184" Y="38620" Z="0"/>
					<Vertex X="63194" Y="38451" Z="0"/>
					<Vertex X="63194" Y="38382" Z="0"/>
					<Vertex X="63164" Y="38263" Z="0"/>
					<Vertex X="63134" Y="38174" Z="0"/>
					<Vertex X="63104" Y="38114" Z="0"/>
					<Vertex X="63045" Y="38035" Z="0"/>
					<Vertex X="62976" Y="37916" Z="0"/>
					<Vertex X="62916" Y="37817" Z="0"/>
					<Vertex X="62867" Y="37757" Z="0"/>
					<Vertex X="62797" Y="37668" Z="0"/>
					<Vertex X="62738" Y="37579" Z="0"/>
					<Vertex X="62678" Y="37519" Z="0"/>
					<Vertex X="62599" Y="37410" Z="0"/>
					<Vertex X="62510" Y="37311" Z="0"/>
					<Vertex X="62450" Y="37252" Z="0"/>
					<Vertex X="62331" Y="37163" Z="0"/>
					<Vertex X="62212" Y="37073" Z="0"/>
					<Vertex X="62143" Y="37014" Z="0"/>
					<Vertex X="62024" Y="36925" Z="0"/>
					<Vertex X="61905" Y="36845" Z="0"/>
					<Vertex X="61816" Y="36786" Z="0"/>
					<Vertex X="61677" Y="36697" Z="0"/>
					<Vertex X="61578" Y="36637" Z="0"/>
					<Vertex X="61429" Y="36548" Z="0"/>
					<Vertex X="61281" Y="36479" Z="0"/>
					<Vertex X="61191" Y="36429" Z="0"/>
					<Vertex X="61043" Y="36360" Z="0"/>
					<Vertex X="60894" Y="36300" Z="0"/>
					<Vertex X="60785" Y="36251" Z="0"/>
					<Vertex X="60626" Y="36211" Z="0"/>
					<Vertex X="60458" Y="36161" Z="0"/>
					<Vertex X="60359" Y="36132" Z="0"/>
					<Vertex X="60210" Y="36102" Z="0"/>
					<Vertex X="60101" Y="36072" Z="0"/>
					<Vertex X="59952" Y="36042" Z="0"/>
					<Vertex X="59804" Y="36013" Z="0"/>
					<Vertex X="59704" Y="35983" Z="0"/>
					<Vertex X="59625" Y="36004" Z="0"/>
					<Vertex X="58852" Y="35786" Z="0"/>
					<Vertex X="58544" Y="35667" Z="0"/>
					<Vertex X="58435" Y="35637" Z="0"/>
					<Vertex X="58336" Y="35597" Z="0"/>
					<Vertex X="58207" Y="35548" Z="0"/>
					<Vertex X="58088" Y="35498" Z="0"/>
					<Vertex X="57979" Y="35468" Z="0"/>
					<Vertex X="57930" Y="35439" Z="0"/>
					<Vertex X="57186" Y="35102" Z="0"/>
					<Vertex X="56800" Y="34933" Z="0"/>
					<Vertex X="56651" Y="34864" Z="0"/>
					<Vertex X="56512" Y="34804" Z="0"/>
					<Vertex X="56383" Y="34745" Z="0"/>
					<Vertex X="56245" Y="34685" Z="0"/>
					<Vertex X="56126" Y="34636" Z="0"/>
					<Vertex X="56007" Y="34576" Z="0"/>
					<Vertex X="55888" Y="34517" Z="0"/>
					<Vertex X="55769" Y="34477" Z="0"/>
					<Vertex X="55670" Y="34427" Z="0"/>
					<Vertex X="55561" Y="34398" Z="0"/>
					<Vertex X="55501" Y="34388" Z="0"/>
					<Vertex X="55432" Y="34358" Z="0"/>
					<Vertex X="55352" Y="34358" Z="0"/>
					<Vertex X="55263" Y="34358" Z="0"/>
					<Vertex X="55174" Y="34368" Z="0"/>
					<Vertex X="55105" Y="34398" Z="0"/>
					<Vertex X="55075" Y="34418" Z="0"/>
					<Vertex X="55015" Y="34457" Z="0"/>
					<Vertex X="54956" Y="34507" Z="0"/>
					<Vertex X="54926" Y="34546" Z="0"/>
					<Vertex X="54867" Y="34606" Z="0"/>
					<Vertex X="54807" Y="34685" Z="0"/>
					<Vertex X="54728" Y="34755" Z="0"/>
					<Vertex X="54639" Y="34834" Z="0"/>
					<Vertex X="54549" Y="34903" Z="0"/>
					<Vertex X="54510" Y="34953" Z="0"/>
					<Vertex X="54421" Y="35012" Z="0"/>
					<Vertex X="54331" Y="35082" Z="0"/>
					<Vertex X="54222" Y="35151" Z="0"/>
					<Vertex X="54133" Y="35191" Z="0"/>
					<Vertex X="54034" Y="35230" Z="0"/>
					<Vertex X="53915" Y="35280" Z="0"/>
					<Vertex X="53766" Y="35320" Z="0"/>
					<Vertex X="53618" Y="35379" Z="0"/>
					<Vertex X="53439" Y="35439" Z="0"/>
					<Vertex X="53261" Y="35498" Z="0"/>
					<Vertex X="53082" Y="35558" Z="0"/>
					<Vertex X="52963" Y="35607" Z="0"/>
					<Vertex X="52706" Y="35667" Z="0"/>
					<Vertex X="52527" Y="35726" Z="0"/>
					<Vertex X="52408" Y="35756" Z="0"/>
					<Vertex X="52161" Y="35845" Z="0"/>
					<Vertex X="51962" Y="35904" Z="0"/>
					<Vertex X="51843" Y="35944" Z="0"/>
					<Vertex X="51595" Y="36053" Z="0"/>
					<Vertex X="51397" Y="36123" Z="0"/>
					<Vertex X="51268" Y="36202" Z="0"/>
					<Vertex X="51070" Y="36291" Z="0"/>
					<Vertex X="50862" Y="36380" Z="0"/>
					<Vertex X="50674" Y="36479" Z="0"/>
					<Vertex X="50465" Y="36598" Z="0"/>
					<Vertex X="50257" Y="36717" Z="0"/>
					<Vertex X="50059" Y="36856" Z="0"/>
					<Vertex X="49811" Y="37015" Z="0"/>
					<Vertex X="49643" Y="37134" Z="0"/>
					<Vertex X="49544" Y="37213" Z="0"/>
					<Vertex X="49375" Y="37302" Z="0"/>
					<Vertex X="49246" Y="37401" Z="0"/>
					<Vertex X="49107" Y="37510" Z="0"/>
					<Vertex X="48979" Y="37609" Z="0"/>
					<Vertex X="48860" Y="37719" Z="0"/>
					<Vertex X="48800" Y="37778" Z="0"/>
					<Vertex X="48661" Y="37897" Z="0"/>
					<Vertex X="48602" Y="37937" Z="0"/>
					<Vertex X="48503" Y="38026" Z="0"/>
					<Vertex X="48423" Y="38105" Z="0"/>
					<Vertex X="48364" Y="38165" Z="0"/>
					<Vertex X="48304" Y="38224" Z="0"/>
					<Vertex X="48185" Y="38353" Z="0"/>
					<Vertex X="48096" Y="38472" Z="0"/>
					<Vertex X="48007" Y="38581" Z="0"/>
					<Vertex X="47938" Y="38700" Z="0"/>
					<Vertex X="47888" Y="38769" Z="0"/>
					<Vertex X="47819" Y="38898" Z="0"/>
					<Vertex X="47739" Y="39007" Z="0"/>
					<Vertex X="47650" Y="39146" Z="0"/>
					<Vertex X="47581" Y="39235" Z="0"/>
					<Vertex X="47521" Y="39324" Z="0"/>
					<Vertex X="47462" Y="39423" Z="0"/>
					<Vertex X="47412" Y="39533" Z="0"/>
					<Vertex X="47373" Y="39592" Z="0"/>
					<Vertex X="47383" Y="39622" Z="0"/>
					<Vertex X="47373" Y="39622" Z="0"/>
					<Vertex X="47437" Y="39678" Z="0"/>
				</Vertices>
			</Region>
		</Regions>
		<Plots/>
	</Annotation>
</Annotations>
