<Annotations MicronsPerPixel="0.252200">
	<Annotation Id="1" Name="" ReadOnly="0" NameReadOnly="0" LineColorReadOnly="0" Incremental="0" Type="4" LineColor="16776960" Visible="1" Selected="1" MarkupImagePath="" MacroName="">
		<Attributes/>
		<Regions>
			<RegionAttributeHeaders>
				<AttributeHeader Id="9999" Name="Region" ColumnWidth="-1"/>
				<AttributeHeader Id="9997" Name="Length" ColumnWidth="-1"/>
				<AttributeHeader Id="9996" Name="Area" ColumnWidth="-1"/>
				<AttributeHeader Id="9998" Name="Text" ColumnWidth="-1"/>
			</RegionAttributeHeaders>
			<Region Id="1" Type="0" Zoom="0.016299" Selected="1" ImageLocation="" ImageFocus="-1" Length="143863.5" Area="552584548.0" LengthMicrons="36282.4" AreaMicrons="35147051.8" Text="" NegativeROA="0" InputRegionId="0" Analyze="1" DisplayId="1">
				<Attributes/>
				<Vertices>
					<Vertex X="56924" Y="80521" Z="0"/>
					<Vertex X="57229" Y="80400" Z="0"/>
					<Vertex X="57411" Y="80156" Z="0"/>
					<Vertex X="57715" Y="79974" Z="0"/>
					<Vertex X="57897" Y="79791" Z="0"/>
					<Vertex X="58141" Y="79609" Z="0"/>
					<Vertex X="58323" Y="79426" Z="0"/>
					<Vertex X="58506" Y="79244" Z="0"/>
					<Vertex X="58749" Y="79062" Z="0"/>
					<Vertex X="59053" Y="78818" Z="0"/>
					<Vertex X="59357" Y="78636" Z="0"/>
					<Vertex X="59540" Y="78453" Z="0"/>
					<Vertex X="59783" Y="78271" Z="0"/>
					<Vertex X="59965" Y="77967" Z="0"/>
					<Vertex X="60148" Y="77784" Z="0"/>
					<Vertex X="60391" Y="77420" Z="0"/>
					<Vertex X="60634" Y="77237" Z="0"/>
					<Vertex X="60695" Y="76994" Z="0"/>
					<Vertex X="60817" Y="76872" Z="0"/>
					<Vertex X="60878" Y="76690" Z="0"/>
					<Vertex X="60999" Y="76507" Z="0"/>
					<Vertex X="61182" Y="76264" Z="0"/>
					<Vertex X="61364" Y="75960" Z="0"/>
					<Vertex X="61546" Y="75838" Z="0"/>
					<Vertex X="61607" Y="75595" Z="0"/>
					<Vertex X="61790" Y="75413" Z="0"/>
					<Vertex X="61972" Y="75169" Z="0"/>
					<Vertex X="62155" Y="74987" Z="0"/>
					<Vertex X="62337" Y="74804" Z="0"/>
					<Vertex X="62520" Y="74622" Z="0"/>
					<Vertex X="62702" Y="74440" Z="0"/>
					<Vertex X="62884" Y="74257" Z="0"/>
					<Vertex X="63067" Y="74075" Z="0"/>
					<Vertex X="63249" Y="74014" Z="0"/>
					<Vertex X="63432" Y="73771" Z="0"/>
					<Vertex X="63675" Y="73588" Z="0"/>
					<Vertex X="63979" Y="73406" Z="0"/>
					<Vertex X="64162" Y="73223" Z="0"/>
					<Vertex X="64344" Y="73162" Z="0"/>
					<Vertex X="64527" Y="73102" Z="0"/>
					<Vertex X="64709" Y="73102" Z="0"/>
					<Vertex X="64891" Y="72980" Z="0"/>
					<Vertex X="65074" Y="72858" Z="0"/>
					<Vertex X="65317" Y="72797" Z="0"/>
					<Vertex X="65621" Y="72797" Z="0"/>
					<Vertex X="65804" Y="72676" Z="0"/>
					<Vertex X="65925" Y="72676" Z="0"/>
					<Vertex X="66169" Y="72676" Z="0"/>
					<Vertex X="66351" Y="72676" Z="0"/>
					<Vertex X="66716" Y="72676" Z="0"/>
					<Vertex X="66898" Y="72676" Z="0"/>
					<Vertex X="67202" Y="72676" Z="0"/>
					<Vertex X="67385" Y="72676" Z="0"/>
					<Vertex X="67567" Y="72797" Z="0"/>
					<Vertex X="67750" Y="72858" Z="0"/>
					<Vertex X="67993" Y="72980" Z="0"/>
					<Vertex X="68176" Y="73102" Z="0"/>
					<Vertex X="68358" Y="73162" Z="0"/>
					<Vertex X="68540" Y="73223" Z="0"/>
					<Vertex X="68601" Y="73345" Z="0"/>
					<Vertex X="68723" Y="73406" Z="0"/>
					<Vertex X="68844" Y="73588" Z="0"/>
					<Vertex X="68905" Y="73710" Z="0"/>
					<Vertex X="69088" Y="73892" Z="0"/>
					<Vertex X="69270" Y="74075" Z="0"/>
					<Vertex X="69392" Y="74257" Z="0"/>
					<Vertex X="69513" Y="74318" Z="0"/>
					<Vertex X="69635" Y="74500" Z="0"/>
					<Vertex X="69818" Y="74622" Z="0"/>
					<Vertex X="70000" Y="74804" Z="0"/>
					<Vertex X="70182" Y="74926" Z="0"/>
					<Vertex X="70243" Y="74987" Z="0"/>
					<Vertex X="70547" Y="75169" Z="0"/>
					<Vertex X="70730" Y="75352" Z="0"/>
					<Vertex X="70912" Y="75413" Z="0"/>
					<Vertex X="71095" Y="75534" Z="0"/>
					<Vertex X="71277" Y="75595" Z="0"/>
					<Vertex X="71460" Y="75717" Z="0"/>
					<Vertex X="71642" Y="75838" Z="0"/>
					<Vertex X="72007" Y="75899" Z="0"/>
					<Vertex X="72311" Y="75960" Z="0"/>
					<Vertex X="72554" Y="76082" Z="0"/>
					<Vertex X="72798" Y="76082" Z="0"/>
					<Vertex X="73102" Y="76142" Z="0"/>
					<Vertex X="73345" Y="76142" Z="0"/>
					<Vertex X="73649" Y="76264" Z="0"/>
					<Vertex X="73953" Y="76264" Z="0"/>
					<Vertex X="74440" Y="76325" Z="0"/>
					<Vertex X="74744" Y="76446" Z="0"/>
					<Vertex X="75109" Y="76446" Z="0"/>
					<Vertex X="75473" Y="76507" Z="0"/>
					<Vertex X="75838" Y="76507" Z="0"/>
					<Vertex X="76082" Y="76629" Z="0"/>
					<Vertex X="76507" Y="76690" Z="0"/>
					<Vertex X="76811" Y="76690" Z="0"/>
					<Vertex X="77116" Y="76690" Z="0"/>
					<Vertex X="77602" Y="76811" Z="0"/>
					<Vertex X="77967" Y="76811" Z="0"/>
					<Vertex X="78210" Y="76872" Z="0"/>
					<Vertex X="78575" Y="76872" Z="0"/>
					<Vertex X="79122" Y="76994" Z="0"/>
					<Vertex X="79366" Y="76994" Z="0"/>
					<Vertex X="79791" Y="77055" Z="0"/>
					<Vertex X="80096" Y="77055" Z="0"/>
					<Vertex X="80582" Y="77055" Z="0"/>
					<Vertex X="80886" Y="77055" Z="0"/>
					<Vertex X="81008" Y="77176" Z="0"/>
					<Vertex X="81251" Y="77176" Z="0"/>
					<Vertex X="81434" Y="77237" Z="0"/>
					<Vertex X="81555" Y="77237" Z="0"/>
					<Vertex X="81738" Y="77359" Z="0"/>
					<Vertex X="82163" Y="77359" Z="0"/>
					<Vertex X="82528" Y="77420" Z="0"/>
					<Vertex X="82771" Y="77420" Z="0"/>
					<Vertex X="83197" Y="77541" Z="0"/>
					<Vertex X="83562" Y="77541" Z="0"/>
					<Vertex X="83988" Y="77663" Z="0"/>
					<Vertex X="84231" Y="77663" Z="0"/>
					<Vertex X="84596" Y="77724" Z="0"/>
					<Vertex X="84839" Y="77724" Z="0"/>
					<Vertex X="85326" Y="77784" Z="0"/>
					<Vertex X="85630" Y="77906" Z="0"/>
					<Vertex X="85995" Y="77967" Z="0"/>
					<Vertex X="86238" Y="77967" Z="0"/>
					<Vertex X="86785" Y="78149" Z="0"/>
					<Vertex X="87089" Y="78271" Z="0"/>
					<Vertex X="87454" Y="78271" Z="0"/>
					<Vertex X="87758" Y="78332" Z="0"/>
					<Vertex X="88063" Y="78453" Z="0"/>
					<Vertex X="88306" Y="78514" Z="0"/>
					<Vertex X="88610" Y="78636" Z="0"/>
					<Vertex X="88975" Y="78697" Z="0"/>
					<Vertex X="89157" Y="78818" Z="0"/>
					<Vertex X="89400" Y="78818" Z="0"/>
					<Vertex X="89644" Y="78879" Z="0"/>
					<Vertex X="89765" Y="79001" Z="0"/>
					<Vertex X="90069" Y="79062" Z="0"/>
					<Vertex X="90313" Y="79183" Z="0"/>
					<Vertex X="90495" Y="79244" Z="0"/>
					<Vertex X="90799" Y="79366" Z="0"/>
					<Vertex X="90982" Y="79426" Z="0"/>
					<Vertex X="91164" Y="79548" Z="0"/>
					<Vertex X="91407" Y="79548" Z="0"/>
					<Vertex X="91712" Y="79731" Z="0"/>
					<Vertex X="91955" Y="79731" Z="0"/>
					<Vertex X="92137" Y="79791" Z="0"/>
					<Vertex X="92441" Y="79791" Z="0"/>
					<Vertex X="92867" Y="79913" Z="0"/>
					<Vertex X="93171" Y="79974" Z="0"/>
					<Vertex X="93354" Y="79974" Z="0"/>
					<Vertex X="93718" Y="80095" Z="0"/>
					<Vertex X="94023" Y="80156" Z="0"/>
					<Vertex X="94266" Y="80278" Z="0"/>
					<Vertex X="94813" Y="80400" Z="0"/>
					<Vertex X="95056" Y="80460" Z="0"/>
					<Vertex X="95421" Y="80460" Z="0"/>
					<Vertex X="95786" Y="80521" Z="0"/>
					<Vertex X="96151" Y="80643" Z="0"/>
					<Vertex X="96516" Y="80704" Z="0"/>
					<Vertex X="96820" Y="80704" Z="0"/>
					<Vertex X="97185" Y="80825" Z="0"/>
					<Vertex X="97428" Y="80886" Z="0"/>
					<Vertex X="97915" Y="81008" Z="0"/>
					<Vertex X="98158" Y="81008" Z="0"/>
					<Vertex X="98462" Y="81069" Z="0"/>
					<Vertex X="98645" Y="81190" Z="0"/>
					<Vertex X="98827" Y="81190" Z="0"/>
					<Vertex X="99010" Y="81251" Z="0"/>
					<Vertex X="99253" Y="81373" Z="0"/>
					<Vertex X="99557" Y="81433" Z="0"/>
					<Vertex X="99739" Y="81433" Z="0"/>
					<Vertex X="99983" Y="81555" Z="0"/>
					<Vertex X="100165" Y="81616" Z="0"/>
					<Vertex X="100347" Y="81738" Z="0"/>
					<Vertex X="100347" Y="81798" Z="0"/>
					<Vertex X="100469" Y="81798" Z="0"/>
					<Vertex X="100469" Y="81920" Z="0"/>
					<Vertex X="100530" Y="82102" Z="0"/>
					<Vertex X="100652" Y="82285" Z="0"/>
					<Vertex X="100712" Y="82467" Z="0"/>
					<Vertex X="100834" Y="82528" Z="0"/>
					<Vertex X="100895" Y="82711" Z="0"/>
					<Vertex X="101016" Y="82832" Z="0"/>
					<Vertex X="101077" Y="83015" Z="0"/>
					<Vertex X="101199" Y="83197" Z="0"/>
					<Vertex X="101260" Y="83258" Z="0"/>
					<Vertex X="101381" Y="83440" Z="0"/>
					<Vertex X="101442" Y="83562" Z="0"/>
					<Vertex X="101564" Y="83744" Z="0"/>
					<Vertex X="101625" Y="83805" Z="0"/>
					<Vertex X="101807" Y="83927" Z="0"/>
					<Vertex X="101990" Y="83988" Z="0"/>
					<Vertex X="102172" Y="83988" Z="0"/>
					<Vertex X="102537" Y="83988" Z="0"/>
					<Vertex X="102719" Y="83988" Z="0"/>
					<Vertex X="103023" Y="83988" Z="0"/>
					<Vertex X="103267" Y="83988" Z="0"/>
					<Vertex X="103449" Y="83988" Z="0"/>
					<Vertex X="103571" Y="83927" Z="0"/>
					<Vertex X="103632" Y="83805" Z="0"/>
					<Vertex X="103632" Y="83744" Z="0"/>
					<Vertex X="103753" Y="83623" Z="0"/>
					<Vertex X="103753" Y="83440" Z="0"/>
					<Vertex X="103753" Y="83380" Z="0"/>
					<Vertex X="103753" Y="83197" Z="0"/>
					<Vertex X="103753" Y="83075" Z="0"/>
					<Vertex X="103814" Y="82893" Z="0"/>
					<Vertex X="103814" Y="82832" Z="0"/>
					<Vertex X="103814" Y="82528" Z="0"/>
					<Vertex X="103936" Y="82285" Z="0"/>
					<Vertex X="103936" Y="82102" Z="0"/>
					<Vertex X="103936" Y="81798" Z="0"/>
					<Vertex X="103936" Y="81616" Z="0"/>
					<Vertex X="103936" Y="81373" Z="0"/>
					<Vertex X="103936" Y="81069" Z="0"/>
					<Vertex X="103936" Y="80825" Z="0"/>
					<Vertex X="103936" Y="80643" Z="0"/>
					<Vertex X="103936" Y="80400" Z="0"/>
					<Vertex X="103936" Y="80095" Z="0"/>
					<Vertex X="103996" Y="79913" Z="0"/>
					<Vertex X="104118" Y="79548" Z="0"/>
					<Vertex X="104118" Y="79366" Z="0"/>
					<Vertex X="104118" Y="79062" Z="0"/>
					<Vertex X="104118" Y="78879" Z="0"/>
					<Vertex X="104118" Y="78697" Z="0"/>
					<Vertex X="104118" Y="78453" Z="0"/>
					<Vertex X="104179" Y="78089" Z="0"/>
					<Vertex X="104179" Y="77784" Z="0"/>
					<Vertex X="104179" Y="77663" Z="0"/>
					<Vertex X="104301" Y="77359" Z="0"/>
					<Vertex X="104301" Y="77176" Z="0"/>
					<Vertex X="104361" Y="76811" Z="0"/>
					<Vertex X="104361" Y="76629" Z="0"/>
					<Vertex X="104361" Y="76446" Z="0"/>
					<Vertex X="104483" Y="76142" Z="0"/>
					<Vertex X="104483" Y="75960" Z="0"/>
					<Vertex X="104483" Y="75838" Z="0"/>
					<Vertex X="104544" Y="75534" Z="0"/>
					<Vertex X="104544" Y="75352" Z="0"/>
					<Vertex X="104544" Y="75230" Z="0"/>
					<Vertex X="104544" Y="75048" Z="0"/>
					<Vertex X="104483" Y="74926" Z="0"/>
					<Vertex X="104483" Y="74683" Z="0"/>
					<Vertex X="104483" Y="74500" Z="0"/>
					<Vertex X="104483" Y="74318" Z="0"/>
					<Vertex X="104483" Y="74135" Z="0"/>
					<Vertex X="104483" Y="74014" Z="0"/>
					<Vertex X="104483" Y="73771" Z="0"/>
					<Vertex X="104483" Y="73588" Z="0"/>
					<Vertex X="104361" Y="73527" Z="0"/>
					<Vertex X="104361" Y="73345" Z="0"/>
					<Vertex X="104361" Y="73162" Z="0"/>
					<Vertex X="104361" Y="73102" Z="0"/>
					<Vertex X="104361" Y="72980" Z="0"/>
					<Vertex X="104361" Y="72797" Z="0"/>
					<Vertex X="104301" Y="72676" Z="0"/>
					<Vertex X="104301" Y="72493" Z="0"/>
					<Vertex X="104301" Y="72433" Z="0"/>
					<Vertex X="104179" Y="72250" Z="0"/>
					<Vertex X="104118" Y="72068" Z="0"/>
					<Vertex X="103996" Y="71946" Z="0"/>
					<Vertex X="103936" Y="71885" Z="0"/>
					<Vertex X="103753" Y="71764" Z="0"/>
					<Vertex X="103632" Y="71703" Z="0"/>
					<Vertex X="103449" Y="71581" Z="0"/>
					<Vertex X="103267" Y="71520" Z="0"/>
					<Vertex X="103023" Y="71399" Z="0"/>
					<Vertex X="102719" Y="71399" Z="0"/>
					<Vertex X="102537" Y="71338" Z="0"/>
					<Vertex X="102172" Y="71338" Z="0"/>
					<Vertex X="101990" Y="71277" Z="0"/>
					<Vertex X="101442" Y="71155" Z="0"/>
					<Vertex X="101199" Y="71155" Z="0"/>
					<Vertex X="100895" Y="71034" Z="0"/>
					<Vertex X="100469" Y="70973" Z="0"/>
					<Vertex X="100165" Y="70851" Z="0"/>
					<Vertex X="99922" Y="70791" Z="0"/>
					<Vertex X="99604" Y="70698" Z="0"/>
					<Vertex X="98057" Y="70262" Z="0"/>
					<Vertex X="97700" Y="70083" Z="0"/>
					<Vertex X="97581" Y="70004" Z="0"/>
					<Vertex X="97482" Y="69925" Z="0"/>
					<Vertex X="97423" Y="69865" Z="0"/>
					<Vertex X="97403" Y="69806" Z="0"/>
					<Vertex X="97363" Y="69707" Z="0"/>
					<Vertex X="97343" Y="69647" Z="0"/>
					<Vertex X="97343" Y="69588" Z="0"/>
					<Vertex X="97304" Y="69548" Z="0"/>
					<Vertex X="97284" Y="69449" Z="0"/>
					<Vertex X="97244" Y="69390" Z="0"/>
					<Vertex X="97225" Y="69330" Z="0"/>
					<Vertex X="97185" Y="69290" Z="0"/>
					<Vertex X="97125" Y="69211" Z="0"/>
					<Vertex X="97106" Y="69152" Z="0"/>
					<Vertex X="97006" Y="69072" Z="0"/>
					<Vertex X="96947" Y="69033" Z="0"/>
					<Vertex X="96887" Y="68973" Z="0"/>
					<Vertex X="96828" Y="68934" Z="0"/>
					<Vertex X="96769" Y="68894" Z="0"/>
					<Vertex X="96650" Y="68815" Z="0"/>
					<Vertex X="96570" Y="68795" Z="0"/>
					<Vertex X="96471" Y="68755" Z="0"/>
					<Vertex X="96352" Y="68696" Z="0"/>
					<Vertex X="96213" Y="68676" Z="0"/>
					<Vertex X="96154" Y="68656" Z="0"/>
					<Vertex X="96055" Y="68616" Z="0"/>
					<Vertex X="95916" Y="68597" Z="0"/>
					<Vertex X="95817" Y="68597" Z="0"/>
					<Vertex X="95698" Y="68557" Z="0"/>
					<Vertex X="95619" Y="68557" Z="0"/>
					<Vertex X="95440" Y="68557" Z="0"/>
					<Vertex X="95321" Y="68517" Z="0"/>
					<Vertex X="95222" Y="68517" Z="0"/>
					<Vertex X="95083" Y="68517" Z="0"/>
					<Vertex X="94905" Y="68517" Z="0"/>
					<Vertex X="94786" Y="68497" Z="0"/>
					<Vertex X="94667" Y="68497" Z="0"/>
					<Vertex X="94489" Y="68497" Z="0"/>
					<Vertex X="94370" Y="68497" Z="0"/>
					<Vertex X="94251" Y="68517" Z="0"/>
					<Vertex X="94152" Y="68517" Z="0"/>
					<Vertex X="93973" Y="68517" Z="0"/>
					<Vertex X="93874" Y="68517" Z="0"/>
					<Vertex X="93735" Y="68557" Z="0"/>
					<Vertex X="93656" Y="68557" Z="0"/>
					<Vertex X="93477" Y="68597" Z="0"/>
					<Vertex X="93378" Y="68597" Z="0"/>
					<Vertex X="93279" Y="68616" Z="0"/>
					<Vertex X="93121" Y="68656" Z="0"/>
					<Vertex X="93021" Y="68656" Z="0"/>
					<Vertex X="92942" Y="68676" Z="0"/>
					<Vertex X="92843" Y="68696" Z="0"/>
					<Vertex X="92704" Y="68735" Z="0"/>
					<Vertex X="92605" Y="68735" Z="0"/>
					<Vertex X="92486" Y="68755" Z="0"/>
					<Vertex X="92407" Y="68795" Z="0"/>
					<Vertex X="92268" Y="68854" Z="0"/>
					<Vertex X="92209" Y="68894" Z="0"/>
					<Vertex X="92110" Y="68914" Z="0"/>
					<Vertex X="92010" Y="68914" Z="0"/>
					<Vertex X="91872" Y="68973" Z="0"/>
					<Vertex X="91753" Y="68993" Z="0"/>
					<Vertex X="91693" Y="69033" Z="0"/>
					<Vertex X="91554" Y="69092" Z="0"/>
					<Vertex X="91475" Y="69092" Z="0"/>
					<Vertex X="91336" Y="69112" Z="0"/>
					<Vertex X="91257" Y="69152" Z="0"/>
					<Vertex X="91198" Y="69191" Z="0"/>
					<Vertex X="91098" Y="69191" Z="0"/>
					<Vertex X="91039" Y="69211" Z="0"/>
					<Vertex X="90979" Y="69211" Z="0"/>
					<Vertex X="90920" Y="69211" Z="0"/>
					<Vertex X="90861" Y="69211" Z="0"/>
					<Vertex X="90801" Y="69211" Z="0"/>
					<Vertex X="90742" Y="69211" Z="0"/>
					<Vertex X="90682" Y="69211" Z="0"/>
					<Vertex X="90623" Y="69211" Z="0"/>
					<Vertex X="90563" Y="69211" Z="0"/>
					<Vertex X="90543" Y="69211" Z="0"/>
					<Vertex X="90504" Y="69211" Z="0"/>
					<Vertex X="90444" Y="69191" Z="0"/>
					<Vertex X="90405" Y="69152" Z="0"/>
					<Vertex X="90385" Y="69152" Z="0"/>
					<Vertex X="90345" Y="69112" Z="0"/>
					<Vertex X="90286" Y="69092" Z="0"/>
					<Vertex X="90266" Y="69072" Z="0"/>
					<Vertex X="90206" Y="69033" Z="0"/>
					<Vertex X="90147" Y="68993" Z="0"/>
					<Vertex X="90087" Y="68993" Z="0"/>
					<Vertex X="90028" Y="68973" Z="0"/>
					<Vertex X="89968" Y="68934" Z="0"/>
					<Vertex X="89949" Y="68934" Z="0"/>
					<Vertex X="89869" Y="68914" Z="0"/>
					<Vertex X="89849" Y="68894" Z="0"/>
					<Vertex X="89790" Y="68854" Z="0"/>
					<Vertex X="89730" Y="68854" Z="0"/>
					<Vertex X="89711" Y="68815" Z="0"/>
					<Vertex X="89651" Y="68795" Z="0"/>
					<Vertex X="89572" Y="68755" Z="0"/>
					<Vertex X="89552" Y="68735" Z="0"/>
					<Vertex X="89493" Y="68696" Z="0"/>
					<Vertex X="89413" Y="68676" Z="0"/>
					<Vertex X="89374" Y="68676" Z="0"/>
					<Vertex X="89314" Y="68656" Z="0"/>
					<Vertex X="89215" Y="68616" Z="0"/>
					<Vertex X="89175" Y="68597" Z="0"/>
					<Vertex X="89136" Y="68597" Z="0"/>
					<Vertex X="89076" Y="68557" Z="0"/>
					<Vertex X="88997" Y="68517" Z="0"/>
					<Vertex X="88937" Y="68517" Z="0"/>
					<Vertex X="88878" Y="68497" Z="0"/>
					<Vertex X="88739" Y="68438" Z="0"/>
					<Vertex X="88660" Y="68398" Z="0"/>
					<Vertex X="88600" Y="68378" Z="0"/>
					<Vertex X="88481" Y="68359" Z="0"/>
					<Vertex X="88422" Y="68319" Z="0"/>
					<Vertex X="88343" Y="68299" Z="0"/>
					<Vertex X="88263" Y="68260" Z="0"/>
					<Vertex X="88144" Y="68220" Z="0"/>
					<Vertex X="88065" Y="68220" Z="0"/>
					<Vertex X="87946" Y="68200" Z="0"/>
					<Vertex X="87867" Y="68180" Z="0"/>
					<Vertex X="87768" Y="68141" Z="0"/>
					<Vertex X="87649" Y="68101" Z="0"/>
					<Vertex X="87569" Y="68101" Z="0"/>
					<Vertex X="87431" Y="68081" Z="0"/>
					<Vertex X="87292" Y="68061" Z="0"/>
					<Vertex X="87213" Y="68061" Z="0"/>
					<Vertex X="87113" Y="68061" Z="0"/>
					<Vertex X="86935" Y="68061" Z="0"/>
					<Vertex X="86816" Y="68022" Z="0"/>
					<Vertex X="86697" Y="68022" Z="0"/>
					<Vertex X="86539" Y="68022" Z="0"/>
					<Vertex X="86439" Y="68022" Z="0"/>
					<Vertex X="86221" Y="68002" Z="0"/>
					<Vertex X="86102" Y="68002" Z="0"/>
					<Vertex X="85983" Y="68002" Z="0"/>
					<Vertex X="85825" Y="68002" Z="0"/>
					<Vertex X="85726" Y="68002" Z="0"/>
					<Vertex X="85627" Y="68002" Z="0"/>
					<Vertex X="85508" Y="67962" Z="0"/>
					<Vertex X="85369" Y="67962" Z="0"/>
					<Vertex X="85250" Y="67922" Z="0"/>
					<Vertex X="85151" Y="67922" Z="0"/>
					<Vertex X="84992" Y="67903" Z="0"/>
					<Vertex X="84873" Y="67863" Z="0"/>
					<Vertex X="84734" Y="67843" Z="0"/>
					<Vertex X="84655" Y="67804" Z="0"/>
					<Vertex X="84536" Y="67784" Z="0"/>
					<Vertex X="84338" Y="67764" Z="0"/>
					<Vertex X="84219" Y="67764" Z="0"/>
					<Vertex X="84021" Y="67724" Z="0"/>
					<Vertex X="83862" Y="67724" Z="0"/>
					<Vertex X="83763" Y="67704" Z="0"/>
					<Vertex X="83545" Y="67704" Z="0"/>
					<Vertex X="83386" Y="67665" Z="0"/>
					<Vertex X="83267" Y="67665" Z="0"/>
					<Vertex X="83168" Y="67665" Z="0"/>
					<Vertex X="82930" Y="67625" Z="0"/>
					<Vertex X="82772" Y="67625" Z="0"/>
					<Vertex X="82653" Y="67625" Z="0"/>
					<Vertex X="82454" Y="67625" Z="0"/>
					<Vertex X="82296" Y="67625" Z="0"/>
					<Vertex X="82177" Y="67605" Z="0"/>
					<Vertex X="82038" Y="67605" Z="0"/>
					<Vertex X="81939" Y="67585" Z="0"/>
					<Vertex X="81820" Y="67546" Z="0"/>
					<Vertex X="81721" Y="67546" Z="0"/>
					<Vertex X="81622" Y="67486" Z="0"/>
					<Vertex X="81562" Y="67486" Z="0"/>
					<Vertex X="81443" Y="67447" Z="0"/>
					<Vertex X="81324" Y="67427" Z="0"/>
					<Vertex X="81245" Y="67387" Z="0"/>
					<Vertex X="81186" Y="67367" Z="0"/>
					<Vertex X="81087" Y="67328" Z="0"/>
					<Vertex X="80987" Y="67308" Z="0"/>
					<Vertex X="80908" Y="67288" Z="0"/>
					<Vertex X="80789" Y="67209" Z="0"/>
					<Vertex X="80690" Y="67189" Z="0"/>
					<Vertex X="80611" Y="67149" Z="0"/>
					<Vertex X="80492" Y="67090" Z="0"/>
					<Vertex X="80393" Y="67050" Z="0"/>
					<Vertex X="80274" Y="67011" Z="0"/>
					<Vertex X="80115" Y="66911" Z="0"/>
					<Vertex X="80016" Y="66892" Z="0"/>
					<Vertex X="79877" Y="66832" Z="0"/>
					<Vertex X="79719" Y="66773" Z="0"/>
					<Vertex X="79619" Y="66713" Z="0"/>
					<Vertex X="79441" Y="66654" Z="0"/>
					<Vertex X="79322" Y="66594" Z="0"/>
					<Vertex X="79144" Y="66495" Z="0"/>
					<Vertex X="79025" Y="66436" Z="0"/>
					<Vertex X="78886" Y="66396" Z="0"/>
					<Vertex X="78747" Y="66317" Z="0"/>
					<Vertex X="78589" Y="66237" Z="0"/>
					<Vertex X="78390" Y="66178" Z="0"/>
					<Vertex X="78271" Y="66158" Z="0"/>
					<Vertex X="78192" Y="66099" Z="0"/>
					<Vertex X="78053" Y="66059" Z="0"/>
					<Vertex X="77954" Y="65999" Z="0"/>
					<Vertex X="77855" Y="65960" Z="0"/>
					<Vertex X="77677" Y="65900" Z="0"/>
					<Vertex X="77597" Y="65880" Z="0"/>
					<Vertex X="77439" Y="65821" Z="0"/>
					<Vertex X="77359" Y="65801" Z="0"/>
					<Vertex X="77280" Y="65722" Z="0"/>
					<Vertex X="77141" Y="65662" Z="0"/>
					<Vertex X="77022" Y="65603" Z="0"/>
					<Vertex X="76903" Y="65583" Z="0"/>
					<Vertex X="76725" Y="65504" Z="0"/>
					<Vertex X="76586" Y="65464" Z="0"/>
					<Vertex X="76368" Y="65365" Z="0"/>
					<Vertex X="76249" Y="65306" Z="0"/>
					<Vertex X="76130" Y="65246" Z="0"/>
					<Vertex X="75952" Y="65167" Z="0"/>
					<Vertex X="75833" Y="65107" Z="0"/>
					<Vertex X="75753" Y="65048" Z="0"/>
					<Vertex X="75575" Y="64988" Z="0"/>
					<Vertex X="75476" Y="64949" Z="0"/>
					<Vertex X="75337" Y="64889" Z="0"/>
					<Vertex X="75238" Y="64830" Z="0"/>
					<Vertex X="75159" Y="64810" Z="0"/>
					<Vertex X="75040" Y="64770" Z="0"/>
					<Vertex X="74941" Y="64750" Z="0"/>
					<Vertex X="74881" Y="64711" Z="0"/>
					<Vertex X="74762" Y="64691" Z="0"/>
					<Vertex X="74742" Y="64691" Z="0"/>
					<Vertex X="74643" Y="64671" Z="0"/>
					<Vertex X="74584" Y="64631" Z="0"/>
					<Vertex X="74504" Y="64631" Z="0"/>
					<Vertex X="74445" Y="64631" Z="0"/>
					<Vertex X="74385" Y="64631" Z="0"/>
					<Vertex X="74267" Y="64631" Z="0"/>
					<Vertex X="74167" Y="64631" Z="0"/>
					<Vertex X="74048" Y="64671" Z="0"/>
					<Vertex X="73910" Y="64691" Z="0"/>
					<Vertex X="73811" Y="64711" Z="0"/>
					<Vertex X="73771" Y="64869" Z="0"/>
					<Vertex X="72740" Y="65861" Z="0"/>
					<Vertex X="72443" Y="66118" Z="0"/>
					<Vertex X="72324" Y="66178" Z="0"/>
					<Vertex X="72225" Y="66217" Z="0"/>
					<Vertex X="72165" Y="66217" Z="0"/>
					<Vertex X="72066" Y="66217" Z="0"/>
					<Vertex X="71907" Y="66217" Z="0"/>
					<Vertex X="71788" Y="66217" Z="0"/>
					<Vertex X="71570" Y="66217" Z="0"/>
					<Vertex X="71333" Y="66178" Z="0"/>
					<Vertex X="71194" Y="66178" Z="0"/>
					<Vertex X="70916" Y="66178" Z="0"/>
					<Vertex X="70738" Y="66178" Z="0"/>
					<Vertex X="70480" Y="66178" Z="0"/>
					<Vertex X="70302" Y="66178" Z="0"/>
					<Vertex X="70024" Y="66178" Z="0"/>
					<Vertex X="69766" Y="66178" Z="0"/>
					<Vertex X="69608" Y="66178" Z="0"/>
					<Vertex X="69350" Y="66178" Z="0"/>
					<Vertex X="69132" Y="66178" Z="0"/>
					<Vertex X="68993" Y="66178" Z="0"/>
					<Vertex X="68716" Y="66178" Z="0"/>
					<Vertex X="68577" Y="66178" Z="0"/>
					<Vertex X="68299" Y="66178" Z="0"/>
					<Vertex X="68121" Y="66178" Z="0"/>
					<Vertex X="67863" Y="66178" Z="0"/>
					<Vertex X="67585" Y="66178" Z="0"/>
					<Vertex X="67328" Y="66178" Z="0"/>
					<Vertex X="67149" Y="66178" Z="0"/>
					<Vertex X="66852" Y="66178" Z="0"/>
					<Vertex X="66674" Y="66178" Z="0"/>
					<Vertex X="66396" Y="66138" Z="0"/>
					<Vertex X="66099" Y="66138" Z="0"/>
					<Vertex X="65900" Y="66138" Z="0"/>
					<Vertex X="65623" Y="66138" Z="0"/>
					<Vertex X="65325" Y="66118" Z="0"/>
					<Vertex X="65028" Y="66118" Z="0"/>
					<Vertex X="64711" Y="66118" Z="0"/>
					<Vertex X="64532" Y="66079" Z="0"/>
					<Vertex X="64195" Y="66079" Z="0"/>
					<Vertex X="63997" Y="66079" Z="0"/>
					<Vertex X="63700" Y="66079" Z="0"/>
					<Vertex X="63402" Y="66079" Z="0"/>
					<Vertex X="63184" Y="66079" Z="0"/>
					<Vertex X="62887" Y="66079" Z="0"/>
					<Vertex X="62708" Y="66059" Z="0"/>
					<Vertex X="62411" Y="66059" Z="0"/>
					<Vertex X="62114" Y="66019" Z="0"/>
					<Vertex X="61856" Y="66019" Z="0"/>
					<Vertex X="61578" Y="65999" Z="0"/>
					<Vertex X="61400" Y="65999" Z="0"/>
					<Vertex X="61142" Y="65960" Z="0"/>
					<Vertex X="60904" Y="65940" Z="0"/>
					<Vertex X="60726" Y="65940" Z="0"/>
					<Vertex X="60448" Y="65940" Z="0"/>
					<Vertex X="60210" Y="65900" Z="0"/>
					<Vertex X="60032" Y="65900" Z="0"/>
					<Vertex X="59794" Y="65900" Z="0"/>
					<Vertex X="59655" Y="65900" Z="0"/>
					<Vertex X="59378" Y="65940" Z="0"/>
					<Vertex X="59179" Y="65960" Z="0"/>
					<Vertex X="59021" Y="65999" Z="0"/>
					<Vertex X="58763" Y="66059" Z="0"/>
					<Vertex X="58545" Y="66138" Z="0"/>
					<Vertex X="58406" Y="66198" Z="0"/>
					<Vertex X="58168" Y="66317" Z="0"/>
					<Vertex X="58049" Y="66416" Z="0"/>
					<Vertex X="57871" Y="66535" Z="0"/>
					<Vertex X="57712" Y="66673" Z="0"/>
					<Vertex X="57633" Y="66772" Z="0"/>
					<Vertex X="57474" Y="66891" Z="0"/>
					<Vertex X="57336" Y="67010" Z="0"/>
					<Vertex X="57177" Y="67129" Z="0"/>
					<Vertex X="57118" Y="67209" Z="0"/>
					<Vertex X="56979" Y="67367" Z="0"/>
					<Vertex X="56880" Y="67486" Z="0"/>
					<Vertex X="56761" Y="67625" Z="0"/>
					<Vertex X="56642" Y="67803" Z="0"/>
					<Vertex X="56562" Y="67982" Z="0"/>
					<Vertex X="56503" Y="68200" Z="0"/>
					<Vertex X="56463" Y="68319" Z="0"/>
					<Vertex X="56404" Y="68458" Z="0"/>
					<Vertex X="56344" Y="68636" Z="0"/>
					<Vertex X="56325" Y="68755" Z="0"/>
					<Vertex X="56285" Y="68933" Z="0"/>
					<Vertex X="56265" Y="69033" Z="0"/>
					<Vertex X="56206" Y="69211" Z="0"/>
					<Vertex X="56166" Y="69350" Z="0"/>
					<Vertex X="56146" Y="69449" Z="0"/>
					<Vertex X="56087" Y="69568" Z="0"/>
					<Vertex X="56087" Y="69627" Z="0"/>
					<Vertex X="56047" Y="69707" Z="0"/>
					<Vertex X="56027" Y="69766" Z="0"/>
					<Vertex X="55988" Y="69865" Z="0"/>
					<Vertex X="55988" Y="69945" Z="0"/>
					<Vertex X="55988" Y="70004" Z="0"/>
					<Vertex X="55968" Y="70103" Z="0"/>
					<Vertex X="55968" Y="70182" Z="0"/>
					<Vertex X="55928" Y="70242" Z="0"/>
					<Vertex X="55928" Y="70341" Z="0"/>
					<Vertex X="55928" Y="70361" Z="0"/>
					<Vertex X="55908" Y="70460" Z="0"/>
					<Vertex X="55869" Y="70520" Z="0"/>
					<Vertex X="55869" Y="70539" Z="0"/>
					<Vertex X="55849" Y="70599" Z="0"/>
					<Vertex X="55849" Y="70638" Z="0"/>
					<Vertex X="55789" Y="70698" Z="0"/>
					<Vertex X="55750" Y="70757" Z="0"/>
					<Vertex X="55730" Y="70777" Z="0"/>
					<Vertex X="55690" Y="70837" Z="0"/>
					<Vertex X="55670" Y="70916" Z="0"/>
					<Vertex X="55631" Y="70936" Z="0"/>
					<Vertex X="55611" Y="70995" Z="0"/>
					<Vertex X="55551" Y="71015" Z="0"/>
					<Vertex X="55492" Y="71114" Z="0"/>
					<Vertex X="55432" Y="71174" Z="0"/>
					<Vertex X="55393" Y="71194" Z="0"/>
					<Vertex X="55313" Y="71253" Z="0"/>
					<Vertex X="55254" Y="71313" Z="0"/>
					<Vertex X="55155" Y="71412" Z="0"/>
					<Vertex X="55076" Y="71471" Z="0"/>
					<Vertex X="54976" Y="71531" Z="0"/>
					<Vertex X="54897" Y="71550" Z="0"/>
					<Vertex X="54798" Y="71590" Z="0"/>
					<Vertex X="54679" Y="71650" Z="0"/>
					<Vertex X="54600" Y="71669" Z="0"/>
					<Vertex X="54501" Y="71709" Z="0"/>
					<Vertex X="54382" Y="71729" Z="0"/>
					<Vertex X="54302" Y="71769" Z="0"/>
					<Vertex X="54243" Y="71788" Z="0"/>
					<Vertex X="54124" Y="71848" Z="0"/>
					<Vertex X="54025" Y="71907" Z="0"/>
					<Vertex X="53965" Y="71967" Z="0"/>
					<Vertex X="53846" Y="72046" Z="0"/>
					<Vertex X="53767" Y="72125" Z="0"/>
					<Vertex X="53648" Y="72185" Z="0"/>
					<Vertex X="53589" Y="72244" Z="0"/>
					<Vertex X="53470" Y="72324" Z="0"/>
					<Vertex X="53410" Y="72383" Z="0"/>
					<Vertex X="53311" Y="72482" Z="0"/>
					<Vertex X="53192" Y="72562" Z="0"/>
					<Vertex X="53133" Y="72601" Z="0"/>
					<Vertex X="53053" Y="72720" Z="0"/>
					<Vertex X="52954" Y="72799" Z="0"/>
					<Vertex X="52934" Y="72859" Z="0"/>
					<Vertex X="52835" Y="72958" Z="0"/>
					<Vertex X="52756" Y="73077" Z="0"/>
					<Vertex X="52657" Y="73196" Z="0"/>
					<Vertex X="52597" Y="73275" Z="0"/>
					<Vertex X="52478" Y="73394" Z="0"/>
					<Vertex X="52399" Y="73513" Z="0"/>
					<Vertex X="52300" Y="73612" Z="0"/>
					<Vertex X="52221" Y="73751" Z="0"/>
					<Vertex X="52102" Y="73910" Z="0"/>
					<Vertex X="52042" Y="74029" Z="0"/>
					<Vertex X="51923" Y="74167" Z="0"/>
					<Vertex X="51824" Y="74346" Z="0"/>
					<Vertex X="51745" Y="74465" Z="0"/>
					<Vertex X="51626" Y="74643" Z="0"/>
					<Vertex X="51527" Y="74822" Z="0"/>
					<Vertex X="51447" Y="74941" Z="0"/>
					<Vertex X="51348" Y="75159" Z="0"/>
					<Vertex X="51249" Y="75258" Z="0"/>
					<Vertex X="50971" Y="76586" Z="0"/>
					<Vertex X="50832" Y="77082" Z="0"/>
					<Vertex X="50793" Y="77260" Z="0"/>
					<Vertex X="50733" Y="77498" Z="0"/>
					<Vertex X="50713" Y="77736" Z="0"/>
					<Vertex X="50674" Y="77915" Z="0"/>
					<Vertex X="50614" Y="78152" Z="0"/>
					<Vertex X="50614" Y="78351" Z="0"/>
					<Vertex X="50614" Y="78569" Z="0"/>
					<Vertex X="50594" Y="78688" Z="0"/>
					<Vertex X="50594" Y="78926" Z="0"/>
					<Vertex X="50594" Y="79104" Z="0"/>
					<Vertex X="50594" Y="79302" Z="0"/>
					<Vertex X="50594" Y="79461" Z="0"/>
					<Vertex X="50594" Y="79639" Z="0"/>
					<Vertex X="50614" Y="79838" Z="0"/>
					<Vertex X="50654" Y="79976" Z="0"/>
					<Vertex X="50713" Y="80135" Z="0"/>
					<Vertex X="50773" Y="80294" Z="0"/>
					<Vertex X="50832" Y="80432" Z="0"/>
					<Vertex X="50852" Y="80532" Z="0"/>
					<Vertex X="50912" Y="80670" Z="0"/>
					<Vertex X="50971" Y="80829" Z="0"/>
					<Vertex X="51011" Y="80948" Z="0"/>
					<Vertex X="51070" Y="81027" Z="0"/>
					<Vertex X="51090" Y="81186" Z="0"/>
					<Vertex X="51130" Y="81305" Z="0"/>
					<Vertex X="51130" Y="81404" Z="0"/>
					<Vertex X="51149" Y="81503" Z="0"/>
					<Vertex X="51189" Y="81622" Z="0"/>
					<Vertex X="51189" Y="81721" Z="0"/>
					<Vertex X="51209" Y="81840" Z="0"/>
					<Vertex X="51249" Y="81999" Z="0"/>
					<Vertex X="51268" Y="82098" Z="0"/>
					<Vertex X="51328" Y="82217" Z="0"/>
					<Vertex X="51328" Y="82316" Z="0"/>
					<Vertex X="51387" Y="82455" Z="0"/>
					<Vertex X="51427" Y="82613" Z="0"/>
					<Vertex X="51427" Y="82693" Z="0"/>
					<Vertex X="51447" Y="82851" Z="0"/>
					<Vertex X="51486" Y="82990" Z="0"/>
					<Vertex X="51506" Y="83148" Z="0"/>
					<Vertex X="51546" Y="83287" Z="0"/>
					<Vertex X="51566" Y="83386" Z="0"/>
					<Vertex X="51605" Y="83525" Z="0"/>
					<Vertex X="51625" Y="83644" Z="0"/>
					<Vertex X="51685" Y="83823" Z="0"/>
					<Vertex X="51724" Y="83981" Z="0"/>
					<Vertex X="51784" Y="84120" Z="0"/>
					<Vertex X="51804" Y="84279" Z="0"/>
					<Vertex X="51843" Y="84398" Z="0"/>
					<Vertex X="51903" Y="84516" Z="0"/>
					<Vertex X="51923" Y="84576" Z="0"/>
					<Vertex X="52002" Y="84675" Z="0"/>
					<Vertex X="52042" Y="84754" Z="0"/>
					<Vertex X="52141" Y="84814" Z="0"/>
					<Vertex X="52161" Y="84873" Z="0"/>
					<Vertex X="52260" Y="84933" Z="0"/>
					<Vertex X="52379" Y="84972" Z="0"/>
					<Vertex X="52438" Y="84992" Z="0"/>
					<Vertex X="52557" Y="85012" Z="0"/>
					<Vertex X="52676" Y="85052" Z="0"/>
					<Vertex X="52755" Y="85072" Z="0"/>
					<Vertex X="52874" Y="85052" Z="0"/>
					<Vertex X="52934" Y="85052" Z="0"/>
					<Vertex X="53033" Y="84992" Z="0"/>
					<Vertex X="53112" Y="84873" Z="0"/>
					<Vertex X="53231" Y="84754" Z="0"/>
					<Vertex X="53291" Y="84635" Z="0"/>
					<Vertex X="53390" Y="84457" Z="0"/>
					<Vertex X="53469" Y="84239" Z="0"/>
					<Vertex X="53528" Y="84120" Z="0"/>
					<Vertex X="53588" Y="83922" Z="0"/>
					<Vertex X="53707" Y="83743" Z="0"/>
					<Vertex X="53806" Y="83565" Z="0"/>
					<Vertex X="53866" Y="83446" Z="0"/>
					<Vertex X="53984" Y="83267" Z="0"/>
					<Vertex X="54103" Y="83109" Z="0"/>
					<Vertex X="54163" Y="82970" Z="0"/>
					<Vertex X="54302" Y="82792" Z="0"/>
					<Vertex X="54440" Y="82633" Z="0"/>
					<Vertex X="54599" Y="82455" Z="0"/>
					<Vertex X="54718" Y="82316" Z="0"/>
					<Vertex X="54877" Y="82157" Z="0"/>
					<Vertex X="55055" Y="82018" Z="0"/>
					<Vertex X="55134" Y="81899" Z="0"/>
					<Vertex X="55293" Y="81781" Z="0"/>
					<Vertex X="55432" Y="81622" Z="0"/>
					<Vertex X="55531" Y="81543" Z="0"/>
					<Vertex X="55670" Y="81424" Z="0"/>
					<Vertex X="55828" Y="81285" Z="0"/>
					<Vertex X="55967" Y="81126" Z="0"/>
					<Vertex X="56066" Y="81027" Z="0"/>
					<Vertex X="56205" Y="80948" Z="0"/>
					<Vertex X="56324" Y="80829" Z="0"/>
					<Vertex X="56423" Y="80730" Z="0"/>
					<Vertex X="56482" Y="80670" Z="0"/>
					<Vertex X="56582" Y="80591" Z="0"/>
					<Vertex X="56621" Y="80512" Z="0"/>
					<Vertex X="56661" Y="80472" Z="0"/>
					<Vertex X="56661" Y="80413" Z="0"/>
					<Vertex X="56924" Y="80521" Z="0"/>
				</Vertices>
			</Region>
		</Regions>
		<Plots/>
	</Annotation>
</Annotations>
