<Annotations MicronsPerPixel="0.252200">
	<Annotation Id="1" Name="" ReadOnly="0" NameReadOnly="0" LineColorReadOnly="0" Incremental="0" Type="4" LineColor="16776960" Visible="1" Selected="1" MarkupImagePath="" MacroName="">
		<Attributes/>
		<Regions>
			<RegionAttributeHeaders>
				<AttributeHeader Id="9999" Name="Region" ColumnWidth="-1"/>
				<AttributeHeader Id="9997" Name="Length" ColumnWidth="-1"/>
				<AttributeHeader Id="9996" Name="Area" ColumnWidth="-1"/>
				<AttributeHeader Id="9998" Name="Text" ColumnWidth="-1"/>
			</RegionAttributeHeaders>
			<Region Id="1" Type="0" Zoom="0.015582" Selected="0" ImageLocation="" ImageFocus="-1" Length="82322.3" Area="346855949.0" LengthMicrons="20761.7" AreaMicrons="22061717.1" Text="" NegativeROA="0" InputRegionId="0" Analyze="1" DisplayId="1">
				<Attributes/>
				<Vertices>
					<Vertex X="9224" Y="61770" Z="0"/>
					<Vertex X="8270" Y="65969" Z="0"/>
					<Vertex X="8015" Y="67178" Z="0"/>
					<Vertex X="7824" Y="67559" Z="0"/>
					<Vertex X="7697" Y="68068" Z="0"/>
					<Vertex X="7634" Y="68513" Z="0"/>
					<Vertex X="7506" Y="68895" Z="0"/>
					<Vertex X="7506" Y="69404" Z="0"/>
					<Vertex X="7443" Y="69786" Z="0"/>
					<Vertex X="7316" Y="70167" Z="0"/>
					<Vertex X="7252" Y="70549" Z="0"/>
					<Vertex X="7252" Y="70931" Z="0"/>
					<Vertex X="7125" Y="71185" Z="0"/>
					<Vertex X="7061" Y="71567" Z="0"/>
					<Vertex X="6934" Y="72267" Z="0"/>
					<Vertex X="6870" Y="72648" Z="0"/>
					<Vertex X="6743" Y="73094" Z="0"/>
					<Vertex X="6679" Y="73475" Z="0"/>
					<Vertex X="6552" Y="73984" Z="0"/>
					<Vertex X="6552" Y="74621" Z="0"/>
					<Vertex X="6489" Y="75129" Z="0"/>
					<Vertex X="6361" Y="75702" Z="0"/>
					<Vertex X="6298" Y="76275" Z="0"/>
					<Vertex X="6170" Y="76847" Z="0"/>
					<Vertex X="6107" Y="77420" Z="0"/>
					<Vertex X="6107" Y="77992" Z="0"/>
					<Vertex X="5980" Y="78692" Z="0"/>
					<Vertex X="5916" Y="79328" Z="0"/>
					<Vertex X="5789" Y="80282" Z="0"/>
					<Vertex X="5725" Y="80855" Z="0"/>
					<Vertex X="5725" Y="81427" Z="0"/>
					<Vertex X="5598" Y="82000" Z="0"/>
					<Vertex X="5598" Y="82572" Z="0"/>
					<Vertex X="5534" Y="83145" Z="0"/>
					<Vertex X="5534" Y="83590" Z="0"/>
					<Vertex X="5407" Y="84163" Z="0"/>
					<Vertex X="5407" Y="84672" Z="0"/>
					<Vertex X="5343" Y="85244" Z="0"/>
					<Vertex X="5343" Y="85626" Z="0"/>
					<Vertex X="5216" Y="86071" Z="0"/>
					<Vertex X="5216" Y="86580" Z="0"/>
					<Vertex X="5216" Y="86962" Z="0"/>
					<Vertex X="5153" Y="87407" Z="0"/>
					<Vertex X="5153" Y="87725" Z="0"/>
					<Vertex X="5025" Y="88107" Z="0"/>
					<Vertex X="5025" Y="88552" Z="0"/>
					<Vertex X="5025" Y="88870" Z="0"/>
					<Vertex X="4962" Y="89252" Z="0"/>
					<Vertex X="4962" Y="89506" Z="0"/>
					<Vertex X="4962" Y="89825" Z="0"/>
					<Vertex X="4962" Y="90015" Z="0"/>
					<Vertex X="4962" Y="90206" Z="0"/>
					<Vertex X="4962" Y="90461" Z="0"/>
					<Vertex X="5025" Y="90652" Z="0"/>
					<Vertex X="5025" Y="90970" Z="0"/>
					<Vertex X="5153" Y="91160" Z="0"/>
					<Vertex X="5153" Y="91351" Z="0"/>
					<Vertex X="5216" Y="91415" Z="0"/>
					<Vertex X="5343" Y="91606" Z="0"/>
					<Vertex X="5407" Y="91733" Z="0"/>
					<Vertex X="5407" Y="91797" Z="0"/>
					<Vertex X="5534" Y="91797" Z="0"/>
					<Vertex X="5725" Y="91924" Z="0"/>
					<Vertex X="5789" Y="91987" Z="0"/>
					<Vertex X="5980" Y="92115" Z="0"/>
					<Vertex X="6107" Y="92115" Z="0"/>
					<Vertex X="6298" Y="92178" Z="0"/>
					<Vertex X="6489" Y="92178" Z="0"/>
					<Vertex X="6679" Y="92306" Z="0"/>
					<Vertex X="6870" Y="92306" Z="0"/>
					<Vertex X="7125" Y="92306" Z="0"/>
					<Vertex X="7316" Y="92306" Z="0"/>
					<Vertex X="7506" Y="92306" Z="0"/>
					<Vertex X="7697" Y="92306" Z="0"/>
					<Vertex X="7824" Y="92306" Z="0"/>
					<Vertex X="8015" Y="92306" Z="0"/>
					<Vertex X="8206" Y="92306" Z="0"/>
					<Vertex X="8397" Y="92178" Z="0"/>
					<Vertex X="8651" Y="92178" Z="0"/>
					<Vertex X="8842" Y="92115" Z="0"/>
					<Vertex X="9033" Y="92115" Z="0"/>
					<Vertex X="9351" Y="92115" Z="0"/>
					<Vertex X="9606" Y="92115" Z="0"/>
					<Vertex X="9797" Y="92115" Z="0"/>
					<Vertex X="9987" Y="91987" Z="0"/>
					<Vertex X="10178" Y="91987" Z="0"/>
					<Vertex X="10496" Y="91987" Z="0"/>
					<Vertex X="10687" Y="91987" Z="0"/>
					<Vertex X="10751" Y="91924" Z="0"/>
					<Vertex X="10942" Y="91924" Z="0"/>
					<Vertex X="11132" Y="91797" Z="0"/>
					<Vertex X="11323" Y="91733" Z="0"/>
					<Vertex X="11451" Y="91606" Z="0"/>
					<Vertex X="11514" Y="91415" Z="0"/>
					<Vertex X="11705" Y="91351" Z="0"/>
					<Vertex X="11832" Y="91160" Z="0"/>
					<Vertex X="11832" Y="90970" Z="0"/>
					<Vertex X="11896" Y="90779" Z="0"/>
					<Vertex X="12023" Y="90588" Z="0"/>
					<Vertex X="12023" Y="90270" Z="0"/>
					<Vertex X="12023" Y="90143" Z="0"/>
					<Vertex X="11896" Y="89825" Z="0"/>
					<Vertex X="11832" Y="89443" Z="0"/>
					<Vertex X="11705" Y="89125" Z="0"/>
					<Vertex X="11641" Y="88934" Z="0"/>
					<Vertex X="11641" Y="88679" Z="0"/>
					<Vertex X="11641" Y="88489" Z="0"/>
					<Vertex X="11641" Y="88298" Z="0"/>
					<Vertex X="11641" Y="88107" Z="0"/>
					<Vertex X="11641" Y="87916" Z="0"/>
					<Vertex X="11705" Y="87725" Z="0"/>
					<Vertex X="11832" Y="87598" Z="0"/>
					<Vertex X="11896" Y="87534" Z="0"/>
					<Vertex X="12023" Y="87534" Z="0"/>
					<Vertex X="12087" Y="87407" Z="0"/>
					<Vertex X="12214" Y="87407" Z="0"/>
					<Vertex X="12405" Y="87534" Z="0"/>
					<Vertex X="12596" Y="87534" Z="0"/>
					<Vertex X="12786" Y="87598" Z="0"/>
					<Vertex X="12850" Y="87725" Z="0"/>
					<Vertex X="13041" Y="87789" Z="0"/>
					<Vertex X="13168" Y="87980" Z="0"/>
					<Vertex X="13359" Y="88107" Z="0"/>
					<Vertex X="13486" Y="88234" Z="0"/>
					<Vertex X="13550" Y="88234" Z="0"/>
					<Vertex X="13613" Y="88298" Z="0"/>
					<Vertex X="13741" Y="88298" Z="0"/>
					<Vertex X="13932" Y="88234" Z="0"/>
					<Vertex X="13995" Y="88234" Z="0"/>
					<Vertex X="14122" Y="87980" Z="0"/>
					<Vertex X="14313" Y="87916" Z="0"/>
					<Vertex X="14504" Y="87725" Z="0"/>
					<Vertex X="14695" Y="87407" Z="0"/>
					<Vertex X="14886" Y="87280" Z="0"/>
					<Vertex X="14949" Y="86962" Z="0"/>
					<Vertex X="15204" Y="86580" Z="0"/>
					<Vertex X="15204" Y="86326" Z="0"/>
					<Vertex X="15267" Y="85817" Z="0"/>
					<Vertex X="15331" Y="85626" Z="0"/>
					<Vertex X="15331" Y="85372" Z="0"/>
					<Vertex X="15458" Y="85053" Z="0"/>
					<Vertex X="15522" Y="84735" Z="0"/>
					<Vertex X="15649" Y="84545" Z="0"/>
					<Vertex X="15649" Y="84417" Z="0"/>
					<Vertex X="15713" Y="84099" Z="0"/>
					<Vertex X="15840" Y="83908" Z="0"/>
					<Vertex X="16031" Y="83590" Z="0"/>
					<Vertex X="16094" Y="83336" Z="0"/>
					<Vertex X="16285" Y="83145" Z="0"/>
					<Vertex X="16603" Y="82636" Z="0"/>
					<Vertex X="16667" Y="82382" Z="0"/>
					<Vertex X="16985" Y="82000" Z="0"/>
					<Vertex X="17176" Y="81682" Z="0"/>
					<Vertex X="17430" Y="81300" Z="0"/>
					<Vertex X="17621" Y="81046" Z="0"/>
					<Vertex X="17812" Y="80664" Z="0"/>
					<Vertex X="18003" Y="80346" Z="0"/>
					<Vertex X="18130" Y="80155" Z="0"/>
					<Vertex X="18321" Y="79901" Z="0"/>
					<Vertex X="18385" Y="79710" Z="0"/>
					<Vertex X="18575" Y="79392" Z="0"/>
					<Vertex X="18894" Y="79010" Z="0"/>
					<Vertex X="18957" Y="78883" Z="0"/>
					<Vertex X="19148" Y="78437" Z="0"/>
					<Vertex X="19339" Y="78183" Z="0"/>
					<Vertex X="19466" Y="77992" Z="0"/>
					<Vertex X="19657" Y="77738" Z="0"/>
					<Vertex X="19848" Y="77420" Z="0"/>
					<Vertex X="19911" Y="77102" Z="0"/>
					<Vertex X="20102" Y="76847" Z="0"/>
					<Vertex X="20293" Y="76529" Z="0"/>
					<Vertex X="20420" Y="76147" Z="0"/>
					<Vertex X="20675" Y="75829" Z="0"/>
					<Vertex X="20866" Y="75511" Z="0"/>
					<Vertex X="21056" Y="75193" Z="0"/>
					<Vertex X="21184" Y="74939" Z="0"/>
					<Vertex X="21374" Y="74748" Z="0"/>
					<Vertex X="21438" Y="74430" Z="0"/>
					<Vertex X="21565" Y="74239" Z="0"/>
					<Vertex X="21629" Y="74112" Z="0"/>
					<Vertex X="21756" Y="73984" Z="0"/>
					<Vertex X="21756" Y="73666" Z="0"/>
					<Vertex X="21820" Y="73539" Z="0"/>
					<Vertex X="21947" Y="73412" Z="0"/>
					<Vertex X="21947" Y="73285" Z="0"/>
					<Vertex X="21947" Y="73157" Z="0"/>
					<Vertex X="22011" Y="73030" Z="0"/>
					<Vertex X="22011" Y="72839" Z="0"/>
					<Vertex X="22011" Y="72648" Z="0"/>
					<Vertex X="22011" Y="72458" Z="0"/>
					<Vertex X="22011" Y="72267" Z="0"/>
					<Vertex X="22011" Y="72076" Z="0"/>
					<Vertex X="21947" Y="72012" Z="0"/>
					<Vertex X="21947" Y="71758" Z="0"/>
					<Vertex X="21820" Y="71567" Z="0"/>
					<Vertex X="21820" Y="71376" Z="0"/>
					<Vertex X="21756" Y="71249" Z="0"/>
					<Vertex X="21756" Y="71058" Z="0"/>
					<Vertex X="21629" Y="70740" Z="0"/>
					<Vertex X="21565" Y="70358" Z="0"/>
					<Vertex X="21438" Y="70167" Z="0"/>
					<Vertex X="21374" Y="69849" Z="0"/>
					<Vertex X="21311" Y="69595" Z="0"/>
					<Vertex X="21184" Y="69340" Z="0"/>
					<Vertex X="21056" Y="69022" Z="0"/>
					<Vertex X="20866" Y="68513" Z="0"/>
					<Vertex X="20802" Y="68323" Z="0"/>
					<Vertex X="20611" Y="68068" Z="0"/>
					<Vertex X="20484" Y="67877" Z="0"/>
					<Vertex X="20293" Y="67559" Z="0"/>
					<Vertex X="20229" Y="67305" Z="0"/>
					<Vertex X="20039" Y="67114" Z="0"/>
					<Vertex X="19911" Y="66796" Z="0"/>
					<Vertex X="19721" Y="66541" Z="0"/>
					<Vertex X="19657" Y="66351" Z="0"/>
					<Vertex X="19466" Y="66160" Z="0"/>
					<Vertex X="19339" Y="65842" Z="0"/>
					<Vertex X="19148" Y="65587" Z="0"/>
					<Vertex X="19084" Y="65396" Z="0"/>
					<Vertex X="18894" Y="65205" Z="0"/>
					<Vertex X="18766" Y="64887" Z="0"/>
					<Vertex X="18703" Y="64697" Z="0"/>
					<Vertex X="18575" Y="64506" Z="0"/>
					<Vertex X="18512" Y="64251" Z="0"/>
					<Vertex X="18385" Y="64060" Z="0"/>
					<Vertex X="18321" Y="63870" Z="0"/>
					<Vertex X="18194" Y="63551" Z="0"/>
					<Vertex X="18003" Y="63361" Z="0"/>
					<Vertex X="17939" Y="63170" Z="0"/>
					<Vertex X="17812" Y="62979" Z="0"/>
					<Vertex X="17748" Y="62915" Z="0"/>
					<Vertex X="17621" Y="62788" Z="0"/>
					<Vertex X="17430" Y="62597" Z="0"/>
					<Vertex X="17367" Y="62534" Z="0"/>
					<Vertex X="17240" Y="62406" Z="0"/>
					<Vertex X="17049" Y="62343" Z="0"/>
					<Vertex X="16794" Y="62152" Z="0"/>
					<Vertex X="16603" Y="62152" Z="0"/>
					<Vertex X="16476" Y="62025" Z="0"/>
					<Vertex X="16285" Y="62025" Z="0"/>
					<Vertex X="16094" Y="61961" Z="0"/>
					<Vertex X="16031" Y="61961" Z="0"/>
					<Vertex X="15713" Y="61834" Z="0"/>
					<Vertex X="15522" Y="61834" Z="0"/>
					<Vertex X="15267" Y="61834" Z="0"/>
					<Vertex X="15077" Y="61770" Z="0"/>
					<Vertex X="14759" Y="61770" Z="0"/>
					<Vertex X="14568" Y="61643" Z="0"/>
					<Vertex X="14313" Y="61579" Z="0"/>
					<Vertex X="14122" Y="61579" Z="0"/>
					<Vertex X="13741" Y="61452" Z="0"/>
					<Vertex X="13423" Y="61389" Z="0"/>
					<Vertex X="13232" Y="61389" Z="0"/>
					<Vertex X="12977" Y="61325" Z="0"/>
					<Vertex X="12659" Y="61325" Z="0"/>
					<Vertex X="12405" Y="61325" Z="0"/>
					<Vertex X="12087" Y="61325" Z="0"/>
					<Vertex X="11832" Y="61198" Z="0"/>
					<Vertex X="11641" Y="61198" Z="0"/>
					<Vertex X="11451" Y="61198" Z="0"/>
					<Vertex X="11260" Y="61325" Z="0"/>
					<Vertex X="11069" Y="61325" Z="0"/>
					<Vertex X="10878" Y="61325" Z="0"/>
					<Vertex X="10560" Y="61325" Z="0"/>
					<Vertex X="10496" Y="61389" Z="0"/>
					<Vertex X="10369" Y="61389" Z="0"/>
					<Vertex X="10305" Y="61389" Z="0"/>
					<Vertex X="10178" Y="61389" Z="0"/>
					<Vertex X="10115" Y="61389" Z="0"/>
					<Vertex X="9987" Y="61389" Z="0"/>
					<Vertex X="9987" Y="61452" Z="0"/>
					<Vertex X="9924" Y="61452" Z="0"/>
					<Vertex X="9797" Y="61452" Z="0"/>
					<Vertex X="9733" Y="61452" Z="0"/>
					<Vertex X="9733" Y="61579" Z="0"/>
					<Vertex X="9606" Y="61579" Z="0"/>
					<Vertex X="9224" Y="61770" Z="0"/>
				</Vertices>
			</Region>
			<Region Id="2" Type="0" Zoom="0.015582" Selected="0" ImageLocation="" ImageFocus="-1" Length="61974.0" Area="188283213.5" LengthMicrons="15629.8" AreaMicrons="11975723.7" Text="" NegativeROA="0" InputRegionId="0" Analyze="1" DisplayId="2">
				<Attributes/>
				<Vertices>
					<Vertex X="7125" Y="40650" Z="0"/>
					<Vertex X="7061" Y="44849" Z="0"/>
					<Vertex X="7061" Y="45358" Z="0"/>
					<Vertex X="7061" Y="45930" Z="0"/>
					<Vertex X="7061" Y="46375" Z="0"/>
					<Vertex X="7061" Y="46757" Z="0"/>
					<Vertex X="7061" Y="47266" Z="0"/>
					<Vertex X="7061" Y="47648" Z="0"/>
					<Vertex X="7061" Y="48284" Z="0"/>
					<Vertex X="7061" Y="48793" Z="0"/>
					<Vertex X="7061" Y="49047" Z="0"/>
					<Vertex X="7061" Y="49429" Z="0"/>
					<Vertex X="7061" Y="49811" Z="0"/>
					<Vertex X="7125" Y="50129" Z="0"/>
					<Vertex X="7125" Y="50574" Z="0"/>
					<Vertex X="7061" Y="50892" Z="0"/>
					<Vertex X="7061" Y="51147" Z="0"/>
					<Vertex X="7061" Y="51337" Z="0"/>
					<Vertex X="7061" Y="51528" Z="0"/>
					<Vertex X="7061" Y="51719" Z="0"/>
					<Vertex X="7061" Y="51846" Z="0"/>
					<Vertex X="7061" Y="51910" Z="0"/>
					<Vertex X="7061" Y="52037" Z="0"/>
					<Vertex X="7125" Y="52037" Z="0"/>
					<Vertex X="7252" Y="52101" Z="0"/>
					<Vertex X="7252" Y="52228" Z="0"/>
					<Vertex X="7316" Y="52292" Z="0"/>
					<Vertex X="7443" Y="52482" Z="0"/>
					<Vertex X="7506" Y="52673" Z="0"/>
					<Vertex X="7634" Y="52864" Z="0"/>
					<Vertex X="7824" Y="53055" Z="0"/>
					<Vertex X="8079" Y="53373" Z="0"/>
					<Vertex X="8206" Y="53628" Z="0"/>
					<Vertex X="8461" Y="53818" Z="0"/>
					<Vertex X="8651" Y="54009" Z="0"/>
					<Vertex X="8842" Y="54200" Z="0"/>
					<Vertex X="9033" Y="54391" Z="0"/>
					<Vertex X="9351" Y="54582" Z="0"/>
					<Vertex X="9542" Y="54836" Z="0"/>
					<Vertex X="9606" Y="54900" Z="0"/>
					<Vertex X="9987" Y="55154" Z="0"/>
					<Vertex X="10178" Y="55345" Z="0"/>
					<Vertex X="10369" Y="55600" Z="0"/>
					<Vertex X="10687" Y="55727" Z="0"/>
					<Vertex X="10878" Y="55854" Z="0"/>
					<Vertex X="11132" Y="56045" Z="0"/>
					<Vertex X="11451" Y="56299" Z="0"/>
					<Vertex X="11705" Y="56490" Z="0"/>
					<Vertex X="11896" Y="56681" Z="0"/>
					<Vertex X="12087" Y="56999" Z="0"/>
					<Vertex X="12278" Y="57190" Z="0"/>
					<Vertex X="12596" Y="57381" Z="0"/>
					<Vertex X="12850" Y="57572" Z="0"/>
					<Vertex X="13041" Y="57762" Z="0"/>
					<Vertex X="13423" Y="57953" Z="0"/>
					<Vertex X="13613" Y="58144" Z="0"/>
					<Vertex X="13804" Y="58208" Z="0"/>
					<Vertex X="13995" Y="58335" Z="0"/>
					<Vertex X="14186" Y="58462" Z="0"/>
					<Vertex X="14377" Y="58462" Z="0"/>
					<Vertex X="14568" Y="58526" Z="0"/>
					<Vertex X="14695" Y="58526" Z="0"/>
					<Vertex X="14949" Y="58526" Z="0"/>
					<Vertex X="15140" Y="58526" Z="0"/>
					<Vertex X="15267" Y="58462" Z="0"/>
					<Vertex X="15331" Y="58462" Z="0"/>
					<Vertex X="15522" Y="58335" Z="0"/>
					<Vertex X="15649" Y="58208" Z="0"/>
					<Vertex X="15713" Y="58144" Z="0"/>
					<Vertex X="15840" Y="58017" Z="0"/>
					<Vertex X="16031" Y="57953" Z="0"/>
					<Vertex X="16094" Y="57762" Z="0"/>
					<Vertex X="16222" Y="57635" Z="0"/>
					<Vertex X="16413" Y="57381" Z="0"/>
					<Vertex X="16476" Y="57063" Z="0"/>
					<Vertex X="16603" Y="56872" Z="0"/>
					<Vertex X="16794" Y="56681" Z="0"/>
					<Vertex X="16858" Y="56490" Z="0"/>
					<Vertex X="16985" Y="56427" Z="0"/>
					<Vertex X="17176" Y="56236" Z="0"/>
					<Vertex X="17240" Y="56045" Z="0"/>
					<Vertex X="17367" Y="55918" Z="0"/>
					<Vertex X="17430" Y="55727" Z="0"/>
					<Vertex X="17558" Y="55600" Z="0"/>
					<Vertex X="17621" Y="55472" Z="0"/>
					<Vertex X="17939" Y="55154" Z="0"/>
					<Vertex X="18003" Y="55091" Z="0"/>
					<Vertex X="18130" Y="54963" Z="0"/>
					<Vertex X="18321" Y="54836" Z="0"/>
					<Vertex X="18512" Y="54709" Z="0"/>
					<Vertex X="18766" Y="54582" Z="0"/>
					<Vertex X="18894" Y="54518" Z="0"/>
					<Vertex X="19084" Y="54518" Z="0"/>
					<Vertex X="19275" Y="54391" Z="0"/>
					<Vertex X="19466" Y="54391" Z="0"/>
					<Vertex X="19657" Y="54391" Z="0"/>
					<Vertex X="19721" Y="54518" Z="0"/>
					<Vertex X="19721" Y="54582" Z="0"/>
					<Vertex X="19848" Y="54709" Z="0"/>
					<Vertex X="19911" Y="54709" Z="0"/>
					<Vertex X="20039" Y="54836" Z="0"/>
					<Vertex X="20102" Y="54836" Z="0"/>
					<Vertex X="20229" Y="54900" Z="0"/>
					<Vertex X="20293" Y="54963" Z="0"/>
					<Vertex X="20420" Y="55091" Z="0"/>
					<Vertex X="20420" Y="55154" Z="0"/>
					<Vertex X="20484" Y="55282" Z="0"/>
					<Vertex X="20611" Y="55345" Z="0"/>
					<Vertex X="20802" Y="55472" Z="0"/>
					<Vertex X="20866" Y="55600" Z="0"/>
					<Vertex X="20866" Y="55663" Z="0"/>
					<Vertex X="20993" Y="55727" Z="0"/>
					<Vertex X="21056" Y="55727" Z="0"/>
					<Vertex X="21247" Y="55854" Z="0"/>
					<Vertex X="21374" Y="55854" Z="0"/>
					<Vertex X="21438" Y="55918" Z="0"/>
					<Vertex X="21565" Y="55918" Z="0"/>
					<Vertex X="21629" Y="55918" Z="0"/>
					<Vertex X="21756" Y="56045" Z="0"/>
					<Vertex X="21820" Y="56045" Z="0"/>
					<Vertex X="22011" Y="56045" Z="0"/>
					<Vertex X="22201" Y="56108" Z="0"/>
					<Vertex X="22329" Y="56108" Z="0"/>
					<Vertex X="22392" Y="56108" Z="0"/>
					<Vertex X="22520" Y="56236" Z="0"/>
					<Vertex X="22710" Y="56236" Z="0"/>
					<Vertex X="22901" Y="56236" Z="0"/>
					<Vertex X="22965" Y="56236" Z="0"/>
					<Vertex X="23156" Y="56236" Z="0"/>
					<Vertex X="23283" Y="56236" Z="0"/>
					<Vertex X="23347" Y="56236" Z="0"/>
					<Vertex X="23474" Y="56236" Z="0"/>
					<Vertex X="23537" Y="56236" Z="0"/>
					<Vertex X="23728" Y="56236" Z="0"/>
					<Vertex X="23855" Y="56236" Z="0"/>
					<Vertex X="24046" Y="56108" Z="0"/>
					<Vertex X="24110" Y="56108" Z="0"/>
					<Vertex X="24237" Y="56108" Z="0"/>
					<Vertex X="24237" Y="56045" Z="0"/>
					<Vertex X="24301" Y="56045" Z="0"/>
					<Vertex X="24428" Y="56045" Z="0"/>
					<Vertex X="24492" Y="55918" Z="0"/>
					<Vertex X="24619" Y="55854" Z="0"/>
					<Vertex X="24682" Y="55727" Z="0"/>
					<Vertex X="24682" Y="55663" Z="0"/>
					<Vertex X="24810" Y="55600" Z="0"/>
					<Vertex X="24810" Y="55472" Z="0"/>
					<Vertex X="24810" Y="55282" Z="0"/>
					<Vertex X="24810" Y="55154" Z="0"/>
					<Vertex X="24682" Y="54963" Z="0"/>
					<Vertex X="24682" Y="54836" Z="0"/>
					<Vertex X="24619" Y="54582" Z="0"/>
					<Vertex X="24428" Y="54391" Z="0"/>
					<Vertex X="24301" Y="54200" Z="0"/>
					<Vertex X="24110" Y="54009" Z="0"/>
					<Vertex X="23919" Y="53946" Z="0"/>
					<Vertex X="23855" Y="53755" Z="0"/>
					<Vertex X="23728" Y="53628" Z="0"/>
					<Vertex X="23665" Y="53564" Z="0"/>
					<Vertex X="23474" Y="53437" Z="0"/>
					<Vertex X="23347" Y="53246" Z="0"/>
					<Vertex X="23156" Y="53055" Z="0"/>
					<Vertex X="22965" Y="52991" Z="0"/>
					<Vertex X="22901" Y="52801" Z="0"/>
					<Vertex X="22774" Y="52673" Z="0"/>
					<Vertex X="22583" Y="52482" Z="0"/>
					<Vertex X="22520" Y="52292" Z="0"/>
					<Vertex X="22392" Y="52228" Z="0"/>
					<Vertex X="22329" Y="52037" Z="0"/>
					<Vertex X="22329" Y="51910" Z="0"/>
					<Vertex X="22201" Y="51719" Z="0"/>
					<Vertex X="22138" Y="51528" Z="0"/>
					<Vertex X="22138" Y="51465" Z="0"/>
					<Vertex X="22011" Y="51274" Z="0"/>
					<Vertex X="22011" Y="51147" Z="0"/>
					<Vertex X="21947" Y="51083" Z="0"/>
					<Vertex X="21820" Y="50892" Z="0"/>
					<Vertex X="21756" Y="50701" Z="0"/>
					<Vertex X="21756" Y="50574" Z="0"/>
					<Vertex X="21629" Y="50383" Z="0"/>
					<Vertex X="21565" Y="50320" Z="0"/>
					<Vertex X="21438" Y="50192" Z="0"/>
					<Vertex X="21374" Y="50001" Z="0"/>
					<Vertex X="21247" Y="49938" Z="0"/>
					<Vertex X="21247" Y="49811" Z="0"/>
					<Vertex X="21056" Y="49620" Z="0"/>
					<Vertex X="20993" Y="49556" Z="0"/>
					<Vertex X="20866" Y="49429" Z="0"/>
					<Vertex X="20802" Y="49238" Z="0"/>
					<Vertex X="20675" Y="49174" Z="0"/>
					<Vertex X="20611" Y="49047" Z="0"/>
					<Vertex X="20420" Y="48856" Z="0"/>
					<Vertex X="20293" Y="48793" Z="0"/>
					<Vertex X="20229" Y="48602" Z="0"/>
					<Vertex X="20102" Y="48475" Z="0"/>
					<Vertex X="20039" Y="48411" Z="0"/>
					<Vertex X="19911" Y="48220" Z="0"/>
					<Vertex X="19721" Y="48093" Z="0"/>
					<Vertex X="19657" Y="47902" Z="0"/>
					<Vertex X="19530" Y="47839" Z="0"/>
					<Vertex X="19466" Y="47648" Z="0"/>
					<Vertex X="19275" Y="47520" Z="0"/>
					<Vertex X="19084" Y="47330" Z="0"/>
					<Vertex X="18894" Y="47075" Z="0"/>
					<Vertex X="18766" Y="46948" Z="0"/>
					<Vertex X="18703" Y="46757" Z="0"/>
					<Vertex X="18575" Y="46693" Z="0"/>
					<Vertex X="18512" Y="46503" Z="0"/>
					<Vertex X="18321" Y="46185" Z="0"/>
					<Vertex X="18194" Y="46121" Z="0"/>
					<Vertex X="18130" Y="45930" Z="0"/>
					<Vertex X="18130" Y="45803" Z="0"/>
					<Vertex X="18003" Y="45612" Z="0"/>
					<Vertex X="17812" Y="45548" Z="0"/>
					<Vertex X="17748" Y="45358" Z="0"/>
					<Vertex X="17621" Y="45230" Z="0"/>
					<Vertex X="17558" Y="45167" Z="0"/>
					<Vertex X="17367" Y="44976" Z="0"/>
					<Vertex X="17240" Y="44849" Z="0"/>
					<Vertex X="17049" Y="44785" Z="0"/>
					<Vertex X="16985" Y="44594" Z="0"/>
					<Vertex X="16794" Y="44467" Z="0"/>
					<Vertex X="16603" Y="44403" Z="0"/>
					<Vertex X="16413" Y="44212" Z="0"/>
					<Vertex X="16285" Y="44085" Z="0"/>
					<Vertex X="16094" Y="44022" Z="0"/>
					<Vertex X="16031" Y="43894" Z="0"/>
					<Vertex X="15840" Y="43831" Z="0"/>
					<Vertex X="15713" Y="43704" Z="0"/>
					<Vertex X="15522" Y="43640" Z="0"/>
					<Vertex X="15331" Y="43513" Z="0"/>
					<Vertex X="15267" Y="43449" Z="0"/>
					<Vertex X="15077" Y="43322" Z="0"/>
					<Vertex X="14886" Y="43258" Z="0"/>
					<Vertex X="14695" Y="43258" Z="0"/>
					<Vertex X="14504" Y="43131" Z="0"/>
					<Vertex X="14377" Y="43067" Z="0"/>
					<Vertex X="14122" Y="42940" Z="0"/>
					<Vertex X="13995" Y="42877" Z="0"/>
					<Vertex X="13804" Y="42749" Z="0"/>
					<Vertex X="13613" Y="42686" Z="0"/>
					<Vertex X="13359" Y="42495" Z="0"/>
					<Vertex X="13232" Y="42368" Z="0"/>
					<Vertex X="12977" Y="42304" Z="0"/>
					<Vertex X="12786" Y="42177" Z="0"/>
					<Vertex X="12596" Y="42113" Z="0"/>
					<Vertex X="12405" Y="41986" Z="0"/>
					<Vertex X="12214" Y="41922" Z="0"/>
					<Vertex X="12023" Y="41731" Z="0"/>
					<Vertex X="11832" Y="41731" Z="0"/>
					<Vertex X="11705" Y="41604" Z="0"/>
					<Vertex X="11641" Y="41541" Z="0"/>
					<Vertex X="11451" Y="41413" Z="0"/>
					<Vertex X="11323" Y="41350" Z="0"/>
					<Vertex X="11132" Y="41223" Z="0"/>
					<Vertex X="11132" Y="41159" Z="0"/>
					<Vertex X="11069" Y="41159" Z="0"/>
					<Vertex X="10942" Y="41032" Z="0"/>
					<Vertex X="10751" Y="40968" Z="0"/>
					<Vertex X="10687" Y="40968" Z="0"/>
					<Vertex X="10687" Y="40841" Z="0"/>
					<Vertex X="10560" Y="40841" Z="0"/>
					<Vertex X="10496" Y="40777" Z="0"/>
					<Vertex X="10369" Y="40650" Z="0"/>
					<Vertex X="10305" Y="40650" Z="0"/>
					<Vertex X="10178" Y="40586" Z="0"/>
					<Vertex X="9987" Y="40523" Z="0"/>
					<Vertex X="9924" Y="40523" Z="0"/>
					<Vertex X="9797" Y="40396" Z="0"/>
					<Vertex X="9606" Y="40396" Z="0"/>
					<Vertex X="9542" Y="40268" Z="0"/>
					<Vertex X="9415" Y="40268" Z="0"/>
					<Vertex X="9351" Y="40268" Z="0"/>
					<Vertex X="9160" Y="40205" Z="0"/>
					<Vertex X="8970" Y="40205" Z="0"/>
					<Vertex X="8842" Y="40205" Z="0"/>
					<Vertex X="8651" Y="40205" Z="0"/>
					<Vertex X="8588" Y="40077" Z="0"/>
					<Vertex X="8397" Y="40077" Z="0"/>
					<Vertex X="8270" Y="40077" Z="0"/>
					<Vertex X="8206" Y="40077" Z="0"/>
					<Vertex X="8015" Y="40205" Z="0"/>
					<Vertex X="7888" Y="40205" Z="0"/>
					<Vertex X="7824" Y="40268" Z="0"/>
					<Vertex X="7697" Y="40268" Z="0"/>
					<Vertex X="7634" Y="40268" Z="0"/>
					<Vertex X="7506" Y="40396" Z="0"/>
					<Vertex X="7443" Y="40523" Z="0"/>
					<Vertex X="7316" Y="40523" Z="0"/>
					<Vertex X="7316" Y="40586" Z="0"/>
					<Vertex X="7252" Y="40586" Z="0"/>
					<Vertex X="7125" Y="40586" Z="0"/>
					<Vertex X="7125" Y="40650" Z="0"/>
					<Vertex X="7252" Y="40650" Z="0"/>
					<Vertex X="7316" Y="40777" Z="0"/>
					<Vertex X="7443" Y="40777" Z="0"/>
					<Vertex X="7125" Y="40650" Z="0"/>
				</Vertices>
			</Region>
			<Region Id="3" Type="0" Zoom="0.015582" Selected="1" ImageLocation="" ImageFocus="-1" Length="373784.4" Area="2565242343.5" LengthMicrons="94268.4" AreaMicrons="163161828.8" Text="" NegativeROA="0" InputRegionId="0" Analyze="1" DisplayId="3">
				<Attributes/>
				<Vertices>
					<Vertex X="28436" Y="38360" Z="0"/>
					<Vertex X="23283" Y="37787" Z="0"/>
					<Vertex X="22965" Y="37978" Z="0"/>
					<Vertex X="22710" Y="38105" Z="0"/>
					<Vertex X="22329" Y="38296" Z="0"/>
					<Vertex X="22011" Y="38360" Z="0"/>
					<Vertex X="21756" Y="38678" Z="0"/>
					<Vertex X="21565" Y="38742" Z="0"/>
					<Vertex X="21247" Y="39060" Z="0"/>
					<Vertex X="21056" Y="39123" Z="0"/>
					<Vertex X="20866" Y="39314" Z="0"/>
					<Vertex X="20802" Y="39441" Z="0"/>
					<Vertex X="20611" Y="39696" Z="0"/>
					<Vertex X="20484" Y="39823" Z="0"/>
					<Vertex X="20420" Y="39887" Z="0"/>
					<Vertex X="20293" Y="40077" Z="0"/>
					<Vertex X="20229" Y="40205" Z="0"/>
					<Vertex X="20039" Y="40396" Z="0"/>
					<Vertex X="19911" Y="40523" Z="0"/>
					<Vertex X="19848" Y="40650" Z="0"/>
					<Vertex X="19721" Y="40777" Z="0"/>
					<Vertex X="19657" Y="40968" Z="0"/>
					<Vertex X="19530" Y="41159" Z="0"/>
					<Vertex X="19466" Y="41350" Z="0"/>
					<Vertex X="19339" Y="41541" Z="0"/>
					<Vertex X="19275" Y="41795" Z="0"/>
					<Vertex X="19148" Y="42113" Z="0"/>
					<Vertex X="19148" Y="42304" Z="0"/>
					<Vertex X="19084" Y="42558" Z="0"/>
					<Vertex X="19084" Y="42749" Z="0"/>
					<Vertex X="19148" Y="42940" Z="0"/>
					<Vertex X="19148" Y="43131" Z="0"/>
					<Vertex X="19275" Y="43258" Z="0"/>
					<Vertex X="19339" Y="43449" Z="0"/>
					<Vertex X="19466" Y="43704" Z="0"/>
					<Vertex X="19657" Y="43894" Z="0"/>
					<Vertex X="19721" Y="44085" Z="0"/>
					<Vertex X="19848" Y="44276" Z="0"/>
					<Vertex X="19848" Y="44403" Z="0"/>
					<Vertex X="19911" Y="44467" Z="0"/>
					<Vertex X="19911" Y="44594" Z="0"/>
					<Vertex X="20039" Y="44785" Z="0"/>
					<Vertex X="20039" Y="44849" Z="0"/>
					<Vertex X="20102" Y="45039" Z="0"/>
					<Vertex X="20102" Y="45167" Z="0"/>
					<Vertex X="20102" Y="45230" Z="0"/>
					<Vertex X="20229" Y="45421" Z="0"/>
					<Vertex X="20229" Y="45739" Z="0"/>
					<Vertex X="20229" Y="45803" Z="0"/>
					<Vertex X="20229" Y="45994" Z="0"/>
					<Vertex X="20293" Y="46185" Z="0"/>
					<Vertex X="20293" Y="46375" Z="0"/>
					<Vertex X="20420" Y="46503" Z="0"/>
					<Vertex X="20420" Y="46566" Z="0"/>
					<Vertex X="20484" Y="46757" Z="0"/>
					<Vertex X="20484" Y="46948" Z="0"/>
					<Vertex X="20611" Y="47075" Z="0"/>
					<Vertex X="20611" Y="47139" Z="0"/>
					<Vertex X="20611" Y="47330" Z="0"/>
					<Vertex X="20675" Y="47457" Z="0"/>
					<Vertex X="20802" Y="47520" Z="0"/>
					<Vertex X="20866" Y="47711" Z="0"/>
					<Vertex X="20866" Y="47902" Z="0"/>
					<Vertex X="20993" Y="48029" Z="0"/>
					<Vertex X="21056" Y="48093" Z="0"/>
					<Vertex X="21184" Y="48220" Z="0"/>
					<Vertex X="21247" Y="48411" Z="0"/>
					<Vertex X="21374" Y="48475" Z="0"/>
					<Vertex X="21438" Y="48666" Z="0"/>
					<Vertex X="21565" Y="48793" Z="0"/>
					<Vertex X="21629" Y="48984" Z="0"/>
					<Vertex X="21756" Y="49047" Z="0"/>
					<Vertex X="21756" Y="49174" Z="0"/>
					<Vertex X="21820" Y="49238" Z="0"/>
					<Vertex X="21947" Y="49556" Z="0"/>
					<Vertex X="22011" Y="49620" Z="0"/>
					<Vertex X="22138" Y="49811" Z="0"/>
					<Vertex X="22201" Y="49938" Z="0"/>
					<Vertex X="22329" Y="50001" Z="0"/>
					<Vertex X="22392" Y="50129" Z="0"/>
					<Vertex X="22520" Y="50320" Z="0"/>
					<Vertex X="22583" Y="50383" Z="0"/>
					<Vertex X="22710" Y="50574" Z="0"/>
					<Vertex X="22901" Y="50765" Z="0"/>
					<Vertex X="22965" Y="50956" Z="0"/>
					<Vertex X="23156" Y="51083" Z="0"/>
					<Vertex X="23283" Y="51274" Z="0"/>
					<Vertex X="23537" Y="51528" Z="0"/>
					<Vertex X="23665" Y="51655" Z="0"/>
					<Vertex X="23855" Y="51846" Z="0"/>
					<Vertex X="23919" Y="51910" Z="0"/>
					<Vertex X="24110" Y="52101" Z="0"/>
					<Vertex X="24237" Y="52228" Z="0"/>
					<Vertex X="24492" Y="52419" Z="0"/>
					<Vertex X="24682" Y="52482" Z="0"/>
					<Vertex X="24810" Y="52610" Z="0"/>
					<Vertex X="25064" Y="52673" Z="0"/>
					<Vertex X="25191" Y="52801" Z="0"/>
					<Vertex X="25382" Y="52801" Z="0"/>
					<Vertex X="25573" Y="52864" Z="0"/>
					<Vertex X="25637" Y="52864" Z="0"/>
					<Vertex X="25955" Y="52991" Z="0"/>
					<Vertex X="26018" Y="52991" Z="0"/>
					<Vertex X="26209" Y="52991" Z="0"/>
					<Vertex X="26400" Y="52991" Z="0"/>
					<Vertex X="26591" Y="52991" Z="0"/>
					<Vertex X="26718" Y="52991" Z="0"/>
					<Vertex X="26909" Y="52991" Z="0"/>
					<Vertex X="27163" Y="52864" Z="0"/>
					<Vertex X="27291" Y="52864" Z="0"/>
					<Vertex X="27354" Y="52801" Z="0"/>
					<Vertex X="27545" Y="52801" Z="0"/>
					<Vertex X="27672" Y="52673" Z="0"/>
					<Vertex X="27863" Y="52673" Z="0"/>
					<Vertex X="28054" Y="52610" Z="0"/>
					<Vertex X="28118" Y="52610" Z="0"/>
					<Vertex X="28309" Y="52610" Z="0"/>
					<Vertex X="28499" Y="52610" Z="0"/>
					<Vertex X="28627" Y="52610" Z="0"/>
					<Vertex X="28817" Y="52482" Z="0"/>
					<Vertex X="29072" Y="52482" Z="0"/>
					<Vertex X="29263" Y="52482" Z="0"/>
					<Vertex X="29454" Y="52482" Z="0"/>
					<Vertex X="29644" Y="52610" Z="0"/>
					<Vertex X="29835" Y="52610" Z="0"/>
					<Vertex X="29963" Y="52673" Z="0"/>
					<Vertex X="30026" Y="52673" Z="0"/>
					<Vertex X="30153" Y="52801" Z="0"/>
					<Vertex X="30344" Y="52864" Z="0"/>
					<Vertex X="30408" Y="52991" Z="0"/>
					<Vertex X="30535" Y="53055" Z="0"/>
					<Vertex X="30599" Y="53182" Z="0"/>
					<Vertex X="30726" Y="53373" Z="0"/>
					<Vertex X="30790" Y="53437" Z="0"/>
					<Vertex X="30790" Y="53564" Z="0"/>
					<Vertex X="30650" Y="53608" Z="0"/>
					<Vertex X="31007" Y="54877" Z="0"/>
					<Vertex X="30769" Y="55491" Z="0"/>
					<Vertex X="30630" Y="55630" Z="0"/>
					<Vertex X="30472" Y="55749" Z="0"/>
					<Vertex X="30333" Y="55868" Z="0"/>
					<Vertex X="30174" Y="56007" Z="0"/>
					<Vertex X="30055" Y="56165" Z="0"/>
					<Vertex X="29936" Y="56364" Z="0"/>
					<Vertex X="29857" Y="56582" Z="0"/>
					<Vertex X="29798" Y="56820" Z="0"/>
					<Vertex X="29758" Y="56998" Z="0"/>
					<Vertex X="29758" Y="57236" Z="0"/>
					<Vertex X="29798" Y="57375" Z="0"/>
					<Vertex X="29877" Y="57533" Z="0"/>
					<Vertex X="29976" Y="57791" Z="0"/>
					<Vertex X="30095" Y="58009" Z="0"/>
					<Vertex X="30194" Y="58227" Z="0"/>
					<Vertex X="30333" Y="58425" Z="0"/>
					<Vertex X="30452" Y="58604" Z="0"/>
					<Vertex X="30591" Y="58743" Z="0"/>
					<Vertex X="30769" Y="58961" Z="0"/>
					<Vertex X="30948" Y="59119" Z="0"/>
					<Vertex X="31186" Y="59318" Z="0"/>
					<Vertex X="31364" Y="59476" Z="0"/>
					<Vertex X="31523" Y="59615" Z="0"/>
					<Vertex X="31760" Y="59813" Z="0"/>
					<Vertex X="31899" Y="60011" Z="0"/>
					<Vertex X="32018" Y="60190" Z="0"/>
					<Vertex X="32177" Y="60408" Z="0"/>
					<Vertex X="32236" Y="60626" Z="0"/>
					<Vertex X="32256" Y="60804" Z="0"/>
					<Vertex X="32236" Y="61062" Z="0"/>
					<Vertex X="32177" Y="61280" Z="0"/>
					<Vertex X="32018" Y="61498" Z="0"/>
					<Vertex X="31879" Y="61598" Z="0"/>
					<Vertex X="31701" Y="61697" Z="0"/>
					<Vertex X="31463" Y="61657" Z="0"/>
					<Vertex X="31285" Y="61598" Z="0"/>
					<Vertex X="31106" Y="61419" Z="0"/>
					<Vertex X="30987" Y="61280" Z="0"/>
					<Vertex X="30888" Y="61102" Z="0"/>
					<Vertex X="30829" Y="60983" Z="0"/>
					<Vertex X="30809" Y="60904" Z="0"/>
					<Vertex X="30769" Y="60824" Z="0"/>
					<Vertex X="30769" Y="60804" Z="0"/>
					<Vertex X="30769" Y="60765" Z="0"/>
					<Vertex X="30769" Y="60666" Z="0"/>
					<Vertex X="30749" Y="60527" Z="0"/>
					<Vertex X="30749" Y="60368" Z="0"/>
					<Vertex X="30690" Y="60190" Z="0"/>
					<Vertex X="30591" Y="60071" Z="0"/>
					<Vertex X="30531" Y="60011" Z="0"/>
					<Vertex X="30511" Y="59972" Z="0"/>
					<Vertex X="30452" Y="59873" Z="0"/>
					<Vertex X="30392" Y="59793" Z="0"/>
					<Vertex X="30353" Y="59714" Z="0"/>
					<Vertex X="30333" Y="59555" Z="0"/>
					<Vertex X="30274" Y="59476" Z="0"/>
					<Vertex X="30194" Y="59337" Z="0"/>
					<Vertex X="30115" Y="59298" Z="0"/>
					<Vertex X="30055" Y="59179" Z="0"/>
					<Vertex X="29996" Y="59080" Z="0"/>
					<Vertex X="29956" Y="59000" Z="0"/>
					<Vertex X="29857" Y="58921" Z="0"/>
					<Vertex X="29758" Y="58822" Z="0"/>
					<Vertex X="29679" Y="58743" Z="0"/>
					<Vertex X="29520" Y="58663" Z="0"/>
					<Vertex X="29441" Y="58604" Z="0"/>
					<Vertex X="29282" Y="58544" Z="0"/>
					<Vertex X="29203" Y="58525" Z="0"/>
					<Vertex X="29044" Y="58485" Z="0"/>
					<Vertex X="28925" Y="58485" Z="0"/>
					<Vertex X="28747" Y="58485" Z="0"/>
					<Vertex X="28628" Y="58525" Z="0"/>
					<Vertex X="28450" Y="58525" Z="0"/>
					<Vertex X="28311" Y="58544" Z="0"/>
					<Vertex X="28132" Y="58604" Z="0"/>
					<Vertex X="27974" Y="58624" Z="0"/>
					<Vertex X="27776" Y="58663" Z="0"/>
					<Vertex X="27617" Y="58723" Z="0"/>
					<Vertex X="27379" Y="58782" Z="0"/>
					<Vertex X="27201" Y="58842" Z="0"/>
					<Vertex X="26982" Y="58901" Z="0"/>
					<Vertex X="26784" Y="58961" Z="0"/>
					<Vertex X="26586" Y="59040" Z="0"/>
					<Vertex X="26308" Y="59099" Z="0"/>
					<Vertex X="26110" Y="59159" Z="0"/>
					<Vertex X="25833" Y="59218" Z="0"/>
					<Vertex X="25575" Y="59278" Z="0"/>
					<Vertex X="25396" Y="59318" Z="0"/>
					<Vertex X="25119" Y="59337" Z="0"/>
					<Vertex X="24881" Y="59337" Z="0"/>
					<Vertex X="24683" Y="59318" Z="0"/>
					<Vertex X="24524" Y="59318" Z="0"/>
					<Vertex X="24326" Y="59278" Z="0"/>
					<Vertex X="24207" Y="59278" Z="0"/>
					<Vertex X="24088" Y="59318" Z="0"/>
					<Vertex X="23969" Y="59337" Z="0"/>
					<Vertex X="23910" Y="59397" Z="0"/>
					<Vertex X="23850" Y="59496" Z="0"/>
					<Vertex X="23810" Y="59674" Z="0"/>
					<Vertex X="23791" Y="59813" Z="0"/>
					<Vertex X="23751" Y="60051" Z="0"/>
					<Vertex X="23810" Y="60269" Z="0"/>
					<Vertex X="23910" Y="60487" Z="0"/>
					<Vertex X="24028" Y="60666" Z="0"/>
					<Vertex X="24147" Y="60864" Z="0"/>
					<Vertex X="24207" Y="61003" Z="0"/>
					<Vertex X="24266" Y="61201" Z="0"/>
					<Vertex X="24266" Y="61360" Z="0"/>
					<Vertex X="24266" Y="61459" Z="0"/>
					<Vertex X="24167" Y="61518" Z="0"/>
					<Vertex X="24108" Y="61578" Z="0"/>
					<Vertex X="23989" Y="61578" Z="0"/>
					<Vertex X="23910" Y="61578" Z="0"/>
					<Vertex X="23751" Y="61538" Z="0"/>
					<Vertex X="23572" Y="61498" Z="0"/>
					<Vertex X="23434" Y="61399" Z="0"/>
					<Vertex X="23255" Y="61280" Z="0"/>
					<Vertex X="23097" Y="61201" Z="0"/>
					<Vertex X="22918" Y="61062" Z="0"/>
					<Vertex X="22740" Y="60943" Z="0"/>
					<Vertex X="22601" Y="60824" Z="0"/>
					<Vertex X="22423" Y="60686" Z="0"/>
					<Vertex X="22244" Y="60527" Z="0"/>
					<Vertex X="22066" Y="60388" Z="0"/>
					<Vertex X="21907" Y="60289" Z="0"/>
					<Vertex X="21768" Y="60150" Z="0"/>
					<Vertex X="21610" Y="59992" Z="0"/>
					<Vertex X="21530" Y="59912" Z="0"/>
					<Vertex X="21412" Y="59793" Z="0"/>
					<Vertex X="21293" Y="59674" Z="0"/>
					<Vertex X="21193" Y="59516" Z="0"/>
					<Vertex X="21114" Y="59377" Z="0"/>
					<Vertex X="21015" Y="59258" Z="0"/>
					<Vertex X="20956" Y="59139" Z="0"/>
					<Vertex X="20876" Y="59020" Z="0"/>
					<Vertex X="20817" Y="58921" Z="0"/>
					<Vertex X="20718" Y="58842" Z="0"/>
					<Vertex X="20638" Y="58743" Z="0"/>
					<Vertex X="20539" Y="58624" Z="0"/>
					<Vertex X="20519" Y="58564" Z="0"/>
					<Vertex X="20460" Y="58485" Z="0"/>
					<Vertex X="20420" Y="58386" Z="0"/>
					<Vertex X="20361" Y="58306" Z="0"/>
					<Vertex X="20301" Y="58247" Z="0"/>
					<Vertex X="20301" Y="58207" Z="0"/>
					<Vertex X="20361" Y="58188" Z="0"/>
					<Vertex X="20301" Y="58188" Z="0"/>
					<Vertex X="20420" Y="58144" Z="0"/>
					<Vertex X="20293" Y="58017" Z="0"/>
					<Vertex X="20102" Y="57953" Z="0"/>
					<Vertex X="20039" Y="57953" Z="0"/>
					<Vertex X="19911" Y="57826" Z="0"/>
					<Vertex X="19721" Y="57826" Z="0"/>
					<Vertex X="19530" Y="57762" Z="0"/>
					<Vertex X="19339" Y="57762" Z="0"/>
					<Vertex X="19275" Y="57762" Z="0"/>
					<Vertex X="19084" Y="57762" Z="0"/>
					<Vertex X="18766" Y="57762" Z="0"/>
					<Vertex X="18703" Y="57762" Z="0"/>
					<Vertex X="18512" Y="57826" Z="0"/>
					<Vertex X="18385" Y="57826" Z="0"/>
					<Vertex X="18321" Y="57826" Z="0"/>
					<Vertex X="18130" Y="57953" Z="0"/>
					<Vertex X="17939" Y="58017" Z="0"/>
					<Vertex X="17812" Y="58144" Z="0"/>
					<Vertex X="17621" Y="58335" Z="0"/>
					<Vertex X="17558" Y="58462" Z="0"/>
					<Vertex X="17430" Y="58526" Z="0"/>
					<Vertex X="17430" Y="58589" Z="0"/>
					<Vertex X="17367" Y="58780" Z="0"/>
					<Vertex X="17240" Y="58908" Z="0"/>
					<Vertex X="17049" Y="59098" Z="0"/>
					<Vertex X="16985" Y="59162" Z="0"/>
					<Vertex X="16985" Y="59353" Z="0"/>
					<Vertex X="16858" Y="59480" Z="0"/>
					<Vertex X="16794" Y="59671" Z="0"/>
					<Vertex X="16794" Y="59862" Z="0"/>
					<Vertex X="16794" Y="59925" Z="0"/>
					<Vertex X="16794" Y="60116" Z="0"/>
					<Vertex X="16794" Y="60243" Z="0"/>
					<Vertex X="16794" Y="60307" Z="0"/>
					<Vertex X="16985" Y="60498" Z="0"/>
					<Vertex X="16985" Y="60689" Z="0"/>
					<Vertex X="17176" Y="60816" Z="0"/>
					<Vertex X="17240" Y="60880" Z="0"/>
					<Vertex X="17367" Y="61070" Z="0"/>
					<Vertex X="17430" Y="61198" Z="0"/>
					<Vertex X="17558" Y="61325" Z="0"/>
					<Vertex X="17748" Y="61389" Z="0"/>
					<Vertex X="17812" Y="61452" Z="0"/>
					<Vertex X="18003" Y="61643" Z="0"/>
					<Vertex X="18130" Y="61770" Z="0"/>
					<Vertex X="18321" Y="61961" Z="0"/>
					<Vertex X="18512" Y="62025" Z="0"/>
					<Vertex X="18703" Y="62216" Z="0"/>
					<Vertex X="18894" Y="62406" Z="0"/>
					<Vertex X="19148" Y="62724" Z="0"/>
					<Vertex X="19339" Y="62915" Z="0"/>
					<Vertex X="19466" Y="63106" Z="0"/>
					<Vertex X="19657" Y="63170" Z="0"/>
					<Vertex X="19911" Y="63488" Z="0"/>
					<Vertex X="20039" Y="63679" Z="0"/>
					<Vertex X="20229" Y="63870" Z="0"/>
					<Vertex X="20293" Y="64060" Z="0"/>
					<Vertex X="20611" Y="64315" Z="0"/>
					<Vertex X="20675" Y="64506" Z="0"/>
					<Vertex X="20866" Y="64697" Z="0"/>
					<Vertex X="20993" Y="64887" Z="0"/>
					<Vertex X="21247" Y="65205" Z="0"/>
					<Vertex X="21374" Y="65396" Z="0"/>
					<Vertex X="21565" Y="65460" Z="0"/>
					<Vertex X="21756" Y="65651" Z="0"/>
					<Vertex X="21820" Y="65778" Z="0"/>
					<Vertex X="21947" Y="65969" Z="0"/>
					<Vertex X="22138" Y="66160" Z="0"/>
					<Vertex X="22201" Y="66351" Z="0"/>
					<Vertex X="22329" Y="66414" Z="0"/>
					<Vertex X="22520" Y="66605" Z="0"/>
					<Vertex X="22710" Y="66732" Z="0"/>
					<Vertex X="22774" Y="66923" Z="0"/>
					<Vertex X="22965" Y="66987" Z="0"/>
					<Vertex X="23156" Y="67178" Z="0"/>
					<Vertex X="23347" Y="67368" Z="0"/>
					<Vertex X="23537" Y="67559" Z="0"/>
					<Vertex X="23728" Y="67750" Z="0"/>
					<Vertex X="23855" Y="67877" Z="0"/>
					<Vertex X="24110" Y="68195" Z="0"/>
					<Vertex X="24301" Y="68386" Z="0"/>
					<Vertex X="24428" Y="68450" Z="0"/>
					<Vertex X="24746" Y="68704" Z="0"/>
					<Vertex X="24873" Y="68895" Z="0"/>
					<Vertex X="25001" Y="69022" Z="0"/>
					<Vertex X="25191" Y="69213" Z="0"/>
					<Vertex X="25382" Y="69404" Z="0"/>
					<Vertex X="25573" Y="69595" Z="0"/>
					<Vertex X="25637" Y="69722" Z="0"/>
					<Vertex X="25828" Y="69849" Z="0"/>
					<Vertex X="25955" Y="70104" Z="0"/>
					<Vertex X="26018" Y="70167" Z="0"/>
					<Vertex X="26209" Y="70358" Z="0"/>
					<Vertex X="26464" Y="70549" Z="0"/>
					<Vertex X="26527" Y="70676" Z="0"/>
					<Vertex X="26591" Y="70804" Z="0"/>
					<Vertex X="26782" Y="70931" Z="0"/>
					<Vertex X="26973" Y="71122" Z="0"/>
					<Vertex X="27100" Y="71313" Z="0"/>
					<Vertex X="27291" Y="71376" Z="0"/>
					<Vertex X="27482" Y="71567" Z="0"/>
					<Vertex X="27672" Y="71694" Z="0"/>
					<Vertex X="27736" Y="71758" Z="0"/>
					<Vertex X="27927" Y="72012" Z="0"/>
					<Vertex X="28181" Y="72140" Z="0"/>
					<Vertex X="28309" Y="72267" Z="0"/>
					<Vertex X="28499" Y="72458" Z="0"/>
					<Vertex X="28690" Y="72585" Z="0"/>
					<Vertex X="29008" Y="72712" Z="0"/>
					<Vertex X="29263" Y="72967" Z="0"/>
					<Vertex X="29454" Y="73030" Z="0"/>
					<Vertex X="29772" Y="73285" Z="0"/>
					<Vertex X="29963" Y="73412" Z="0"/>
					<Vertex X="30153" Y="73603" Z="0"/>
					<Vertex X="30535" Y="73794" Z="0"/>
					<Vertex X="30726" Y="73984" Z="0"/>
					<Vertex X="30917" Y="74175" Z="0"/>
					<Vertex X="31171" Y="74366" Z="0"/>
					<Vertex X="31489" Y="74557" Z="0"/>
					<Vertex X="31680" Y="74621" Z="0"/>
					<Vertex X="31871" Y="74875" Z="0"/>
					<Vertex X="32125" Y="75129" Z="0"/>
					<Vertex X="32444" Y="75193" Z="0"/>
					<Vertex X="32634" Y="75384" Z="0"/>
					<Vertex X="32825" Y="75575" Z="0"/>
					<Vertex X="33207" Y="75829" Z="0"/>
					<Vertex X="33398" Y="75893" Z="0"/>
					<Vertex X="33652" Y="76084" Z="0"/>
					<Vertex X="33843" Y="76147" Z="0"/>
					<Vertex X="34225" Y="76402" Z="0"/>
					<Vertex X="34416" Y="76465" Z="0"/>
					<Vertex X="34606" Y="76529" Z="0"/>
					<Vertex X="34925" Y="76783" Z="0"/>
					<Vertex X="35179" Y="76847" Z="0"/>
					<Vertex X="35497" Y="76974" Z="0"/>
					<Vertex X="35815" Y="77038" Z="0"/>
					<Vertex X="35942" Y="77102" Z="0"/>
					<Vertex X="36133" Y="77229" Z="0"/>
					<Vertex X="36515" Y="77356" Z="0"/>
					<Vertex X="36769" Y="77356" Z="0"/>
					<Vertex X="37024" Y="77420" Z="0"/>
					<Vertex X="37215" Y="77420" Z="0"/>
					<Vertex X="37660" Y="77420" Z="0"/>
					<Vertex X="37978" Y="77483" Z="0"/>
					<Vertex X="38360" Y="77483" Z="0"/>
					<Vertex X="38614" Y="77610" Z="0"/>
					<Vertex X="38932" Y="77610" Z="0"/>
					<Vertex X="39123" Y="77738" Z="0"/>
					<Vertex X="39568" Y="77738" Z="0"/>
					<Vertex X="39759" Y="77801" Z="0"/>
					<Vertex X="40205" Y="77929" Z="0"/>
					<Vertex X="40459" Y="77992" Z="0"/>
					<Vertex X="40714" Y="78056" Z="0"/>
					<Vertex X="41159" Y="78247" Z="0"/>
					<Vertex X="41286" Y="78374" Z="0"/>
					<Vertex X="41795" Y="78437" Z="0"/>
					<Vertex X="42049" Y="78692" Z="0"/>
					<Vertex X="42240" Y="78756" Z="0"/>
					<Vertex X="42622" Y="78883" Z="0"/>
					<Vertex X="42940" Y="78946" Z="0"/>
					<Vertex X="43195" Y="79010" Z="0"/>
					<Vertex X="43640" Y="79137" Z="0"/>
					<Vertex X="43894" Y="79201" Z="0"/>
					<Vertex X="44149" Y="79201" Z="0"/>
					<Vertex X="44340" Y="79328" Z="0"/>
					<Vertex X="44721" Y="79392" Z="0"/>
					<Vertex X="45039" Y="79392" Z="0"/>
					<Vertex X="45421" Y="79519" Z="0"/>
					<Vertex X="45676" Y="79519" Z="0"/>
					<Vertex X="45994" Y="79519" Z="0"/>
					<Vertex X="46184" Y="79646" Z="0"/>
					<Vertex X="46566" Y="79646" Z="0"/>
					<Vertex X="46821" Y="79646" Z="0"/>
					<Vertex X="47075" Y="79710" Z="0"/>
					<Vertex X="47330" Y="79773" Z="0"/>
					<Vertex X="47775" Y="79773" Z="0"/>
					<Vertex X="48029" Y="79901" Z="0"/>
					<Vertex X="48475" Y="79964" Z="0"/>
					<Vertex X="48665" Y="80091" Z="0"/>
					<Vertex X="49047" Y="80282" Z="0"/>
					<Vertex X="49365" Y="80346" Z="0"/>
					<Vertex X="49620" Y="80473" Z="0"/>
					<Vertex X="50001" Y="80664" Z="0"/>
					<Vertex X="50192" Y="80855" Z="0"/>
					<Vertex X="50447" Y="80918" Z="0"/>
					<Vertex X="50765" Y="81237" Z="0"/>
					<Vertex X="50956" Y="81427" Z="0"/>
					<Vertex X="51210" Y="81618" Z="0"/>
					<Vertex X="51528" Y="81809" Z="0"/>
					<Vertex X="51655" Y="82000" Z="0"/>
					<Vertex X="51846" Y="82064" Z="0"/>
					<Vertex X="52101" Y="82382" Z="0"/>
					<Vertex X="52164" Y="82509" Z="0"/>
					<Vertex X="52291" Y="82636" Z="0"/>
					<Vertex X="52482" Y="82827" Z="0"/>
					<Vertex X="52610" Y="83018" Z="0"/>
					<Vertex X="52800" Y="83209" Z="0"/>
					<Vertex X="52864" Y="83463" Z="0"/>
					<Vertex X="53055" Y="83718" Z="0"/>
					<Vertex X="53182" Y="83908" Z="0"/>
					<Vertex X="53437" Y="84163" Z="0"/>
					<Vertex X="53500" Y="84417" Z="0"/>
					<Vertex X="53691" Y="84545" Z="0"/>
					<Vertex X="53882" Y="84863" Z="0"/>
					<Vertex X="54136" Y="85053" Z="0"/>
					<Vertex X="54200" Y="85372" Z="0"/>
					<Vertex X="54391" Y="85626" Z="0"/>
					<Vertex X="54582" Y="85817" Z="0"/>
					<Vertex X="54772" Y="86008" Z="0"/>
					<Vertex X="54900" Y="86199" Z="0"/>
					<Vertex X="55154" Y="86453" Z="0"/>
					<Vertex X="55218" Y="86644" Z="0"/>
					<Vertex X="55409" Y="86835" Z="0"/>
					<Vertex X="55727" Y="87153" Z="0"/>
					<Vertex X="55854" Y="87344" Z="0"/>
					<Vertex X="56045" Y="87534" Z="0"/>
					<Vertex X="56108" Y="87725" Z="0"/>
					<Vertex X="56299" Y="87980" Z="0"/>
					<Vertex X="56426" Y="88107" Z="0"/>
					<Vertex X="56617" Y="88361" Z="0"/>
					<Vertex X="56681" Y="88489" Z="0"/>
					<Vertex X="56808" Y="88679" Z="0"/>
					<Vertex X="56872" Y="88743" Z="0"/>
					<Vertex X="56935" Y="88934" Z="0"/>
					<Vertex X="57126" Y="89125" Z="0"/>
					<Vertex X="57317" Y="89316" Z="0"/>
					<Vertex X="57572" Y="89634" Z="0"/>
					<Vertex X="57635" Y="89697" Z="0"/>
					<Vertex X="57826" Y="89888" Z="0"/>
					<Vertex X="57953" Y="90143" Z="0"/>
					<Vertex X="58017" Y="90270" Z="0"/>
					<Vertex X="58208" Y="90397" Z="0"/>
					<Vertex X="58335" Y="90588" Z="0"/>
					<Vertex X="58399" Y="90652" Z="0"/>
					<Vertex X="58526" Y="90779" Z="0"/>
					<Vertex X="58589" Y="90842" Z="0"/>
					<Vertex X="58653" Y="90970" Z="0"/>
					<Vertex X="58780" Y="91033" Z="0"/>
					<Vertex X="58844" Y="91160" Z="0"/>
					<Vertex X="58971" Y="91224" Z="0"/>
					<Vertex X="59035" Y="91224" Z="0"/>
					<Vertex X="59162" Y="91351" Z="0"/>
					<Vertex X="59289" Y="91415" Z="0"/>
					<Vertex X="59480" Y="91542" Z="0"/>
					<Vertex X="59544" Y="91542" Z="0"/>
					<Vertex X="59734" Y="91606" Z="0"/>
					<Vertex X="59862" Y="91606" Z="0"/>
					<Vertex X="60053" Y="91733" Z="0"/>
					<Vertex X="60243" Y="91797" Z="0"/>
					<Vertex X="60307" Y="91797" Z="0"/>
					<Vertex X="60371" Y="91797" Z="0"/>
					<Vertex X="60561" Y="91797" Z="0"/>
					<Vertex X="60880" Y="91797" Z="0"/>
					<Vertex X="61007" Y="91797" Z="0"/>
					<Vertex X="61388" Y="91924" Z="0"/>
					<Vertex X="61579" Y="91924" Z="0"/>
					<Vertex X="61770" Y="91924" Z="0"/>
					<Vertex X="62025" Y="91924" Z="0"/>
					<Vertex X="62279" Y="91924" Z="0"/>
					<Vertex X="62470" Y="91924" Z="0"/>
					<Vertex X="62788" Y="91924" Z="0"/>
					<Vertex X="63106" Y="91924" Z="0"/>
					<Vertex X="63297" Y="91924" Z="0"/>
					<Vertex X="63679" Y="91924" Z="0"/>
					<Vertex X="63806" Y="91924" Z="0"/>
					<Vertex X="64124" Y="91924" Z="0"/>
					<Vertex X="64442" Y="91924" Z="0"/>
					<Vertex X="64633" Y="91924" Z="0"/>
					<Vertex X="65015" Y="91924" Z="0"/>
					<Vertex X="65142" Y="91924" Z="0"/>
					<Vertex X="65396" Y="91924" Z="0"/>
					<Vertex X="65714" Y="91987" Z="0"/>
					<Vertex X="65905" Y="91987" Z="0"/>
					<Vertex X="66350" Y="91987" Z="0"/>
					<Vertex X="66541" Y="91987" Z="0"/>
					<Vertex X="66732" Y="91987" Z="0"/>
					<Vertex X="66987" Y="92115" Z="0"/>
					<Vertex X="67177" Y="92115" Z="0"/>
					<Vertex X="67368" Y="92115" Z="0"/>
					<Vertex X="67623" Y="92115" Z="0"/>
					<Vertex X="67877" Y="92115" Z="0"/>
					<Vertex X="68132" Y="92115" Z="0"/>
					<Vertex X="68323" Y="92178" Z="0"/>
					<Vertex X="68513" Y="92178" Z="0"/>
					<Vertex X="68831" Y="92178" Z="0"/>
					<Vertex X="68895" Y="92178" Z="0"/>
					<Vertex X="69086" Y="92178" Z="0"/>
					<Vertex X="69468" Y="92178" Z="0"/>
					<Vertex X="69658" Y="92178" Z="0"/>
					<Vertex X="69977" Y="92178" Z="0"/>
					<Vertex X="70231" Y="92178" Z="0"/>
					<Vertex X="70422" Y="92178" Z="0"/>
					<Vertex X="70676" Y="92178" Z="0"/>
					<Vertex X="70994" Y="92178" Z="0"/>
					<Vertex X="71312" Y="92178" Z="0"/>
					<Vertex X="71503" Y="92178" Z="0"/>
					<Vertex X="71758" Y="92178" Z="0"/>
					<Vertex X="71885" Y="92178" Z="0"/>
					<Vertex X="72012" Y="92178" Z="0"/>
					<Vertex X="72330" Y="92178" Z="0"/>
					<Vertex X="72394" Y="92178" Z="0"/>
					<Vertex X="72585" Y="92178" Z="0"/>
					<Vertex X="72712" Y="92178" Z="0"/>
					<Vertex X="72776" Y="92178" Z="0"/>
					<Vertex X="73030" Y="92178" Z="0"/>
					<Vertex X="73094" Y="92178" Z="0"/>
					<Vertex X="73221" Y="92178" Z="0"/>
					<Vertex X="73285" Y="92178" Z="0"/>
					<Vertex X="73412" Y="92178" Z="0"/>
					<Vertex X="73603" Y="92115" Z="0"/>
					<Vertex X="73666" Y="92115" Z="0"/>
					<Vertex X="73730" Y="92115" Z="0"/>
					<Vertex X="73730" Y="91987" Z="0"/>
					<Vertex X="73857" Y="91987" Z="0"/>
					<Vertex X="73984" Y="91924" Z="0"/>
					<Vertex X="74048" Y="91924" Z="0"/>
					<Vertex X="74175" Y="91797" Z="0"/>
					<Vertex X="74239" Y="91797" Z="0"/>
					<Vertex X="74302" Y="91733" Z="0"/>
					<Vertex X="74430" Y="91606" Z="0"/>
					<Vertex X="74493" Y="91542" Z="0"/>
					<Vertex X="74748" Y="91415" Z="0"/>
					<Vertex X="74811" Y="91224" Z="0"/>
					<Vertex X="75002" Y="91160" Z="0"/>
					<Vertex X="75193" Y="90970" Z="0"/>
					<Vertex X="75320" Y="90779" Z="0"/>
					<Vertex X="75384" Y="90588" Z="0"/>
					<Vertex X="75575" Y="90461" Z="0"/>
					<Vertex X="75702" Y="90270" Z="0"/>
					<Vertex X="75893" Y="90143" Z="0"/>
					<Vertex X="75956" Y="90015" Z="0"/>
					<Vertex X="76020" Y="89825" Z="0"/>
					<Vertex X="76211" Y="89697" Z="0"/>
					<Vertex X="76338" Y="89634" Z="0"/>
					<Vertex X="76529" Y="89443" Z="0"/>
					<Vertex X="76720" Y="89252" Z="0"/>
					<Vertex X="76847" Y="89125" Z="0"/>
					<Vertex X="76911" Y="89061" Z="0"/>
					<Vertex X="77101" Y="88870" Z="0"/>
					<Vertex X="77165" Y="88743" Z="0"/>
					<Vertex X="77420" Y="88552" Z="0"/>
					<Vertex X="77483" Y="88489" Z="0"/>
					<Vertex X="77610" Y="88361" Z="0"/>
					<Vertex X="77738" Y="88234" Z="0"/>
					<Vertex X="77865" Y="88107" Z="0"/>
					<Vertex X="78056" Y="87916" Z="0"/>
					<Vertex X="78247" Y="87725" Z="0"/>
					<Vertex X="78437" Y="87534" Z="0"/>
					<Vertex X="78628" Y="87407" Z="0"/>
					<Vertex X="78628" Y="87344" Z="0"/>
					<Vertex X="78819" Y="87280" Z="0"/>
					<Vertex X="79010" Y="87025" Z="0"/>
					<Vertex X="79137" Y="86835" Z="0"/>
					<Vertex X="79328" Y="86644" Z="0"/>
					<Vertex X="79455" Y="86580" Z="0"/>
					<Vertex X="79646" Y="86326" Z="0"/>
					<Vertex X="79837" Y="86071" Z="0"/>
					<Vertex X="80091" Y="85880" Z="0"/>
					<Vertex X="80346" Y="85690" Z="0"/>
					<Vertex X="80473" Y="85499" Z="0"/>
					<Vertex X="80600" Y="85244" Z="0"/>
					<Vertex X="80855" Y="85053" Z="0"/>
					<Vertex X="81046" Y="84735" Z="0"/>
					<Vertex X="81109" Y="84545" Z="0"/>
					<Vertex X="81364" Y="84290" Z="0"/>
					<Vertex X="81491" Y="83972" Z="0"/>
					<Vertex X="81809" Y="83718" Z="0"/>
					<Vertex X="81873" Y="83527" Z="0"/>
					<Vertex X="82191" Y="83209" Z="0"/>
					<Vertex X="82254" Y="83018" Z="0"/>
					<Vertex X="82318" Y="82636" Z="0"/>
					<Vertex X="82572" Y="82509" Z="0"/>
					<Vertex X="82763" Y="82064" Z="0"/>
					<Vertex X="82827" Y="81873" Z="0"/>
					<Vertex X="83018" Y="81682" Z="0"/>
					<Vertex X="83208" Y="81427" Z="0"/>
					<Vertex X="83272" Y="81237" Z="0"/>
					<Vertex X="83527" Y="80918" Z="0"/>
					<Vertex X="83590" Y="80664" Z="0"/>
					<Vertex X="83908" Y="80346" Z="0"/>
					<Vertex X="84035" Y="80091" Z="0"/>
					<Vertex X="84163" Y="79964" Z="0"/>
					<Vertex X="84290" Y="79773" Z="0"/>
					<Vertex X="84481" Y="79646" Z="0"/>
					<Vertex X="84544" Y="79392" Z="0"/>
					<Vertex X="84735" Y="79201" Z="0"/>
					<Vertex X="84799" Y="78946" Z="0"/>
					<Vertex X="84990" Y="78756" Z="0"/>
					<Vertex X="85117" Y="78565" Z="0"/>
					<Vertex X="85308" Y="78374" Z="0"/>
					<Vertex X="85435" Y="78056" Z="0"/>
					<Vertex X="85626" Y="77992" Z="0"/>
					<Vertex X="85817" Y="77738" Z="0"/>
					<Vertex X="85880" Y="77483" Z="0"/>
					<Vertex X="86071" Y="77229" Z="0"/>
					<Vertex X="86262" Y="77102" Z="0"/>
					<Vertex X="86453" Y="76847" Z="0"/>
					<Vertex X="86516" Y="76529" Z="0"/>
					<Vertex X="86835" Y="76275" Z="0"/>
					<Vertex X="86962" Y="76084" Z="0"/>
					<Vertex X="87153" Y="75829" Z="0"/>
					<Vertex X="87216" Y="75575" Z="0"/>
					<Vertex X="87407" Y="75320" Z="0"/>
					<Vertex X="87598" Y="75129" Z="0"/>
					<Vertex X="87662" Y="74939" Z="0"/>
					<Vertex X="87916" Y="74621" Z="0"/>
					<Vertex X="88043" Y="74239" Z="0"/>
					<Vertex X="88234" Y="74112" Z="0"/>
					<Vertex X="88425" Y="73666" Z="0"/>
					<Vertex X="88679" Y="73412" Z="0"/>
					<Vertex X="88870" Y="73157" Z="0"/>
					<Vertex X="88934" Y="72967" Z="0"/>
					<Vertex X="89125" Y="72585" Z="0"/>
					<Vertex X="89252" Y="72330" Z="0"/>
					<Vertex X="89379" Y="72012" Z="0"/>
					<Vertex X="89697" Y="71694" Z="0"/>
					<Vertex X="89888" Y="71503" Z="0"/>
					<Vertex X="90079" Y="71249" Z="0"/>
					<Vertex X="90143" Y="71058" Z="0"/>
					<Vertex X="90333" Y="70740" Z="0"/>
					<Vertex X="90524" Y="70422" Z="0"/>
					<Vertex X="90779" Y="70295" Z="0"/>
					<Vertex X="90842" Y="69977" Z="0"/>
					<Vertex X="91033" Y="69786" Z="0"/>
					<Vertex X="91097" Y="69595" Z="0"/>
					<Vertex X="91224" Y="69404" Z="0"/>
					<Vertex X="91415" Y="69213" Z="0"/>
					<Vertex X="91478" Y="69022" Z="0"/>
					<Vertex X="91669" Y="68704" Z="0"/>
					<Vertex X="91860" Y="68513" Z="0"/>
					<Vertex X="91987" Y="68386" Z="0"/>
					<Vertex X="92178" Y="67941" Z="0"/>
					<Vertex X="92369" Y="67814" Z="0"/>
					<Vertex X="92560" Y="67496" Z="0"/>
					<Vertex X="92814" Y="67178" Z="0"/>
					<Vertex X="92942" Y="66923" Z="0"/>
					<Vertex X="93132" Y="66605" Z="0"/>
					<Vertex X="93196" Y="66351" Z="0"/>
					<Vertex X="93387" Y="65969" Z="0"/>
					<Vertex X="93578" Y="65651" Z="0"/>
					<Vertex X="93769" Y="65269" Z="0"/>
					<Vertex X="94087" Y="64951" Z="0"/>
					<Vertex X="94214" Y="64697" Z="0"/>
					<Vertex X="94405" Y="64315" Z="0"/>
					<Vertex X="94468" Y="64060" Z="0"/>
					<Vertex X="94723" Y="63551" Z="0"/>
					<Vertex X="94850" Y="63297" Z="0"/>
					<Vertex X="94914" Y="63106" Z="0"/>
					<Vertex X="95105" Y="62788" Z="0"/>
					<Vertex X="95295" Y="62406" Z="0"/>
					<Vertex X="95423" Y="62152" Z="0"/>
					<Vertex X="95486" Y="61834" Z="0"/>
					<Vertex X="95613" Y="61579" Z="0"/>
					<Vertex X="95677" Y="61261" Z="0"/>
					<Vertex X="95804" Y="61007" Z="0"/>
					<Vertex X="95804" Y="60816" Z="0"/>
					<Vertex X="95932" Y="60498" Z="0"/>
					<Vertex X="95995" Y="60180" Z="0"/>
					<Vertex X="95995" Y="59925" Z="0"/>
					<Vertex X="96059" Y="59544" Z="0"/>
					<Vertex X="96186" Y="59289" Z="0"/>
					<Vertex X="96186" Y="58971" Z="0"/>
					<Vertex X="96250" Y="58717" Z="0"/>
					<Vertex X="96377" Y="58335" Z="0"/>
					<Vertex X="96377" Y="58017" Z="0"/>
					<Vertex X="96440" Y="57635" Z="0"/>
					<Vertex X="96440" Y="57381" Z="0"/>
					<Vertex X="96568" Y="56999" Z="0"/>
					<Vertex X="96568" Y="56617" Z="0"/>
					<Vertex X="96568" Y="56299" Z="0"/>
					<Vertex X="96631" Y="55918" Z="0"/>
					<Vertex X="96631" Y="55663" Z="0"/>
					<Vertex X="96631" Y="55282" Z="0"/>
					<Vertex X="96631" Y="54900" Z="0"/>
					<Vertex X="96631" Y="54709" Z="0"/>
					<Vertex X="96631" Y="54327" Z="0"/>
					<Vertex X="96631" Y="53946" Z="0"/>
					<Vertex X="96631" Y="53564" Z="0"/>
					<Vertex X="96631" Y="53373" Z="0"/>
					<Vertex X="96631" Y="52991" Z="0"/>
					<Vertex X="96631" Y="52737" Z="0"/>
					<Vertex X="96631" Y="52546" Z="0"/>
					<Vertex X="96631" Y="52228" Z="0"/>
					<Vertex X="96568" Y="51974" Z="0"/>
					<Vertex X="96568" Y="51783" Z="0"/>
					<Vertex X="96568" Y="51465" Z="0"/>
					<Vertex X="96440" Y="51274" Z="0"/>
					<Vertex X="96440" Y="51083" Z="0"/>
					<Vertex X="96377" Y="50892" Z="0"/>
					<Vertex X="96250" Y="50638" Z="0"/>
					<Vertex X="96250" Y="50510" Z="0"/>
					<Vertex X="96186" Y="50192" Z="0"/>
					<Vertex X="96186" Y="50129" Z="0"/>
					<Vertex X="96059" Y="49874" Z="0"/>
					<Vertex X="95995" Y="49620" Z="0"/>
					<Vertex X="95932" Y="49365" Z="0"/>
					<Vertex X="95804" Y="49174" Z="0"/>
					<Vertex X="95677" Y="48920" Z="0"/>
					<Vertex X="95613" Y="48602" Z="0"/>
					<Vertex X="95486" Y="48411" Z="0"/>
					<Vertex X="95423" Y="48157" Z="0"/>
					<Vertex X="95295" Y="47775" Z="0"/>
					<Vertex X="95232" Y="47457" Z="0"/>
					<Vertex X="95041" Y="47202" Z="0"/>
					<Vertex X="94914" Y="47012" Z="0"/>
					<Vertex X="94850" Y="46757" Z="0"/>
					<Vertex X="94723" Y="46503" Z="0"/>
					<Vertex X="94659" Y="46312" Z="0"/>
					<Vertex X="94468" Y="46057" Z="0"/>
					<Vertex X="94278" Y="45739" Z="0"/>
					<Vertex X="94214" Y="45548" Z="0"/>
					<Vertex X="94087" Y="45294" Z="0"/>
					<Vertex X="93896" Y="44976" Z="0"/>
					<Vertex X="93769" Y="44785" Z="0"/>
					<Vertex X="93705" Y="44467" Z="0"/>
					<Vertex X="93514" Y="44340" Z="0"/>
					<Vertex X="93387" Y="44149" Z="0"/>
					<Vertex X="93323" Y="43894" Z="0"/>
					<Vertex X="93132" Y="43640" Z="0"/>
					<Vertex X="93005" Y="43449" Z="0"/>
					<Vertex X="92814" Y="43258" Z="0"/>
					<Vertex X="92751" Y="43067" Z="0"/>
					<Vertex X="92687" Y="42877" Z="0"/>
					<Vertex X="92496" Y="42686" Z="0"/>
					<Vertex X="92242" Y="42495" Z="0"/>
					<Vertex X="92178" Y="42431" Z="0"/>
					<Vertex X="91987" Y="42240" Z="0"/>
					<Vertex X="91797" Y="42050" Z="0"/>
					<Vertex X="91669" Y="41922" Z="0"/>
					<Vertex X="91606" Y="41731" Z="0"/>
					<Vertex X="91415" Y="41541" Z="0"/>
					<Vertex X="91224" Y="41477" Z="0"/>
					<Vertex X="91097" Y="41350" Z="0"/>
					<Vertex X="91033" Y="41286" Z="0"/>
					<Vertex X="90842" Y="41159" Z="0"/>
					<Vertex X="90779" Y="41032" Z="0"/>
					<Vertex X="90651" Y="41032" Z="0"/>
					<Vertex X="90461" Y="40904" Z="0"/>
					<Vertex X="90270" Y="40777" Z="0"/>
					<Vertex X="90079" Y="40650" Z="0"/>
					<Vertex X="89888" Y="40586" Z="0"/>
					<Vertex X="89761" Y="40523" Z="0"/>
					<Vertex X="89697" Y="40396" Z="0"/>
					<Vertex X="89506" Y="40205" Z="0"/>
					<Vertex X="89316" Y="40141" Z="0"/>
					<Vertex X="89252" Y="40014" Z="0"/>
					<Vertex X="89061" Y="39823" Z="0"/>
					<Vertex X="88934" Y="39759" Z="0"/>
					<Vertex X="88743" Y="39569" Z="0"/>
					<Vertex X="88679" Y="39441" Z="0"/>
					<Vertex X="88552" Y="39250" Z="0"/>
					<Vertex X="88361" Y="39187" Z="0"/>
					<Vertex X="88170" Y="38996" Z="0"/>
					<Vertex X="88043" Y="38869" Z="0"/>
					<Vertex X="87916" Y="38742" Z="0"/>
					<Vertex X="87662" Y="38614" Z="0"/>
					<Vertex X="87598" Y="38487" Z="0"/>
					<Vertex X="87534" Y="38423" Z="0"/>
					<Vertex X="87343" Y="38296" Z="0"/>
					<Vertex X="87216" Y="38105" Z="0"/>
					<Vertex X="87025" Y="38042" Z="0"/>
					<Vertex X="86962" Y="37787" Z="0"/>
					<Vertex X="86707" Y="37724" Z="0"/>
					<Vertex X="86516" Y="37533" Z="0"/>
					<Vertex X="86453" Y="37342" Z="0"/>
					<Vertex X="86262" Y="37151" Z="0"/>
					<Vertex X="86198" Y="37024" Z="0"/>
					<Vertex X="86008" Y="36897" Z="0"/>
					<Vertex X="85817" Y="36706" Z="0"/>
					<Vertex X="85626" Y="36579" Z="0"/>
					<Vertex X="85499" Y="36388" Z="0"/>
					<Vertex X="85308" Y="36324" Z="0"/>
					<Vertex X="85244" Y="36133" Z="0"/>
					<Vertex X="85117" Y="36006" Z="0"/>
					<Vertex X="84926" Y="35879" Z="0"/>
					<Vertex X="84799" Y="35752" Z="0"/>
					<Vertex X="84608" Y="35624" Z="0"/>
					<Vertex X="84544" Y="35561" Z="0"/>
					<Vertex X="84481" Y="35434" Z="0"/>
					<Vertex X="84163" Y="35243" Z="0"/>
					<Vertex X="83972" Y="35243" Z="0"/>
					<Vertex X="83781" Y="35115" Z="0"/>
					<Vertex X="83654" Y="35052" Z="0"/>
					<Vertex X="83463" Y="34925" Z="0"/>
					<Vertex X="83272" Y="34925" Z="0"/>
					<Vertex X="83081" Y="34861" Z="0"/>
					<Vertex X="82890" Y="34734" Z="0"/>
					<Vertex X="82827" Y="34734" Z="0"/>
					<Vertex X="82636" Y="34670" Z="0"/>
					<Vertex X="82445" Y="34670" Z="0"/>
					<Vertex X="82254" Y="34543" Z="0"/>
					<Vertex X="81936" Y="34479" Z="0"/>
					<Vertex X="81873" Y="34352" Z="0"/>
					<Vertex X="81745" Y="34352" Z="0"/>
					<Vertex X="81555" Y="34288" Z="0"/>
					<Vertex X="81364" Y="34161" Z="0"/>
					<Vertex X="81300" Y="34161" Z="0"/>
					<Vertex X="81109" Y="34098" Z="0"/>
					<Vertex X="80982" Y="33970" Z="0"/>
					<Vertex X="80791" Y="33907" Z="0"/>
					<Vertex X="80728" Y="33716" Z="0"/>
					<Vertex X="80537" Y="33589" Z="0"/>
					<Vertex X="80409" Y="33589" Z="0"/>
					<Vertex X="80219" Y="33398" Z="0"/>
					<Vertex X="80155" Y="33398" Z="0"/>
					<Vertex X="80028" Y="33334" Z="0"/>
					<Vertex X="79964" Y="33207" Z="0"/>
					<Vertex X="79837" Y="33143" Z="0"/>
					<Vertex X="79773" Y="33016" Z="0"/>
					<Vertex X="79582" Y="32953" Z="0"/>
					<Vertex X="79455" Y="32825" Z="0"/>
					<Vertex X="79392" Y="32762" Z="0"/>
					<Vertex X="79264" Y="32634" Z="0"/>
					<Vertex X="79201" Y="32444" Z="0"/>
					<Vertex X="79010" Y="32380" Z="0"/>
					<Vertex X="78883" Y="32189" Z="0"/>
					<Vertex X="78819" Y="31998" Z="0"/>
					<Vertex X="78692" Y="31871" Z="0"/>
					<Vertex X="78628" Y="31680" Z="0"/>
					<Vertex X="78501" Y="31426" Z="0"/>
					<Vertex X="78437" Y="31235" Z="0"/>
					<Vertex X="78437" Y="31044" Z="0"/>
					<Vertex X="78310" Y="30726" Z="0"/>
					<Vertex X="78310" Y="30535" Z="0"/>
					<Vertex X="78247" Y="30472" Z="0"/>
					<Vertex X="78247" Y="30281" Z="0"/>
					<Vertex X="78119" Y="30090" Z="0"/>
					<Vertex X="78119" Y="29963" Z="0"/>
					<Vertex X="78056" Y="29772" Z="0"/>
					<Vertex X="78056" Y="29708" Z="0"/>
					<Vertex X="77928" Y="29517" Z="0"/>
					<Vertex X="77865" Y="29390" Z="0"/>
					<Vertex X="77674" Y="29326" Z="0"/>
					<Vertex X="77547" Y="29199" Z="0"/>
					<Vertex X="77483" Y="29136" Z="0"/>
					<Vertex X="77292" Y="29008" Z="0"/>
					<Vertex X="77101" Y="28818" Z="0"/>
					<Vertex X="76783" Y="28754" Z="0"/>
					<Vertex X="76593" Y="28563" Z="0"/>
					<Vertex X="76338" Y="28436" Z="0"/>
					<Vertex X="76147" Y="28245" Z="0"/>
					<Vertex X="75829" Y="28181" Z="0"/>
					<Vertex X="75575" Y="28054" Z="0"/>
					<Vertex X="75193" Y="27863" Z="0"/>
					<Vertex X="75002" Y="27672" Z="0"/>
					<Vertex X="74811" Y="27609" Z="0"/>
					<Vertex X="74493" Y="27482" Z="0"/>
					<Vertex X="74302" Y="27418" Z="0"/>
					<Vertex X="74112" Y="27291" Z="0"/>
					<Vertex X="73921" Y="27291" Z="0"/>
					<Vertex X="73730" Y="27227" Z="0"/>
					<Vertex X="73539" Y="27227" Z="0"/>
					<Vertex X="73348" Y="27100" Z="0"/>
					<Vertex X="73157" Y="27100" Z="0"/>
					<Vertex X="73030" Y="27100" Z="0"/>
					<Vertex X="72776" Y="27036" Z="0"/>
					<Vertex X="72585" Y="27036" Z="0"/>
					<Vertex X="72521" Y="27036" Z="0"/>
					<Vertex X="72330" Y="27036" Z="0"/>
					<Vertex X="72203" Y="26909" Z="0"/>
					<Vertex X="71949" Y="26909" Z="0"/>
					<Vertex X="71758" Y="26909" Z="0"/>
					<Vertex X="71567" Y="26909" Z="0"/>
					<Vertex X="71376" Y="26909" Z="0"/>
					<Vertex X="71185" Y="26909" Z="0"/>
					<Vertex X="70994" Y="26909" Z="0"/>
					<Vertex X="70676" Y="26909" Z="0"/>
					<Vertex X="70485" Y="27036" Z="0"/>
					<Vertex X="70231" Y="27100" Z="0"/>
					<Vertex X="69913" Y="27227" Z="0"/>
					<Vertex X="69658" Y="27291" Z="0"/>
					<Vertex X="69340" Y="27036" Z="0"/>
					<Vertex X="64951" Y="29326" Z="0"/>
					<Vertex X="64506" Y="29899" Z="0"/>
					<Vertex X="64315" Y="29963" Z="0"/>
					<Vertex X="64124" Y="30153" Z="0"/>
					<Vertex X="63933" Y="30344" Z="0"/>
					<Vertex X="63742" Y="30535" Z="0"/>
					<Vertex X="63551" Y="30726" Z="0"/>
					<Vertex X="63361" Y="30917" Z="0"/>
					<Vertex X="63170" Y="31235" Z="0"/>
					<Vertex X="63042" Y="31299" Z="0"/>
					<Vertex X="62979" Y="31489" Z="0"/>
					<Vertex X="62788" Y="31807" Z="0"/>
					<Vertex X="62661" Y="31871" Z="0"/>
					<Vertex X="62597" Y="32062" Z="0"/>
					<Vertex X="62470" Y="32253" Z="0"/>
					<Vertex X="62406" Y="32380" Z="0"/>
					<Vertex X="62279" Y="32444" Z="0"/>
					<Vertex X="62279" Y="32634" Z="0"/>
					<Vertex X="62215" Y="32762" Z="0"/>
					<Vertex X="62215" Y="32825" Z="0"/>
					<Vertex X="62215" Y="33016" Z="0"/>
					<Vertex X="62215" Y="33207" Z="0"/>
					<Vertex X="62088" Y="33398" Z="0"/>
					<Vertex X="62088" Y="33589" Z="0"/>
					<Vertex X="62088" Y="33716" Z="0"/>
					<Vertex X="62088" Y="33780" Z="0"/>
					<Vertex X="62215" Y="33970" Z="0"/>
					<Vertex X="62279" Y="34098" Z="0"/>
					<Vertex X="62279" Y="34161" Z="0"/>
					<Vertex X="62470" Y="34288" Z="0"/>
					<Vertex X="62470" Y="34352" Z="0"/>
					<Vertex X="62661" Y="34479" Z="0"/>
					<Vertex X="62788" Y="34479" Z="0"/>
					<Vertex X="62979" Y="34543" Z="0"/>
					<Vertex X="63233" Y="34543" Z="0"/>
					<Vertex X="63424" Y="34670" Z="0"/>
					<Vertex X="63742" Y="34670" Z="0"/>
					<Vertex X="63878" Y="34754" Z="0"/>
					<Vertex X="65425" Y="35150" Z="0"/>
					<Vertex X="65841" Y="35170" Z="0"/>
					<Vertex X="66000" Y="35190" Z="0"/>
					<Vertex X="66119" Y="35190" Z="0"/>
					<Vertex X="66257" Y="35230" Z="0"/>
					<Vertex X="66416" Y="35249" Z="0"/>
					<Vertex X="66475" Y="35289" Z="0"/>
					<Vertex X="66634" Y="35388" Z="0"/>
					<Vertex X="66713" Y="35408" Z="0"/>
					<Vertex X="66793" Y="35428" Z="0"/>
					<Vertex X="66912" Y="35487" Z="0"/>
					<Vertex X="67031" Y="35527" Z="0"/>
					<Vertex X="67090" Y="35547" Z="0"/>
					<Vertex X="67169" Y="35606" Z="0"/>
					<Vertex X="67249" Y="35686" Z="0"/>
					<Vertex X="67328" Y="35705" Z="0"/>
					<Vertex X="67387" Y="35765" Z="0"/>
					<Vertex X="67447" Y="35824" Z="0"/>
					<Vertex X="67546" Y="35884" Z="0"/>
					<Vertex X="67606" Y="35943" Z="0"/>
					<Vertex X="67665" Y="36023" Z="0"/>
					<Vertex X="67724" Y="36122" Z="0"/>
					<Vertex X="67784" Y="36201" Z="0"/>
					<Vertex X="67843" Y="36280" Z="0"/>
					<Vertex X="67903" Y="36360" Z="0"/>
					<Vertex X="68002" Y="36439" Z="0"/>
					<Vertex X="68042" Y="36538" Z="0"/>
					<Vertex X="68141" Y="36637" Z="0"/>
					<Vertex X="68200" Y="36677" Z="0"/>
					<Vertex X="68260" Y="36736" Z="0"/>
					<Vertex X="68319" Y="36835" Z="0"/>
					<Vertex X="68379" Y="36895" Z="0"/>
					<Vertex X="68438" Y="36954" Z="0"/>
					<Vertex X="68498" Y="37014" Z="0"/>
					<Vertex X="68557" Y="37093" Z="0"/>
					<Vertex X="68617" Y="37172" Z="0"/>
					<Vertex X="68696" Y="37291" Z="0"/>
					<Vertex X="68795" Y="37391" Z="0"/>
					<Vertex X="68874" Y="37490" Z="0"/>
					<Vertex X="68934" Y="37589" Z="0"/>
					<Vertex X="68993" Y="37688" Z="0"/>
					<Vertex X="69073" Y="37807" Z="0"/>
					<Vertex X="69112" Y="37946" Z="0"/>
					<Vertex X="69172" Y="38065" Z="0"/>
					<Vertex X="69231" Y="38184" Z="0"/>
					<Vertex X="69311" Y="38283" Z="0"/>
					<Vertex X="69350" Y="38402" Z="0"/>
					<Vertex X="69410" Y="38521" Z="0"/>
					<Vertex X="69469" Y="38699" Z="0"/>
					<Vertex X="69509" Y="38858" Z="0"/>
					<Vertex X="69529" Y="38977" Z="0"/>
					<Vertex X="69529" Y="39135" Z="0"/>
					<Vertex X="69568" Y="39234" Z="0"/>
					<Vertex X="69568" Y="39393" Z="0"/>
					<Vertex X="69568" Y="39532" Z="0"/>
					<Vertex X="69568" Y="39631" Z="0"/>
					<Vertex X="69529" Y="39809" Z="0"/>
					<Vertex X="69509" Y="39968" Z="0"/>
					<Vertex X="69469" Y="40107" Z="0"/>
					<Vertex X="69449" Y="40226" Z="0"/>
					<Vertex X="69410" Y="40364" Z="0"/>
					<Vertex X="69390" Y="40463" Z="0"/>
					<Vertex X="69350" Y="40582" Z="0"/>
					<Vertex X="69311" Y="40662" Z="0"/>
					<Vertex X="69271" Y="40761" Z="0"/>
					<Vertex X="69211" Y="40860" Z="0"/>
					<Vertex X="69152" Y="40939" Z="0"/>
					<Vertex X="69092" Y="41058" Z="0"/>
					<Vertex X="69033" Y="41177" Z="0"/>
					<Vertex X="68934" Y="41316" Z="0"/>
					<Vertex X="68874" Y="41455" Z="0"/>
					<Vertex X="68815" Y="41494" Z="0"/>
					<Vertex X="68736" Y="41613" Z="0"/>
					<Vertex X="68676" Y="41712" Z="0"/>
					<Vertex X="68617" Y="41792" Z="0"/>
					<Vertex X="68537" Y="41891" Z="0"/>
					<Vertex X="68438" Y="41911" Z="0"/>
					<Vertex X="68379" Y="41950" Z="0"/>
					<Vertex X="68319" Y="41891" Z="0"/>
					<Vertex X="68240" Y="41792" Z="0"/>
					<Vertex X="68200" Y="41712" Z="0"/>
					<Vertex X="68161" Y="41594" Z="0"/>
					<Vertex X="68081" Y="41415" Z="0"/>
					<Vertex X="68042" Y="41257" Z="0"/>
					<Vertex X="68002" Y="41177" Z="0"/>
					<Vertex X="67903" Y="41058" Z="0"/>
					<Vertex X="67843" Y="40959" Z="0"/>
					<Vertex X="67784" Y="40880" Z="0"/>
					<Vertex X="67705" Y="40820" Z="0"/>
					<Vertex X="67625" Y="40761" Z="0"/>
					<Vertex X="67546" Y="40701" Z="0"/>
					<Vertex X="67447" Y="40642" Z="0"/>
					<Vertex X="67368" Y="40582" Z="0"/>
					<Vertex X="67249" Y="40563" Z="0"/>
					<Vertex X="67130" Y="40523" Z="0"/>
					<Vertex X="67011" Y="40483" Z="0"/>
					<Vertex X="66912" Y="40463" Z="0"/>
					<Vertex X="66793" Y="40424" Z="0"/>
					<Vertex X="66713" Y="40404" Z="0"/>
					<Vertex X="66594" Y="40364" Z="0"/>
					<Vertex X="66475" Y="40345" Z="0"/>
					<Vertex X="66337" Y="40285" Z="0"/>
					<Vertex X="66198" Y="40265" Z="0"/>
					<Vertex X="66099" Y="40186" Z="0"/>
					<Vertex X="65960" Y="40146" Z="0"/>
					<Vertex X="65801" Y="40067" Z="0"/>
					<Vertex X="65643" Y="40027" Z="0"/>
					<Vertex X="65484" Y="39988" Z="0"/>
					<Vertex X="65345" Y="39968" Z="0"/>
					<Vertex X="65167" Y="39928" Z="0"/>
					<Vertex X="65028" Y="39928" Z="0"/>
					<Vertex X="64870" Y="39928" Z="0"/>
					<Vertex X="64691" Y="39968" Z="0"/>
					<Vertex X="64533" Y="39988" Z="0"/>
					<Vertex X="64354" Y="40027" Z="0"/>
					<Vertex X="64235" Y="40047" Z="0"/>
					<Vertex X="64096" Y="40067" Z="0"/>
					<Vertex X="63958" Y="40146" Z="0"/>
					<Vertex X="63819" Y="40166" Z="0"/>
					<Vertex X="63680" Y="40226" Z="0"/>
					<Vertex X="63521" Y="40285" Z="0"/>
					<Vertex X="63343" Y="40345" Z="0"/>
					<Vertex X="63204" Y="40424" Z="0"/>
					<Vertex X="62986" Y="40523" Z="0"/>
					<Vertex X="62847" Y="40622" Z="0"/>
					<Vertex X="62728" Y="40701" Z="0"/>
					<Vertex X="62609" Y="40781" Z="0"/>
					<Vertex X="62451" Y="40880" Z="0"/>
					<Vertex X="62372" Y="40959" Z="0"/>
					<Vertex X="62272" Y="41078" Z="0"/>
					<Vertex X="62213" Y="41177" Z="0"/>
					<Vertex X="62153" Y="41257" Z="0"/>
					<Vertex X="62153" Y="41356" Z="0"/>
					<Vertex X="62134" Y="41455" Z="0"/>
					<Vertex X="62094" Y="41554" Z="0"/>
					<Vertex X="62035" Y="41712" Z="0"/>
					<Vertex X="62015" Y="41792" Z="0"/>
					<Vertex X="61975" Y="41891" Z="0"/>
					<Vertex X="61955" Y="41950" Z="0"/>
					<Vertex X="61955" Y="42050" Z="0"/>
					<Vertex X="61916" Y="42089" Z="0"/>
					<Vertex X="61916" Y="42208" Z="0"/>
					<Vertex X="61916" Y="42307" Z="0"/>
					<Vertex X="61916" Y="42426" Z="0"/>
					<Vertex X="61916" Y="42545" Z="0"/>
					<Vertex X="61955" Y="42664" Z="0"/>
					<Vertex X="61975" Y="42743" Z="0"/>
					<Vertex X="62015" Y="42803" Z="0"/>
					<Vertex X="62035" Y="42862" Z="0"/>
					<Vertex X="62074" Y="42942" Z="0"/>
					<Vertex X="62094" Y="42981" Z="0"/>
					<Vertex X="62134" Y="42981" Z="0"/>
					<Vertex X="62088" Y="42940" Z="0"/>
					<Vertex X="62215" Y="43131" Z="0"/>
					<Vertex X="62406" Y="43449" Z="0"/>
					<Vertex X="62470" Y="43640" Z="0"/>
					<Vertex X="62661" Y="43894" Z="0"/>
					<Vertex X="62852" Y="44085" Z="0"/>
					<Vertex X="62979" Y="44276" Z="0"/>
					<Vertex X="63170" Y="44467" Z="0"/>
					<Vertex X="63233" Y="44658" Z="0"/>
					<Vertex X="63361" Y="44849" Z="0"/>
					<Vertex X="63551" Y="45167" Z="0"/>
					<Vertex X="63551" Y="45358" Z="0"/>
					<Vertex X="63615" Y="45612" Z="0"/>
					<Vertex X="63615" Y="45803" Z="0"/>
					<Vertex X="63742" Y="46185" Z="0"/>
					<Vertex X="63742" Y="46503" Z="0"/>
					<Vertex X="63806" Y="46757" Z="0"/>
					<Vertex X="63806" Y="47075" Z="0"/>
					<Vertex X="63806" Y="47330" Z="0"/>
					<Vertex X="63806" Y="47648" Z="0"/>
					<Vertex X="63806" Y="47902" Z="0"/>
					<Vertex X="63933" Y="48220" Z="0"/>
					<Vertex X="63997" Y="48475" Z="0"/>
					<Vertex X="64124" Y="48729" Z="0"/>
					<Vertex X="64188" Y="48920" Z="0"/>
					<Vertex X="64315" Y="49111" Z="0"/>
					<Vertex X="64506" Y="49174" Z="0"/>
					<Vertex X="64696" Y="49238" Z="0"/>
					<Vertex X="64887" Y="49365" Z="0"/>
					<Vertex X="65078" Y="49493" Z="0"/>
					<Vertex X="65269" Y="49556" Z="0"/>
					<Vertex X="65460" Y="49747" Z="0"/>
					<Vertex X="65651" Y="49938" Z="0"/>
					<Vertex X="65714" Y="50192" Z="0"/>
					<Vertex X="65714" Y="50510" Z="0"/>
					<Vertex X="65714" Y="50638" Z="0"/>
					<Vertex X="65714" Y="50765" Z="0"/>
					<Vertex X="65651" Y="51019" Z="0"/>
					<Vertex X="65523" Y="51147" Z="0"/>
					<Vertex X="65460" Y="51274" Z="0"/>
					<Vertex X="65396" Y="51274" Z="0"/>
					<Vertex X="65142" Y="51337" Z="0"/>
					<Vertex X="65078" Y="51465" Z="0"/>
					<Vertex X="64887" Y="51592" Z="0"/>
					<Vertex X="64824" Y="51592" Z="0"/>
					<Vertex X="64506" Y="51655" Z="0"/>
					<Vertex X="64442" Y="51783" Z="0"/>
					<Vertex X="64124" Y="51846" Z="0"/>
					<Vertex X="63806" Y="51846" Z="0"/>
					<Vertex X="63551" Y="51974" Z="0"/>
					<Vertex X="63297" Y="51974" Z="0"/>
					<Vertex X="63106" Y="52037" Z="0"/>
					<Vertex X="62788" Y="52228" Z="0"/>
					<Vertex X="62470" Y="52292" Z="0"/>
					<Vertex X="62215" Y="52419" Z="0"/>
					<Vertex X="62025" Y="52610" Z="0"/>
					<Vertex X="61579" Y="52801" Z="0"/>
					<Vertex X="61388" Y="52991" Z="0"/>
					<Vertex X="61007" Y="53182" Z="0"/>
					<Vertex X="60689" Y="53373" Z="0"/>
					<Vertex X="60371" Y="53564" Z="0"/>
					<Vertex X="60053" Y="53755" Z="0"/>
					<Vertex X="59734" Y="53946" Z="0"/>
					<Vertex X="59353" Y="54136" Z="0"/>
					<Vertex X="58971" Y="54327" Z="0"/>
					<Vertex X="58589" Y="54582" Z="0"/>
					<Vertex X="58399" Y="54709" Z="0"/>
					<Vertex X="58144" Y="54900" Z="0"/>
					<Vertex X="57953" Y="55091" Z="0"/>
					<Vertex X="57762" Y="55282" Z="0"/>
					<Vertex X="57572" Y="55472" Z="0"/>
					<Vertex X="57572" Y="55663" Z="0"/>
					<Vertex X="57317" Y="55918" Z="0"/>
					<Vertex X="57317" Y="56236" Z="0"/>
					<Vertex X="57253" Y="56554" Z="0"/>
					<Vertex X="57253" Y="56808" Z="0"/>
					<Vertex X="57253" Y="57063" Z="0"/>
					<Vertex X="57253" Y="57317" Z="0"/>
					<Vertex X="57253" Y="57381" Z="0"/>
					<Vertex X="57126" Y="57635" Z="0"/>
					<Vertex X="57126" Y="57826" Z="0"/>
					<Vertex X="57126" Y="57953" Z="0"/>
					<Vertex X="57063" Y="58017" Z="0"/>
					<Vertex X="57063" Y="58144" Z="0"/>
					<Vertex X="57063" Y="58271" Z="0"/>
					<Vertex X="57063" Y="58335" Z="0"/>
					<Vertex X="57063" Y="58399" Z="0"/>
					<Vertex X="56935" Y="58399" Z="0"/>
					<Vertex X="56935" Y="58526" Z="0"/>
					<Vertex X="56872" Y="58526" Z="0"/>
					<Vertex X="56808" Y="58589" Z="0"/>
					<Vertex X="56617" Y="58589" Z="0"/>
					<Vertex X="56490" Y="58717" Z="0"/>
					<Vertex X="56236" Y="58908" Z="0"/>
					<Vertex X="55918" Y="58971" Z="0"/>
					<Vertex X="55599" Y="59162" Z="0"/>
					<Vertex X="55218" Y="59353" Z="0"/>
					<Vertex X="54900" Y="59544" Z="0"/>
					<Vertex X="54518" Y="59671" Z="0"/>
					<Vertex X="54009" Y="59862" Z="0"/>
					<Vertex X="53500" Y="60053" Z="0"/>
					<Vertex X="53055" Y="60180" Z="0"/>
					<Vertex X="52800" Y="60307" Z="0"/>
					<Vertex X="52482" Y="60434" Z="0"/>
					<Vertex X="52291" Y="60625" Z="0"/>
					<Vertex X="51973" Y="60816" Z="0"/>
					<Vertex X="51719" Y="61007" Z="0"/>
					<Vertex X="51464" Y="61261" Z="0"/>
					<Vertex X="51210" Y="61452" Z="0"/>
					<Vertex X="51146" Y="61579" Z="0"/>
					<Vertex X="51083" Y="61770" Z="0"/>
					<Vertex X="51083" Y="62088" Z="0"/>
					<Vertex X="51083" Y="62343" Z="0"/>
					<Vertex X="51146" Y="62534" Z="0"/>
					<Vertex X="51337" Y="62788" Z="0"/>
					<Vertex X="51655" Y="63106" Z="0"/>
					<Vertex X="51973" Y="63361" Z="0"/>
					<Vertex X="52419" Y="63551" Z="0"/>
					<Vertex X="52800" Y="63742" Z="0"/>
					<Vertex X="53055" Y="63997" Z="0"/>
					<Vertex X="53437" Y="64060" Z="0"/>
					<Vertex X="53818" Y="64251" Z="0"/>
					<Vertex X="54200" Y="64315" Z="0"/>
					<Vertex X="54582" Y="64315" Z="0"/>
					<Vertex X="54900" Y="64442" Z="0"/>
					<Vertex X="55154" Y="64442" Z="0"/>
					<Vertex X="55536" Y="64442" Z="0"/>
					<Vertex X="55854" Y="64442" Z="0"/>
					<Vertex X="56236" Y="64442" Z="0"/>
					<Vertex X="56490" Y="64315" Z="0"/>
					<Vertex X="56872" Y="64251" Z="0"/>
					<Vertex X="57126" Y="64124" Z="0"/>
					<Vertex X="57444" Y="64124" Z="0"/>
					<Vertex X="57826" Y="64060" Z="0"/>
					<Vertex X="58208" Y="63997" Z="0"/>
					<Vertex X="58526" Y="63870" Z="0"/>
					<Vertex X="58844" Y="63742" Z="0"/>
					<Vertex X="59035" Y="63679" Z="0"/>
					<Vertex X="59480" Y="63551" Z="0"/>
					<Vertex X="59734" Y="63551" Z="0"/>
					<Vertex X="60116" Y="63488" Z="0"/>
					<Vertex X="60371" Y="63488" Z="0"/>
					<Vertex X="60561" Y="63488" Z="0"/>
					<Vertex X="60880" Y="63488" Z="0"/>
					<Vertex X="61070" Y="63488" Z="0"/>
					<Vertex X="61388" Y="63551" Z="0"/>
					<Vertex X="61579" Y="63551" Z="0"/>
					<Vertex X="61834" Y="63679" Z="0"/>
					<Vertex X="62088" Y="63742" Z="0"/>
					<Vertex X="62406" Y="63742" Z="0"/>
					<Vertex X="62597" Y="63870" Z="0"/>
					<Vertex X="62915" Y="63997" Z="0"/>
					<Vertex X="63170" Y="63997" Z="0"/>
					<Vertex X="63424" Y="64124" Z="0"/>
					<Vertex X="63742" Y="64251" Z="0"/>
					<Vertex X="63997" Y="64442" Z="0"/>
					<Vertex X="64124" Y="64506" Z="0"/>
					<Vertex X="64188" Y="64697" Z="0"/>
					<Vertex X="64315" Y="64951" Z="0"/>
					<Vertex X="64315" Y="65205" Z="0"/>
					<Vertex X="64315" Y="65396" Z="0"/>
					<Vertex X="64188" Y="65460" Z="0"/>
					<Vertex X="64124" Y="65651" Z="0"/>
					<Vertex X="63997" Y="65842" Z="0"/>
					<Vertex X="63806" Y="66096" Z="0"/>
					<Vertex X="63679" Y="66223" Z="0"/>
					<Vertex X="63424" Y="66414" Z="0"/>
					<Vertex X="63297" Y="66605" Z="0"/>
					<Vertex X="62979" Y="66605" Z="0"/>
					<Vertex X="62788" Y="66605" Z="0"/>
					<Vertex X="62470" Y="66605" Z="0"/>
					<Vertex X="62215" Y="66541" Z="0"/>
					<Vertex X="61770" Y="66414" Z="0"/>
					<Vertex X="61261" Y="66351" Z="0"/>
					<Vertex X="60880" Y="66223" Z="0"/>
					<Vertex X="60561" Y="66160" Z="0"/>
					<Vertex X="60243" Y="66096" Z="0"/>
					<Vertex X="60111" Y="66098" Z="0"/>
					<Vertex X="60071" Y="66098" Z="0"/>
					<Vertex X="60032" Y="66059" Z="0"/>
					<Vertex X="60032" Y="66098" Z="0"/>
					<Vertex X="59952" Y="66059" Z="0"/>
					<Vertex X="59794" Y="66019" Z="0"/>
					<Vertex X="59675" Y="65999" Z="0"/>
					<Vertex X="59497" Y="65960" Z="0"/>
					<Vertex X="59358" Y="65940" Z="0"/>
					<Vertex X="59179" Y="65920" Z="0"/>
					<Vertex X="59001" Y="65920" Z="0"/>
					<Vertex X="58763" Y="65920" Z="0"/>
					<Vertex X="58604" Y="65940" Z="0"/>
					<Vertex X="58406" Y="65999" Z="0"/>
					<Vertex X="58188" Y="66098" Z="0"/>
					<Vertex X="57990" Y="66178" Z="0"/>
					<Vertex X="57692" Y="66376" Z="0"/>
					<Vertex X="57494" Y="66535" Z="0"/>
					<Vertex X="57276" Y="66713" Z="0"/>
					<Vertex X="57038" Y="66991" Z="0"/>
					<Vertex X="56840" Y="67149" Z="0"/>
					<Vertex X="56562" Y="67387" Z="0"/>
					<Vertex X="56384" Y="67605" Z="0"/>
					<Vertex X="56205" Y="67803" Z="0"/>
					<Vertex X="56087" Y="67982" Z="0"/>
					<Vertex X="55948" Y="68259" Z="0"/>
					<Vertex X="55849" Y="68478" Z="0"/>
					<Vertex X="55769" Y="68676" Z="0"/>
					<Vertex X="55730" Y="68854" Z="0"/>
					<Vertex X="55710" Y="69033" Z="0"/>
					<Vertex X="55710" Y="69231" Z="0"/>
					<Vertex X="55730" Y="69429" Z="0"/>
					<Vertex X="55730" Y="69568" Z="0"/>
					<Vertex X="55769" Y="69687" Z="0"/>
					<Vertex X="55730" Y="69826" Z="0"/>
					<Vertex X="55670" Y="69925" Z="0"/>
					<Vertex X="55571" Y="70004" Z="0"/>
					<Vertex X="55492" Y="70083" Z="0"/>
					<Vertex X="55333" Y="70143" Z="0"/>
					<Vertex X="55175" Y="70163" Z="0"/>
					<Vertex X="54976" Y="70183" Z="0"/>
					<Vertex X="54838" Y="70183" Z="0"/>
					<Vertex X="54699" Y="70222" Z="0"/>
					<Vertex X="54441" Y="70183" Z="0"/>
					<Vertex X="54223" Y="70183" Z="0"/>
					<Vertex X="53807" Y="70183" Z="0"/>
					<Vertex X="53489" Y="70183" Z="0"/>
					<Vertex X="53192" Y="70163" Z="0"/>
					<Vertex X="52815" Y="70143" Z="0"/>
					<Vertex X="52558" Y="70103" Z="0"/>
					<Vertex X="52280" Y="70083" Z="0"/>
					<Vertex X="52042" Y="70044" Z="0"/>
					<Vertex X="51804" Y="70004" Z="0"/>
					<Vertex X="51507" Y="70004" Z="0"/>
					<Vertex X="51269" Y="70004" Z="0"/>
					<Vertex X="51031" Y="70083" Z="0"/>
					<Vertex X="50734" Y="70143" Z="0"/>
					<Vertex X="50496" Y="70222" Z="0"/>
					<Vertex X="50297" Y="70282" Z="0"/>
					<Vertex X="50060" Y="70381" Z="0"/>
					<Vertex X="49822" Y="70480" Z="0"/>
					<Vertex X="49604" Y="70579" Z="0"/>
					<Vertex X="49286" Y="70757" Z="0"/>
					<Vertex X="49009" Y="70876" Z="0"/>
					<Vertex X="48771" Y="70995" Z="0"/>
					<Vertex X="48493" Y="71134" Z="0"/>
					<Vertex X="48355" Y="71194" Z="0"/>
					<Vertex X="48077" Y="71293" Z="0"/>
					<Vertex X="47859" Y="71352" Z="0"/>
					<Vertex X="47641" Y="71313" Z="0"/>
					<Vertex X="47423" Y="71273" Z="0"/>
					<Vertex X="47284" Y="71134" Z="0"/>
					<Vertex X="47165" Y="70995" Z="0"/>
					<Vertex X="46987" Y="70738" Z="0"/>
					<Vertex X="46927" Y="70460" Z="0"/>
					<Vertex X="46927" Y="70222" Z="0"/>
					<Vertex X="46987" Y="69865" Z="0"/>
					<Vertex X="47086" Y="69667" Z="0"/>
					<Vertex X="47224" Y="69508" Z="0"/>
					<Vertex X="47383" Y="69350" Z="0"/>
					<Vertex X="47542" Y="69231" Z="0"/>
					<Vertex X="47799" Y="69112" Z="0"/>
					<Vertex X="48156" Y="68973" Z="0"/>
					<Vertex X="48474" Y="68815" Z="0"/>
					<Vertex X="49346" Y="68497" Z="0"/>
					<Vertex X="50833" Y="68041" Z="0"/>
					<Vertex X="50956" Y="67814" Z="0"/>
					<Vertex X="51146" Y="67559" Z="0"/>
					<Vertex X="51464" Y="67305" Z="0"/>
					<Vertex X="51528" Y="67178" Z="0"/>
					<Vertex X="51655" Y="67114" Z="0"/>
					<Vertex X="51655" Y="66859" Z="0"/>
					<Vertex X="51655" Y="66541" Z="0"/>
					<Vertex X="51655" Y="66351" Z="0"/>
					<Vertex X="51655" Y="66160" Z="0"/>
					<Vertex X="51528" Y="65842" Z="0"/>
					<Vertex X="51337" Y="65460" Z="0"/>
					<Vertex X="51146" Y="65269" Z="0"/>
					<Vertex X="50956" Y="65015" Z="0"/>
					<Vertex X="50765" Y="64951" Z="0"/>
					<Vertex X="50574" Y="64824" Z="0"/>
					<Vertex X="50383" Y="64824" Z="0"/>
					<Vertex X="50129" Y="64697" Z="0"/>
					<Vertex X="49938" Y="64697" Z="0"/>
					<Vertex X="49620" Y="64824" Z="0"/>
					<Vertex X="49174" Y="64951" Z="0"/>
					<Vertex X="48793" Y="64951" Z="0"/>
					<Vertex X="48475" Y="65078" Z="0"/>
					<Vertex X="48220" Y="65205" Z="0"/>
					<Vertex X="48029" Y="65205" Z="0"/>
					<Vertex X="47711" Y="65269" Z="0"/>
					<Vertex X="47457" Y="65269" Z="0"/>
					<Vertex X="47139" Y="65269" Z="0"/>
					<Vertex X="46948" Y="65269" Z="0"/>
					<Vertex X="46821" Y="65205" Z="0"/>
					<Vertex X="46693" Y="65078" Z="0"/>
					<Vertex X="46439" Y="65015" Z="0"/>
					<Vertex X="46312" Y="64951" Z="0"/>
					<Vertex X="46184" Y="64697" Z="0"/>
					<Vertex X="46057" Y="64506" Z="0"/>
					<Vertex X="45994" Y="64442" Z="0"/>
					<Vertex X="45866" Y="64251" Z="0"/>
					<Vertex X="45803" Y="63997" Z="0"/>
					<Vertex X="45803" Y="63742" Z="0"/>
					<Vertex X="45676" Y="63551" Z="0"/>
					<Vertex X="45612" Y="63361" Z="0"/>
					<Vertex X="45485" Y="63233" Z="0"/>
					<Vertex X="45357" Y="63106" Z="0"/>
					<Vertex X="45103" Y="63043" Z="0"/>
					<Vertex X="44849" Y="63043" Z="0"/>
					<Vertex X="44594" Y="63043" Z="0"/>
					<Vertex X="44149" Y="63043" Z="0"/>
					<Vertex X="43767" Y="63106" Z="0"/>
					<Vertex X="43385" Y="63233" Z="0"/>
					<Vertex X="43131" Y="63233" Z="0"/>
					<Vertex X="42876" Y="63233" Z="0"/>
					<Vertex X="42431" Y="63233" Z="0"/>
					<Vertex X="42240" Y="63106" Z="0"/>
					<Vertex X="42049" Y="62915" Z="0"/>
					<Vertex X="41922" Y="62597" Z="0"/>
					<Vertex X="41668" Y="62343" Z="0"/>
					<Vertex X="41477" Y="61961" Z="0"/>
					<Vertex X="41413" Y="61643" Z="0"/>
					<Vertex X="41222" Y="61261" Z="0"/>
					<Vertex X="41159" Y="60880" Z="0"/>
					<Vertex X="41032" Y="60307" Z="0"/>
					<Vertex X="41032" Y="59862" Z="0"/>
					<Vertex X="40904" Y="59480" Z="0"/>
					<Vertex X="40841" Y="58971" Z="0"/>
					<Vertex X="40714" Y="58589" Z="0"/>
					<Vertex X="40650" Y="58335" Z="0"/>
					<Vertex X="40459" Y="57953" Z="0"/>
					<Vertex X="40268" Y="57635" Z="0"/>
					<Vertex X="40077" Y="57381" Z="0"/>
					<Vertex X="39887" Y="57063" Z="0"/>
					<Vertex X="39505" Y="56681" Z="0"/>
					<Vertex X="39314" Y="56427" Z="0"/>
					<Vertex X="39187" Y="56045" Z="0"/>
					<Vertex X="38996" Y="55663" Z="0"/>
					<Vertex X="38932" Y="55345" Z="0"/>
					<Vertex X="38805" Y="55091" Z="0"/>
					<Vertex X="38741" Y="54709" Z="0"/>
					<Vertex X="38551" Y="54518" Z="0"/>
					<Vertex X="38423" Y="54136" Z="0"/>
					<Vertex X="38360" Y="53818" Z="0"/>
					<Vertex X="38233" Y="53628" Z="0"/>
					<Vertex X="38169" Y="53373" Z="0"/>
					<Vertex X="38042" Y="52991" Z="0"/>
					<Vertex X="37851" Y="52801" Z="0"/>
					<Vertex X="37787" Y="52610" Z="0"/>
					<Vertex X="37596" Y="52292" Z="0"/>
					<Vertex X="37406" Y="52101" Z="0"/>
					<Vertex X="37215" Y="52037" Z="0"/>
					<Vertex X="36897" Y="51846" Z="0"/>
					<Vertex X="36706" Y="51719" Z="0"/>
					<Vertex X="36451" Y="51719" Z="0"/>
					<Vertex X="36324" Y="51655" Z="0"/>
					<Vertex X="36133" Y="51655" Z="0"/>
					<Vertex X="35942" Y="51528" Z="0"/>
					<Vertex X="35879" Y="51465" Z="0"/>
					<Vertex X="35688" Y="51274" Z="0"/>
					<Vertex X="35497" Y="51147" Z="0"/>
					<Vertex X="35370" Y="51083" Z="0"/>
					<Vertex X="35306" Y="50956" Z="0"/>
					<Vertex X="35306" Y="50765" Z="0"/>
					<Vertex X="35370" Y="50510" Z="0"/>
					<Vertex X="35497" Y="50192" Z="0"/>
					<Vertex X="35497" Y="49811" Z="0"/>
					<Vertex X="35370" Y="49556" Z="0"/>
					<Vertex X="35306" Y="49238" Z="0"/>
					<Vertex X="35115" Y="49174" Z="0"/>
					<Vertex X="34797" Y="48984" Z="0"/>
					<Vertex X="34606" Y="48856" Z="0"/>
					<Vertex X="34352" Y="48666" Z="0"/>
					<Vertex X="34034" Y="48602" Z="0"/>
					<Vertex X="33652" Y="48411" Z="0"/>
					<Vertex X="33271" Y="48220" Z="0"/>
					<Vertex X="32889" Y="48029" Z="0"/>
					<Vertex X="32444" Y="47839" Z="0"/>
					<Vertex X="32125" Y="47648" Z="0"/>
					<Vertex X="31744" Y="47457" Z="0"/>
					<Vertex X="31362" Y="47330" Z="0"/>
					<Vertex X="30980" Y="47139" Z="0"/>
					<Vertex X="30790" Y="47075" Z="0"/>
					<Vertex X="30535" Y="46884" Z="0"/>
					<Vertex X="30344" Y="46693" Z="0"/>
					<Vertex X="30153" Y="46503" Z="0"/>
					<Vertex X="30026" Y="46185" Z="0"/>
					<Vertex X="29963" Y="45930" Z="0"/>
					<Vertex X="29835" Y="45612" Z="0"/>
					<Vertex X="29835" Y="45167" Z="0"/>
					<Vertex X="29835" Y="44785" Z="0"/>
					<Vertex X="30026" Y="44276" Z="0"/>
					<Vertex X="30153" Y="43894" Z="0"/>
					<Vertex X="30153" Y="43513" Z="0"/>
					<Vertex X="29963" Y="43258" Z="0"/>
					<Vertex X="29772" Y="43067" Z="0"/>
					<Vertex X="29454" Y="42877" Z="0"/>
					<Vertex X="29263" Y="42686" Z="0"/>
					<Vertex X="29008" Y="42368" Z="0"/>
					<Vertex X="28817" Y="41986" Z="0"/>
					<Vertex X="28690" Y="41731" Z="0"/>
					<Vertex X="28627" Y="41223" Z="0"/>
					<Vertex X="28627" Y="40841" Z="0"/>
					<Vertex X="28499" Y="40523" Z="0"/>
					<Vertex X="28627" Y="40268" Z="0"/>
					<Vertex X="28627" Y="40077" Z="0"/>
					<Vertex X="28690" Y="39823" Z="0"/>
					<Vertex X="28690" Y="39632" Z="0"/>
					<Vertex X="28690" Y="39505" Z="0"/>
					<Vertex X="28627" Y="39314" Z="0"/>
					<Vertex X="28627" Y="39123" Z="0"/>
					<Vertex X="28499" Y="39060" Z="0"/>
					<Vertex X="28499" Y="38932" Z="0"/>
					<Vertex X="28499" Y="38869" Z="0"/>
					<Vertex X="28499" Y="38742" Z="0"/>
					<Vertex X="28499" Y="38678" Z="0"/>
					<Vertex X="28499" Y="38551" Z="0"/>
					<Vertex X="28499" Y="38551" Z="0"/>
					<Vertex X="28436" Y="38551" Z="0"/>
					<Vertex X="28436" Y="38360" Z="0"/>
				</Vertices>
			</Region>
			<Region Id="4" Type="0" Zoom="0.050000" Selected="0" ImageLocation="" ImageFocus="-1" Length="13358.9" Area="10358039.0" LengthMicrons="3369.1" AreaMicrons="658821.4" Text="" NegativeROA="0" InputRegionId="0" Analyze="1" DisplayId="4">
				<Attributes/>
				<Vertices>
					<Vertex X="48335" Y="59100" Z="0"/>
					<Vertex X="46927" Y="58446" Z="0"/>
					<Vertex X="46610" Y="58406" Z="0"/>
					<Vertex X="46372" Y="58327" Z="0"/>
					<Vertex X="46134" Y="58307" Z="0"/>
					<Vertex X="45916" Y="58268" Z="0"/>
					<Vertex X="45718" Y="58248" Z="0"/>
					<Vertex X="45599" Y="58248" Z="0"/>
					<Vertex X="45420" Y="58248" Z="0"/>
					<Vertex X="45242" Y="58248" Z="0"/>
					<Vertex X="45024" Y="58307" Z="0"/>
					<Vertex X="44826" Y="58367" Z="0"/>
					<Vertex X="44667" Y="58426" Z="0"/>
					<Vertex X="44489" Y="58506" Z="0"/>
					<Vertex X="44290" Y="58625" Z="0"/>
					<Vertex X="44171" Y="58684" Z="0"/>
					<Vertex X="43993" Y="58803" Z="0"/>
					<Vertex X="43834" Y="58962" Z="0"/>
					<Vertex X="43696" Y="59081" Z="0"/>
					<Vertex X="43596" Y="59160" Z="0"/>
					<Vertex X="43477" Y="59279" Z="0"/>
					<Vertex X="43358" Y="59398" Z="0"/>
					<Vertex X="43299" Y="59497" Z="0"/>
					<Vertex X="43180" Y="59636" Z="0"/>
					<Vertex X="43101" Y="59794" Z="0"/>
					<Vertex X="43041" Y="59874" Z="0"/>
					<Vertex X="42982" Y="60052" Z="0"/>
					<Vertex X="42942" Y="60211" Z="0"/>
					<Vertex X="42942" Y="60389" Z="0"/>
					<Vertex X="42942" Y="60528" Z="0"/>
					<Vertex X="43002" Y="60627" Z="0"/>
					<Vertex X="43101" Y="60746" Z="0"/>
					<Vertex X="43180" Y="60805" Z="0"/>
					<Vertex X="43339" Y="60845" Z="0"/>
					<Vertex X="43418" Y="60805" Z="0"/>
					<Vertex X="43596" Y="60786" Z="0"/>
					<Vertex X="43814" Y="60706" Z="0"/>
					<Vertex X="43933" Y="60686" Z="0"/>
					<Vertex X="44132" Y="60627" Z="0"/>
					<Vertex X="44330" Y="60587" Z="0"/>
					<Vertex X="44469" Y="60587" Z="0"/>
					<Vertex X="44548" Y="60627" Z="0"/>
					<Vertex X="44667" Y="60686" Z="0"/>
					<Vertex X="44766" Y="60786" Z="0"/>
					<Vertex X="44826" Y="60845" Z="0"/>
					<Vertex X="44885" Y="60885" Z="0"/>
					<Vertex X="44964" Y="60984" Z="0"/>
					<Vertex X="45024" Y="61004" Z="0"/>
					<Vertex X="45123" Y="61083" Z="0"/>
					<Vertex X="45242" Y="61103" Z="0"/>
					<Vertex X="45401" Y="61103" Z="0"/>
					<Vertex X="45500" Y="61103" Z="0"/>
					<Vertex X="45698" Y="61083" Z="0"/>
					<Vertex X="45837" Y="61043" Z="0"/>
					<Vertex X="46015" Y="61004" Z="0"/>
					<Vertex X="46194" Y="60944" Z="0"/>
					<Vertex X="46352" Y="60885" Z="0"/>
					<Vertex X="46431" Y="60865" Z="0"/>
					<Vertex X="46590" Y="60805" Z="0"/>
					<Vertex X="46729" Y="60746" Z="0"/>
					<Vertex X="46907" Y="60647" Z="0"/>
					<Vertex X="47026" Y="60528" Z="0"/>
					<Vertex X="47125" Y="60488" Z="0"/>
					<Vertex X="47205" Y="60389" Z="0"/>
					<Vertex X="47304" Y="60290" Z="0"/>
					<Vertex X="47363" Y="60230" Z="0"/>
					<Vertex X="47443" Y="60151" Z="0"/>
					<Vertex X="47502" Y="60092" Z="0"/>
					<Vertex X="47561" Y="59993" Z="0"/>
					<Vertex X="47601" Y="59973" Z="0"/>
					<Vertex X="47621" Y="59913" Z="0"/>
					<Vertex X="47661" Y="59893" Z="0"/>
					<Vertex X="47680" Y="59854" Z="0"/>
					<Vertex X="47720" Y="59794" Z="0"/>
					<Vertex X="47740" Y="59755" Z="0"/>
					<Vertex X="47780" Y="59695" Z="0"/>
					<Vertex X="47799" Y="59675" Z="0"/>
					<Vertex X="47839" Y="59636" Z="0"/>
					<Vertex X="47859" Y="59616" Z="0"/>
					<Vertex X="47899" Y="59576" Z="0"/>
					<Vertex X="47918" Y="59576" Z="0"/>
					<Vertex X="47938" Y="59517" Z="0"/>
					<Vertex X="47978" Y="59497" Z="0"/>
					<Vertex X="47998" Y="59497" Z="0"/>
					<Vertex X="48037" Y="59457" Z="0"/>
					<Vertex X="48057" Y="59398" Z="0"/>
					<Vertex X="48097" Y="59398" Z="0"/>
					<Vertex X="48136" Y="59338" Z="0"/>
					<Vertex X="48156" Y="59318" Z="0"/>
					<Vertex X="48196" Y="59299" Z="0"/>
					<Vertex X="48216" Y="59259" Z="0"/>
					<Vertex X="48255" Y="59199" Z="0"/>
					<Vertex X="48275" Y="59199" Z="0"/>
					<Vertex X="48275" Y="59160" Z="0"/>
					<Vertex X="48275" Y="59140" Z="0"/>
					<Vertex X="48335" Y="59100" Z="0"/>
				</Vertices>
			</Region>
		</Regions>
		<Plots/>
	</Annotation>
</Annotations>
