<Annotations MicronsPerPixel="0.252200">
	<Annotation Id="1" Name="" ReadOnly="0" NameReadOnly="0" LineColorReadOnly="0" Incremental="0" Type="4" LineColor="65535" Visible="1" Selected="1" MarkupImagePath="" MacroName="">
		<Attributes/>
		<Regions>
			<RegionAttributeHeaders>
				<AttributeHeader Id="9999" Name="Region" ColumnWidth="-1"/>
				<AttributeHeader Id="9997" Name="Length" ColumnWidth="-1"/>
				<AttributeHeader Id="9996" Name="Area" ColumnWidth="-1"/>
				<AttributeHeader Id="9998" Name="Text" ColumnWidth="-1"/>
			</RegionAttributeHeaders>
			<Region Id="1" Type="0" Zoom="0.015386" Selected="1" ImageLocation="" ImageFocus="-1" Length="327753.1" Area="4656705915.5" LengthMicrons="82659.3" AreaMicrons="296189034.7" Text="" NegativeROA="0" InputRegionId="0" Analyze="1" DisplayId="1">
				<Attributes/>
				<Vertices>
					<Vertex X="76089" Y="21519" Z="0"/>
					<Vertex X="75896" Y="21326" Z="0"/>
					<Vertex X="70677" Y="20681" Z="0"/>
					<Vertex X="69904" Y="20552" Z="0"/>
					<Vertex X="69518" Y="20488" Z="0"/>
					<Vertex X="69195" Y="20359" Z="0"/>
					<Vertex X="68744" Y="20295" Z="0"/>
					<Vertex X="68358" Y="20166" Z="0"/>
					<Vertex X="67907" Y="20101" Z="0"/>
					<Vertex X="67714" Y="20101" Z="0"/>
					<Vertex X="67198" Y="19973" Z="0"/>
					<Vertex X="66812" Y="19908" Z="0"/>
					<Vertex X="66425" Y="19779" Z="0"/>
					<Vertex X="66039" Y="19779" Z="0"/>
					<Vertex X="65781" Y="19779" Z="0"/>
					<Vertex X="65394" Y="19715" Z="0"/>
					<Vertex X="65072" Y="19715" Z="0"/>
					<Vertex X="64686" Y="19715" Z="0"/>
					<Vertex X="64428" Y="19715" Z="0"/>
					<Vertex X="64235" Y="19715" Z="0"/>
					<Vertex X="63977" Y="19715" Z="0"/>
					<Vertex X="63719" Y="19715" Z="0"/>
					<Vertex X="63461" Y="19715" Z="0"/>
					<Vertex X="63139" Y="19715" Z="0"/>
					<Vertex X="62882" Y="19779" Z="0"/>
					<Vertex X="62559" Y="19779" Z="0"/>
					<Vertex X="62237" Y="19908" Z="0"/>
					<Vertex X="61980" Y="19973" Z="0"/>
					<Vertex X="61593" Y="20101" Z="0"/>
					<Vertex X="61335" Y="20166" Z="0"/>
					<Vertex X="61013" Y="20166" Z="0"/>
					<Vertex X="60755" Y="20295" Z="0"/>
					<Vertex X="60498" Y="20359" Z="0"/>
					<Vertex X="60176" Y="20552" Z="0"/>
					<Vertex X="59982" Y="20552" Z="0"/>
					<Vertex X="59789" Y="20681" Z="0"/>
					<Vertex X="59596" Y="20746" Z="0"/>
					<Vertex X="59467" Y="20746" Z="0"/>
					<Vertex X="59274" Y="20875" Z="0"/>
					<Vertex X="59080" Y="20939" Z="0"/>
					<Vertex X="58887" Y="21068" Z="0"/>
					<Vertex X="58694" Y="21132" Z="0"/>
					<Vertex X="58629" Y="21261" Z="0"/>
					<Vertex X="58436" Y="21454" Z="0"/>
					<Vertex X="58307" Y="21519" Z="0"/>
					<Vertex X="58114" Y="21712" Z="0"/>
					<Vertex X="57921" Y="21905" Z="0"/>
					<Vertex X="57856" Y="22034" Z="0"/>
					<Vertex X="57727" Y="22228" Z="0"/>
					<Vertex X="57534" Y="22421" Z="0"/>
					<Vertex X="57470" Y="22614" Z="0"/>
					<Vertex X="57341" Y="22807" Z="0"/>
					<Vertex X="57276" Y="23001" Z="0"/>
					<Vertex X="57083" Y="23194" Z="0"/>
					<Vertex X="56954" Y="23387" Z="0"/>
					<Vertex X="56890" Y="23581" Z="0"/>
					<Vertex X="56890" Y="23838" Z="0"/>
					<Vertex X="56761" Y="24032" Z="0"/>
					<Vertex X="56697" Y="24225" Z="0"/>
					<Vertex X="56568" Y="24547" Z="0"/>
					<Vertex X="56503" Y="24740" Z="0"/>
					<Vertex X="56374" Y="24998" Z="0"/>
					<Vertex X="56374" Y="25191" Z="0"/>
					<Vertex X="56310" Y="25385" Z="0"/>
					<Vertex X="56310" Y="25578" Z="0"/>
					<Vertex X="56181" Y="25900" Z="0"/>
					<Vertex X="56181" Y="26158" Z="0"/>
					<Vertex X="56181" Y="26351" Z="0"/>
					<Vertex X="56181" Y="26544" Z="0"/>
					<Vertex X="56181" Y="26866" Z="0"/>
					<Vertex X="56181" Y="27060" Z="0"/>
					<Vertex X="56181" Y="27253" Z="0"/>
					<Vertex X="56181" Y="27446" Z="0"/>
					<Vertex X="56181" Y="27639" Z="0"/>
					<Vertex X="56181" Y="27833" Z="0"/>
					<Vertex X="56181" Y="28026" Z="0"/>
					<Vertex X="56181" Y="28090" Z="0"/>
					<Vertex X="56117" Y="28284" Z="0"/>
					<Vertex X="56117" Y="28541" Z="0"/>
					<Vertex X="55988" Y="28606" Z="0"/>
					<Vertex X="55923" Y="28799" Z="0"/>
					<Vertex X="55795" Y="28992" Z="0"/>
					<Vertex X="55730" Y="29121" Z="0"/>
					<Vertex X="55601" Y="29186" Z="0"/>
					<Vertex X="55408" Y="29250" Z="0"/>
					<Vertex X="55344" Y="29250" Z="0"/>
					<Vertex X="55215" Y="29250" Z="0"/>
					<Vertex X="55150" Y="29250" Z="0"/>
					<Vertex X="54957" Y="29186" Z="0"/>
					<Vertex X="54828" Y="29121" Z="0"/>
					<Vertex X="54764" Y="28992" Z="0"/>
					<Vertex X="54570" Y="28864" Z="0"/>
					<Vertex X="54570" Y="28799" Z="0"/>
					<Vertex X="54377" Y="28541" Z="0"/>
					<Vertex X="54377" Y="28284" Z="0"/>
					<Vertex X="54248" Y="28090" Z="0"/>
					<Vertex X="54184" Y="27897" Z="0"/>
					<Vertex X="54184" Y="27833" Z="0"/>
					<Vertex X="54184" Y="27639" Z="0"/>
					<Vertex X="54184" Y="27446" Z="0"/>
					<Vertex X="54184" Y="27253" Z="0"/>
					<Vertex X="54184" Y="27060" Z="0"/>
					<Vertex X="54184" Y="26866" Z="0"/>
					<Vertex X="54184" Y="26673" Z="0"/>
					<Vertex X="54184" Y="26544" Z="0"/>
					<Vertex X="54184" Y="26286" Z="0"/>
					<Vertex X="54184" Y="26093" Z="0"/>
					<Vertex X="54184" Y="25900" Z="0"/>
					<Vertex X="54184" Y="25707" Z="0"/>
					<Vertex X="54184" Y="25513" Z="0"/>
					<Vertex X="54184" Y="25320" Z="0"/>
					<Vertex X="54184" Y="24998" Z="0"/>
					<Vertex X="54184" Y="24805" Z="0"/>
					<Vertex X="54248" Y="24611" Z="0"/>
					<Vertex X="54248" Y="24354" Z="0"/>
					<Vertex X="54184" Y="24160" Z="0"/>
					<Vertex X="54055" Y="23967" Z="0"/>
					<Vertex X="53991" Y="23774" Z="0"/>
					<Vertex X="53991" Y="23645" Z="0"/>
					<Vertex X="53862" Y="23581" Z="0"/>
					<Vertex X="53797" Y="23258" Z="0"/>
					<Vertex X="53668" Y="23194" Z="0"/>
					<Vertex X="53604" Y="23065" Z="0"/>
					<Vertex X="53475" Y="22872" Z="0"/>
					<Vertex X="53411" Y="22807" Z="0"/>
					<Vertex X="53282" Y="22679" Z="0"/>
					<Vertex X="53089" Y="22485" Z="0"/>
					<Vertex X="52895" Y="22421" Z="0"/>
					<Vertex X="52831" Y="22292" Z="0"/>
					<Vertex X="52638" Y="22228" Z="0"/>
					<Vertex X="52509" Y="22099" Z="0"/>
					<Vertex X="52251" Y="21905" Z="0"/>
					<Vertex X="52058" Y="21841" Z="0"/>
					<Vertex X="51864" Y="21712" Z="0"/>
					<Vertex X="51671" Y="21648" Z="0"/>
					<Vertex X="51542" Y="21519" Z="0"/>
					<Vertex X="51349" Y="21454" Z="0"/>
					<Vertex X="51091" Y="21261" Z="0"/>
					<Vertex X="50898" Y="21132" Z="0"/>
					<Vertex X="50705" Y="21068" Z="0"/>
					<Vertex X="50383" Y="20939" Z="0"/>
					<Vertex X="50189" Y="20875" Z="0"/>
					<Vertex X="49996" Y="20681" Z="0"/>
					<Vertex X="49738" Y="20552" Z="0"/>
					<Vertex X="49416" Y="20488" Z="0"/>
					<Vertex X="49352" Y="20488" Z="0"/>
					<Vertex X="48965" Y="20295" Z="0"/>
					<Vertex X="48643" Y="20295" Z="0"/>
					<Vertex X="48385" Y="20166" Z="0"/>
					<Vertex X="48063" Y="20166" Z="0"/>
					<Vertex X="47805" Y="20166" Z="0"/>
					<Vertex X="47483" Y="20101" Z="0"/>
					<Vertex X="47226" Y="20101" Z="0"/>
					<Vertex X="46903" Y="20101" Z="0"/>
					<Vertex X="46646" Y="20101" Z="0"/>
					<Vertex X="46324" Y="19973" Z="0"/>
					<Vertex X="46066" Y="19973" Z="0"/>
					<Vertex X="45744" Y="19973" Z="0"/>
					<Vertex X="45357" Y="19973" Z="0"/>
					<Vertex X="45100" Y="19973" Z="0"/>
					<Vertex X="44906" Y="20101" Z="0"/>
					<Vertex X="44584" Y="20101" Z="0"/>
					<Vertex X="44326" Y="20101" Z="0"/>
					<Vertex X="44133" Y="20166" Z="0"/>
					<Vertex X="43811" Y="20166" Z="0"/>
					<Vertex X="43618" Y="20295" Z="0"/>
					<Vertex X="43360" Y="20359" Z="0"/>
					<Vertex X="43038" Y="20488" Z="0"/>
					<Vertex X="42845" Y="20488" Z="0"/>
					<Vertex X="42587" Y="20552" Z="0"/>
					<Vertex X="42265" Y="20681" Z="0"/>
					<Vertex X="42007" Y="20746" Z="0"/>
					<Vertex X="41685" Y="20875" Z="0"/>
					<Vertex X="41298" Y="20939" Z="0"/>
					<Vertex X="41041" Y="21132" Z="0"/>
					<Vertex X="40718" Y="21261" Z="0"/>
					<Vertex X="40267" Y="21454" Z="0"/>
					<Vertex X="39945" Y="21519" Z="0"/>
					<Vertex X="39688" Y="21648" Z="0"/>
					<Vertex X="39365" Y="21841" Z="0"/>
					<Vertex X="39108" Y="21905" Z="0"/>
					<Vertex X="38786" Y="22034" Z="0"/>
					<Vertex X="38528" Y="22228" Z="0"/>
					<Vertex X="38335" Y="22421" Z="0"/>
					<Vertex X="38012" Y="22485" Z="0"/>
					<Vertex X="37819" Y="22614" Z="0"/>
					<Vertex X="37561" Y="22807" Z="0"/>
					<Vertex X="37368" Y="22872" Z="0"/>
					<Vertex X="37239" Y="23065" Z="0"/>
					<Vertex X="37175" Y="23194" Z="0"/>
					<Vertex X="37046" Y="23258" Z="0"/>
					<Vertex X="36982" Y="23387" Z="0"/>
					<Vertex X="36853" Y="23581" Z="0"/>
					<Vertex X="36788" Y="23645" Z="0"/>
					<Vertex X="36659" Y="23838" Z="0"/>
					<Vertex X="36659" Y="23967" Z="0"/>
					<Vertex X="36595" Y="24225" Z="0"/>
					<Vertex X="36466" Y="24418" Z="0"/>
					<Vertex X="36466" Y="24740" Z="0"/>
					<Vertex X="36402" Y="24805" Z="0"/>
					<Vertex X="34340" Y="28864" Z="0"/>
					<Vertex X="34082" Y="29572" Z="0"/>
					<Vertex X="33889" Y="29830" Z="0"/>
					<Vertex X="33696" Y="30152" Z="0"/>
					<Vertex X="33503" Y="30603" Z="0"/>
					<Vertex X="33309" Y="30925" Z="0"/>
					<Vertex X="33116" Y="31183" Z="0"/>
					<Vertex X="32987" Y="31376" Z="0"/>
					<Vertex X="32923" Y="31698" Z="0"/>
					<Vertex X="32729" Y="31892" Z="0"/>
					<Vertex X="32601" Y="32085" Z="0"/>
					<Vertex X="32536" Y="32343" Z="0"/>
					<Vertex X="32343" Y="32729" Z="0"/>
					<Vertex X="32150" Y="32923" Z="0"/>
					<Vertex X="32021" Y="33245" Z="0"/>
					<Vertex X="31827" Y="33502" Z="0"/>
					<Vertex X="31763" Y="33696" Z="0"/>
					<Vertex X="31634" Y="34082" Z="0"/>
					<Vertex X="31570" Y="34276" Z="0"/>
					<Vertex X="31376" Y="34791" Z="0"/>
					<Vertex X="31376" Y="35049" Z="0"/>
					<Vertex X="31248" Y="35435" Z="0"/>
					<Vertex X="31183" Y="36015" Z="0"/>
					<Vertex X="31183" Y="36337" Z="0"/>
					<Vertex X="31183" Y="36724" Z="0"/>
					<Vertex X="31183" Y="36981" Z="0"/>
					<Vertex X="31183" Y="37304" Z="0"/>
					<Vertex X="31183" Y="37561" Z="0"/>
					<Vertex X="31183" Y="37755" Z="0"/>
					<Vertex X="31183" Y="38077" Z="0"/>
					<Vertex X="31183" Y="38334" Z="0"/>
					<Vertex X="31183" Y="38528" Z="0"/>
					<Vertex X="31183" Y="38850" Z="0"/>
					<Vertex X="31183" Y="39108" Z="0"/>
					<Vertex X="31248" Y="39430" Z="0"/>
					<Vertex X="31376" Y="39623" Z="0"/>
					<Vertex X="31376" Y="39816" Z="0"/>
					<Vertex X="31376" Y="39881" Z="0"/>
					<Vertex X="31376" Y="40010" Z="0"/>
					<Vertex X="31376" Y="40074" Z="0"/>
					<Vertex X="31376" Y="40203" Z="0"/>
					<Vertex X="31376" Y="40267" Z="0"/>
					<Vertex X="31248" Y="40396" Z="0"/>
					<Vertex X="31248" Y="40589" Z="0"/>
					<Vertex X="31183" Y="40654" Z="0"/>
					<Vertex X="31183" Y="40783" Z="0"/>
					<Vertex X="31183" Y="40976" Z="0"/>
					<Vertex X="31054" Y="41040" Z="0"/>
					<Vertex X="31054" Y="41234" Z="0"/>
					<Vertex X="31054" Y="41427" Z="0"/>
					<Vertex X="31054" Y="41620" Z="0"/>
					<Vertex X="31054" Y="41749" Z="0"/>
					<Vertex X="31054" Y="42007" Z="0"/>
					<Vertex X="31054" Y="42200" Z="0"/>
					<Vertex X="31054" Y="42329" Z="0"/>
					<Vertex X="31054" Y="42522" Z="0"/>
					<Vertex X="31054" Y="42716" Z="0"/>
					<Vertex X="31054" Y="42780" Z="0"/>
					<Vertex X="31054" Y="42973" Z="0"/>
					<Vertex X="31054" Y="43167" Z="0"/>
					<Vertex X="31054" Y="43295" Z="0"/>
					<Vertex X="31183" Y="43489" Z="0"/>
					<Vertex X="31183" Y="43682" Z="0"/>
					<Vertex X="31183" Y="43746" Z="0"/>
					<Vertex X="31183" Y="43875" Z="0"/>
					<Vertex X="31248" Y="43940" Z="0"/>
					<Vertex X="31248" Y="44069" Z="0"/>
					<Vertex X="31376" Y="44133" Z="0"/>
					<Vertex X="31376" Y="44262" Z="0"/>
					<Vertex X="31376" Y="44326" Z="0"/>
					<Vertex X="31441" Y="44326" Z="0"/>
					<Vertex X="31441" Y="44455" Z="0"/>
					<Vertex X="31441" Y="44520" Z="0"/>
					<Vertex X="31441" Y="44648" Z="0"/>
					<Vertex X="31570" Y="44713" Z="0"/>
					<Vertex X="31570" Y="44842" Z="0"/>
					<Vertex X="31570" Y="44906" Z="0"/>
					<Vertex X="31634" Y="45099" Z="0"/>
					<Vertex X="31634" Y="45228" Z="0"/>
					<Vertex X="31634" Y="45422" Z="0"/>
					<Vertex X="31763" Y="45679" Z="0"/>
					<Vertex X="31763" Y="45808" Z="0"/>
					<Vertex X="31827" Y="46066" Z="0"/>
					<Vertex X="31827" Y="46195" Z="0"/>
					<Vertex X="31956" Y="46388" Z="0"/>
					<Vertex X="31956" Y="46581" Z="0"/>
					<Vertex X="32021" Y="46774" Z="0"/>
					<Vertex X="32021" Y="46968" Z="0"/>
					<Vertex X="32150" Y="47161" Z="0"/>
					<Vertex X="32214" Y="47419" Z="0"/>
					<Vertex X="32214" Y="47612" Z="0"/>
					<Vertex X="32214" Y="47805" Z="0"/>
					<Vertex X="32214" Y="47999" Z="0"/>
					<Vertex X="32343" Y="48192" Z="0"/>
					<Vertex X="32343" Y="48514" Z="0"/>
					<Vertex X="32343" Y="48707" Z="0"/>
					<Vertex X="32214" Y="48965" Z="0"/>
					<Vertex X="32214" Y="49094" Z="0"/>
					<Vertex X="32214" Y="49352" Z="0"/>
					<Vertex X="32214" Y="49545" Z="0"/>
					<Vertex X="32150" Y="49867" Z="0"/>
					<Vertex X="32021" Y="50060" Z="0"/>
					<Vertex X="32021" Y="50189" Z="0"/>
					<Vertex X="31956" Y="50318" Z="0"/>
					<Vertex X="31827" Y="50511" Z="0"/>
					<Vertex X="31827" Y="50705" Z="0"/>
					<Vertex X="31634" Y="51027" Z="0"/>
					<Vertex X="31570" Y="51220" Z="0"/>
					<Vertex X="31441" Y="51478" Z="0"/>
					<Vertex X="31248" Y="51671" Z="0"/>
					<Vertex X="31183" Y="51864" Z="0"/>
					<Vertex X="30990" Y="52186" Z="0"/>
					<Vertex X="30861" Y="52380" Z="0"/>
					<Vertex X="30603" Y="52637" Z="0"/>
					<Vertex X="30410" Y="52766" Z="0"/>
					<Vertex X="30281" Y="52960" Z="0"/>
					<Vertex X="30088" Y="53088" Z="0"/>
					<Vertex X="29830" Y="53217" Z="0"/>
					<Vertex X="29508" Y="53411" Z="0"/>
					<Vertex X="29315" Y="53539" Z="0"/>
					<Vertex X="29121" Y="53604" Z="0"/>
					<Vertex X="28928" Y="53733" Z="0"/>
					<Vertex X="28670" Y="53733" Z="0"/>
					<Vertex X="28477" Y="53797" Z="0"/>
					<Vertex X="28284" Y="53733" Z="0"/>
					<Vertex X="28091" Y="53539" Z="0"/>
					<Vertex X="27962" Y="53346" Z="0"/>
					<Vertex X="27768" Y="53153" Z="0"/>
					<Vertex X="27704" Y="52766" Z="0"/>
					<Vertex X="27575" Y="52444" Z="0"/>
					<Vertex X="27511" Y="52251" Z="0"/>
					<Vertex X="27317" Y="51993" Z="0"/>
					<Vertex X="27189" Y="51800" Z="0"/>
					<Vertex X="27124" Y="51607" Z="0"/>
					<Vertex X="26931" Y="51413" Z="0"/>
					<Vertex X="26802" Y="51284" Z="0"/>
					<Vertex X="26544" Y="51091" Z="0"/>
					<Vertex X="26415" Y="50898" Z="0"/>
					<Vertex X="26222" Y="50705" Z="0"/>
					<Vertex X="26029" Y="50511" Z="0"/>
					<Vertex X="25965" Y="50318" Z="0"/>
					<Vertex X="25771" Y="50189" Z="0"/>
					<Vertex X="25449" Y="49931" Z="0"/>
					<Vertex X="25385" Y="49867" Z="0"/>
					<Vertex X="25191" Y="49738" Z="0"/>
					<Vertex X="25063" Y="49674" Z="0"/>
					<Vertex X="24869" Y="49480" Z="0"/>
					<Vertex X="24805" Y="49352" Z="0"/>
					<Vertex X="24612" Y="49352" Z="0"/>
					<Vertex X="24418" Y="49287" Z="0"/>
					<Vertex X="24289" Y="49158" Z="0"/>
					<Vertex X="24096" Y="49094" Z="0"/>
					<Vertex X="23903" Y="48965" Z="0"/>
					<Vertex X="23710" Y="48901" Z="0"/>
					<Vertex X="23516" Y="48901" Z="0"/>
					<Vertex X="23323" Y="48901" Z="0"/>
					<Vertex X="23130" Y="48772" Z="0"/>
					<Vertex X="22936" Y="48772" Z="0"/>
					<Vertex X="22872" Y="48772" Z="0"/>
					<Vertex X="22679" Y="48772" Z="0"/>
					<Vertex X="22550" Y="48772" Z="0"/>
					<Vertex X="22485" Y="48772" Z="0"/>
					<Vertex X="22357" Y="48772" Z="0"/>
					<Vertex X="22099" Y="48901" Z="0"/>
					<Vertex X="21970" Y="48901" Z="0"/>
					<Vertex X="21777" Y="48965" Z="0"/>
					<Vertex X="21712" Y="48965" Z="0"/>
					<Vertex X="21519" Y="49094" Z="0"/>
					<Vertex X="21390" Y="49094" Z="0"/>
					<Vertex X="21197" Y="49158" Z="0"/>
					<Vertex X="21004" Y="49158" Z="0"/>
					<Vertex X="20939" Y="49287" Z="0"/>
					<Vertex X="20810" Y="49352" Z="0"/>
					<Vertex X="20746" Y="49352" Z="0"/>
					<Vertex X="20617" Y="49480" Z="0"/>
					<Vertex X="20553" Y="49480" Z="0"/>
					<Vertex X="20424" Y="49545" Z="0"/>
					<Vertex X="20359" Y="49545" Z="0"/>
					<Vertex X="20359" Y="49674" Z="0"/>
					<Vertex X="20230" Y="49674" Z="0"/>
					<Vertex X="20230" Y="49738" Z="0"/>
					<Vertex X="20166" Y="49867" Z="0"/>
					<Vertex X="20037" Y="49931" Z="0"/>
					<Vertex X="19973" Y="50060" Z="0"/>
					<Vertex X="19973" Y="50189" Z="0"/>
					<Vertex X="19844" Y="50254" Z="0"/>
					<Vertex X="19651" Y="50318" Z="0"/>
					<Vertex X="19651" Y="50447" Z="0"/>
					<Vertex X="19586" Y="50511" Z="0"/>
					<Vertex X="19457" Y="50640" Z="0"/>
					<Vertex X="19393" Y="50705" Z="0"/>
					<Vertex X="19200" Y="50833" Z="0"/>
					<Vertex X="19006" Y="51027" Z="0"/>
					<Vertex X="18877" Y="51091" Z="0"/>
					<Vertex X="18813" Y="51284" Z="0"/>
					<Vertex X="18620" Y="51413" Z="0"/>
					<Vertex X="18491" Y="51607" Z="0"/>
					<Vertex X="18426" Y="51671" Z="0"/>
					<Vertex X="18298" Y="51864" Z="0"/>
					<Vertex X="18233" Y="52058" Z="0"/>
					<Vertex X="18104" Y="52251" Z="0"/>
					<Vertex X="17911" Y="52380" Z="0"/>
					<Vertex X="17911" Y="52573" Z="0"/>
					<Vertex X="17718" Y="52831" Z="0"/>
					<Vertex X="17653" Y="53088" Z="0"/>
					<Vertex X="17524" Y="53217" Z="0"/>
					<Vertex X="17460" Y="53539" Z="0"/>
					<Vertex X="17331" Y="53733" Z="0"/>
					<Vertex X="17267" Y="54119" Z="0"/>
					<Vertex X="17138" Y="54313" Z="0"/>
					<Vertex X="17073" Y="54570" Z="0"/>
					<Vertex X="16945" Y="54892" Z="0"/>
					<Vertex X="16945" Y="55086" Z="0"/>
					<Vertex X="16880" Y="55343" Z="0"/>
					<Vertex X="16751" Y="55730" Z="0"/>
					<Vertex X="16751" Y="56052" Z="0"/>
					<Vertex X="16751" Y="56310" Z="0"/>
					<Vertex X="16687" Y="56696" Z="0"/>
					<Vertex X="16687" Y="57018" Z="0"/>
					<Vertex X="16687" Y="57469" Z="0"/>
					<Vertex X="16687" Y="57985" Z="0"/>
					<Vertex X="16687" Y="58371" Z="0"/>
					<Vertex X="16687" Y="58758" Z="0"/>
					<Vertex X="16687" Y="59209" Z="0"/>
					<Vertex X="16687" Y="59596" Z="0"/>
					<Vertex X="16687" Y="59918" Z="0"/>
					<Vertex X="16687" Y="60304" Z="0"/>
					<Vertex X="16687" Y="60562" Z="0"/>
					<Vertex X="16687" Y="60949" Z="0"/>
					<Vertex X="16687" Y="61271" Z="0"/>
					<Vertex X="16687" Y="61464" Z="0"/>
					<Vertex X="16687" Y="61722" Z="0"/>
					<Vertex X="16687" Y="61915" Z="0"/>
					<Vertex X="16687" Y="62108" Z="0"/>
					<Vertex X="16687" Y="62495" Z="0"/>
					<Vertex X="16751" Y="62688" Z="0"/>
					<Vertex X="16751" Y="62946" Z="0"/>
					<Vertex X="16751" Y="63075" Z="0"/>
					<Vertex X="16751" Y="63397" Z="0"/>
					<Vertex X="16751" Y="63783" Z="0"/>
					<Vertex X="16880" Y="64106" Z="0"/>
					<Vertex X="16880" Y="64234" Z="0"/>
					<Vertex X="16945" Y="64621" Z="0"/>
					<Vertex X="16945" Y="64943" Z="0"/>
					<Vertex X="17073" Y="65201" Z="0"/>
					<Vertex X="17138" Y="65523" Z="0"/>
					<Vertex X="17138" Y="65716" Z="0"/>
					<Vertex X="17267" Y="66103" Z="0"/>
					<Vertex X="17331" Y="66167" Z="0"/>
					<Vertex X="17460" Y="66361" Z="0"/>
					<Vertex X="17524" Y="66554" Z="0"/>
					<Vertex X="17718" Y="66747" Z="0"/>
					<Vertex X="17847" Y="67005" Z="0"/>
					<Vertex X="17911" Y="67134" Z="0"/>
					<Vertex X="18040" Y="67262" Z="0"/>
					<Vertex X="18233" Y="67520" Z="0"/>
					<Vertex X="18426" Y="67649" Z="0"/>
					<Vertex X="18491" Y="67778" Z="0"/>
					<Vertex X="18620" Y="67971" Z="0"/>
					<Vertex X="18877" Y="68036" Z="0"/>
					<Vertex X="19071" Y="68100" Z="0"/>
					<Vertex X="19393" Y="68100" Z="0"/>
					<Vertex X="19651" Y="68100" Z="0"/>
					<Vertex X="19973" Y="68229" Z="0"/>
					<Vertex X="20295" Y="68229" Z="0"/>
					<Vertex X="20746" Y="68422" Z="0"/>
					<Vertex X="21004" Y="68487" Z="0"/>
					<Vertex X="21326" Y="68615" Z="0"/>
					<Vertex X="21777" Y="68809" Z="0"/>
					<Vertex X="22099" Y="69002" Z="0"/>
					<Vertex X="22292" Y="69195" Z="0"/>
					<Vertex X="22679" Y="69582" Z="0"/>
					<Vertex X="22743" Y="69775" Z="0"/>
					<Vertex X="22936" Y="69968" Z="0"/>
					<Vertex X="23130" Y="70355" Z="0"/>
					<Vertex X="23323" Y="70548" Z="0"/>
					<Vertex X="23452" Y="70870" Z="0"/>
					<Vertex X="23645" Y="70999" Z="0"/>
					<Vertex X="23903" Y="71193" Z="0"/>
					<Vertex X="24096" Y="71386" Z="0"/>
					<Vertex X="24289" Y="71515" Z="0"/>
					<Vertex X="24483" Y="71644" Z="0"/>
					<Vertex X="24805" Y="71708" Z="0"/>
					<Vertex X="24998" Y="71772" Z="0"/>
					<Vertex X="25256" Y="71772" Z="0"/>
					<Vertex X="25642" Y="71901" Z="0"/>
					<Vertex X="26158" Y="71966" Z="0"/>
					<Vertex X="26544" Y="72095" Z="0"/>
					<Vertex X="26931" Y="72159" Z="0"/>
					<Vertex X="27382" Y="72352" Z="0"/>
					<Vertex X="27768" Y="72674" Z="0"/>
					<Vertex X="28219" Y="72868" Z="0"/>
					<Vertex X="28477" Y="73125" Z="0"/>
					<Vertex X="28928" Y="73448" Z="0"/>
					<Vertex X="29250" Y="73705" Z="0"/>
					<Vertex X="29444" Y="74027" Z="0"/>
					<Vertex X="29701" Y="74285" Z="0"/>
					<Vertex X="30023" Y="74672" Z="0"/>
					<Vertex X="30217" Y="74994" Z="0"/>
					<Vertex X="30410" Y="75252" Z="0"/>
					<Vertex X="30603" Y="75574" Z="0"/>
					<Vertex X="30861" Y="75960" Z="0"/>
					<Vertex X="31054" Y="76154" Z="0"/>
					<Vertex X="31248" Y="76347" Z="0"/>
					<Vertex X="31570" Y="76605" Z="0"/>
					<Vertex X="31763" Y="76798" Z="0"/>
					<Vertex X="32021" Y="76991" Z="0"/>
					<Vertex X="32214" Y="77120" Z="0"/>
					<Vertex X="32601" Y="77120" Z="0"/>
					<Vertex X="32794" Y="77120" Z="0"/>
					<Vertex X="32987" Y="77120" Z="0"/>
					<Vertex X="33438" Y="76991" Z="0"/>
					<Vertex X="33567" Y="76798" Z="0"/>
					<Vertex X="33760" Y="76733" Z="0"/>
					<Vertex X="33954" Y="76605" Z="0"/>
					<Vertex X="34340" Y="76605" Z="0"/>
					<Vertex X="34533" Y="76605" Z="0"/>
					<Vertex X="34727" Y="76733" Z="0"/>
					<Vertex X="35049" Y="76798" Z="0"/>
					<Vertex X="35242" Y="76991" Z="0"/>
					<Vertex X="35629" Y="77184" Z="0"/>
					<Vertex X="35822" Y="77442" Z="0"/>
					<Vertex X="36015" Y="77700" Z="0"/>
					<Vertex X="36273" Y="78151" Z="0"/>
					<Vertex X="36595" Y="78473" Z="0"/>
					<Vertex X="36788" Y="78731" Z="0"/>
					<Vertex X="37046" Y="78924" Z="0"/>
					<Vertex X="37368" Y="79439" Z="0"/>
					<Vertex X="37561" Y="79697" Z="0"/>
					<Vertex X="37755" Y="80019" Z="0"/>
					<Vertex X="37948" Y="80341" Z="0"/>
					<Vertex X="38206" Y="80792" Z="0"/>
					<Vertex X="38399" Y="81050" Z="0"/>
					<Vertex X="38528" Y="81437" Z="0"/>
					<Vertex X="38721" Y="81759" Z="0"/>
					<Vertex X="38979" Y="82274" Z="0"/>
					<Vertex X="39172" Y="82403" Z="0"/>
					<Vertex X="39494" Y="82790" Z="0"/>
					<Vertex X="39688" Y="82983" Z="0"/>
					<Vertex X="39881" Y="83305" Z="0"/>
					<Vertex X="40267" Y="83563" Z="0"/>
					<Vertex X="40461" Y="83885" Z="0"/>
					<Vertex X="40718" Y="84143" Z="0"/>
					<Vertex X="41041" Y="84336" Z="0"/>
					<Vertex X="41427" Y="84722" Z="0"/>
					<Vertex X="41685" Y="85045" Z="0"/>
					<Vertex X="42007" Y="85302" Z="0"/>
					<Vertex X="42394" Y="85818" Z="0"/>
					<Vertex X="42651" Y="86011" Z="0"/>
					<Vertex X="43038" Y="86398" Z="0"/>
					<Vertex X="43360" Y="86591" Z="0"/>
					<Vertex X="43553" Y="86784" Z="0"/>
					<Vertex X="44004" Y="87042" Z="0"/>
					<Vertex X="44326" Y="87171" Z="0"/>
					<Vertex X="44584" Y="87364" Z="0"/>
					<Vertex X="45100" Y="87557" Z="0"/>
					<Vertex X="45293" Y="87622" Z="0"/>
					<Vertex X="45615" Y="87751" Z="0"/>
					<Vertex X="46066" Y="87944" Z="0"/>
					<Vertex X="46324" Y="88008" Z="0"/>
					<Vertex X="46839" Y="88137" Z="0"/>
					<Vertex X="47097" Y="88201" Z="0"/>
					<Vertex X="47419" Y="88330" Z="0"/>
					<Vertex X="47870" Y="88395" Z="0"/>
					<Vertex X="48192" Y="88524" Z="0"/>
					<Vertex X="48450" Y="88588" Z="0"/>
					<Vertex X="48965" Y="88781" Z="0"/>
					<Vertex X="49223" Y="88781" Z="0"/>
					<Vertex X="49609" Y="88910" Z="0"/>
					<Vertex X="49932" Y="88975" Z="0"/>
					<Vertex X="50189" Y="88975" Z="0"/>
					<Vertex X="50705" Y="89103" Z="0"/>
					<Vertex X="50962" Y="89168" Z="0"/>
					<Vertex X="51285" Y="89168" Z="0"/>
					<Vertex X="51671" Y="89297" Z="0"/>
					<Vertex X="52058" Y="89297" Z="0"/>
					<Vertex X="52315" Y="89297" Z="0"/>
					<Vertex X="52895" Y="89297" Z="0"/>
					<Vertex X="53217" Y="89361" Z="0"/>
					<Vertex X="53604" Y="89361" Z="0"/>
					<Vertex X="53926" Y="89361" Z="0"/>
					<Vertex X="54377" Y="89361" Z="0"/>
					<Vertex X="54893" Y="89361" Z="0"/>
					<Vertex X="55279" Y="89361" Z="0"/>
					<Vertex X="55666" Y="89361" Z="0"/>
					<Vertex X="56246" Y="89297" Z="0"/>
					<Vertex X="56632" Y="89297" Z="0"/>
					<Vertex X="57212" Y="89297" Z="0"/>
					<Vertex X="57534" Y="89168" Z="0"/>
					<Vertex X="57985" Y="89168" Z="0"/>
					<Vertex X="58500" Y="89103" Z="0"/>
					<Vertex X="58951" Y="89103" Z="0"/>
					<Vertex X="59209" Y="88975" Z="0"/>
					<Vertex X="59789" Y="88975" Z="0"/>
					<Vertex X="60176" Y="88910" Z="0"/>
					<Vertex X="60562" Y="88910" Z="0"/>
					<Vertex X="61142" Y="88781" Z="0"/>
					<Vertex X="61464" Y="88781" Z="0"/>
					<Vertex X="61851" Y="88910" Z="0"/>
					<Vertex X="62108" Y="88910" Z="0"/>
					<Vertex X="62495" Y="88975" Z="0"/>
					<Vertex X="62688" Y="89103" Z="0"/>
					<Vertex X="62946" Y="89168" Z="0"/>
					<Vertex X="63268" Y="89297" Z="0"/>
					<Vertex X="63590" Y="89361" Z="0"/>
					<Vertex X="63784" Y="89490" Z="0"/>
					<Vertex X="64041" Y="89554" Z="0"/>
					<Vertex X="64235" Y="89683" Z="0"/>
					<Vertex X="64621" Y="89748" Z="0"/>
					<Vertex X="64943" Y="89877" Z="0"/>
					<Vertex X="65137" Y="89877" Z="0"/>
					<Vertex X="65523" Y="89877" Z="0"/>
					<Vertex X="65716" Y="89941" Z="0"/>
					<Vertex X="65910" Y="89941" Z="0"/>
					<Vertex X="66232" Y="89941" Z="0"/>
					<Vertex X="66425" Y="90070" Z="0"/>
					<Vertex X="66876" Y="90070" Z="0"/>
					<Vertex X="67069" Y="90070" Z="0"/>
					<Vertex X="67456" Y="90134" Z="0"/>
					<Vertex X="67649" Y="90134" Z="0"/>
					<Vertex X="67907" Y="90134" Z="0"/>
					<Vertex X="68165" Y="90070" Z="0"/>
					<Vertex X="68422" Y="90070" Z="0"/>
					<Vertex X="68809" Y="90070" Z="0"/>
					<Vertex X="69067" Y="90070" Z="0"/>
					<Vertex X="69389" Y="89941" Z="0"/>
					<Vertex X="69711" Y="89941" Z="0"/>
					<Vertex X="70033" Y="89877" Z="0"/>
					<Vertex X="70355" Y="89877" Z="0"/>
					<Vertex X="70613" Y="89748" Z="0"/>
					<Vertex X="70871" Y="89748" Z="0"/>
					<Vertex X="71128" Y="89748" Z="0"/>
					<Vertex X="71579" Y="89683" Z="0"/>
					<Vertex X="71773" Y="89683" Z="0"/>
					<Vertex X="72095" Y="89554" Z="0"/>
					<Vertex X="72352" Y="89361" Z="0"/>
					<Vertex X="72739" Y="89297" Z="0"/>
					<Vertex X="72932" Y="89168" Z="0"/>
					<Vertex X="73190" Y="88975" Z="0"/>
					<Vertex X="73641" Y="88781" Z="0"/>
					<Vertex X="73705" Y="88717" Z="0"/>
					<Vertex X="74028" Y="88524" Z="0"/>
					<Vertex X="74285" Y="88395" Z="0"/>
					<Vertex X="74479" Y="88201" Z="0"/>
					<Vertex X="74736" Y="88008" Z="0"/>
					<Vertex X="75058" Y="87815" Z="0"/>
					<Vertex X="75574" Y="87622" Z="0"/>
					<Vertex X="75960" Y="87557" Z="0"/>
					<Vertex X="76411" Y="87428" Z="0"/>
					<Vertex X="76669" Y="87364" Z="0"/>
					<Vertex X="77313" Y="87364" Z="0"/>
					<Vertex X="77571" Y="87364" Z="0"/>
					<Vertex X="77764" Y="87364" Z="0"/>
					<Vertex X="78151" Y="87428" Z="0"/>
					<Vertex X="78409" Y="87557" Z="0"/>
					<Vertex X="78860" Y="87751" Z="0"/>
					<Vertex X="79053" Y="87751" Z="0"/>
					<Vertex X="79311" Y="87815" Z="0"/>
					<Vertex X="79568" Y="87944" Z="0"/>
					<Vertex X="79826" Y="88008" Z="0"/>
					<Vertex X="80148" Y="88137" Z="0"/>
					<Vertex X="80470" Y="88137" Z="0"/>
					<Vertex X="80857" Y="88137" Z="0"/>
					<Vertex X="81179" Y="88137" Z="0"/>
					<Vertex X="81566" Y="88201" Z="0"/>
					<Vertex X="82017" Y="88137" Z="0"/>
					<Vertex X="82339" Y="88137" Z="0"/>
					<Vertex X="82725" Y="88137" Z="0"/>
					<Vertex X="82983" Y="88008" Z="0"/>
					<Vertex X="83370" Y="88008" Z="0"/>
					<Vertex X="83627" Y="87944" Z="0"/>
					<Vertex X="84143" Y="87944" Z="0"/>
					<Vertex X="84465" Y="87815" Z="0"/>
					<Vertex X="84787" Y="87751" Z="0"/>
					<Vertex X="85238" Y="87751" Z="0"/>
					<Vertex X="85689" Y="87557" Z="0"/>
					<Vertex X="86076" Y="87428" Z="0"/>
					<Vertex X="86462" Y="87364" Z="0"/>
					<Vertex X="87042" Y="87171" Z="0"/>
					<Vertex X="87751" Y="86977" Z="0"/>
					<Vertex X="88137" Y="86784" Z="0"/>
					<Vertex X="88781" Y="86462" Z="0"/>
					<Vertex X="89232" Y="86204" Z="0"/>
					<Vertex X="90006" Y="85818" Z="0"/>
					<Vertex X="90521" Y="85624" Z="0"/>
					<Vertex X="91294" Y="85302" Z="0"/>
					<Vertex X="91681" Y="85173" Z="0"/>
					<Vertex X="92003" Y="84916" Z="0"/>
					<Vertex X="92261" Y="84658" Z="0"/>
					<Vertex X="92454" Y="84529" Z="0"/>
					<Vertex X="92647" Y="84271" Z="0"/>
					<Vertex X="92712" Y="84078" Z="0"/>
					<Vertex X="93034" Y="83885" Z="0"/>
					<Vertex X="93356" Y="83692" Z="0"/>
					<Vertex X="93549" Y="83498" Z="0"/>
					<Vertex X="93807" Y="83369" Z="0"/>
					<Vertex X="94193" Y="83176" Z="0"/>
					<Vertex X="94387" Y="83112" Z="0"/>
					<Vertex X="94709" Y="82918" Z="0"/>
					<Vertex X="94967" Y="82790" Z="0"/>
					<Vertex X="95160" Y="82725" Z="0"/>
					<Vertex X="95418" Y="82596" Z="0"/>
					<Vertex X="95740" Y="82339" Z="0"/>
					<Vertex X="95997" Y="82274" Z="0"/>
					<Vertex X="96320" Y="82016" Z="0"/>
					<Vertex X="96513" Y="81952" Z="0"/>
					<Vertex X="96706" Y="81630" Z="0"/>
					<Vertex X="96835" Y="81565" Z="0"/>
					<Vertex X="97028" Y="81243" Z="0"/>
					<Vertex X="97093" Y="81179" Z="0"/>
					<Vertex X="97286" Y="80857" Z="0"/>
					<Vertex X="97479" Y="80663" Z="0"/>
					<Vertex X="97673" Y="80406" Z="0"/>
					<Vertex X="97737" Y="80212" Z="0"/>
					<Vertex X="97930" Y="80019" Z="0"/>
					<Vertex X="98059" Y="79826" Z="0"/>
					<Vertex X="98252" Y="79633" Z="0"/>
					<Vertex X="98317" Y="79504" Z="0"/>
					<Vertex X="98575" Y="79375" Z="0"/>
					<Vertex X="98639" Y="79117" Z="0"/>
					<Vertex X="98832" Y="78924" Z="0"/>
					<Vertex X="98897" Y="78859" Z="0"/>
					<Vertex X="99219" Y="78666" Z="0"/>
					<Vertex X="99476" Y="78473" Z="0"/>
					<Vertex X="99670" Y="78280" Z="0"/>
					<Vertex X="100056" Y="78086" Z="0"/>
					<Vertex X="100314" Y="77893" Z="0"/>
					<Vertex X="100572" Y="77700" Z="0"/>
					<Vertex X="100765" Y="77507" Z="0"/>
					<Vertex X="101023" Y="77184" Z="0"/>
					<Vertex X="101345" Y="76991" Z="0"/>
					<Vertex X="101731" Y="76733" Z="0"/>
					<Vertex X="101925" Y="76540" Z="0"/>
					<Vertex X="102311" Y="76347" Z="0"/>
					<Vertex X="102505" Y="76025" Z="0"/>
					<Vertex X="102891" Y="75767" Z="0"/>
					<Vertex X="103149" Y="75574" Z="0"/>
					<Vertex X="103535" Y="75187" Z="0"/>
					<Vertex X="103793" Y="74994" Z="0"/>
					<Vertex X="104115" Y="74543" Z="0"/>
					<Vertex X="104502" Y="74221" Z="0"/>
					<Vertex X="104888" Y="73705" Z="0"/>
					<Vertex X="105211" Y="73254" Z="0"/>
					<Vertex X="105597" Y="72868" Z="0"/>
					<Vertex X="105790" Y="72610" Z="0"/>
					<Vertex X="106177" Y="72095" Z="0"/>
					<Vertex X="106241" Y="71901" Z="0"/>
					<Vertex X="106564" Y="71644" Z="0"/>
					<Vertex X="106757" Y="71321" Z="0"/>
					<Vertex X="106821" Y="70999" Z="0"/>
					<Vertex X="107015" Y="70870" Z="0"/>
					<Vertex X="107208" Y="70548" Z="0"/>
					<Vertex X="107337" Y="70226" Z="0"/>
					<Vertex X="107530" Y="69968" Z="0"/>
					<Vertex X="107723" Y="69775" Z="0"/>
					<Vertex X="107788" Y="69711" Z="0"/>
					<Vertex X="107917" Y="69453" Z="0"/>
					<Vertex X="107981" Y="69389" Z="0"/>
					<Vertex X="107981" Y="69324" Z="0"/>
					<Vertex X="108110" Y="69195" Z="0"/>
					<Vertex X="108110" Y="69066" Z="0"/>
					<Vertex X="108174" Y="69002" Z="0"/>
					<Vertex X="108368" Y="68809" Z="0"/>
					<Vertex X="108496" Y="68615" Z="0"/>
					<Vertex X="108690" Y="68358" Z="0"/>
					<Vertex X="108883" Y="68036" Z="0"/>
					<Vertex X="109141" Y="67649" Z="0"/>
					<Vertex X="109334" Y="67327" Z="0"/>
					<Vertex X="109656" Y="66876" Z="0"/>
					<Vertex X="109914" Y="66296" Z="0"/>
					<Vertex X="110300" Y="65845" Z="0"/>
					<Vertex X="110622" Y="65330" Z="0"/>
					<Vertex X="110880" Y="65072" Z="0"/>
					<Vertex X="111202" Y="64557" Z="0"/>
					<Vertex X="111396" Y="64170" Z="0"/>
					<Vertex X="111589" Y="63977" Z="0"/>
					<Vertex X="111847" Y="63655" Z="0"/>
					<Vertex X="112040" Y="63590" Z="0"/>
					<Vertex X="112233" Y="63461" Z="0"/>
					<Vertex X="112555" Y="63397" Z="0"/>
					<Vertex X="112813" Y="63397" Z="0"/>
					<Vertex X="113006" Y="63268" Z="0"/>
					<Vertex X="113393" Y="63204" Z="0"/>
					<Vertex X="113779" Y="63139" Z="0"/>
					<Vertex X="114102" Y="62946" Z="0"/>
					<Vertex X="114488" Y="62688" Z="0"/>
					<Vertex X="114875" Y="62430" Z="0"/>
					<Vertex X="115068" Y="62237" Z="0"/>
					<Vertex X="115261" Y="61979" Z="0"/>
					<Vertex X="115519" Y="61657" Z="0"/>
					<Vertex X="115712" Y="61335" Z="0"/>
					<Vertex X="116034" Y="61013" Z="0"/>
					<Vertex X="116421" Y="60562" Z="0"/>
					<Vertex X="116614" Y="60240" Z="0"/>
					<Vertex X="117001" Y="59724" Z="0"/>
					<Vertex X="117194" Y="59209" Z="0"/>
					<Vertex X="117259" Y="58951" Z="0"/>
					<Vertex X="117387" Y="58436" Z="0"/>
					<Vertex X="117452" Y="57920" Z="0"/>
					<Vertex X="117581" Y="57469" Z="0"/>
					<Vertex X="117645" Y="56890" Z="0"/>
					<Vertex X="117645" Y="56439" Z="0"/>
					<Vertex X="117645" Y="55859" Z="0"/>
					<Vertex X="117645" Y="55343" Z="0"/>
					<Vertex X="117645" Y="55150" Z="0"/>
					<Vertex X="117645" Y="54828" Z="0"/>
					<Vertex X="117645" Y="54377" Z="0"/>
					<Vertex X="117581" Y="54119" Z="0"/>
					<Vertex X="117581" Y="53733" Z="0"/>
					<Vertex X="117581" Y="53411" Z="0"/>
					<Vertex X="117452" Y="53153" Z="0"/>
					<Vertex X="117452" Y="52895" Z="0"/>
					<Vertex X="117387" Y="52444" Z="0"/>
					<Vertex X="117387" Y="52058" Z="0"/>
					<Vertex X="117259" Y="51800" Z="0"/>
					<Vertex X="117259" Y="51413" Z="0"/>
					<Vertex X="117259" Y="51027" Z="0"/>
					<Vertex X="117194" Y="50705" Z="0"/>
					<Vertex X="117194" Y="50447" Z="0"/>
					<Vertex X="117194" Y="50254" Z="0"/>
					<Vertex X="117194" Y="49996" Z="0"/>
					<Vertex X="117194" Y="49738" Z="0"/>
					<Vertex X="117065" Y="49674" Z="0"/>
					<Vertex X="117065" Y="49480" Z="0"/>
					<Vertex X="117194" Y="49287" Z="0"/>
					<Vertex X="117194" Y="49094" Z="0"/>
					<Vertex X="117194" Y="49029" Z="0"/>
					<Vertex X="117259" Y="48772" Z="0"/>
					<Vertex X="117259" Y="48707" Z="0"/>
					<Vertex X="117259" Y="48578" Z="0"/>
					<Vertex X="117259" Y="48514" Z="0"/>
					<Vertex X="117259" Y="48385" Z="0"/>
					<Vertex X="117259" Y="48321" Z="0"/>
					<Vertex X="117259" Y="48256" Z="0"/>
					<Vertex X="117387" Y="48127" Z="0"/>
					<Vertex X="117387" Y="47934" Z="0"/>
					<Vertex X="117387" Y="47741" Z="0"/>
					<Vertex X="117452" Y="47548" Z="0"/>
					<Vertex X="117581" Y="47225" Z="0"/>
					<Vertex X="117774" Y="46968" Z="0"/>
					<Vertex X="117967" Y="46646" Z="0"/>
					<Vertex X="118032" Y="46388" Z="0"/>
					<Vertex X="118225" Y="46259" Z="0"/>
					<Vertex X="118418" Y="46001" Z="0"/>
					<Vertex X="118612" Y="45679" Z="0"/>
					<Vertex X="118740" Y="45422" Z="0"/>
					<Vertex X="118740" Y="45357" Z="0"/>
					<Vertex X="118805" Y="45035" Z="0"/>
					<Vertex X="118805" Y="44842" Z="0"/>
					<Vertex X="118805" Y="44584" Z="0"/>
					<Vertex X="118805" Y="44262" Z="0"/>
					<Vertex X="118805" Y="44069" Z="0"/>
					<Vertex X="118612" Y="43618" Z="0"/>
					<Vertex X="118547" Y="43424" Z="0"/>
					<Vertex X="118418" Y="42973" Z="0"/>
					<Vertex X="118354" Y="42716" Z="0"/>
					<Vertex X="118161" Y="42393" Z="0"/>
					<Vertex X="118032" Y="42007" Z="0"/>
					<Vertex X="117967" Y="41814" Z="0"/>
					<Vertex X="117774" Y="41491" Z="0"/>
					<Vertex X="117581" Y="41169" Z="0"/>
					<Vertex X="117387" Y="40847" Z="0"/>
					<Vertex X="117194" Y="40525" Z="0"/>
					<Vertex X="116872" Y="40396" Z="0"/>
					<Vertex X="116614" Y="40203" Z="0"/>
					<Vertex X="116228" Y="40010" Z="0"/>
					<Vertex X="115712" Y="39816" Z="0"/>
					<Vertex X="115519" Y="39752" Z="0"/>
					<Vertex X="115068" Y="39623" Z="0"/>
					<Vertex X="114488" Y="39494" Z="0"/>
					<Vertex X="113973" Y="39494" Z="0"/>
					<Vertex X="113715" Y="39494" Z="0"/>
					<Vertex X="113200" Y="39494" Z="0"/>
					<Vertex X="112813" Y="39494" Z="0"/>
					<Vertex X="112362" Y="39623" Z="0"/>
					<Vertex X="111847" Y="39752" Z="0"/>
					<Vertex X="111460" Y="39945" Z="0"/>
					<Vertex X="111009" Y="40010" Z="0"/>
					<Vertex X="110494" Y="40203" Z="0"/>
					<Vertex X="109914" Y="40396" Z="0"/>
					<Vertex X="109463" Y="40525" Z="0"/>
					<Vertex X="108947" Y="40718" Z="0"/>
					<Vertex X="108496" Y="40847" Z="0"/>
					<Vertex X="107917" Y="41105" Z="0"/>
					<Vertex X="107530" Y="41169" Z="0"/>
					<Vertex X="106950" Y="41363" Z="0"/>
					<Vertex X="106435" Y="41491" Z="0"/>
					<Vertex X="106048" Y="41556" Z="0"/>
					<Vertex X="105597" Y="41685" Z="0"/>
					<Vertex X="105211" Y="41749" Z="0"/>
					<Vertex X="104695" Y="41942" Z="0"/>
					<Vertex X="104437" Y="41942" Z="0"/>
					<Vertex X="103922" Y="42007" Z="0"/>
					<Vertex X="103471" Y="42136" Z="0"/>
					<Vertex X="102956" Y="42136" Z="0"/>
					<Vertex X="102505" Y="42265" Z="0"/>
					<Vertex X="102054" Y="42265" Z="0"/>
					<Vertex X="101603" Y="42265" Z="0"/>
					<Vertex X="101152" Y="42265" Z="0"/>
					<Vertex X="100829" Y="42265" Z="0"/>
					<Vertex X="100572" Y="42136" Z="0"/>
					<Vertex X="100185" Y="42136" Z="0"/>
					<Vertex X="99992" Y="42136" Z="0"/>
					<Vertex X="99670" Y="42007" Z="0"/>
					<Vertex X="99476" Y="41942" Z="0"/>
					<Vertex X="99219" Y="41814" Z="0"/>
					<Vertex X="98897" Y="41749" Z="0"/>
					<Vertex X="98639" Y="41685" Z="0"/>
					<Vertex X="98317" Y="41685" Z="0"/>
					<Vertex X="98124" Y="41556" Z="0"/>
					<Vertex X="97737" Y="41491" Z="0"/>
					<Vertex X="97479" Y="41363" Z="0"/>
					<Vertex X="97286" Y="41234" Z="0"/>
					<Vertex X="97028" Y="41169" Z="0"/>
					<Vertex X="96706" Y="41169" Z="0"/>
					<Vertex X="96513" Y="41105" Z="0"/>
					<Vertex X="96191" Y="40976" Z="0"/>
					<Vertex X="95933" Y="40847" Z="0"/>
					<Vertex X="95740" Y="40783" Z="0"/>
					<Vertex X="95418" Y="40718" Z="0"/>
					<Vertex X="95160" Y="40589" Z="0"/>
					<Vertex X="94902" Y="40525" Z="0"/>
					<Vertex X="94580" Y="40396" Z="0"/>
					<Vertex X="94258" Y="40332" Z="0"/>
					<Vertex X="94000" Y="40332" Z="0"/>
					<Vertex X="93614" Y="40203" Z="0"/>
					<Vertex X="93356" Y="40203" Z="0"/>
					<Vertex X="93034" Y="40203" Z="0"/>
					<Vertex X="92840" Y="40203" Z="0"/>
					<Vertex X="92518" Y="40074" Z="0"/>
					<Vertex X="92196" Y="40074" Z="0"/>
					<Vertex X="91745" Y="40074" Z="0"/>
					<Vertex X="91294" Y="40074" Z="0"/>
					<Vertex X="90779" Y="40074" Z="0"/>
					<Vertex X="90328" Y="40074" Z="0"/>
					<Vertex X="89877" Y="40074" Z="0"/>
					<Vertex X="89232" Y="40203" Z="0"/>
					<Vertex X="88781" Y="40203" Z="0"/>
					<Vertex X="88395" Y="40203" Z="0"/>
					<Vertex X="87815" Y="40203" Z="0"/>
					<Vertex X="87235" Y="40203" Z="0"/>
					<Vertex X="86655" Y="40074" Z="0"/>
					<Vertex X="86204" Y="40074" Z="0"/>
					<Vertex X="85689" Y="40010" Z="0"/>
					<Vertex X="85238" Y="40010" Z="0"/>
					<Vertex X="84723" Y="40010" Z="0"/>
					<Vertex X="84336" Y="40010" Z="0"/>
					<Vertex X="84014" Y="39945" Z="0"/>
					<Vertex X="83563" Y="39945" Z="0"/>
					<Vertex X="83176" Y="39945" Z="0"/>
					<Vertex X="82790" Y="39945" Z="0"/>
					<Vertex X="82403" Y="39945" Z="0"/>
					<Vertex X="81888" Y="39816" Z="0"/>
					<Vertex X="81566" Y="39816" Z="0"/>
					<Vertex X="81179" Y="39816" Z="0"/>
					<Vertex X="80792" Y="39816" Z="0"/>
					<Vertex X="80470" Y="39752" Z="0"/>
					<Vertex X="80148" Y="39752" Z="0"/>
					<Vertex X="79890" Y="39623" Z="0"/>
					<Vertex X="79504" Y="39623" Z="0"/>
					<Vertex X="79246" Y="39494" Z="0"/>
					<Vertex X="79053" Y="39494" Z="0"/>
					<Vertex X="78731" Y="39494" Z="0"/>
					<Vertex X="78409" Y="39494" Z="0"/>
					<Vertex X="78151" Y="39494" Z="0"/>
					<Vertex X="77829" Y="39494" Z="0"/>
					<Vertex X="77571" Y="39494" Z="0"/>
					<Vertex X="77313" Y="39494" Z="0"/>
					<Vertex X="77120" Y="39494" Z="0"/>
					<Vertex X="76798" Y="39430" Z="0"/>
					<Vertex X="76476" Y="39365" Z="0"/>
					<Vertex X="76347" Y="39236" Z="0"/>
					<Vertex X="76025" Y="39043" Z="0"/>
					<Vertex X="75832" Y="38850" Z="0"/>
					<Vertex X="75574" Y="38657" Z="0"/>
					<Vertex X="75252" Y="38463" Z="0"/>
					<Vertex X="74930" Y="38270" Z="0"/>
					<Vertex X="74672" Y="38206" Z="0"/>
					<Vertex X="74350" Y="37948" Z="0"/>
					<Vertex X="73899" Y="37626" Z="0"/>
					<Vertex X="73834" Y="37432" Z="0"/>
					<Vertex X="73512" Y="37175" Z="0"/>
					<Vertex X="73190" Y="36917" Z="0"/>
					<Vertex X="72997" Y="36724" Z="0"/>
					<Vertex X="72803" Y="36402" Z="0"/>
					<Vertex X="72610" Y="36208" Z="0"/>
					<Vertex X="72417" Y="36015" Z="0"/>
					<Vertex X="72224" Y="35822" Z="0"/>
					<Vertex X="72030" Y="35629" Z="0"/>
					<Vertex X="71773" Y="35435" Z="0"/>
					<Vertex X="71450" Y="35371" Z="0"/>
					<Vertex X="71064" Y="35242" Z="0"/>
					<Vertex X="70677" Y="35049" Z="0"/>
					<Vertex X="70420" Y="34984" Z="0"/>
					<Vertex X="70033" Y="34791" Z="0"/>
					<Vertex X="69711" Y="34598" Z="0"/>
					<Vertex X="69453" Y="34404" Z="0"/>
					<Vertex X="69067" Y="34082" Z="0"/>
					<Vertex X="68873" Y="33696" Z="0"/>
					<Vertex X="68744" Y="33438" Z="0"/>
					<Vertex X="68551" Y="33051" Z="0"/>
					<Vertex X="68358" Y="32665" Z="0"/>
					<Vertex X="68293" Y="32343" Z="0"/>
					<Vertex X="68165" Y="32021" Z="0"/>
					<Vertex X="68165" Y="31570" Z="0"/>
					<Vertex X="68293" Y="31183" Z="0"/>
					<Vertex X="68358" Y="30732" Z="0"/>
					<Vertex X="68551" Y="30345" Z="0"/>
					<Vertex X="68744" Y="29766" Z="0"/>
					<Vertex X="69067" Y="29379" Z="0"/>
					<Vertex X="69453" Y="28799" Z="0"/>
					<Vertex X="69646" Y="28413" Z="0"/>
					<Vertex X="69904" Y="27897" Z="0"/>
					<Vertex X="70291" Y="27511" Z="0"/>
					<Vertex X="70677" Y="27060" Z="0"/>
					<Vertex X="71064" Y="26673" Z="0"/>
					<Vertex X="71579" Y="26286" Z="0"/>
					<Vertex X="71901" Y="25964" Z="0"/>
					<Vertex X="72159" Y="25771" Z="0"/>
					<Vertex X="72417" Y="25578" Z="0"/>
					<Vertex X="72610" Y="25385" Z="0"/>
					<Vertex X="72932" Y="25320" Z="0"/>
					<Vertex X="73190" Y="25191" Z="0"/>
					<Vertex X="73512" Y="24998" Z="0"/>
					<Vertex X="73770" Y="24805" Z="0"/>
					<Vertex X="74092" Y="24611" Z="0"/>
					<Vertex X="74285" Y="24547" Z="0"/>
					<Vertex X="74350" Y="24418" Z="0"/>
					<Vertex X="74543" Y="24225" Z="0"/>
					<Vertex X="74736" Y="24032" Z="0"/>
					<Vertex X="74930" Y="23838" Z="0"/>
					<Vertex X="75058" Y="23645" Z="0"/>
					<Vertex X="75123" Y="23452" Z="0"/>
					<Vertex X="75252" Y="23387" Z="0"/>
					<Vertex X="75445" Y="23194" Z="0"/>
					<Vertex X="75445" Y="23001" Z="0"/>
					<Vertex X="75638" Y="22679" Z="0"/>
					<Vertex X="75703" Y="22614" Z="0"/>
					<Vertex X="75703" Y="22421" Z="0"/>
					<Vertex X="75832" Y="22292" Z="0"/>
					<Vertex X="75896" Y="22099" Z="0"/>
					<Vertex X="75896" Y="22034" Z="0"/>
					<Vertex X="76025" Y="21905" Z="0"/>
					<Vertex X="76025" Y="21841" Z="0"/>
					<Vertex X="76025" Y="21712" Z="0"/>
					<Vertex X="76025" Y="21648" Z="0"/>
					<Vertex X="76089" Y="21648" Z="0"/>
					<Vertex X="76025" Y="21648" Z="0"/>
					<Vertex X="76025" Y="21519" Z="0"/>
					<Vertex X="76089" Y="21519" Z="0"/>
				</Vertices>
			</Region>
		</Regions>
		<Plots/>
	</Annotation>
</Annotations>
