<Annotations MicronsPerPixel="0.252200">
	<Annotation Id="1" Name="" ReadOnly="0" NameReadOnly="0" LineColorReadOnly="0" Incremental="0" Type="4" LineColor="16711935" Visible="1" Selected="1" MarkupImagePath="" MacroName="">
		<Attributes/>
		<Regions>
			<RegionAttributeHeaders>
				<AttributeHeader Id="9999" Name="Region" ColumnWidth="-1"/>
				<AttributeHeader Id="9997" Name="Length" ColumnWidth="-1"/>
				<AttributeHeader Id="9996" Name="Area" ColumnWidth="-1"/>
				<AttributeHeader Id="9998" Name="Text" ColumnWidth="-1"/>
			</RegionAttributeHeaders>
			<Region Id="1" Type="0" Zoom="0.024419" Selected="1" ImageLocation="" ImageFocus="-1" Length="272018.7" Area="3356706135.0" LengthMicrons="68603.1" AreaMicrons="213502756.6" Text="" NegativeROA="0" InputRegionId="0" Analyze="1" DisplayId="1">
				<Attributes/>
				<Vertices>
					<Vertex X="88901" Y="3085" Z="0"/>
					<Vertex X="85816" Y="2111" Z="0"/>
					<Vertex X="85451" Y="2111" Z="0"/>
					<Vertex X="85207" Y="2111" Z="0"/>
					<Vertex X="84964" Y="2192" Z="0"/>
					<Vertex X="84842" Y="2192" Z="0"/>
					<Vertex X="84639" Y="2233" Z="0"/>
					<Vertex X="84517" Y="2233" Z="0"/>
					<Vertex X="84355" Y="2314" Z="0"/>
					<Vertex X="84111" Y="2354" Z="0"/>
					<Vertex X="83868" Y="2436" Z="0"/>
					<Vertex X="83665" Y="2476" Z="0"/>
					<Vertex X="83502" Y="2557" Z="0"/>
					<Vertex X="83299" Y="2598" Z="0"/>
					<Vertex X="83137" Y="2679" Z="0"/>
					<Vertex X="82934" Y="2720" Z="0"/>
					<Vertex X="82690" Y="2801" Z="0"/>
					<Vertex X="82528" Y="2842" Z="0"/>
					<Vertex X="82325" Y="2923" Z="0"/>
					<Vertex X="82082" Y="2963" Z="0"/>
					<Vertex X="81919" Y="3045" Z="0"/>
					<Vertex X="81716" Y="3166" Z="0"/>
					<Vertex X="81473" Y="3207" Z="0"/>
					<Vertex X="81310" Y="3329" Z="0"/>
					<Vertex X="81067" Y="3410" Z="0"/>
					<Vertex X="80823" Y="3532" Z="0"/>
					<Vertex X="80580" Y="3654" Z="0"/>
					<Vertex X="80336" Y="3775" Z="0"/>
					<Vertex X="80011" Y="3938" Z="0"/>
					<Vertex X="79849" Y="4059" Z="0"/>
					<Vertex X="79605" Y="4181" Z="0"/>
					<Vertex X="79402" Y="4262" Z="0"/>
					<Vertex X="79240" Y="4384" Z="0"/>
					<Vertex X="78996" Y="4506" Z="0"/>
					<Vertex X="78875" Y="4547" Z="0"/>
					<Vertex X="78631" Y="4668" Z="0"/>
					<Vertex X="78387" Y="4790" Z="0"/>
					<Vertex X="78306" Y="4871" Z="0"/>
					<Vertex X="78063" Y="4993" Z="0"/>
					<Vertex X="77941" Y="5115" Z="0"/>
					<Vertex X="77779" Y="5237" Z="0"/>
					<Vertex X="77657" Y="5358" Z="0"/>
					<Vertex X="77535" Y="5399" Z="0"/>
					<Vertex X="77291" Y="5602" Z="0"/>
					<Vertex X="77088" Y="5724" Z="0"/>
					<Vertex X="76926" Y="5764" Z="0"/>
					<Vertex X="76723" Y="5886" Z="0"/>
					<Vertex X="76601" Y="5967" Z="0"/>
					<Vertex X="76479" Y="6008" Z="0"/>
					<Vertex X="76317" Y="6089" Z="0"/>
					<Vertex X="76195" Y="6130" Z="0"/>
					<Vertex X="75992" Y="6211" Z="0"/>
					<Vertex X="75871" Y="6211" Z="0"/>
					<Vertex X="75749" Y="6252" Z="0"/>
					<Vertex X="75627" Y="6252" Z="0"/>
					<Vertex X="75505" Y="6252" Z="0"/>
					<Vertex X="75383" Y="6333" Z="0"/>
					<Vertex X="75262" Y="6333" Z="0"/>
					<Vertex X="75140" Y="6333" Z="0"/>
					<Vertex X="74977" Y="6373" Z="0"/>
					<Vertex X="74775" Y="6455" Z="0"/>
					<Vertex X="74612" Y="6495" Z="0"/>
					<Vertex X="74490" Y="6495" Z="0"/>
					<Vertex X="74287" Y="6576" Z="0"/>
					<Vertex X="74125" Y="6617" Z="0"/>
					<Vertex X="74003" Y="6698" Z="0"/>
					<Vertex X="73678" Y="6820" Z="0"/>
					<Vertex X="73435" Y="6942" Z="0"/>
					<Vertex X="73273" Y="6982" Z="0"/>
					<Vertex X="73029" Y="7104" Z="0"/>
					<Vertex X="72785" Y="7185" Z="0"/>
					<Vertex X="72542" Y="7307" Z="0"/>
					<Vertex X="72339" Y="7429" Z="0"/>
					<Vertex X="72095" Y="7551" Z="0"/>
					<Vertex X="71811" Y="7713" Z="0"/>
					<Vertex X="71568" Y="7835" Z="0"/>
					<Vertex X="71324" Y="7957" Z="0"/>
					<Vertex X="70959" Y="8200" Z="0"/>
					<Vertex X="70715" Y="8322" Z="0"/>
					<Vertex X="70472" Y="8444" Z="0"/>
					<Vertex X="70228" Y="8647" Z="0"/>
					<Vertex X="69984" Y="8768" Z="0"/>
					<Vertex X="69781" Y="8931" Z="0"/>
					<Vertex X="69538" Y="9053" Z="0"/>
					<Vertex X="69254" Y="9296" Z="0"/>
					<Vertex X="69010" Y="9499" Z="0"/>
					<Vertex X="68767" Y="9661" Z="0"/>
					<Vertex X="68523" Y="9864" Z="0"/>
					<Vertex X="68279" Y="10027" Z="0"/>
					<Vertex X="68036" Y="10230" Z="0"/>
					<Vertex X="67792" Y="10392" Z="0"/>
					<Vertex X="67589" Y="10636" Z="0"/>
					<Vertex X="67346" Y="10839" Z="0"/>
					<Vertex X="67183" Y="11082" Z="0"/>
					<Vertex X="66940" Y="11245" Z="0"/>
					<Vertex X="66737" Y="11488" Z="0"/>
					<Vertex X="66493" Y="11732" Z="0"/>
					<Vertex X="66331" Y="11975" Z="0"/>
					<Vertex X="66128" Y="12219" Z="0"/>
					<Vertex X="65966" Y="12463" Z="0"/>
					<Vertex X="65763" Y="12706" Z="0"/>
					<Vertex X="65519" Y="13153" Z="0"/>
					<Vertex X="65357" Y="13396" Z="0"/>
					<Vertex X="65235" Y="13559" Z="0"/>
					<Vertex X="65032" Y="13802" Z="0"/>
					<Vertex X="64910" Y="14046" Z="0"/>
					<Vertex X="64788" Y="14289" Z="0"/>
					<Vertex X="64666" Y="14533" Z="0"/>
					<Vertex X="64545" Y="14776" Z="0"/>
					<Vertex X="64504" Y="14979" Z="0"/>
					<Vertex X="64382" Y="15142" Z="0"/>
					<Vertex X="64301" Y="15345" Z="0"/>
					<Vertex X="64261" Y="15507" Z="0"/>
					<Vertex X="64139" Y="15710" Z="0"/>
					<Vertex X="64139" Y="15872" Z="0"/>
					<Vertex X="64017" Y="16075" Z="0"/>
					<Vertex X="63936" Y="16238" Z="0"/>
					<Vertex X="63814" Y="16441" Z="0"/>
					<Vertex X="63773" Y="16603" Z="0"/>
					<Vertex X="63692" Y="16806" Z="0"/>
					<Vertex X="63570" Y="16968" Z="0"/>
					<Vertex X="63449" Y="17090" Z="0"/>
					<Vertex X="63408" Y="17293" Z="0"/>
					<Vertex X="63286" Y="17415" Z="0"/>
					<Vertex X="63165" Y="17537" Z="0"/>
					<Vertex X="63043" Y="17618" Z="0"/>
					<Vertex X="62880" Y="17740" Z="0"/>
					<Vertex X="62759" Y="17780" Z="0"/>
					<Vertex X="62596" Y="17862" Z="0"/>
					<Vertex X="62474" Y="17862" Z="0"/>
					<Vertex X="62353" Y="17862" Z="0"/>
					<Vertex X="62231" Y="17780" Z="0"/>
					<Vertex X="62109" Y="17699" Z="0"/>
					<Vertex X="61947" Y="17659" Z="0"/>
					<Vertex X="61825" Y="17537" Z="0"/>
					<Vertex X="61703" Y="17456" Z="0"/>
					<Vertex X="61581" Y="17334" Z="0"/>
					<Vertex X="61460" Y="17212" Z="0"/>
					<Vertex X="61338" Y="17171" Z="0"/>
					<Vertex X="61135" Y="17050" Z="0"/>
					<Vertex X="60972" Y="16928" Z="0"/>
					<Vertex X="60851" Y="16847" Z="0"/>
					<Vertex X="60729" Y="16725" Z="0"/>
					<Vertex X="60607" Y="16603" Z="0"/>
					<Vertex X="60485" Y="16563" Z="0"/>
					<Vertex X="60282" Y="16441" Z="0"/>
					<Vertex X="60161" Y="16360" Z="0"/>
					<Vertex X="59998" Y="16197" Z="0"/>
					<Vertex X="59795" Y="16116" Z="0"/>
					<Vertex X="59755" Y="15994" Z="0"/>
					<Vertex X="59633" Y="15872" Z="0"/>
					<Vertex X="59430" Y="15629" Z="0"/>
					<Vertex X="59389" Y="15507" Z="0"/>
					<Vertex X="59267" Y="15385" Z="0"/>
					<Vertex X="59146" Y="15264" Z="0"/>
					<Vertex X="59064" Y="15101" Z="0"/>
					<Vertex X="58943" Y="14979" Z="0"/>
					<Vertex X="58943" Y="14776" Z="0"/>
					<Vertex X="58902" Y="14655" Z="0"/>
					<Vertex X="58821" Y="14533" Z="0"/>
					<Vertex X="58780" Y="14370" Z="0"/>
					<Vertex X="58699" Y="14249" Z="0"/>
					<Vertex X="58659" Y="14127" Z="0"/>
					<Vertex X="58577" Y="13924" Z="0"/>
					<Vertex X="58537" Y="13762" Z="0"/>
					<Vertex X="58537" Y="13640" Z="0"/>
					<Vertex X="58456" Y="13559" Z="0"/>
					<Vertex X="58415" Y="13396" Z="0"/>
					<Vertex X="58334" Y="13274" Z="0"/>
					<Vertex X="58293" Y="13153" Z="0"/>
					<Vertex X="58253" Y="13031" Z="0"/>
					<Vertex X="58253" Y="12950" Z="0"/>
					<Vertex X="58090" Y="12828" Z="0"/>
					<Vertex X="57968" Y="12665" Z="0"/>
					<Vertex X="57847" Y="12584" Z="0"/>
					<Vertex X="57806" Y="12463" Z="0"/>
					<Vertex X="57684" Y="12422" Z="0"/>
					<Vertex X="57562" Y="12300" Z="0"/>
					<Vertex X="57359" Y="12097" Z="0"/>
					<Vertex X="57238" Y="12057" Z="0"/>
					<Vertex X="57075" Y="11935" Z="0"/>
					<Vertex X="56954" Y="11854" Z="0"/>
					<Vertex X="56832" Y="11732" Z="0"/>
					<Vertex X="56710" Y="11610" Z="0"/>
					<Vertex X="56507" Y="11488" Z="0"/>
					<Vertex X="56385" Y="11448" Z="0"/>
					<Vertex X="56223" Y="11326" Z="0"/>
					<Vertex X="56060" Y="11204" Z="0"/>
					<Vertex X="55898" Y="11123" Z="0"/>
					<Vertex X="55655" Y="11001" Z="0"/>
					<Vertex X="55533" Y="10879" Z="0"/>
					<Vertex X="55411" Y="10839" Z="0"/>
					<Vertex X="55289" Y="10717" Z="0"/>
					<Vertex X="55167" Y="10636" Z="0"/>
					<Vertex X="55005" Y="10514" Z="0"/>
					<Vertex X="54964" Y="10473" Z="0"/>
					<Vertex X="54802" Y="10352" Z="0"/>
					<Vertex X="54680" Y="10270" Z="0"/>
					<Vertex X="54640" Y="10149" Z="0"/>
					<Vertex X="54518" Y="10108" Z="0"/>
					<Vertex X="54396" Y="9986" Z="0"/>
					<Vertex X="54315" Y="9905" Z="0"/>
					<Vertex X="54274" Y="9783" Z="0"/>
					<Vertex X="54153" Y="9743" Z="0"/>
					<Vertex X="54071" Y="9661" Z="0"/>
					<Vertex X="53950" Y="9540" Z="0"/>
					<Vertex X="53787" Y="9418" Z="0"/>
					<Vertex X="53706" Y="9296" Z="0"/>
					<Vertex X="53584" Y="9256" Z="0"/>
					<Vertex X="53462" Y="9174" Z="0"/>
					<Vertex X="53300" Y="9012" Z="0"/>
					<Vertex X="53178" Y="8931" Z="0"/>
					<Vertex X="52975" Y="8890" Z="0"/>
					<Vertex X="52854" Y="8768" Z="0"/>
					<Vertex X="52772" Y="8687" Z="0"/>
					<Vertex X="52569" Y="8647" Z="0"/>
					<Vertex X="52366" Y="8565" Z="0"/>
					<Vertex X="52082" Y="8525" Z="0"/>
					<Vertex X="51960" Y="8444" Z="0"/>
					<Vertex X="51757" Y="8403" Z="0"/>
					<Vertex X="51676" Y="8322" Z="0"/>
					<Vertex X="51473" Y="8281" Z="0"/>
					<Vertex X="51270" Y="8200" Z="0"/>
					<Vertex X="51149" Y="8200" Z="0"/>
					<Vertex X="50905" Y="8159" Z="0"/>
					<Vertex X="50661" Y="8038" Z="0"/>
					<Vertex X="50540" Y="8038" Z="0"/>
					<Vertex X="50377" Y="7957" Z="0"/>
					<Vertex X="50174" Y="7916" Z="0"/>
					<Vertex X="50012" Y="7916" Z="0"/>
					<Vertex X="49809" Y="7835" Z="0"/>
					<Vertex X="49647" Y="7835" Z="0"/>
					<Vertex X="49444" Y="7794" Z="0"/>
					<Vertex X="49281" Y="7794" Z="0"/>
					<Vertex X="49038" Y="7713" Z="0"/>
					<Vertex X="48875" Y="7713" Z="0"/>
					<Vertex X="48591" Y="7713" Z="0"/>
					<Vertex X="48348" Y="7713" Z="0"/>
					<Vertex X="48185" Y="7713" Z="0"/>
					<Vertex X="47942" Y="7713" Z="0"/>
					<Vertex X="47779" Y="7713" Z="0"/>
					<Vertex X="47495" Y="7713" Z="0"/>
					<Vertex X="47211" Y="7713" Z="0"/>
					<Vertex X="46967" Y="7713" Z="0"/>
					<Vertex X="46764" Y="7713" Z="0"/>
					<Vertex X="46602" Y="7713" Z="0"/>
					<Vertex X="46399" Y="7713" Z="0"/>
					<Vertex X="46155" Y="7713" Z="0"/>
					<Vertex X="45993" Y="7794" Z="0"/>
					<Vertex X="45749" Y="7794" Z="0"/>
					<Vertex X="45587" Y="7794" Z="0"/>
					<Vertex X="45384" Y="7794" Z="0"/>
					<Vertex X="45141" Y="7835" Z="0"/>
					<Vertex X="44938" Y="7835" Z="0"/>
					<Vertex X="44816" Y="7835" Z="0"/>
					<Vertex X="44653" Y="7835" Z="0"/>
					<Vertex X="44532" Y="7835" Z="0"/>
					<Vertex X="44329" Y="7835" Z="0"/>
					<Vertex X="44207" Y="7835" Z="0"/>
					<Vertex X="44085" Y="7835" Z="0"/>
					<Vertex X="43963" Y="7835" Z="0"/>
					<Vertex X="43801" Y="7835" Z="0"/>
					<Vertex X="43679" Y="7835" Z="0"/>
					<Vertex X="43557" Y="7794" Z="0"/>
					<Vertex X="43436" Y="7794" Z="0"/>
					<Vertex X="43314" Y="7713" Z="0"/>
					<Vertex X="43192" Y="7672" Z="0"/>
					<Vertex X="43111" Y="7591" Z="0"/>
					<Vertex X="43070" Y="7551" Z="0"/>
					<Vertex X="42948" Y="7429" Z="0"/>
					<Vertex X="42867" Y="7307" Z="0"/>
					<Vertex X="42827" Y="7226" Z="0"/>
					<Vertex X="42745" Y="7104" Z="0"/>
					<Vertex X="42745" Y="7063" Z="0"/>
					<Vertex X="42705" Y="6982" Z="0"/>
					<Vertex X="42624" Y="6860" Z="0"/>
					<Vertex X="42583" Y="6739" Z="0"/>
					<Vertex X="42502" Y="6698" Z="0"/>
					<Vertex X="42502" Y="6617" Z="0"/>
					<Vertex X="42380" Y="6495" Z="0"/>
					<Vertex X="42340" Y="6373" Z="0"/>
					<Vertex X="42218" Y="6333" Z="0"/>
					<Vertex X="42096" Y="6211" Z="0"/>
					<Vertex X="41974" Y="6130" Z="0"/>
					<Vertex X="41852" Y="6008" Z="0"/>
					<Vertex X="41731" Y="5967" Z="0"/>
					<Vertex X="41609" Y="5886" Z="0"/>
					<Vertex X="41487" Y="5846" Z="0"/>
					<Vertex X="41365" Y="5764" Z="0"/>
					<Vertex X="41162" Y="5643" Z="0"/>
					<Vertex X="41041" Y="5602" Z="0"/>
					<Vertex X="40919" Y="5521" Z="0"/>
					<Vertex X="40756" Y="5480" Z="0"/>
					<Vertex X="40635" Y="5399" Z="0"/>
					<Vertex X="40432" Y="5399" Z="0"/>
					<Vertex X="40269" Y="5358" Z="0"/>
					<Vertex X="40147" Y="5277" Z="0"/>
					<Vertex X="39944" Y="5237" Z="0"/>
					<Vertex X="39823" Y="5155" Z="0"/>
					<Vertex X="39660" Y="5155" Z="0"/>
					<Vertex X="39539" Y="5115" Z="0"/>
					<Vertex X="39417" Y="5115" Z="0"/>
					<Vertex X="39214" Y="5034" Z="0"/>
					<Vertex X="39051" Y="4993" Z="0"/>
					<Vertex X="38930" Y="4912" Z="0"/>
					<Vertex X="38808" Y="4912" Z="0"/>
					<Vertex X="38686" Y="4871" Z="0"/>
					<Vertex X="38483" Y="4871" Z="0"/>
					<Vertex X="38361" Y="4871" Z="0"/>
					<Vertex X="38118" Y="4790" Z="0"/>
					<Vertex X="37955" Y="4790" Z="0"/>
					<Vertex X="37834" Y="4750" Z="0"/>
					<Vertex X="37631" Y="4750" Z="0"/>
					<Vertex X="37509" Y="4750" Z="0"/>
					<Vertex X="37265" Y="4668" Z="0"/>
					<Vertex X="37103" Y="4668" Z="0"/>
					<Vertex X="36981" Y="4668" Z="0"/>
					<Vertex X="36778" Y="4668" Z="0"/>
					<Vertex X="36616" Y="4668" Z="0"/>
					<Vertex X="36413" Y="4668" Z="0"/>
					<Vertex X="36250" Y="4668" Z="0"/>
					<Vertex X="36047" Y="4628" Z="0"/>
					<Vertex X="35885" Y="4628" Z="0"/>
					<Vertex X="35682" Y="4628" Z="0"/>
					<Vertex X="35520" Y="4628" Z="0"/>
					<Vertex X="35276" Y="4628" Z="0"/>
					<Vertex X="35073" Y="4628" Z="0"/>
					<Vertex X="34951" Y="4628" Z="0"/>
					<Vertex X="34789" Y="4628" Z="0"/>
					<Vertex X="34545" Y="4628" Z="0"/>
					<Vertex X="34424" Y="4628" Z="0"/>
					<Vertex X="34221" Y="4547" Z="0"/>
					<Vertex X="34099" Y="4547" Z="0"/>
					<Vertex X="33936" Y="4547" Z="0"/>
					<Vertex X="33815" Y="4547" Z="0"/>
					<Vertex X="33612" Y="4547" Z="0"/>
					<Vertex X="33449" Y="4547" Z="0"/>
					<Vertex X="33246" Y="4547" Z="0"/>
					<Vertex X="33125" Y="4547" Z="0"/>
					<Vertex X="33003" Y="4547" Z="0"/>
					<Vertex X="32759" Y="4547" Z="0"/>
					<Vertex X="32637" Y="4506" Z="0"/>
					<Vertex X="32475" Y="4506" Z="0"/>
					<Vertex X="32353" Y="4506" Z="0"/>
					<Vertex X="32232" Y="4425" Z="0"/>
					<Vertex X="32110" Y="4425" Z="0"/>
					<Vertex X="31907" Y="4384" Z="0"/>
					<Vertex X="31785" Y="4303" Z="0"/>
					<Vertex X="31623" Y="4262" Z="0"/>
					<Vertex X="31501" Y="4181" Z="0"/>
					<Vertex X="31379" Y="4141" Z="0"/>
					<Vertex X="31298" Y="4059" Z="0"/>
					<Vertex X="31176" Y="3938" Z="0"/>
					<Vertex X="31054" Y="3816" Z="0"/>
					<Vertex X="31014" Y="3775" Z="0"/>
					<Vertex X="30933" Y="3654" Z="0"/>
					<Vertex X="30892" Y="3572" Z="0"/>
					<Vertex X="30811" Y="3532" Z="0"/>
					<Vertex X="30770" Y="3451" Z="0"/>
					<Vertex X="30689" Y="3410" Z="0"/>
					<Vertex X="30567" Y="3329" Z="0"/>
					<Vertex X="30445" Y="3288" Z="0"/>
					<Vertex X="30324" Y="3288" Z="0"/>
					<Vertex X="30283" Y="3207" Z="0"/>
					<Vertex X="30161" Y="3207" Z="0"/>
					<Vertex X="30039" Y="3207" Z="0"/>
					<Vertex X="29918" Y="3207" Z="0"/>
					<Vertex X="29674" Y="3207" Z="0"/>
					<Vertex X="29552" Y="3207" Z="0"/>
					<Vertex X="29349" Y="3207" Z="0"/>
					<Vertex X="29228" Y="3207" Z="0"/>
					<Vertex X="29065" Y="3288" Z="0"/>
					<Vertex X="28862" Y="3329" Z="0"/>
					<Vertex X="28700" Y="3329" Z="0"/>
					<Vertex X="28456" Y="3410" Z="0"/>
					<Vertex X="28334" Y="3451" Z="0"/>
					<Vertex X="28131" Y="3532" Z="0"/>
					<Vertex X="27969" Y="3572" Z="0"/>
					<Vertex X="27847" Y="3654" Z="0"/>
					<Vertex X="27604" Y="3775" Z="0"/>
					<Vertex X="27482" Y="3816" Z="0"/>
					<Vertex X="27279" Y="3938" Z="0"/>
					<Vertex X="27238" Y="4019" Z="0"/>
					<Vertex X="27117" Y="4141" Z="0"/>
					<Vertex X="26995" Y="4262" Z="0"/>
					<Vertex X="26995" Y="4303" Z="0"/>
					<Vertex X="26914" Y="4425" Z="0"/>
					<Vertex X="26873" Y="4506" Z="0"/>
					<Vertex X="26873" Y="4547" Z="0"/>
					<Vertex X="26873" Y="4628" Z="0"/>
					<Vertex X="26751" Y="4668" Z="0"/>
					<Vertex X="26670" Y="4750" Z="0"/>
					<Vertex X="26629" Y="4790" Z="0"/>
					<Vertex X="26508" Y="4912" Z="0"/>
					<Vertex X="26386" Y="4993" Z="0"/>
					<Vertex X="26142" Y="5034" Z="0"/>
					<Vertex X="25939" Y="5115" Z="0"/>
					<Vertex X="25777" Y="5155" Z="0"/>
					<Vertex X="25655" Y="5237" Z="0"/>
					<Vertex X="25330" Y="5358" Z="0"/>
					<Vertex X="25168" Y="5399" Z="0"/>
					<Vertex X="24965" Y="5521" Z="0"/>
					<Vertex X="24803" Y="5521" Z="0"/>
					<Vertex X="24600" Y="5602" Z="0"/>
					<Vertex X="24356" Y="5643" Z="0"/>
					<Vertex X="24194" Y="5724" Z="0"/>
					<Vertex X="23991" Y="5764" Z="0"/>
					<Vertex X="23869" Y="5846" Z="0"/>
					<Vertex X="23707" Y="5886" Z="0"/>
					<Vertex X="23585" Y="5967" Z="0"/>
					<Vertex X="23463" Y="6008" Z="0"/>
					<Vertex X="23260" Y="6130" Z="0"/>
					<Vertex X="23138" Y="6252" Z="0"/>
					<Vertex X="23017" Y="6373" Z="0"/>
					<Vertex X="22854" Y="6576" Z="0"/>
					<Vertex X="22651" Y="6698" Z="0"/>
					<Vertex X="22489" Y="6820" Z="0"/>
					<Vertex X="22245" Y="6982" Z="0"/>
					<Vertex X="22042" Y="7104" Z="0"/>
					<Vertex X="21880" Y="7226" Z="0"/>
					<Vertex X="21636" Y="7429" Z="0"/>
					<Vertex X="21433" Y="7551" Z="0"/>
					<Vertex X="21271" Y="7672" Z="0"/>
					<Vertex X="21027" Y="7794" Z="0"/>
					<Vertex X="20824" Y="7957" Z="0"/>
					<Vertex X="20581" Y="8200" Z="0"/>
					<Vertex X="20419" Y="8403" Z="0"/>
					<Vertex X="20216" Y="8565" Z="0"/>
					<Vertex X="19972" Y="8809" Z="0"/>
					<Vertex X="19810" Y="9012" Z="0"/>
					<Vertex X="19688" Y="9256" Z="0"/>
					<Vertex X="19485" Y="9418" Z="0"/>
					<Vertex X="19363" Y="9540" Z="0"/>
					<Vertex X="19241" Y="9783" Z="0"/>
					<Vertex X="19201" Y="9905" Z="0"/>
					<Vertex X="19079" Y="10108" Z="0"/>
					<Vertex X="18998" Y="10270" Z="0"/>
					<Vertex X="18957" Y="10352" Z="0"/>
					<Vertex X="18876" Y="10392" Z="0"/>
					<Vertex X="18754" Y="10473" Z="0"/>
					<Vertex X="18714" Y="10473" Z="0"/>
					<Vertex X="18632" Y="10473" Z="0"/>
					<Vertex X="18592" Y="10473" Z="0"/>
					<Vertex X="18389" Y="10473" Z="0"/>
					<Vertex X="18348" Y="10473" Z="0"/>
					<Vertex X="18226" Y="10473" Z="0"/>
					<Vertex X="18023" Y="10514" Z="0"/>
					<Vertex X="17902" Y="10514" Z="0"/>
					<Vertex X="17780" Y="10595" Z="0"/>
					<Vertex X="17618" Y="10717" Z="0"/>
					<Vertex X="17374" Y="10758" Z="0"/>
					<Vertex X="17252" Y="10879" Z="0"/>
					<Vertex X="17049" Y="10961" Z="0"/>
					<Vertex X="16927" Y="11082" Z="0"/>
					<Vertex X="16643" Y="11245" Z="0"/>
					<Vertex X="16440" Y="11366" Z="0"/>
					<Vertex X="16278" Y="11488" Z="0"/>
					<Vertex X="16075" Y="11691" Z="0"/>
					<Vertex X="15791" Y="11935" Z="0"/>
					<Vertex X="15588" Y="12097" Z="0"/>
					<Vertex X="15344" Y="12300" Z="0"/>
					<Vertex X="15182" Y="12544" Z="0"/>
					<Vertex X="14857" Y="12828" Z="0"/>
					<Vertex X="14695" Y="13031" Z="0"/>
					<Vertex X="14451" Y="13274" Z="0"/>
					<Vertex X="14329" Y="13437" Z="0"/>
					<Vertex X="14086" Y="13802" Z="0"/>
					<Vertex X="13883" Y="14005" Z="0"/>
					<Vertex X="13720" Y="14289" Z="0"/>
					<Vertex X="13639" Y="14492" Z="0"/>
					<Vertex X="13517" Y="14776" Z="0"/>
					<Vertex X="13477" Y="14979" Z="0"/>
					<Vertex X="13477" Y="15142" Z="0"/>
					<Vertex X="13477" Y="15385" Z="0"/>
					<Vertex X="13477" Y="15588" Z="0"/>
					<Vertex X="13477" Y="15751" Z="0"/>
					<Vertex X="13477" Y="15954" Z="0"/>
					<Vertex X="13517" Y="16116" Z="0"/>
					<Vertex X="13599" Y="16319" Z="0"/>
					<Vertex X="13720" Y="16481" Z="0"/>
					<Vertex X="13761" Y="16684" Z="0"/>
					<Vertex X="13842" Y="16806" Z="0"/>
					<Vertex X="13964" Y="16928" Z="0"/>
					<Vertex X="14086" Y="17050" Z="0"/>
					<Vertex X="14208" Y="17171" Z="0"/>
					<Vertex X="14370" Y="17293" Z="0"/>
					<Vertex X="14492" Y="17334" Z="0"/>
					<Vertex X="14614" Y="17456" Z="0"/>
					<Vertex X="14857" Y="17577" Z="0"/>
					<Vertex X="15060" Y="17659" Z="0"/>
					<Vertex X="15182" Y="17780" Z="0"/>
					<Vertex X="15344" Y="17983" Z="0"/>
					<Vertex X="15466" Y="18105" Z="0"/>
					<Vertex X="15588" Y="18186" Z="0"/>
					<Vertex X="15791" Y="18349" Z="0"/>
					<Vertex X="15913" Y="18511" Z="0"/>
					<Vertex X="15953" Y="18673" Z="0"/>
					<Vertex X="16075" Y="18795" Z="0"/>
					<Vertex X="16156" Y="19039" Z="0"/>
					<Vertex X="16197" Y="19242" Z="0"/>
					<Vertex X="16278" Y="19404" Z="0"/>
					<Vertex X="16278" Y="19607" Z="0"/>
					<Vertex X="16278" Y="19851" Z="0"/>
					<Vertex X="16278" Y="19972" Z="0"/>
					<Vertex X="16278" Y="20175" Z="0"/>
					<Vertex X="16156" Y="20338" Z="0"/>
					<Vertex X="16075" Y="20460" Z="0"/>
					<Vertex X="16034" Y="20581" Z="0"/>
					<Vertex X="15913" Y="20622" Z="0"/>
					<Vertex X="15791" Y="20744" Z="0"/>
					<Vertex X="15669" Y="20825" Z="0"/>
					<Vertex X="15466" Y="20947" Z="0"/>
					<Vertex X="15344" Y="21069" Z="0"/>
					<Vertex X="15182" Y="21190" Z="0"/>
					<Vertex X="14938" Y="21434" Z="0"/>
					<Vertex X="14735" Y="21596" Z="0"/>
					<Vertex X="14614" Y="21799" Z="0"/>
					<Vertex X="14329" Y="22083" Z="0"/>
					<Vertex X="14126" Y="22286" Z="0"/>
					<Vertex X="14005" Y="22530" Z="0"/>
					<Vertex X="13720" Y="22692" Z="0"/>
					<Vertex X="13599" Y="22895" Z="0"/>
					<Vertex X="13396" Y="23017" Z="0"/>
					<Vertex X="13152" Y="23058" Z="0"/>
					<Vertex X="13030" Y="23058" Z="0"/>
					<Vertex X="12909" Y="23058" Z="0"/>
					<Vertex X="12746" Y="23017" Z="0"/>
					<Vertex X="12543" Y="23017" Z="0"/>
					<Vertex X="12421" Y="22936" Z="0"/>
					<Vertex X="12178" Y="22895" Z="0"/>
					<Vertex X="12015" Y="22814" Z="0"/>
					<Vertex X="11813" Y="22773" Z="0"/>
					<Vertex X="11650" Y="22773" Z="0"/>
					<Vertex X="11447" Y="22773" Z="0"/>
					<Vertex X="11204" Y="22692" Z="0"/>
					<Vertex X="10960" Y="22773" Z="0"/>
					<Vertex X="10676" Y="22814" Z="0"/>
					<Vertex X="10473" Y="22814" Z="0"/>
					<Vertex X="10229" Y="22895" Z="0"/>
					<Vertex X="10067" Y="22936" Z="0"/>
					<Vertex X="9864" Y="22936" Z="0"/>
					<Vertex X="9499" Y="23058" Z="0"/>
					<Vertex X="9336" Y="23139" Z="0"/>
					<Vertex X="9133" Y="23179" Z="0"/>
					<Vertex X="8849" Y="23301" Z="0"/>
					<Vertex X="8606" Y="23382" Z="0"/>
					<Vertex X="8362" Y="23423" Z="0"/>
					<Vertex X="8037" Y="23545" Z="0"/>
					<Vertex X="7794" Y="23626" Z="0"/>
					<Vertex X="7631" Y="23748" Z="0"/>
					<Vertex X="7266" Y="23870" Z="0"/>
					<Vertex X="7063" Y="23910" Z="0"/>
					<Vertex X="6698" Y="24032" Z="0"/>
					<Vertex X="6535" Y="24113" Z="0"/>
					<Vertex X="6210" Y="24235" Z="0"/>
					<Vertex X="6048" Y="24357" Z="0"/>
					<Vertex X="5805" Y="24397" Z="0"/>
					<Vertex X="5480" Y="24519" Z="0"/>
					<Vertex X="5317" Y="24600" Z="0"/>
					<Vertex X="5074" Y="24641" Z="0"/>
					<Vertex X="4871" Y="24722" Z="0"/>
					<Vertex X="4627" Y="24844" Z="0"/>
					<Vertex X="4465" Y="24884" Z="0"/>
					<Vertex X="4343" Y="24966" Z="0"/>
					<Vertex X="4100" Y="25006" Z="0"/>
					<Vertex X="3978" Y="25087" Z="0"/>
					<Vertex X="3775" Y="25209" Z="0"/>
					<Vertex X="3653" Y="25209" Z="0"/>
					<Vertex X="3409" Y="25331" Z="0"/>
					<Vertex X="3288" Y="25372" Z="0"/>
					<Vertex X="3166" Y="25453" Z="0"/>
					<Vertex X="3044" Y="25575" Z="0"/>
					<Vertex X="2922" Y="25615" Z="0"/>
					<Vertex X="2801" Y="25696" Z="0"/>
					<Vertex X="2679" Y="25737" Z="0"/>
					<Vertex X="2557" Y="25859" Z="0"/>
					<Vertex X="2516" Y="25940" Z="0"/>
					<Vertex X="2395" Y="25980" Z="0"/>
					<Vertex X="2313" Y="26062" Z="0"/>
					<Vertex X="2273" Y="26102" Z="0"/>
					<Vertex X="2192" Y="26183" Z="0"/>
					<Vertex X="2192" Y="26224" Z="0"/>
					<Vertex X="2151" Y="26305" Z="0"/>
					<Vertex X="2151" Y="26346" Z="0"/>
					<Vertex X="2192" Y="26427" Z="0"/>
					<Vertex X="2192" Y="26468" Z="0"/>
					<Vertex X="2192" Y="26549" Z="0"/>
					<Vertex X="2273" Y="26671" Z="0"/>
					<Vertex X="2273" Y="26833" Z="0"/>
					<Vertex X="2192" Y="27077" Z="0"/>
					<Vertex X="2151" Y="27401" Z="0"/>
					<Vertex X="2070" Y="27645" Z="0"/>
					<Vertex X="2070" Y="27929" Z="0"/>
					<Vertex X="2029" Y="28173" Z="0"/>
					<Vertex X="1948" Y="28538" Z="0"/>
					<Vertex X="1907" Y="28863" Z="0"/>
					<Vertex X="1907" Y="29147" Z="0"/>
					<Vertex X="1826" Y="29390" Z="0"/>
					<Vertex X="1826" Y="29715" Z="0"/>
					<Vertex X="1826" Y="29959" Z="0"/>
					<Vertex X="1786" Y="30202" Z="0"/>
					<Vertex X="1786" Y="30608" Z="0"/>
					<Vertex X="1786" Y="30852" Z="0"/>
					<Vertex X="1786" Y="31217" Z="0"/>
					<Vertex X="1826" Y="31461" Z="0"/>
					<Vertex X="1826" Y="31907" Z="0"/>
					<Vertex X="1907" Y="32191" Z="0"/>
					<Vertex X="1907" Y="32679" Z="0"/>
					<Vertex X="1907" Y="33003" Z="0"/>
					<Vertex X="1907" Y="33287" Z="0"/>
					<Vertex X="1907" Y="33856" Z="0"/>
					<Vertex X="1907" Y="34140" Z="0"/>
					<Vertex X="1907" Y="34627" Z="0"/>
					<Vertex X="1907" Y="35074" Z="0"/>
					<Vertex X="1907" Y="35358" Z="0"/>
					<Vertex X="1907" Y="35845" Z="0"/>
					<Vertex X="1826" Y="36170" Z="0"/>
					<Vertex X="1826" Y="36576" Z="0"/>
					<Vertex X="1826" Y="36900" Z="0"/>
					<Vertex X="1826" Y="37185" Z="0"/>
					<Vertex X="1826" Y="37550" Z="0"/>
					<Vertex X="1826" Y="37875" Z="0"/>
					<Vertex X="1826" Y="38281" Z="0"/>
					<Vertex X="1786" Y="38565" Z="0"/>
					<Vertex X="1786" Y="38889" Z="0"/>
					<Vertex X="1786" Y="39133" Z="0"/>
					<Vertex X="1704" Y="39498" Z="0"/>
					<Vertex X="1704" Y="39742" Z="0"/>
					<Vertex X="1664" Y="40067" Z="0"/>
					<Vertex X="1664" Y="40229" Z="0"/>
					<Vertex X="1664" Y="40473" Z="0"/>
					<Vertex X="1704" Y="40594" Z="0"/>
					<Vertex X="1704" Y="40797" Z="0"/>
					<Vertex X="1786" Y="40960" Z="0"/>
					<Vertex X="1786" Y="41163" Z="0"/>
					<Vertex X="1786" Y="41325" Z="0"/>
					<Vertex X="1826" Y="41447" Z="0"/>
					<Vertex X="1907" Y="41650" Z="0"/>
					<Vertex X="1907" Y="41772" Z="0"/>
					<Vertex X="1948" Y="41934" Z="0"/>
					<Vertex X="2029" Y="42056" Z="0"/>
					<Vertex X="2070" Y="42137" Z="0"/>
					<Vertex X="2151" Y="42218" Z="0"/>
					<Vertex X="2192" Y="42259" Z="0"/>
					<Vertex X="2273" Y="42299" Z="0"/>
					<Vertex X="2395" Y="42381" Z="0"/>
					<Vertex X="2516" Y="42421" Z="0"/>
					<Vertex X="2638" Y="42502" Z="0"/>
					<Vertex X="2760" Y="42624" Z="0"/>
					<Vertex X="2922" Y="42665" Z="0"/>
					<Vertex X="3166" Y="42746" Z="0"/>
					<Vertex X="3369" Y="42868" Z="0"/>
					<Vertex X="3612" Y="43030" Z="0"/>
					<Vertex X="3856" Y="43152" Z="0"/>
					<Vertex X="4140" Y="43355" Z="0"/>
					<Vertex X="4343" Y="43477" Z="0"/>
					<Vertex X="4708" Y="43598" Z="0"/>
					<Vertex X="5074" Y="43761" Z="0"/>
					<Vertex X="5236" Y="43842" Z="0"/>
					<Vertex X="5561" Y="43964" Z="0"/>
					<Vertex X="5805" Y="44045" Z="0"/>
					<Vertex X="6170" Y="44086" Z="0"/>
					<Vertex X="6332" Y="44126" Z="0"/>
					<Vertex X="6657" Y="44207" Z="0"/>
					<Vertex X="6901" Y="44207" Z="0"/>
					<Vertex X="7185" Y="44207" Z="0"/>
					<Vertex X="7388" Y="44207" Z="0"/>
					<Vertex X="7672" Y="44126" Z="0"/>
					<Vertex X="7875" Y="44126" Z="0"/>
					<Vertex X="8159" Y="44126" Z="0"/>
					<Vertex X="8484" Y="44207" Z="0"/>
					<Vertex X="8727" Y="44207" Z="0"/>
					<Vertex X="9011" Y="44248" Z="0"/>
					<Vertex X="9255" Y="44329" Z="0"/>
					<Vertex X="9702" Y="44451" Z="0"/>
					<Vertex X="9864" Y="44492" Z="0"/>
					<Vertex X="10189" Y="44573" Z="0"/>
					<Vertex X="10351" Y="44573" Z="0"/>
					<Vertex X="10676" Y="44695" Z="0"/>
					<Vertex X="10838" Y="44695" Z="0"/>
					<Vertex X="11163" Y="44816" Z="0"/>
					<Vertex X="11447" Y="44816" Z="0"/>
					<Vertex X="11691" Y="44857" Z="0"/>
					<Vertex X="12015" Y="44938" Z="0"/>
					<Vertex X="12178" Y="44938" Z="0"/>
					<Vertex X="12503" Y="44979" Z="0"/>
					<Vertex X="12665" Y="44979" Z="0"/>
					<Vertex X="12990" Y="45060" Z="0"/>
					<Vertex X="13233" Y="45060" Z="0"/>
					<Vertex X="13599" Y="45141" Z="0"/>
					<Vertex X="13964" Y="45182" Z="0"/>
					<Vertex X="14208" Y="45222" Z="0"/>
					<Vertex X="14573" Y="45344" Z="0"/>
					<Vertex X="14816" Y="45425" Z="0"/>
					<Vertex X="15182" Y="45547" Z="0"/>
					<Vertex X="15425" Y="45588" Z="0"/>
					<Vertex X="15710" Y="45750" Z="0"/>
					<Vertex X="15913" Y="45791" Z="0"/>
					<Vertex X="16197" Y="45912" Z="0"/>
					<Vertex X="16521" Y="46034" Z="0"/>
					<Vertex X="16643" Y="46034" Z="0"/>
					<Vertex X="16887" Y="46156" Z="0"/>
					<Vertex X="17009" Y="46156" Z="0"/>
					<Vertex X="17252" Y="46196" Z="0"/>
					<Vertex X="17496" Y="46359" Z="0"/>
					<Vertex X="17618" Y="46399" Z="0"/>
					<Vertex X="17861" Y="46440" Z="0"/>
					<Vertex X="18023" Y="46521" Z="0"/>
					<Vertex X="18226" Y="46562" Z="0"/>
					<Vertex X="18511" Y="46643" Z="0"/>
					<Vertex X="18714" Y="46684" Z="0"/>
					<Vertex X="18998" Y="46765" Z="0"/>
					<Vertex X="19241" Y="46887" Z="0"/>
					<Vertex X="19444" Y="46887" Z="0"/>
					<Vertex X="19688" Y="47008" Z="0"/>
					<Vertex X="19850" Y="47049" Z="0"/>
					<Vertex X="20094" Y="47130" Z="0"/>
					<Vertex X="20337" Y="47252" Z="0"/>
					<Vertex X="20540" Y="47252" Z="0"/>
					<Vertex X="20784" Y="47293" Z="0"/>
					<Vertex X="20906" Y="47374" Z="0"/>
					<Vertex X="21149" Y="47374" Z="0"/>
					<Vertex X="21352" Y="47414" Z="0"/>
					<Vertex X="21636" Y="47414" Z="0"/>
					<Vertex X="21921" Y="47414" Z="0"/>
					<Vertex X="22124" Y="47414" Z="0"/>
					<Vertex X="22408" Y="47414" Z="0"/>
					<Vertex X="22611" Y="47414" Z="0"/>
					<Vertex X="22895" Y="47414" Z="0"/>
					<Vertex X="23098" Y="47374" Z="0"/>
					<Vertex X="23341" Y="47374" Z="0"/>
					<Vertex X="23625" Y="47374" Z="0"/>
					<Vertex X="23747" Y="47374" Z="0"/>
					<Vertex X="23991" Y="47374" Z="0"/>
					<Vertex X="24234" Y="47374" Z="0"/>
					<Vertex X="24478" Y="47414" Z="0"/>
					<Vertex X="24600" Y="47414" Z="0"/>
					<Vertex X="24722" Y="47496" Z="0"/>
					<Vertex X="24843" Y="47496" Z="0"/>
					<Vertex X="24965" Y="47577" Z="0"/>
					<Vertex X="25168" Y="47617" Z="0"/>
					<Vertex X="25290" Y="47617" Z="0"/>
					<Vertex X="25452" Y="47658" Z="0"/>
					<Vertex X="25655" Y="47739" Z="0"/>
					<Vertex X="25818" Y="47780" Z="0"/>
					<Vertex X="26061" Y="47780" Z="0"/>
					<Vertex X="26345" Y="47861" Z="0"/>
					<Vertex X="26548" Y="47901" Z="0"/>
					<Vertex X="26914" Y="47901" Z="0"/>
					<Vertex X="27279" Y="47901" Z="0"/>
					<Vertex X="27523" Y="47901" Z="0"/>
					<Vertex X="27929" Y="47983" Z="0"/>
					<Vertex X="28131" Y="47983" Z="0"/>
					<Vertex X="28537" Y="47983" Z="0"/>
					<Vertex X="28862" Y="48023" Z="0"/>
					<Vertex X="29106" Y="48023" Z="0"/>
					<Vertex X="29471" Y="48104" Z="0"/>
					<Vertex X="29796" Y="48186" Z="0"/>
					<Vertex X="30039" Y="48226" Z="0"/>
					<Vertex X="30283" Y="48267" Z="0"/>
					<Vertex X="30567" Y="48348" Z="0"/>
					<Vertex X="30770" Y="48389" Z="0"/>
					<Vertex X="31014" Y="48510" Z="0"/>
					<Vertex X="31298" Y="48592" Z="0"/>
					<Vertex X="31501" Y="48632" Z="0"/>
					<Vertex X="31826" Y="48713" Z="0"/>
					<Vertex X="32110" Y="48795" Z="0"/>
					<Vertex X="32353" Y="48795" Z="0"/>
					<Vertex X="32719" Y="48876" Z="0"/>
					<Vertex X="33084" Y="48957" Z="0"/>
					<Vertex X="33409" Y="48998" Z="0"/>
					<Vertex X="33734" Y="49079" Z="0"/>
					<Vertex X="34058" Y="49119" Z="0"/>
					<Vertex X="34464" Y="49200" Z="0"/>
					<Vertex X="34951" Y="49322" Z="0"/>
					<Vertex X="35276" Y="49403" Z="0"/>
					<Vertex X="35763" Y="49444" Z="0"/>
					<Vertex X="36047" Y="49485" Z="0"/>
					<Vertex X="36535" Y="49566" Z="0"/>
					<Vertex X="37022" Y="49688" Z="0"/>
					<Vertex X="37468" Y="49728" Z="0"/>
					<Vertex X="37955" Y="49850" Z="0"/>
					<Vertex X="38240" Y="49931" Z="0"/>
					<Vertex X="38686" Y="50053" Z="0"/>
					<Vertex X="39092" Y="50094" Z="0"/>
					<Vertex X="39417" Y="50175" Z="0"/>
					<Vertex X="39823" Y="50215" Z="0"/>
					<Vertex X="40107" Y="50297" Z="0"/>
					<Vertex X="40513" Y="50337" Z="0"/>
					<Vertex X="40878" Y="50337" Z="0"/>
					<Vertex X="41203" Y="50418" Z="0"/>
					<Vertex X="41528" Y="50459" Z="0"/>
					<Vertex X="41812" Y="50540" Z="0"/>
					<Vertex X="42137" Y="50621" Z="0"/>
					<Vertex X="42543" Y="50662" Z="0"/>
					<Vertex X="42745" Y="50662" Z="0"/>
					<Vertex X="43192" Y="50702" Z="0"/>
					<Vertex X="43436" Y="50702" Z="0"/>
					<Vertex X="43801" Y="50702" Z="0"/>
					<Vertex X="44247" Y="50702" Z="0"/>
					<Vertex X="44491" Y="50702" Z="0"/>
					<Vertex X="44816" Y="50784" Z="0"/>
					<Vertex X="45222" Y="50784" Z="0"/>
					<Vertex X="45465" Y="50784" Z="0"/>
					<Vertex X="45709" Y="50784" Z="0"/>
					<Vertex X="45993" Y="50824" Z="0"/>
					<Vertex X="46196" Y="50824" Z="0"/>
					<Vertex X="46358" Y="50824" Z="0"/>
					<Vertex X="46561" Y="50905" Z="0"/>
					<Vertex X="46724" Y="50905" Z="0"/>
					<Vertex X="46886" Y="50905" Z="0"/>
					<Vertex X="47089" Y="50946" Z="0"/>
					<Vertex X="47333" Y="50946" Z="0"/>
					<Vertex X="47576" Y="50946" Z="0"/>
					<Vertex X="47820" Y="50905" Z="0"/>
					<Vertex X="48104" Y="50905" Z="0"/>
					<Vertex X="48429" Y="50905" Z="0"/>
					<Vertex X="48672" Y="50824" Z="0"/>
					<Vertex X="49038" Y="50784" Z="0"/>
					<Vertex X="49403" Y="50784" Z="0"/>
					<Vertex X="49606" Y="50702" Z="0"/>
					<Vertex X="50012" Y="50702" Z="0"/>
					<Vertex X="50377" Y="50702" Z="0"/>
					<Vertex X="50743" Y="50662" Z="0"/>
					<Vertex X="51027" Y="50662" Z="0"/>
					<Vertex X="51473" Y="50621" Z="0"/>
					<Vertex X="51839" Y="50621" Z="0"/>
					<Vertex X="52204" Y="50540" Z="0"/>
					<Vertex X="52488" Y="50540" Z="0"/>
					<Vertex X="52935" Y="50540" Z="0"/>
					<Vertex X="53300" Y="50459" Z="0"/>
					<Vertex X="53544" Y="50459" Z="0"/>
					<Vertex X="53990" Y="50418" Z="0"/>
					<Vertex X="54315" Y="50418" Z="0"/>
					<Vertex X="54558" Y="50418" Z="0"/>
					<Vertex X="54964" Y="50418" Z="0"/>
					<Vertex X="55330" Y="50337" Z="0"/>
					<Vertex X="55573" Y="50337" Z="0"/>
					<Vertex X="55898" Y="50337" Z="0"/>
					<Vertex X="56345" Y="50337" Z="0"/>
					<Vertex X="56507" Y="50337" Z="0"/>
					<Vertex X="56872" Y="50297" Z="0"/>
					<Vertex X="57197" Y="50297" Z="0"/>
					<Vertex X="57522" Y="50297" Z="0"/>
					<Vertex X="57806" Y="50297" Z="0"/>
					<Vertex X="58090" Y="50215" Z="0"/>
					<Vertex X="58496" Y="50215" Z="0"/>
					<Vertex X="58699" Y="50175" Z="0"/>
					<Vertex X="59267" Y="50175" Z="0"/>
					<Vertex X="59470" Y="50175" Z="0"/>
					<Vertex X="59795" Y="50094" Z="0"/>
					<Vertex X="60120" Y="50094" Z="0"/>
					<Vertex X="60485" Y="50094" Z="0"/>
					<Vertex X="60729" Y="50094" Z="0"/>
					<Vertex X="60972" Y="50094" Z="0"/>
					<Vertex X="61257" Y="50053" Z="0"/>
					<Vertex X="61581" Y="50053" Z="0"/>
					<Vertex X="61784" Y="50053" Z="0"/>
					<Vertex X="62068" Y="50012" Z="0"/>
					<Vertex X="62434" Y="50012" Z="0"/>
					<Vertex X="62799" Y="50012" Z="0"/>
					<Vertex X="63083" Y="50012" Z="0"/>
					<Vertex X="63570" Y="49931" Z="0"/>
					<Vertex X="64098" Y="49931" Z="0"/>
					<Vertex X="64464" Y="49931" Z="0"/>
					<Vertex X="64951" Y="49850" Z="0"/>
					<Vertex X="65478" Y="49850" Z="0"/>
					<Vertex X="66047" Y="49809" Z="0"/>
					<Vertex X="66493" Y="49809" Z="0"/>
					<Vertex X="66980" Y="49728" Z="0"/>
					<Vertex X="67265" Y="49688" Z="0"/>
					<Vertex X="67589" Y="49606" Z="0"/>
					<Vertex X="67955" Y="49606" Z="0"/>
					<Vertex X="68279" Y="49566" Z="0"/>
					<Vertex X="68482" Y="49566" Z="0"/>
					<Vertex X="68645" Y="49485" Z="0"/>
					<Vertex X="68767" Y="49485" Z="0"/>
					<Vertex X="68929" Y="49444" Z="0"/>
					<Vertex X="69051" Y="49403" Z="0"/>
					<Vertex X="69254" Y="49322" Z="0"/>
					<Vertex X="69497" Y="49322" Z="0"/>
					<Vertex X="69741" Y="49241" Z="0"/>
					<Vertex X="69903" Y="49200" Z="0"/>
					<Vertex X="70106" Y="49119" Z="0"/>
					<Vertex X="70350" Y="48998" Z="0"/>
					<Vertex X="70440" Y="49049" Z="0"/>
					<Vertex X="70479" Y="49049" Z="0"/>
					<Vertex X="70499" Y="49029" Z="0"/>
					<Vertex X="70499" Y="49049" Z="0"/>
					<Vertex X="70539" Y="49088" Z="0"/>
					<Vertex X="70559" Y="49088" Z="0"/>
					<Vertex X="70618" Y="49088" Z="0"/>
					<Vertex X="70678" Y="49088" Z="0"/>
					<Vertex X="70737" Y="49049" Z="0"/>
					<Vertex X="70797" Y="49029" Z="0"/>
					<Vertex X="70856" Y="48969" Z="0"/>
					<Vertex X="70916" Y="48910" Z="0"/>
					<Vertex X="70975" Y="48850" Z="0"/>
					<Vertex X="70975" Y="48751" Z="0"/>
					<Vertex X="71015" Y="48692" Z="0"/>
					<Vertex X="71034" Y="48632" Z="0"/>
					<Vertex X="71074" Y="48553" Z="0"/>
					<Vertex X="71074" Y="48434" Z="0"/>
					<Vertex X="71074" Y="48335" Z="0"/>
					<Vertex X="71074" Y="48196" Z="0"/>
					<Vertex X="71034" Y="48057" Z="0"/>
					<Vertex X="71034" Y="47899" Z="0"/>
					<Vertex X="71015" Y="47740" Z="0"/>
					<Vertex X="70975" Y="47601" Z="0"/>
					<Vertex X="70975" Y="47443" Z="0"/>
					<Vertex X="70975" Y="47364" Z="0"/>
					<Vertex X="71015" Y="47205" Z="0"/>
					<Vertex X="71015" Y="47086" Z="0"/>
					<Vertex X="71034" Y="46908" Z="0"/>
					<Vertex X="71074" Y="46828" Z="0"/>
					<Vertex X="71134" Y="46650" Z="0"/>
					<Vertex X="71213" Y="46491" Z="0"/>
					<Vertex X="71312" Y="46412" Z="0"/>
					<Vertex X="71431" Y="46293" Z="0"/>
					<Vertex X="71490" Y="46194" Z="0"/>
					<Vertex X="71570" Y="46075" Z="0"/>
					<Vertex X="71689" Y="45996" Z="0"/>
					<Vertex X="71788" Y="45936" Z="0"/>
					<Vertex X="71907" Y="45837" Z="0"/>
					<Vertex X="72046" Y="45758" Z="0"/>
					<Vertex X="72165" Y="45698" Z="0"/>
					<Vertex X="72343" Y="45540" Z="0"/>
					<Vertex X="72561" Y="45460" Z="0"/>
					<Vertex X="72680" Y="45361" Z="0"/>
					<Vertex X="72858" Y="45242" Z="0"/>
					<Vertex X="73057" Y="45163" Z="0"/>
					<Vertex X="73215" Y="45123" Z="0"/>
					<Vertex X="73414" Y="45044" Z="0"/>
					<Vertex X="73532" Y="45024" Z="0"/>
					<Vertex X="73711" Y="44945" Z="0"/>
					<Vertex X="73889" Y="44885" Z="0"/>
					<Vertex X="74008" Y="44885" Z="0"/>
					<Vertex X="74167" Y="44885" Z="0"/>
					<Vertex X="74306" Y="44885" Z="0"/>
					<Vertex X="74405" Y="44925" Z="0"/>
					<Vertex X="74583" Y="44945" Z="0"/>
					<Vertex X="74722" Y="45024" Z="0"/>
					<Vertex X="74821" Y="45064" Z="0"/>
					<Vertex X="74960" Y="45123" Z="0"/>
					<Vertex X="75138" Y="45222" Z="0"/>
					<Vertex X="75237" Y="45282" Z="0"/>
					<Vertex X="75356" Y="45361" Z="0"/>
					<Vertex X="75475" Y="45480" Z="0"/>
					<Vertex X="75594" Y="45639" Z="0"/>
					<Vertex X="75674" Y="45718" Z="0"/>
					<Vertex X="75793" Y="45837" Z="0"/>
					<Vertex X="75912" Y="45996" Z="0"/>
					<Vertex X="76011" Y="46075" Z="0"/>
					<Vertex X="76130" Y="46194" Z="0"/>
					<Vertex X="76249" Y="46293" Z="0"/>
					<Vertex X="76368" Y="46412" Z="0"/>
					<Vertex X="76447" Y="46432" Z="0"/>
					<Vertex X="76566" Y="46531" Z="0"/>
					<Vertex X="76665" Y="46590" Z="0"/>
					<Vertex X="76744" Y="46650" Z="0"/>
					<Vertex X="76843" Y="46709" Z="0"/>
					<Vertex X="76923" Y="46729" Z="0"/>
					<Vertex X="77042" Y="46769" Z="0"/>
					<Vertex X="77161" Y="46769" Z="0"/>
					<Vertex X="77260" Y="46769" Z="0"/>
					<Vertex X="77379" Y="46769" Z="0"/>
					<Vertex X="77458" Y="46729" Z="0"/>
					<Vertex X="77617" Y="46709" Z="0"/>
					<Vertex X="77696" Y="46650" Z="0"/>
					<Vertex X="77854" Y="46590" Z="0"/>
					<Vertex X="77934" Y="46491" Z="0"/>
					<Vertex X="78033" Y="46471" Z="0"/>
					<Vertex X="78172" Y="46352" Z="0"/>
					<Vertex X="78231" Y="46293" Z="0"/>
					<Vertex X="78350" Y="46174" Z="0"/>
					<Vertex X="78410" Y="46075" Z="0"/>
					<Vertex X="78509" Y="45956" Z="0"/>
					<Vertex X="78568" Y="45877" Z="0"/>
					<Vertex X="78628" Y="45837" Z="0"/>
					<Vertex X="78747" Y="45758" Z="0"/>
					<Vertex X="78806" Y="45698" Z="0"/>
					<Vertex X="78866" Y="45659" Z="0"/>
					<Vertex X="78945" Y="45639" Z="0"/>
					<Vertex X="79044" Y="45599" Z="0"/>
					<Vertex X="79123" Y="45540" Z="0"/>
					<Vertex X="79242" Y="45480" Z="0"/>
					<Vertex X="79302" Y="45460" Z="0"/>
					<Vertex X="79421" Y="45421" Z="0"/>
					<Vertex X="79540" Y="45401" Z="0"/>
					<Vertex X="79599" Y="45361" Z="0"/>
					<Vertex X="79718" Y="45361" Z="0"/>
					<Vertex X="79817" Y="45361" Z="0"/>
					<Vertex X="79877" Y="45401" Z="0"/>
					<Vertex X="79956" Y="45421" Z="0"/>
					<Vertex X="80055" Y="45460" Z="0"/>
					<Vertex X="80115" Y="45480" Z="0"/>
					<Vertex X="80194" Y="45540" Z="0"/>
					<Vertex X="80253" Y="45579" Z="0"/>
					<Vertex X="80352" Y="45659" Z="0"/>
					<Vertex X="80412" Y="45698" Z="0"/>
					<Vertex X="80491" Y="45777" Z="0"/>
					<Vertex X="80590" Y="45837" Z="0"/>
					<Vertex X="80670" Y="45956" Z="0"/>
					<Vertex X="80729" Y="46015" Z="0"/>
					<Vertex X="80789" Y="46114" Z="0"/>
					<Vertex X="80888" Y="46233" Z="0"/>
					<Vertex X="80947" Y="46352" Z="0"/>
					<Vertex X="81007" Y="46412" Z="0"/>
					<Vertex X="81066" Y="46491" Z="0"/>
					<Vertex X="81126" Y="46531" Z="0"/>
					<Vertex X="81185" Y="46590" Z="0"/>
					<Vertex X="81264" Y="46650" Z="0"/>
					<Vertex X="81324" Y="46670" Z="0"/>
					<Vertex X="81443" Y="46670" Z="0"/>
					<Vertex X="81542" Y="46670" Z="0"/>
					<Vertex X="81601" Y="46650" Z="0"/>
					<Vertex X="81720" Y="46610" Z="0"/>
					<Vertex X="81780" Y="46610" Z="0"/>
					<Vertex X="81919" Y="46551" Z="0"/>
					<Vertex X="82038" Y="46491" Z="0"/>
					<Vertex X="82137" Y="46432" Z="0"/>
					<Vertex X="82276" Y="46372" Z="0"/>
					<Vertex X="82335" Y="46352" Z="0"/>
					<Vertex X="82434" Y="46253" Z="0"/>
					<Vertex X="82494" Y="46194" Z="0"/>
					<Vertex X="82553" Y="46134" Z="0"/>
					<Vertex X="82613" Y="46075" Z="0"/>
					<Vertex X="82632" Y="45996" Z="0"/>
					<Vertex X="82692" Y="45936" Z="0"/>
					<Vertex X="82791" Y="45837" Z="0"/>
					<Vertex X="82811" Y="45758" Z="0"/>
					<Vertex X="82870" Y="45639" Z="0"/>
					<Vertex X="82910" Y="45540" Z="0"/>
					<Vertex X="82930" Y="45401" Z="0"/>
					<Vertex X="82969" Y="45302" Z="0"/>
					<Vertex X="83029" Y="45183" Z="0"/>
					<Vertex X="83049" Y="45103" Z="0"/>
					<Vertex X="83088" Y="44984" Z="0"/>
					<Vertex X="83108" Y="44865" Z="0"/>
					<Vertex X="83108" Y="44806" Z="0"/>
					<Vertex X="83148" Y="44707" Z="0"/>
					<Vertex X="83207" Y="44588" Z="0"/>
					<Vertex X="83227" Y="44449" Z="0"/>
					<Vertex X="83227" Y="44350" Z="0"/>
					<Vertex X="83386" Y="44092" Z="0"/>
					<Vertex X="84754" Y="43438" Z="0"/>
					<Vertex X="84761" Y="43436" Z="0"/>
					<Vertex X="85086" Y="43517" Z="0"/>
					<Vertex X="85207" Y="43598" Z="0"/>
					<Vertex X="85451" Y="43720" Z="0"/>
					<Vertex X="85613" Y="43761" Z="0"/>
					<Vertex X="85816" Y="43761" Z="0"/>
					<Vertex X="86100" Y="43761" Z="0"/>
					<Vertex X="86344" Y="43720" Z="0"/>
					<Vertex X="86588" Y="43598" Z="0"/>
					<Vertex X="86831" Y="43517" Z="0"/>
					<Vertex X="87075" Y="43355" Z="0"/>
					<Vertex X="87318" Y="43152" Z="0"/>
					<Vertex X="87521" Y="42990" Z="0"/>
					<Vertex X="87684" Y="42746" Z="0"/>
					<Vertex X="87887" Y="42421" Z="0"/>
					<Vertex X="88008" Y="42259" Z="0"/>
					<Vertex X="88130" Y="42015" Z="0"/>
					<Vertex X="88252" Y="41650" Z="0"/>
					<Vertex X="88292" Y="41528" Z="0"/>
					<Vertex X="88414" Y="41285" Z="0"/>
					<Vertex X="88739" Y="41041" Z="0"/>
					<Vertex X="88901" Y="40919" Z="0"/>
					<Vertex X="89145" Y="40716" Z="0"/>
					<Vertex X="89470" Y="40635" Z="0"/>
					<Vertex X="89713" Y="40473" Z="0"/>
					<Vertex X="89997" Y="40432" Z="0"/>
					<Vertex X="90322" Y="40310" Z="0"/>
					<Vertex X="90606" Y="40310" Z="0"/>
					<Vertex X="90809" Y="40270" Z="0"/>
					<Vertex X="91053" Y="40310" Z="0"/>
					<Vertex X="91175" Y="40351" Z="0"/>
					<Vertex X="91337" Y="40473" Z="0"/>
					<Vertex X="91459" Y="40554" Z="0"/>
					<Vertex X="91662" Y="40676" Z="0"/>
					<Vertex X="91784" Y="40716" Z="0"/>
					<Vertex X="91905" Y="40676" Z="0"/>
					<Vertex X="92068" Y="40554" Z="0"/>
					<Vertex X="92271" Y="40432" Z="0"/>
					<Vertex X="92433" Y="40310" Z="0"/>
					<Vertex X="92636" Y="40107" Z="0"/>
					<Vertex X="92798" Y="39945" Z="0"/>
					<Vertex X="92920" Y="39701" Z="0"/>
					<Vertex X="93001" Y="39498" Z="0"/>
					<Vertex X="93123" Y="39214" Z="0"/>
					<Vertex X="93164" Y="38971" Z="0"/>
					<Vertex X="93164" Y="38646" Z="0"/>
					<Vertex X="93164" Y="38443" Z="0"/>
					<Vertex X="93164" Y="38118" Z="0"/>
					<Vertex X="93123" Y="37875" Z="0"/>
					<Vertex X="93042" Y="37590" Z="0"/>
					<Vertex X="93001" Y="37266" Z="0"/>
					<Vertex X="92880" Y="36900" Z="0"/>
					<Vertex X="92798" Y="36697" Z="0"/>
					<Vertex X="92677" Y="36332" Z="0"/>
					<Vertex X="92555" Y="35967" Z="0"/>
					<Vertex X="92514" Y="35683" Z="0"/>
					<Vertex X="92433" Y="35358" Z="0"/>
					<Vertex X="92433" Y="35155" Z="0"/>
					<Vertex X="92433" Y="34871" Z="0"/>
					<Vertex X="92433" Y="34668" Z="0"/>
					<Vertex X="92433" Y="34465" Z="0"/>
					<Vertex X="92514" Y="34221" Z="0"/>
					<Vertex X="92514" Y="33978" Z="0"/>
					<Vertex X="92433" Y="33775" Z="0"/>
					<Vertex X="92433" Y="33531" Z="0"/>
					<Vertex X="92433" Y="33328" Z="0"/>
					<Vertex X="92393" Y="33044" Z="0"/>
					<Vertex X="92311" Y="32800" Z="0"/>
					<Vertex X="92271" Y="32557" Z="0"/>
					<Vertex X="92271" Y="32273" Z="0"/>
					<Vertex X="92190" Y="32029" Z="0"/>
					<Vertex X="92190" Y="31785" Z="0"/>
					<Vertex X="92149" Y="31420" Z="0"/>
					<Vertex X="92149" Y="31177" Z="0"/>
					<Vertex X="92149" Y="30933" Z="0"/>
					<Vertex X="92149" Y="30730" Z="0"/>
					<Vertex X="92149" Y="30486" Z="0"/>
					<Vertex X="92149" Y="30324" Z="0"/>
					<Vertex X="92149" Y="30121" Z="0"/>
					<Vertex X="92149" Y="29959" Z="0"/>
					<Vertex X="92190" Y="29756" Z="0"/>
					<Vertex X="92190" Y="29593" Z="0"/>
					<Vertex X="92190" Y="29390" Z="0"/>
					<Vertex X="92190" Y="29228" Z="0"/>
					<Vertex X="92190" Y="28984" Z="0"/>
					<Vertex X="92190" Y="28741" Z="0"/>
					<Vertex X="92190" Y="28579" Z="0"/>
					<Vertex X="92190" Y="28294" Z="0"/>
					<Vertex X="92190" Y="28091" Z="0"/>
					<Vertex X="92190" Y="27848" Z="0"/>
					<Vertex X="92149" Y="27523" Z="0"/>
					<Vertex X="92149" Y="27279" Z="0"/>
					<Vertex X="92149" Y="26955" Z="0"/>
					<Vertex X="92149" Y="26711" Z="0"/>
					<Vertex X="92149" Y="26549" Z="0"/>
					<Vertex X="92068" Y="26346" Z="0"/>
					<Vertex X="92068" Y="26183" Z="0"/>
					<Vertex X="92027" Y="25980" Z="0"/>
					<Vertex X="91946" Y="25940" Z="0"/>
					<Vertex X="91905" Y="25899" Z="0"/>
					<Vertex X="91824" Y="25899" Z="0"/>
					<Vertex X="91702" Y="25940" Z="0"/>
					<Vertex X="91581" Y="25980" Z="0"/>
					<Vertex X="91418" Y="25980" Z="0"/>
					<Vertex X="91296" Y="25980" Z="0"/>
					<Vertex X="91175" Y="25940" Z="0"/>
					<Vertex X="91053" Y="25940" Z="0"/>
					<Vertex X="90931" Y="25818" Z="0"/>
					<Vertex X="90809" Y="25696" Z="0"/>
					<Vertex X="90688" Y="25575" Z="0"/>
					<Vertex X="90606" Y="25453" Z="0"/>
					<Vertex X="90566" Y="25250" Z="0"/>
					<Vertex X="90566" Y="25087" Z="0"/>
					<Vertex X="90485" Y="24966" Z="0"/>
					<Vertex X="90566" Y="24722" Z="0"/>
					<Vertex X="90566" Y="24519" Z="0"/>
					<Vertex X="90606" Y="24438" Z="0"/>
					<Vertex X="90606" Y="24235" Z="0"/>
					<Vertex X="90728" Y="23991" Z="0"/>
					<Vertex X="90809" Y="23829" Z="0"/>
					<Vertex X="90850" Y="23585" Z="0"/>
					<Vertex X="90972" Y="23261" Z="0"/>
					<Vertex X="91053" Y="23017" Z="0"/>
					<Vertex X="91053" Y="22814" Z="0"/>
					<Vertex X="91093" Y="22652" Z="0"/>
					<Vertex X="91175" Y="22489" Z="0"/>
					<Vertex X="91296" Y="22165" Z="0"/>
					<Vertex X="91296" Y="22002" Z="0"/>
					<Vertex X="91337" Y="21799" Z="0"/>
					<Vertex X="91418" Y="21596" Z="0"/>
					<Vertex X="91418" Y="21434" Z="0"/>
					<Vertex X="91459" Y="21312" Z="0"/>
					<Vertex X="91459" Y="21150" Z="0"/>
					<Vertex X="91459" Y="20866" Z="0"/>
					<Vertex X="91459" Y="20663" Z="0"/>
					<Vertex X="91459" Y="20419" Z="0"/>
					<Vertex X="91418" Y="20175" Z="0"/>
					<Vertex X="91337" Y="19932" Z="0"/>
					<Vertex X="91215" Y="19607" Z="0"/>
					<Vertex X="91175" Y="19323" Z="0"/>
					<Vertex X="91093" Y="19039" Z="0"/>
					<Vertex X="91053" Y="18836" Z="0"/>
					<Vertex X="90972" Y="18511" Z="0"/>
					<Vertex X="90931" Y="18227" Z="0"/>
					<Vertex X="90850" Y="17943" Z="0"/>
					<Vertex X="90809" Y="17537" Z="0"/>
					<Vertex X="90728" Y="17293" Z="0"/>
					<Vertex X="90606" Y="17009" Z="0"/>
					<Vertex X="90566" Y="16766" Z="0"/>
					<Vertex X="90485" Y="16481" Z="0"/>
					<Vertex X="90363" Y="16319" Z="0"/>
					<Vertex X="90322" Y="16075" Z="0"/>
					<Vertex X="90200" Y="15872" Z="0"/>
					<Vertex X="90119" Y="15710" Z="0"/>
					<Vertex X="89997" Y="15466" Z="0"/>
					<Vertex X="89957" Y="15182" Z="0"/>
					<Vertex X="89876" Y="14939" Z="0"/>
					<Vertex X="89835" Y="14655" Z="0"/>
					<Vertex X="89754" Y="14249" Z="0"/>
					<Vertex X="89713" Y="14005" Z="0"/>
					<Vertex X="89713" Y="13680" Z="0"/>
					<Vertex X="89713" Y="13477" Z="0"/>
					<Vertex X="89754" Y="13031" Z="0"/>
					<Vertex X="89754" Y="12747" Z="0"/>
					<Vertex X="89754" Y="12422" Z="0"/>
					<Vertex X="89754" Y="12057" Z="0"/>
					<Vertex X="89835" Y="11813" Z="0"/>
					<Vertex X="89835" Y="11569" Z="0"/>
					<Vertex X="89835" Y="11204" Z="0"/>
					<Vertex X="89754" Y="10961" Z="0"/>
					<Vertex X="89754" Y="10717" Z="0"/>
					<Vertex X="89754" Y="10392" Z="0"/>
					<Vertex X="89754" Y="10108" Z="0"/>
					<Vertex X="89754" Y="9864" Z="0"/>
					<Vertex X="89754" Y="9499" Z="0"/>
					<Vertex X="89713" Y="9256" Z="0"/>
					<Vertex X="89713" Y="8931" Z="0"/>
					<Vertex X="89713" Y="8647" Z="0"/>
					<Vertex X="89713" Y="8403" Z="0"/>
					<Vertex X="89713" Y="8159" Z="0"/>
					<Vertex X="89713" Y="7835" Z="0"/>
					<Vertex X="89713" Y="7551" Z="0"/>
					<Vertex X="89713" Y="7348" Z="0"/>
					<Vertex X="89713" Y="7104" Z="0"/>
					<Vertex X="89713" Y="6982" Z="0"/>
					<Vertex X="89713" Y="6860" Z="0"/>
					<Vertex X="89713" Y="6698" Z="0"/>
					<Vertex X="89632" Y="6576" Z="0"/>
					<Vertex X="89632" Y="6373" Z="0"/>
					<Vertex X="89592" Y="6130" Z="0"/>
					<Vertex X="89592" Y="6008" Z="0"/>
					<Vertex X="89592" Y="5846" Z="0"/>
					<Vertex X="89510" Y="5683" Z="0"/>
					<Vertex X="89510" Y="5480" Z="0"/>
					<Vertex X="89510" Y="5358" Z="0"/>
					<Vertex X="89470" Y="5115" Z="0"/>
					<Vertex X="89470" Y="4993" Z="0"/>
					<Vertex X="89470" Y="4871" Z="0"/>
					<Vertex X="89470" Y="4668" Z="0"/>
					<Vertex X="89470" Y="4628" Z="0"/>
					<Vertex X="89470" Y="4506" Z="0"/>
					<Vertex X="89470" Y="4425" Z="0"/>
					<Vertex X="89389" Y="4303" Z="0"/>
					<Vertex X="89389" Y="4262" Z="0"/>
					<Vertex X="89348" Y="4181" Z="0"/>
					<Vertex X="89348" Y="4019" Z="0"/>
					<Vertex X="89267" Y="3938" Z="0"/>
					<Vertex X="89267" Y="3856" Z="0"/>
					<Vertex X="89226" Y="3694" Z="0"/>
					<Vertex X="89226" Y="3654" Z="0"/>
					<Vertex X="89145" Y="3572" Z="0"/>
					<Vertex X="89145" Y="3451" Z="0"/>
					<Vertex X="89145" Y="3410" Z="0"/>
					<Vertex X="89104" Y="3329" Z="0"/>
					<Vertex X="89104" Y="3288" Z="0"/>
					<Vertex X="89023" Y="3207" Z="0"/>
					<Vertex X="88983" Y="3288" Z="0"/>
					<Vertex X="88983" Y="3207" Z="0"/>
					<Vertex X="88901" Y="3085" Z="0"/>
					<Vertex X="88901" Y="3085" Z="0"/>
				</Vertices>
			</Region>
			<Region Id="2" Type="0" Zoom="0.050000" Selected="0" ImageLocation="" ImageFocus="-1" Length="11017.1" Area="6306422.5" LengthMicrons="2778.5" AreaMicrons="401119.0" Text="" NegativeROA="0" InputRegionId="0" Analyze="1" DisplayId="2">
				<Attributes/>
				<Vertices>
					<Vertex X="91871" Y="43934" Z="0"/>
					<Vertex X="90404" Y="44588" Z="0"/>
					<Vertex X="90285" Y="44667" Z="0"/>
					<Vertex X="90107" Y="44806" Z="0"/>
					<Vertex X="89988" Y="44885" Z="0"/>
					<Vertex X="89789" Y="45004" Z="0"/>
					<Vertex X="89670" Y="45103" Z="0"/>
					<Vertex X="89552" Y="45183" Z="0"/>
					<Vertex X="89373" Y="45302" Z="0"/>
					<Vertex X="89254" Y="45401" Z="0"/>
					<Vertex X="89135" Y="45460" Z="0"/>
					<Vertex X="88957" Y="45579" Z="0"/>
					<Vertex X="88838" Y="45659" Z="0"/>
					<Vertex X="88739" Y="45718" Z="0"/>
					<Vertex X="88640" Y="45777" Z="0"/>
					<Vertex X="88521" Y="45857" Z="0"/>
					<Vertex X="88441" Y="45896" Z="0"/>
					<Vertex X="88342" Y="45996" Z="0"/>
					<Vertex X="88223" Y="46075" Z="0"/>
					<Vertex X="88144" Y="46174" Z="0"/>
					<Vertex X="88084" Y="46233" Z="0"/>
					<Vertex X="88025" Y="46313" Z="0"/>
					<Vertex X="87985" Y="46372" Z="0"/>
					<Vertex X="87985" Y="46452" Z="0"/>
					<Vertex X="87985" Y="46511" Z="0"/>
					<Vertex X="87985" Y="46590" Z="0"/>
					<Vertex X="87985" Y="46650" Z="0"/>
					<Vertex X="88065" Y="46749" Z="0"/>
					<Vertex X="88084" Y="46789" Z="0"/>
					<Vertex X="88144" Y="46848" Z="0"/>
					<Vertex X="88263" Y="46888" Z="0"/>
					<Vertex X="88342" Y="46908" Z="0"/>
					<Vertex X="88441" Y="46908" Z="0"/>
					<Vertex X="88560" Y="46908" Z="0"/>
					<Vertex X="88719" Y="46908" Z="0"/>
					<Vertex X="88798" Y="46908" Z="0"/>
					<Vertex X="88917" Y="46908" Z="0"/>
					<Vertex X="89056" Y="46908" Z="0"/>
					<Vertex X="89195" Y="46908" Z="0"/>
					<Vertex X="89333" Y="46908" Z="0"/>
					<Vertex X="89512" Y="46888" Z="0"/>
					<Vertex X="89670" Y="46848" Z="0"/>
					<Vertex X="89789" Y="46848" Z="0"/>
					<Vertex X="89928" Y="46848" Z="0"/>
					<Vertex X="90027" Y="46828" Z="0"/>
					<Vertex X="90126" Y="46789" Z="0"/>
					<Vertex X="90226" Y="46789" Z="0"/>
					<Vertex X="90325" Y="46769" Z="0"/>
					<Vertex X="90424" Y="46749" Z="0"/>
					<Vertex X="90523" Y="46709" Z="0"/>
					<Vertex X="90582" Y="46670" Z="0"/>
					<Vertex X="90701" Y="46650" Z="0"/>
					<Vertex X="90801" Y="46590" Z="0"/>
					<Vertex X="90880" Y="46551" Z="0"/>
					<Vertex X="90999" Y="46511" Z="0"/>
					<Vertex X="91098" Y="46471" Z="0"/>
					<Vertex X="91157" Y="46452" Z="0"/>
					<Vertex X="91237" Y="46352" Z="0"/>
					<Vertex X="91296" Y="46293" Z="0"/>
					<Vertex X="91336" Y="46194" Z="0"/>
					<Vertex X="91375" Y="46114" Z="0"/>
					<Vertex X="91435" Y="46015" Z="0"/>
					<Vertex X="91475" Y="45936" Z="0"/>
					<Vertex X="91494" Y="45857" Z="0"/>
					<Vertex X="91574" Y="45758" Z="0"/>
					<Vertex X="91594" Y="45659" Z="0"/>
					<Vertex X="91633" Y="45559" Z="0"/>
					<Vertex X="91653" Y="45460" Z="0"/>
					<Vertex X="91693" Y="45401" Z="0"/>
					<Vertex X="91693" Y="45242" Z="0"/>
					<Vertex X="91712" Y="45183" Z="0"/>
					<Vertex X="91752" Y="45123" Z="0"/>
					<Vertex X="91752" Y="45044" Z="0"/>
					<Vertex X="91752" Y="44984" Z="0"/>
					<Vertex X="91772" Y="44925" Z="0"/>
					<Vertex X="91812" Y="44806" Z="0"/>
					<Vertex X="91812" Y="44766" Z="0"/>
					<Vertex X="91831" Y="44707" Z="0"/>
					<Vertex X="91831" Y="44667" Z="0"/>
					<Vertex X="91831" Y="44588" Z="0"/>
					<Vertex X="91831" Y="44568" Z="0"/>
					<Vertex X="91871" Y="44509" Z="0"/>
					<Vertex X="91871" Y="44449" Z="0"/>
					<Vertex X="91891" Y="44429" Z="0"/>
					<Vertex X="91891" Y="44350" Z="0"/>
					<Vertex X="91891" Y="44330" Z="0"/>
					<Vertex X="91891" Y="44271" Z="0"/>
					<Vertex X="91911" Y="44211" Z="0"/>
					<Vertex X="91911" Y="44191" Z="0"/>
					<Vertex X="91911" Y="44152" Z="0"/>
					<Vertex X="91911" Y="44112" Z="0"/>
					<Vertex X="91911" Y="44092" Z="0"/>
					<Vertex X="91911" Y="44072" Z="0"/>
					<Vertex X="91911" Y="44033" Z="0"/>
					<Vertex X="91911" Y="43993" Z="0"/>
					<Vertex X="91911" Y="43993" Z="0"/>
					<Vertex X="91891" Y="43993" Z="0"/>
					<Vertex X="91871" Y="43934" Z="0"/>
				</Vertices>
			</Region>
		</Regions>
		<Plots/>
	</Annotation>
</Annotations>
