<Annotations MicronsPerPixel="0.252200">
	<Annotation Id="1" Name="" ReadOnly="0" NameReadOnly="0" LineColorReadOnly="0" Incremental="0" Type="4" LineColor="16776960" Visible="1" Selected="1" MarkupImagePath="" MacroName="">
		<Attributes/>
		<Regions>
			<RegionAttributeHeaders>
				<AttributeHeader Id="9999" Name="Region" ColumnWidth="-1"/>
				<AttributeHeader Id="9997" Name="Length" ColumnWidth="-1"/>
				<AttributeHeader Id="9996" Name="Area" ColumnWidth="-1"/>
				<AttributeHeader Id="9998" Name="Text" ColumnWidth="-1"/>
			</RegionAttributeHeaders>
			<Region Id="1" Type="0" Zoom="0.020742" Selected="0" ImageLocation="" ImageFocus="-1" Length="44970.7" Area="68520408.5" LengthMicrons="11341.6" AreaMicrons="4358229.6" Text="" NegativeROA="0" InputRegionId="0" Analyze="1" DisplayId="1">
				<Attributes/>
				<Vertices>
					<Vertex X="50515" Y="29296" Z="0"/>
					<Vertex X="46644" Y="28866" Z="0"/>
					<Vertex X="46262" Y="28961" Z="0"/>
					<Vertex X="46070" Y="28961" Z="0"/>
					<Vertex X="45831" Y="29009" Z="0"/>
					<Vertex X="45688" Y="29009" Z="0"/>
					<Vertex X="45545" Y="29105" Z="0"/>
					<Vertex X="45401" Y="29105" Z="0"/>
					<Vertex X="45258" Y="29105" Z="0"/>
					<Vertex X="45115" Y="29105" Z="0"/>
					<Vertex X="44971" Y="29105" Z="0"/>
					<Vertex X="44684" Y="29153" Z="0"/>
					<Vertex X="44493" Y="29153" Z="0"/>
					<Vertex X="44350" Y="29153" Z="0"/>
					<Vertex X="44111" Y="29105" Z="0"/>
					<Vertex X="43920" Y="29105" Z="0"/>
					<Vertex X="43681" Y="29105" Z="0"/>
					<Vertex X="43538" Y="29009" Z="0"/>
					<Vertex X="43394" Y="29009" Z="0"/>
					<Vertex X="43251" Y="29009" Z="0"/>
					<Vertex X="43107" Y="29009" Z="0"/>
					<Vertex X="42964" Y="29009" Z="0"/>
					<Vertex X="42821" Y="29009" Z="0"/>
					<Vertex X="42629" Y="29105" Z="0"/>
					<Vertex X="42486" Y="29105" Z="0"/>
					<Vertex X="42343" Y="29153" Z="0"/>
					<Vertex X="42247" Y="29153" Z="0"/>
					<Vertex X="42199" Y="29153" Z="0"/>
					<Vertex X="42104" Y="29153" Z="0"/>
					<Vertex X="42056" Y="29105" Z="0"/>
					<Vertex X="41960" Y="29105" Z="0"/>
					<Vertex X="41913" Y="29009" Z="0"/>
					<Vertex X="41817" Y="29009" Z="0"/>
					<Vertex X="41769" Y="28961" Z="0"/>
					<Vertex X="41626" Y="28866" Z="0"/>
					<Vertex X="41387" Y="28866" Z="0"/>
					<Vertex X="41100" Y="28866" Z="0"/>
					<Vertex X="40957" Y="28866" Z="0"/>
					<Vertex X="40766" Y="28866" Z="0"/>
					<Vertex X="40527" Y="28866" Z="0"/>
					<Vertex X="40383" Y="28818" Z="0"/>
					<Vertex X="40049" Y="28818" Z="0"/>
					<Vertex X="39905" Y="28866" Z="0"/>
					<Vertex X="39666" Y="28866" Z="0"/>
					<Vertex X="39475" Y="28866" Z="0"/>
					<Vertex X="39236" Y="28866" Z="0"/>
					<Vertex X="39045" Y="28866" Z="0"/>
					<Vertex X="38806" Y="28866" Z="0"/>
					<Vertex X="38615" Y="28961" Z="0"/>
					<Vertex X="38376" Y="28961" Z="0"/>
					<Vertex X="38185" Y="29009" Z="0"/>
					<Vertex X="37898" Y="29009" Z="0"/>
					<Vertex X="37659" Y="29009" Z="0"/>
					<Vertex X="37468" Y="29009" Z="0"/>
					<Vertex X="37229" Y="29105" Z="0"/>
					<Vertex X="37038" Y="29105" Z="0"/>
					<Vertex X="36799" Y="29153" Z="0"/>
					<Vertex X="36608" Y="29248" Z="0"/>
					<Vertex X="36369" Y="29248" Z="0"/>
					<Vertex X="36082" Y="29248" Z="0"/>
					<Vertex X="35891" Y="29296" Z="0"/>
					<Vertex X="35748" Y="29296" Z="0"/>
					<Vertex X="35604" Y="29296" Z="0"/>
					<Vertex X="35461" Y="29296" Z="0"/>
					<Vertex X="35317" Y="29296" Z="0"/>
					<Vertex X="35031" Y="29391" Z="0"/>
					<Vertex X="34792" Y="29439" Z="0"/>
					<Vertex X="34648" Y="29439" Z="0"/>
					<Vertex X="34457" Y="29535" Z="0"/>
					<Vertex X="34218" Y="29535" Z="0"/>
					<Vertex X="34027" Y="29583" Z="0"/>
					<Vertex X="33645" Y="29678" Z="0"/>
					<Vertex X="33454" Y="29726" Z="0"/>
					<Vertex X="33167" Y="29822" Z="0"/>
					<Vertex X="32928" Y="29822" Z="0"/>
					<Vertex X="32785" Y="29869" Z="0"/>
					<Vertex X="32641" Y="29965" Z="0"/>
					<Vertex X="32498" Y="30013" Z="0"/>
					<Vertex X="32354" Y="30013" Z="0"/>
					<Vertex X="32307" Y="30108" Z="0"/>
					<Vertex X="32068" Y="30252" Z="0"/>
					<Vertex X="31924" Y="30299" Z="0"/>
					<Vertex X="31876" Y="30395" Z="0"/>
					<Vertex X="31733" Y="30443" Z="0"/>
					<Vertex X="31590" Y="30586" Z="0"/>
					<Vertex X="31494" Y="30730" Z="0"/>
					<Vertex X="31446" Y="30825" Z="0"/>
					<Vertex X="31351" Y="30969" Z="0"/>
					<Vertex X="31351" Y="31112" Z="0"/>
					<Vertex X="31351" Y="31255" Z="0"/>
					<Vertex X="31351" Y="31303" Z="0"/>
					<Vertex X="31351" Y="31446" Z="0"/>
					<Vertex X="31351" Y="31542" Z="0"/>
					<Vertex X="31446" Y="31685" Z="0"/>
					<Vertex X="31494" Y="31829" Z="0"/>
					<Vertex X="31590" Y="31877" Z="0"/>
					<Vertex X="31733" Y="32116" Z="0"/>
					<Vertex X="31876" Y="32259" Z="0"/>
					<Vertex X="32068" Y="32402" Z="0"/>
					<Vertex X="32211" Y="32450" Z="0"/>
					<Vertex X="32307" Y="32593" Z="0"/>
					<Vertex X="32498" Y="32593" Z="0"/>
					<Vertex X="32641" Y="32737" Z="0"/>
					<Vertex X="32880" Y="32737" Z="0"/>
					<Vertex X="33023" Y="32832" Z="0"/>
					<Vertex X="33215" Y="32880" Z="0"/>
					<Vertex X="33454" Y="32880" Z="0"/>
					<Vertex X="33788" Y="32880" Z="0"/>
					<Vertex X="34027" Y="32976" Z="0"/>
					<Vertex X="34218" Y="32976" Z="0"/>
					<Vertex X="34648" Y="33024" Z="0"/>
					<Vertex X="34935" Y="33024" Z="0"/>
					<Vertex X="35317" Y="33024" Z="0"/>
					<Vertex X="35604" Y="33119" Z="0"/>
					<Vertex X="36082" Y="33119" Z="0"/>
					<Vertex X="36369" Y="33119" Z="0"/>
					<Vertex X="36751" Y="33119" Z="0"/>
					<Vertex X="37038" Y="33119" Z="0"/>
					<Vertex X="37372" Y="33119" Z="0"/>
					<Vertex X="37659" Y="33024" Z="0"/>
					<Vertex X="38185" Y="32976" Z="0"/>
					<Vertex X="38519" Y="32976" Z="0"/>
					<Vertex X="38806" Y="32880" Z="0"/>
					<Vertex X="39045" Y="32880" Z="0"/>
					<Vertex X="39332" Y="32832" Z="0"/>
					<Vertex X="39619" Y="32737" Z="0"/>
					<Vertex X="39905" Y="32737" Z="0"/>
					<Vertex X="40097" Y="32689" Z="0"/>
					<Vertex X="40336" Y="32593" Z="0"/>
					<Vertex X="40527" Y="32546" Z="0"/>
					<Vertex X="40813" Y="32546" Z="0"/>
					<Vertex X="41196" Y="32402" Z="0"/>
					<Vertex X="41387" Y="32402" Z="0"/>
					<Vertex X="41626" Y="32307" Z="0"/>
					<Vertex X="41817" Y="32259" Z="0"/>
					<Vertex X="42056" Y="32259" Z="0"/>
					<Vertex X="42247" Y="32163" Z="0"/>
					<Vertex X="42486" Y="32163" Z="0"/>
					<Vertex X="42629" Y="32163" Z="0"/>
					<Vertex X="42821" Y="32163" Z="0"/>
					<Vertex X="43060" Y="32163" Z="0"/>
					<Vertex X="43394" Y="32163" Z="0"/>
					<Vertex X="43633" Y="32163" Z="0"/>
					<Vertex X="43776" Y="32163" Z="0"/>
					<Vertex X="43968" Y="32259" Z="0"/>
					<Vertex X="44254" Y="32307" Z="0"/>
					<Vertex X="44493" Y="32402" Z="0"/>
					<Vertex X="44637" Y="32402" Z="0"/>
					<Vertex X="44828" Y="32546" Z="0"/>
					<Vertex X="44923" Y="32593" Z="0"/>
					<Vertex X="44971" Y="32689" Z="0"/>
					<Vertex X="45115" Y="32832" Z="0"/>
					<Vertex X="45210" Y="32976" Z="0"/>
					<Vertex X="45210" Y="33024" Z="0"/>
					<Vertex X="45354" Y="33119" Z="0"/>
					<Vertex X="45401" Y="33263" Z="0"/>
					<Vertex X="45497" Y="33310" Z="0"/>
					<Vertex X="45545" Y="33406" Z="0"/>
					<Vertex X="45640" Y="33454" Z="0"/>
					<Vertex X="45688" Y="33454" Z="0"/>
					<Vertex X="45784" Y="33549" Z="0"/>
					<Vertex X="45927" Y="33549" Z="0"/>
					<Vertex X="45975" Y="33549" Z="0"/>
					<Vertex X="46118" Y="33597" Z="0"/>
					<Vertex X="46262" Y="33597" Z="0"/>
					<Vertex X="46405" Y="33597" Z="0"/>
					<Vertex X="46644" Y="33597" Z="0"/>
					<Vertex X="46835" Y="33549" Z="0"/>
					<Vertex X="46978" Y="33454" Z="0"/>
					<Vertex X="47217" Y="33454" Z="0"/>
					<Vertex X="47361" Y="33406" Z="0"/>
					<Vertex X="47552" Y="33310" Z="0"/>
					<Vertex X="47695" Y="33167" Z="0"/>
					<Vertex X="47839" Y="33119" Z="0"/>
					<Vertex X="48078" Y="32976" Z="0"/>
					<Vertex X="48125" Y="32880" Z="0"/>
					<Vertex X="48269" Y="32737" Z="0"/>
					<Vertex X="48364" Y="32689" Z="0"/>
					<Vertex X="48508" Y="32593" Z="0"/>
					<Vertex X="48556" Y="32546" Z="0"/>
					<Vertex X="48699" Y="32450" Z="0"/>
					<Vertex X="48842" Y="32450" Z="0"/>
					<Vertex X="48986" Y="32402" Z="0"/>
					<Vertex X="49225" Y="32402" Z="0"/>
					<Vertex X="49368" Y="32402" Z="0"/>
					<Vertex X="49416" Y="32402" Z="0"/>
					<Vertex X="49559" Y="32402" Z="0"/>
					<Vertex X="49703" Y="32402" Z="0"/>
					<Vertex X="49894" Y="32307" Z="0"/>
					<Vertex X="49989" Y="32307" Z="0"/>
					<Vertex X="50085" Y="32259" Z="0"/>
					<Vertex X="50228" Y="32163" Z="0"/>
					<Vertex X="50276" Y="32116" Z="0"/>
					<Vertex X="50372" Y="32020" Z="0"/>
					<Vertex X="50419" Y="31972" Z="0"/>
					<Vertex X="50515" Y="31877" Z="0"/>
					<Vertex X="50563" Y="31829" Z="0"/>
					<Vertex X="50563" Y="31685" Z="0"/>
					<Vertex X="50658" Y="31590" Z="0"/>
					<Vertex X="50706" Y="31542" Z="0"/>
					<Vertex X="50706" Y="31446" Z="0"/>
					<Vertex X="50706" Y="31303" Z="0"/>
					<Vertex X="50706" Y="31255" Z="0"/>
					<Vertex X="50802" Y="31255" Z="0"/>
					<Vertex X="50802" Y="31016" Z="0"/>
					<Vertex X="50802" Y="30969" Z="0"/>
					<Vertex X="50802" Y="30873" Z="0"/>
					<Vertex X="50802" Y="30825" Z="0"/>
					<Vertex X="50850" Y="30730" Z="0"/>
					<Vertex X="50850" Y="30682" Z="0"/>
					<Vertex X="50850" Y="30586" Z="0"/>
					<Vertex X="50850" Y="30538" Z="0"/>
					<Vertex X="50945" Y="30395" Z="0"/>
					<Vertex X="50945" Y="30299" Z="0"/>
					<Vertex X="50945" Y="30252" Z="0"/>
					<Vertex X="50945" Y="30156" Z="0"/>
					<Vertex X="50850" Y="30156" Z="0"/>
					<Vertex X="50850" Y="30108" Z="0"/>
					<Vertex X="50802" Y="30013" Z="0"/>
					<Vertex X="50802" Y="29965" Z="0"/>
					<Vertex X="50802" Y="29869" Z="0"/>
					<Vertex X="50802" Y="29822" Z="0"/>
					<Vertex X="50706" Y="29822" Z="0"/>
					<Vertex X="50706" Y="29726" Z="0"/>
					<Vertex X="50706" Y="29678" Z="0"/>
					<Vertex X="50658" Y="29583" Z="0"/>
					<Vertex X="50658" Y="29535" Z="0"/>
					<Vertex X="50658" Y="29439" Z="0"/>
					<Vertex X="50563" Y="29439" Z="0"/>
					<Vertex X="50563" Y="29391" Z="0"/>
					<Vertex X="50563" Y="29391" Z="0"/>
					<Vertex X="50515" Y="29391" Z="0"/>
					<Vertex X="50515" Y="29296" Z="0"/>
				</Vertices>
			</Region>
			<Region Id="2" Type="0" Zoom="0.020742" Selected="0" ImageLocation="" ImageFocus="-1" Length="19082.8" Area="17816313.5" LengthMicrons="4812.7" AreaMicrons="1133203.8" Text="" NegativeROA="0" InputRegionId="0" Analyze="1" DisplayId="2">
				<Attributes/>
				<Vertices>
					<Vertex X="61650" Y="27528" Z="0"/>
					<Vertex X="57731" Y="27241" Z="0"/>
					<Vertex X="57540" Y="27289" Z="0"/>
					<Vertex X="57397" Y="27432" Z="0"/>
					<Vertex X="57254" Y="27528" Z="0"/>
					<Vertex X="57015" Y="27671" Z="0"/>
					<Vertex X="56871" Y="27814" Z="0"/>
					<Vertex X="56680" Y="28101" Z="0"/>
					<Vertex X="56537" Y="28244" Z="0"/>
					<Vertex X="56393" Y="28436" Z="0"/>
					<Vertex X="56154" Y="28579" Z="0"/>
					<Vertex X="56107" Y="28722" Z="0"/>
					<Vertex X="55963" Y="28961" Z="0"/>
					<Vertex X="55868" Y="29105" Z="0"/>
					<Vertex X="55820" Y="29296" Z="0"/>
					<Vertex X="55772" Y="29487" Z="0"/>
					<Vertex X="55676" Y="29678" Z="0"/>
					<Vertex X="55676" Y="29822" Z="0"/>
					<Vertex X="55772" Y="29965" Z="0"/>
					<Vertex X="55820" Y="30061" Z="0"/>
					<Vertex X="55915" Y="30204" Z="0"/>
					<Vertex X="56059" Y="30299" Z="0"/>
					<Vertex X="56202" Y="30395" Z="0"/>
					<Vertex X="56393" Y="30491" Z="0"/>
					<Vertex X="56537" Y="30538" Z="0"/>
					<Vertex X="56728" Y="30538" Z="0"/>
					<Vertex X="57062" Y="30491" Z="0"/>
					<Vertex X="57254" Y="30395" Z="0"/>
					<Vertex X="57588" Y="30252" Z="0"/>
					<Vertex X="57875" Y="30108" Z="0"/>
					<Vertex X="58114" Y="30061" Z="0"/>
					<Vertex X="58353" Y="29965" Z="0"/>
					<Vertex X="58544" Y="29917" Z="0"/>
					<Vertex X="58783" Y="29822" Z="0"/>
					<Vertex X="58974" Y="29726" Z="0"/>
					<Vertex X="59117" Y="29678" Z="0"/>
					<Vertex X="59309" Y="29678" Z="0"/>
					<Vertex X="59643" Y="29678" Z="0"/>
					<Vertex X="59691" Y="29726" Z="0"/>
					<Vertex X="59834" Y="29726" Z="0"/>
					<Vertex X="59978" Y="29822" Z="0"/>
					<Vertex X="60073" Y="29917" Z="0"/>
					<Vertex X="60121" Y="29965" Z="0"/>
					<Vertex X="60169" Y="30108" Z="0"/>
					<Vertex X="60264" Y="30204" Z="0"/>
					<Vertex X="60360" Y="30252" Z="0"/>
					<Vertex X="60408" Y="30299" Z="0"/>
					<Vertex X="60551" Y="30538" Z="0"/>
					<Vertex X="60694" Y="30586" Z="0"/>
					<Vertex X="60742" Y="30682" Z="0"/>
					<Vertex X="60933" Y="30777" Z="0"/>
					<Vertex X="60981" Y="30777" Z="0"/>
					<Vertex X="61125" Y="30825" Z="0"/>
					<Vertex X="61268" Y="30825" Z="0"/>
					<Vertex X="61411" Y="30921" Z="0"/>
					<Vertex X="61459" Y="30921" Z="0"/>
					<Vertex X="61650" Y="30921" Z="0"/>
					<Vertex X="61746" Y="30921" Z="0"/>
					<Vertex X="61841" Y="30921" Z="0"/>
					<Vertex X="61985" Y="30921" Z="0"/>
					<Vertex X="62033" Y="30825" Z="0"/>
					<Vertex X="62224" Y="30777" Z="0"/>
					<Vertex X="62272" Y="30682" Z="0"/>
					<Vertex X="62415" Y="30586" Z="0"/>
					<Vertex X="62511" Y="30491" Z="0"/>
					<Vertex X="62558" Y="30395" Z="0"/>
					<Vertex X="62654" Y="30252" Z="0"/>
					<Vertex X="62702" Y="30108" Z="0"/>
					<Vertex X="62702" Y="30061" Z="0"/>
					<Vertex X="62702" Y="29917" Z="0"/>
					<Vertex X="62702" Y="29822" Z="0"/>
					<Vertex X="62654" Y="29678" Z="0"/>
					<Vertex X="62558" Y="29535" Z="0"/>
					<Vertex X="62558" Y="29391" Z="0"/>
					<Vertex X="62558" Y="29296" Z="0"/>
					<Vertex X="62558" Y="29200" Z="0"/>
					<Vertex X="62511" Y="29105" Z="0"/>
					<Vertex X="62415" Y="28961" Z="0"/>
					<Vertex X="62415" Y="28866" Z="0"/>
					<Vertex X="62367" Y="28818" Z="0"/>
					<Vertex X="62367" Y="28770" Z="0"/>
					<Vertex X="62272" Y="28675" Z="0"/>
					<Vertex X="62272" Y="28627" Z="0"/>
					<Vertex X="62272" Y="28531" Z="0"/>
					<Vertex X="62224" Y="28436" Z="0"/>
					<Vertex X="62224" Y="28388" Z="0"/>
					<Vertex X="62128" Y="28340" Z="0"/>
					<Vertex X="62033" Y="28244" Z="0"/>
					<Vertex X="62033" Y="28149" Z="0"/>
					<Vertex X="61985" Y="28101" Z="0"/>
					<Vertex X="61985" Y="28053" Z="0"/>
					<Vertex X="61985" Y="27958" Z="0"/>
					<Vertex X="61889" Y="27910" Z="0"/>
					<Vertex X="61889" Y="27814" Z="0"/>
					<Vertex X="61889" Y="27767" Z="0"/>
					<Vertex X="61841" Y="27767" Z="0"/>
					<Vertex X="61841" Y="27671" Z="0"/>
					<Vertex X="61841" Y="27575" Z="0"/>
					<Vertex X="61841" Y="27528" Z="0"/>
					<Vertex X="61746" Y="27528" Z="0"/>
					<Vertex X="61698" Y="27480" Z="0"/>
					<Vertex X="61698" Y="27528" Z="0"/>
					<Vertex X="61650" Y="27528" Z="0"/>
				</Vertices>
			</Region>
			<Region Id="3" Type="0" Zoom="0.020742" Selected="0" ImageLocation="" ImageFocus="-1" Length="19363.9" Area="26685794.5" LengthMicrons="4883.6" AreaMicrons="1697345.7" Text="" NegativeROA="0" InputRegionId="0" Analyze="1" DisplayId="3">
				<Attributes/>
				<Vertices>
					<Vertex X="55963" Y="15102" Z="0"/>
					<Vertex X="52379" Y="13764" Z="0"/>
					<Vertex X="52140" Y="13812" Z="0"/>
					<Vertex X="51949" Y="13812" Z="0"/>
					<Vertex X="51710" Y="13955" Z="0"/>
					<Vertex X="51519" Y="14098" Z="0"/>
					<Vertex X="51280" Y="14242" Z="0"/>
					<Vertex X="51088" Y="14385" Z="0"/>
					<Vertex X="50850" Y="14624" Z="0"/>
					<Vertex X="50706" Y="14815" Z="0"/>
					<Vertex X="50563" Y="15054" Z="0"/>
					<Vertex X="50419" Y="15245" Z="0"/>
					<Vertex X="50276" Y="15532" Z="0"/>
					<Vertex X="50228" Y="15771" Z="0"/>
					<Vertex X="50085" Y="15962" Z="0"/>
					<Vertex X="50085" Y="16201" Z="0"/>
					<Vertex X="49989" Y="16392" Z="0"/>
					<Vertex X="49989" Y="16775" Z="0"/>
					<Vertex X="49989" Y="16966" Z="0"/>
					<Vertex X="50085" Y="17253" Z="0"/>
					<Vertex X="50228" Y="17635" Z="0"/>
					<Vertex X="50276" Y="17826" Z="0"/>
					<Vertex X="50419" Y="18065" Z="0"/>
					<Vertex X="50563" Y="18256" Z="0"/>
					<Vertex X="50706" Y="18495" Z="0"/>
					<Vertex X="50850" Y="18686" Z="0"/>
					<Vertex X="51184" Y="18973" Z="0"/>
					<Vertex X="51375" Y="19069" Z="0"/>
					<Vertex X="51566" Y="19212" Z="0"/>
					<Vertex X="51805" Y="19260" Z="0"/>
					<Vertex X="51949" Y="19403" Z="0"/>
					<Vertex X="52235" Y="19499" Z="0"/>
					<Vertex X="52379" Y="19547" Z="0"/>
					<Vertex X="52522" Y="19642" Z="0"/>
					<Vertex X="52666" Y="19690" Z="0"/>
					<Vertex X="52809" Y="19690" Z="0"/>
					<Vertex X="53000" Y="19690" Z="0"/>
					<Vertex X="53287" Y="19690" Z="0"/>
					<Vertex X="53526" Y="19690" Z="0"/>
					<Vertex X="53669" Y="19642" Z="0"/>
					<Vertex X="53860" Y="19547" Z="0"/>
					<Vertex X="54004" Y="19499" Z="0"/>
					<Vertex X="54243" Y="19355" Z="0"/>
					<Vertex X="54434" Y="19260" Z="0"/>
					<Vertex X="54673" Y="19116" Z="0"/>
					<Vertex X="54816" Y="18973" Z="0"/>
					<Vertex X="55055" Y="18830" Z="0"/>
					<Vertex X="55294" Y="18543" Z="0"/>
					<Vertex X="55390" Y="18400" Z="0"/>
					<Vertex X="55533" Y="18256" Z="0"/>
					<Vertex X="55581" Y="18113" Z="0"/>
					<Vertex X="55676" Y="17969" Z="0"/>
					<Vertex X="55676" Y="17826" Z="0"/>
					<Vertex X="55724" Y="17778" Z="0"/>
					<Vertex X="55820" Y="17539" Z="0"/>
					<Vertex X="55868" Y="17396" Z="0"/>
					<Vertex X="55868" Y="17348" Z="0"/>
					<Vertex X="55868" Y="17205" Z="0"/>
					<Vertex X="55868" Y="17109" Z="0"/>
					<Vertex X="55868" Y="17061" Z="0"/>
					<Vertex X="55868" Y="16966" Z="0"/>
					<Vertex X="55868" Y="16775" Z="0"/>
					<Vertex X="55963" Y="16679" Z="0"/>
					<Vertex X="55963" Y="16631" Z="0"/>
					<Vertex X="55963" Y="16536" Z="0"/>
					<Vertex X="55963" Y="16488" Z="0"/>
					<Vertex X="55868" Y="16392" Z="0"/>
					<Vertex X="55868" Y="16345" Z="0"/>
					<Vertex X="55868" Y="16249" Z="0"/>
					<Vertex X="55868" Y="16201" Z="0"/>
					<Vertex X="55868" Y="16106" Z="0"/>
					<Vertex X="55868" Y="16058" Z="0"/>
					<Vertex X="55868" Y="15962" Z="0"/>
					<Vertex X="55868" Y="15914" Z="0"/>
					<Vertex X="55868" Y="15819" Z="0"/>
					<Vertex X="55868" Y="15771" Z="0"/>
					<Vertex X="55820" Y="15771" Z="0"/>
					<Vertex X="55820" Y="15675" Z="0"/>
					<Vertex X="55820" Y="15628" Z="0"/>
					<Vertex X="55820" Y="15532" Z="0"/>
					<Vertex X="55820" Y="15484" Z="0"/>
					<Vertex X="55820" Y="15389" Z="0"/>
					<Vertex X="55820" Y="15341" Z="0"/>
					<Vertex X="55820" Y="15245" Z="0"/>
					<Vertex X="55820" Y="15198" Z="0"/>
					<Vertex X="55820" Y="15102" Z="0"/>
					<Vertex X="55820" Y="15054" Z="0"/>
					<Vertex X="55820" Y="15054" Z="0"/>
					<Vertex X="55820" Y="14959" Z="0"/>
					<Vertex X="55963" Y="15102" Z="0"/>
				</Vertices>
			</Region>
			<Region Id="4" Type="0" Zoom="0.020742" Selected="0" ImageLocation="" ImageFocus="-1" Length="20244.0" Area="25047234.0" LengthMicrons="5105.5" AreaMicrons="1593125.3" Text="" NegativeROA="0" InputRegionId="0" Analyze="1" DisplayId="4">
				<Attributes/>
				<Vertices>
					<Vertex X="63562" Y="13620" Z="0"/>
					<Vertex X="59978" Y="12378" Z="0"/>
					<Vertex X="59834" Y="12378" Z="0"/>
					<Vertex X="59739" Y="12378" Z="0"/>
					<Vertex X="59643" Y="12378" Z="0"/>
					<Vertex X="59547" Y="12378" Z="0"/>
					<Vertex X="59452" Y="12473" Z="0"/>
					<Vertex X="59261" Y="12617" Z="0"/>
					<Vertex X="59117" Y="12760" Z="0"/>
					<Vertex X="58974" Y="12904" Z="0"/>
					<Vertex X="58831" Y="12951" Z="0"/>
					<Vertex X="58687" Y="13095" Z="0"/>
					<Vertex X="58592" Y="13238" Z="0"/>
					<Vertex X="58448" Y="13381" Z="0"/>
					<Vertex X="58448" Y="13477" Z="0"/>
					<Vertex X="58448" Y="13668" Z="0"/>
					<Vertex X="58448" Y="13955" Z="0"/>
					<Vertex X="58448" Y="14194" Z="0"/>
					<Vertex X="58448" Y="14385" Z="0"/>
					<Vertex X="58448" Y="14672" Z="0"/>
					<Vertex X="58544" Y="15054" Z="0"/>
					<Vertex X="58592" Y="15341" Z="0"/>
					<Vertex X="58687" Y="15628" Z="0"/>
					<Vertex X="58735" Y="15914" Z="0"/>
					<Vertex X="58831" Y="16106" Z="0"/>
					<Vertex X="58974" Y="16345" Z="0"/>
					<Vertex X="59117" Y="16536" Z="0"/>
					<Vertex X="59261" Y="16918" Z="0"/>
					<Vertex X="59404" Y="17109" Z="0"/>
					<Vertex X="59547" Y="17348" Z="0"/>
					<Vertex X="59643" Y="17539" Z="0"/>
					<Vertex X="59739" Y="17683" Z="0"/>
					<Vertex X="59882" Y="17778" Z="0"/>
					<Vertex X="60025" Y="17826" Z="0"/>
					<Vertex X="60264" Y="17778" Z="0"/>
					<Vertex X="60408" Y="17683" Z="0"/>
					<Vertex X="60599" Y="17635" Z="0"/>
					<Vertex X="60742" Y="17492" Z="0"/>
					<Vertex X="60981" Y="17348" Z="0"/>
					<Vertex X="61172" Y="17253" Z="0"/>
					<Vertex X="61316" Y="17205" Z="0"/>
					<Vertex X="61411" Y="17109" Z="0"/>
					<Vertex X="61555" Y="17205" Z="0"/>
					<Vertex X="61603" Y="17253" Z="0"/>
					<Vertex X="61698" Y="17348" Z="0"/>
					<Vertex X="61746" Y="17492" Z="0"/>
					<Vertex X="61841" Y="17635" Z="0"/>
					<Vertex X="61841" Y="17778" Z="0"/>
					<Vertex X="61985" Y="17922" Z="0"/>
					<Vertex X="62033" Y="18065" Z="0"/>
					<Vertex X="62224" Y="18256" Z="0"/>
					<Vertex X="62319" Y="18352" Z="0"/>
					<Vertex X="62463" Y="18400" Z="0"/>
					<Vertex X="62606" Y="18400" Z="0"/>
					<Vertex X="62749" Y="18400" Z="0"/>
					<Vertex X="62988" Y="18352" Z="0"/>
					<Vertex X="63132" Y="18256" Z="0"/>
					<Vertex X="63275" Y="18065" Z="0"/>
					<Vertex X="63323" Y="17922" Z="0"/>
					<Vertex X="63514" Y="17778" Z="0"/>
					<Vertex X="63705" Y="17539" Z="0"/>
					<Vertex X="63753" Y="17348" Z="0"/>
					<Vertex X="63849" Y="17109" Z="0"/>
					<Vertex X="63992" Y="16918" Z="0"/>
					<Vertex X="63992" Y="16679" Z="0"/>
					<Vertex X="64040" Y="16488" Z="0"/>
					<Vertex X="64135" Y="16249" Z="0"/>
					<Vertex X="64183" Y="16058" Z="0"/>
					<Vertex X="64183" Y="15914" Z="0"/>
					<Vertex X="64183" Y="15771" Z="0"/>
					<Vertex X="64183" Y="15628" Z="0"/>
					<Vertex X="64183" Y="15389" Z="0"/>
					<Vertex X="64183" Y="15245" Z="0"/>
					<Vertex X="64183" Y="15102" Z="0"/>
					<Vertex X="64183" Y="15054" Z="0"/>
					<Vertex X="64183" Y="14815" Z="0"/>
					<Vertex X="64135" Y="14767" Z="0"/>
					<Vertex X="64135" Y="14672" Z="0"/>
					<Vertex X="64040" Y="14624" Z="0"/>
					<Vertex X="64040" Y="14481" Z="0"/>
					<Vertex X="63992" Y="14481" Z="0"/>
					<Vertex X="63992" Y="14385" Z="0"/>
					<Vertex X="63896" Y="14242" Z="0"/>
					<Vertex X="63896" Y="14194" Z="0"/>
					<Vertex X="63849" Y="14194" Z="0"/>
					<Vertex X="63849" Y="14098" Z="0"/>
					<Vertex X="63849" Y="14051" Z="0"/>
					<Vertex X="63753" Y="13955" Z="0"/>
					<Vertex X="63705" Y="13907" Z="0"/>
					<Vertex X="63705" Y="13812" Z="0"/>
					<Vertex X="63610" Y="13764" Z="0"/>
					<Vertex X="63562" Y="13764" Z="0"/>
					<Vertex X="63514" Y="13764" Z="0"/>
					<Vertex X="63419" Y="13764" Z="0"/>
					<Vertex X="63562" Y="13620" Z="0"/>
				</Vertices>
			</Region>
			<Region Id="5" Type="0" Zoom="0.020742" Selected="0" ImageLocation="" ImageFocus="-1" Length="22322.6" Area="26367069.5" LengthMicrons="5629.8" AreaMicrons="1677073.2" Text="" NegativeROA="0" InputRegionId="0" Analyze="1" DisplayId="5">
				<Attributes/>
				<Vertices>
					<Vertex X="63896" Y="22127" Z="0"/>
					<Vertex X="63849" Y="22366" Z="0"/>
					<Vertex X="63849" Y="22510" Z="0"/>
					<Vertex X="63753" Y="22701" Z="0"/>
					<Vertex X="63753" Y="22940" Z="0"/>
					<Vertex X="63705" Y="23226" Z="0"/>
					<Vertex X="63705" Y="23370" Z="0"/>
					<Vertex X="63705" Y="23561" Z="0"/>
					<Vertex X="63705" Y="23752" Z="0"/>
					<Vertex X="63705" Y="23943" Z="0"/>
					<Vertex X="63705" Y="24134" Z="0"/>
					<Vertex X="63705" Y="24278" Z="0"/>
					<Vertex X="63705" Y="24421" Z="0"/>
					<Vertex X="63753" Y="24660" Z="0"/>
					<Vertex X="63849" Y="24804" Z="0"/>
					<Vertex X="63849" Y="24947" Z="0"/>
					<Vertex X="63944" Y="25090" Z="0"/>
					<Vertex X="63992" Y="25186" Z="0"/>
					<Vertex X="64135" Y="25234" Z="0"/>
					<Vertex X="64231" Y="25329" Z="0"/>
					<Vertex X="64279" Y="25377" Z="0"/>
					<Vertex X="64327" Y="25377" Z="0"/>
					<Vertex X="64422" Y="25377" Z="0"/>
					<Vertex X="64470" Y="25377" Z="0"/>
					<Vertex X="64566" Y="25377" Z="0"/>
					<Vertex X="64709" Y="25329" Z="0"/>
					<Vertex X="64852" Y="25329" Z="0"/>
					<Vertex X="64948" Y="25234" Z="0"/>
					<Vertex X="64996" Y="25234" Z="0"/>
					<Vertex X="65139" Y="25234" Z="0"/>
					<Vertex X="65235" Y="25234" Z="0"/>
					<Vertex X="65330" Y="25234" Z="0"/>
					<Vertex X="65521" Y="25234" Z="0"/>
					<Vertex X="65713" Y="25234" Z="0"/>
					<Vertex X="65856" Y="25329" Z="0"/>
					<Vertex X="65904" Y="25377" Z="0"/>
					<Vertex X="66095" Y="25425" Z="0"/>
					<Vertex X="66143" Y="25520" Z="0"/>
					<Vertex X="66238" Y="25664" Z="0"/>
					<Vertex X="66286" Y="25807" Z="0"/>
					<Vertex X="66286" Y="25951" Z="0"/>
					<Vertex X="66382" Y="26189" Z="0"/>
					<Vertex X="66429" Y="26237" Z="0"/>
					<Vertex X="66429" Y="26381" Z="0"/>
					<Vertex X="66429" Y="26620" Z="0"/>
					<Vertex X="66525" Y="26667" Z="0"/>
					<Vertex X="66573" Y="26715" Z="0"/>
					<Vertex X="66573" Y="26811" Z="0"/>
					<Vertex X="66621" Y="26811" Z="0"/>
					<Vertex X="66716" Y="26811" Z="0"/>
					<Vertex X="66812" Y="26811" Z="0"/>
					<Vertex X="66860" Y="26811" Z="0"/>
					<Vertex X="66955" Y="26811" Z="0"/>
					<Vertex X="67051" Y="26715" Z="0"/>
					<Vertex X="67194" Y="26715" Z="0"/>
					<Vertex X="67337" Y="26715" Z="0"/>
					<Vertex X="67529" Y="26667" Z="0"/>
					<Vertex X="67672" Y="26620" Z="0"/>
					<Vertex X="67815" Y="26524" Z="0"/>
					<Vertex X="67911" Y="26476" Z="0"/>
					<Vertex X="68102" Y="26285" Z="0"/>
					<Vertex X="68150" Y="26237" Z="0"/>
					<Vertex X="68293" Y="26094" Z="0"/>
					<Vertex X="68437" Y="25903" Z="0"/>
					<Vertex X="68628" Y="25616" Z="0"/>
					<Vertex X="68819" Y="25425" Z="0"/>
					<Vertex X="68867" Y="25234" Z="0"/>
					<Vertex X="68962" Y="25090" Z="0"/>
					<Vertex X="68962" Y="24899" Z="0"/>
					<Vertex X="69010" Y="24756" Z="0"/>
					<Vertex X="69010" Y="24469" Z="0"/>
					<Vertex X="69010" Y="24230" Z="0"/>
					<Vertex X="69106" Y="24087" Z="0"/>
					<Vertex X="69010" Y="23943" Z="0"/>
					<Vertex X="69010" Y="23752" Z="0"/>
					<Vertex X="69010" Y="23609" Z="0"/>
					<Vertex X="69010" Y="23370" Z="0"/>
					<Vertex X="68962" Y="23179" Z="0"/>
					<Vertex X="68867" Y="23035" Z="0"/>
					<Vertex X="68819" Y="22892" Z="0"/>
					<Vertex X="68723" Y="22796" Z="0"/>
					<Vertex X="68628" Y="22653" Z="0"/>
					<Vertex X="68484" Y="22510" Z="0"/>
					<Vertex X="68437" Y="22414" Z="0"/>
					<Vertex X="68293" Y="22366" Z="0"/>
					<Vertex X="68150" Y="22271" Z="0"/>
					<Vertex X="68006" Y="22223" Z="0"/>
					<Vertex X="67863" Y="22223" Z="0"/>
					<Vertex X="67768" Y="22127" Z="0"/>
					<Vertex X="67720" Y="22079" Z="0"/>
					<Vertex X="67576" Y="22079" Z="0"/>
					<Vertex X="67481" Y="21984" Z="0"/>
					<Vertex X="67433" Y="21936" Z="0"/>
					<Vertex X="67337" Y="21793" Z="0"/>
					<Vertex X="67290" Y="21697" Z="0"/>
					<Vertex X="67194" Y="21602" Z="0"/>
					<Vertex X="67146" Y="21506" Z="0"/>
					<Vertex X="67146" Y="21363" Z="0"/>
					<Vertex X="67146" Y="21315" Z="0"/>
					<Vertex X="67146" Y="21219" Z="0"/>
					<Vertex X="67051" Y="21171" Z="0"/>
					<Vertex X="67146" Y="21076" Z="0"/>
					<Vertex X="67146" Y="20980" Z="0"/>
					<Vertex X="67146" Y="20932" Z="0"/>
					<Vertex X="67146" Y="20837" Z="0"/>
					<Vertex X="67194" Y="20837" Z="0"/>
					<Vertex X="67194" Y="20789" Z="0"/>
					<Vertex X="67194" Y="20694" Z="0"/>
					<Vertex X="67290" Y="20646" Z="0"/>
					<Vertex X="67290" Y="20550" Z="0"/>
					<Vertex X="67290" Y="20502" Z="0"/>
					<Vertex X="67290" Y="20407" Z="0"/>
					<Vertex X="67290" Y="20359" Z="0"/>
					<Vertex X="67290" Y="20263" Z="0"/>
					<Vertex X="67290" Y="20216" Z="0"/>
					<Vertex X="67290" Y="20120" Z="0"/>
					<Vertex X="67194" Y="20120" Z="0"/>
					<Vertex X="67194" Y="20072" Z="0"/>
					<Vertex X="67194" Y="19977" Z="0"/>
					<Vertex X="67146" Y="19977" Z="0"/>
					<Vertex X="67146" Y="19929" Z="0"/>
					<Vertex X="67051" Y="19929" Z="0"/>
					<Vertex X="67051" Y="19833" Z="0"/>
					<Vertex X="67003" Y="19833" Z="0"/>
					<Vertex X="67003" Y="19785" Z="0"/>
					<Vertex X="66907" Y="19785" Z="0"/>
					<Vertex X="66860" Y="19785" Z="0"/>
					<Vertex X="66764" Y="19690" Z="0"/>
					<Vertex X="66716" Y="19690" Z="0"/>
					<Vertex X="66621" Y="19690" Z="0"/>
					<Vertex X="66573" Y="19690" Z="0"/>
					<Vertex X="66429" Y="19690" Z="0"/>
					<Vertex X="66334" Y="19690" Z="0"/>
					<Vertex X="66190" Y="19690" Z="0"/>
					<Vertex X="66095" Y="19690" Z="0"/>
					<Vertex X="65904" Y="19690" Z="0"/>
					<Vertex X="65856" Y="19690" Z="0"/>
					<Vertex X="65713" Y="19690" Z="0"/>
					<Vertex X="65617" Y="19690" Z="0"/>
					<Vertex X="65474" Y="19785" Z="0"/>
					<Vertex X="65330" Y="19785" Z="0"/>
					<Vertex X="65282" Y="19785" Z="0"/>
					<Vertex X="65187" Y="19833" Z="0"/>
					<Vertex X="65043" Y="19833" Z="0"/>
					<Vertex X="64996" Y="19929" Z="0"/>
					<Vertex X="64900" Y="19929" Z="0"/>
					<Vertex X="64804" Y="19977" Z="0"/>
					<Vertex X="64709" Y="20072" Z="0"/>
					<Vertex X="64566" Y="20120" Z="0"/>
					<Vertex X="64470" Y="20216" Z="0"/>
					<Vertex X="64422" Y="20263" Z="0"/>
					<Vertex X="64422" Y="20359" Z="0"/>
					<Vertex X="64327" Y="20407" Z="0"/>
					<Vertex X="64279" Y="20502" Z="0"/>
					<Vertex X="64183" Y="20550" Z="0"/>
					<Vertex X="64183" Y="20646" Z="0"/>
					<Vertex X="64135" Y="20694" Z="0"/>
					<Vertex X="64040" Y="20837" Z="0"/>
					<Vertex X="63992" Y="20932" Z="0"/>
					<Vertex X="63896" Y="20980" Z="0"/>
					<Vertex X="63896" Y="21171" Z="0"/>
					<Vertex X="63849" Y="21219" Z="0"/>
					<Vertex X="63849" Y="21315" Z="0"/>
					<Vertex X="63849" Y="21363" Z="0"/>
					<Vertex X="63849" Y="21506" Z="0"/>
					<Vertex X="63753" Y="21697" Z="0"/>
					<Vertex X="63753" Y="21793" Z="0"/>
					<Vertex X="63705" Y="21840" Z="0"/>
					<Vertex X="63705" Y="21936" Z="0"/>
					<Vertex X="63610" Y="21984" Z="0"/>
					<Vertex X="63610" Y="22079" Z="0"/>
					<Vertex X="63705" Y="22079" Z="0"/>
					<Vertex X="63896" Y="22127" Z="0"/>
				</Vertices>
			</Region>
			<Region Id="6" Type="0" Zoom="0.020742" Selected="1" ImageLocation="" ImageFocus="-1" Length="290855.6" Area="1668426889.5" LengthMicrons="73353.8" AreaMicrons="106120025.4" Text="" NegativeROA="0" InputRegionId="0" Analyze="1" DisplayId="6">
				<Attributes/>
				<Vertices>
					<Vertex X="64709" Y="43060" Z="0"/>
					<Vertex X="61268" Y="41578" Z="0"/>
					<Vertex X="60981" Y="41483" Z="0"/>
					<Vertex X="60742" Y="41435" Z="0"/>
					<Vertex X="60456" Y="41435" Z="0"/>
					<Vertex X="60264" Y="41435" Z="0"/>
					<Vertex X="59930" Y="41387" Z="0"/>
					<Vertex X="59691" Y="41387" Z="0"/>
					<Vertex X="59452" Y="41387" Z="0"/>
					<Vertex X="59165" Y="41387" Z="0"/>
					<Vertex X="58974" Y="41435" Z="0"/>
					<Vertex X="58639" Y="41435" Z="0"/>
					<Vertex X="58496" Y="41435" Z="0"/>
					<Vertex X="58353" Y="41435" Z="0"/>
					<Vertex X="58162" Y="41435" Z="0"/>
					<Vertex X="57875" Y="41483" Z="0"/>
					<Vertex X="57684" Y="41483" Z="0"/>
					<Vertex X="57540" Y="41483" Z="0"/>
					<Vertex X="57397" Y="41483" Z="0"/>
					<Vertex X="57254" Y="41578" Z="0"/>
					<Vertex X="57110" Y="41578" Z="0"/>
					<Vertex X="56967" Y="41626" Z="0"/>
					<Vertex X="56823" Y="41769" Z="0"/>
					<Vertex X="56680" Y="41865" Z="0"/>
					<Vertex X="56537" Y="41913" Z="0"/>
					<Vertex X="56345" Y="42008" Z="0"/>
					<Vertex X="56202" Y="42104" Z="0"/>
					<Vertex X="56059" Y="42152" Z="0"/>
					<Vertex X="55915" Y="42295" Z="0"/>
					<Vertex X="55772" Y="42343" Z="0"/>
					<Vertex X="55581" Y="42438" Z="0"/>
					<Vertex X="55437" Y="42582" Z="0"/>
					<Vertex X="55294" Y="42630" Z="0"/>
					<Vertex X="55199" Y="42773" Z="0"/>
					<Vertex X="55103" Y="42964" Z="0"/>
					<Vertex X="54960" Y="43060" Z="0"/>
					<Vertex X="54816" Y="43203" Z="0"/>
					<Vertex X="54673" Y="43346" Z="0"/>
					<Vertex X="54625" Y="43538" Z="0"/>
					<Vertex X="54482" Y="43729" Z="0"/>
					<Vertex X="54290" Y="43872" Z="0"/>
					<Vertex X="54243" Y="44063" Z="0"/>
					<Vertex X="54147" Y="44254" Z="0"/>
					<Vertex X="54099" Y="44350" Z="0"/>
					<Vertex X="53956" Y="44685" Z="0"/>
					<Vertex X="53908" Y="44780" Z="0"/>
					<Vertex X="53813" Y="44924" Z="0"/>
					<Vertex X="53765" Y="45067" Z="0"/>
					<Vertex X="53621" Y="45401" Z="0"/>
					<Vertex X="53526" Y="45593" Z="0"/>
					<Vertex X="53478" Y="45784" Z="0"/>
					<Vertex X="53335" Y="46118" Z="0"/>
					<Vertex X="53239" Y="46309" Z="0"/>
					<Vertex X="53191" Y="46501" Z="0"/>
					<Vertex X="53000" Y="46692" Z="0"/>
					<Vertex X="53000" Y="46835" Z="0"/>
					<Vertex X="52952" Y="46931" Z="0"/>
					<Vertex X="52809" Y="47218" Z="0"/>
					<Vertex X="52713" Y="47409" Z="0"/>
					<Vertex X="52666" Y="47600" Z="0"/>
					<Vertex X="52666" Y="47743" Z="0"/>
					<Vertex X="52618" Y="47887" Z="0"/>
					<Vertex X="52522" Y="47934" Z="0"/>
					<Vertex X="52522" Y="48126" Z="0"/>
					<Vertex X="52474" Y="48269" Z="0"/>
					<Vertex X="52379" Y="48317" Z="0"/>
					<Vertex X="52331" Y="48460" Z="0"/>
					<Vertex X="52331" Y="48556" Z="0"/>
					<Vertex X="52331" Y="48603" Z="0"/>
					<Vertex X="52235" Y="48842" Z="0"/>
					<Vertex X="52235" Y="48986" Z="0"/>
					<Vertex X="52235" Y="49034" Z="0"/>
					<Vertex X="52235" Y="49177" Z="0"/>
					<Vertex X="52188" Y="49320" Z="0"/>
					<Vertex X="52235" Y="49464" Z="0"/>
					<Vertex X="52235" Y="49655" Z="0"/>
					<Vertex X="52331" Y="49750" Z="0"/>
					<Vertex X="52331" Y="49894" Z="0"/>
					<Vertex X="52331" Y="49942" Z="0"/>
					<Vertex X="52331" Y="50085" Z="0"/>
					<Vertex X="52379" Y="50276" Z="0"/>
					<Vertex X="52474" Y="50420" Z="0"/>
					<Vertex X="52474" Y="50467" Z="0"/>
					<Vertex X="52522" Y="50611" Z="0"/>
					<Vertex X="52618" Y="50706" Z="0"/>
					<Vertex X="52666" Y="50802" Z="0"/>
					<Vertex X="52666" Y="50897" Z="0"/>
					<Vertex X="52713" Y="50993" Z="0"/>
					<Vertex X="52809" Y="51041" Z="0"/>
					<Vertex X="52857" Y="51184" Z="0"/>
					<Vertex X="52952" Y="51232" Z="0"/>
					<Vertex X="53000" Y="51328" Z="0"/>
					<Vertex X="53096" Y="51423" Z="0"/>
					<Vertex X="53191" Y="51471" Z="0"/>
					<Vertex X="53239" Y="51614" Z="0"/>
					<Vertex X="53335" Y="51710" Z="0"/>
					<Vertex X="53478" Y="51853" Z="0"/>
					<Vertex X="53526" Y="51901" Z="0"/>
					<Vertex X="53669" Y="52044" Z="0"/>
					<Vertex X="53813" Y="52044" Z="0"/>
					<Vertex X="53908" Y="52092" Z="0"/>
					<Vertex X="53956" Y="52188" Z="0"/>
					<Vertex X="54147" Y="52188" Z="0"/>
					<Vertex X="54290" Y="52188" Z="0"/>
					<Vertex X="54482" Y="52188" Z="0"/>
					<Vertex X="54625" Y="52236" Z="0"/>
					<Vertex X="54816" Y="52188" Z="0"/>
					<Vertex X="54960" Y="52188" Z="0"/>
					<Vertex X="55199" Y="52092" Z="0"/>
					<Vertex X="55246" Y="52092" Z="0"/>
					<Vertex X="55390" Y="52044" Z="0"/>
					<Vertex X="55437" Y="51949" Z="0"/>
					<Vertex X="55581" Y="51901" Z="0"/>
					<Vertex X="55676" Y="51853" Z="0"/>
					<Vertex X="55820" Y="51758" Z="0"/>
					<Vertex X="55915" Y="51758" Z="0"/>
					<Vertex X="55963" Y="51758" Z="0"/>
					<Vertex X="55963" Y="51710" Z="0"/>
					<Vertex X="56059" Y="51710" Z="0"/>
					<Vertex X="56107" Y="51710" Z="0"/>
					<Vertex X="56202" Y="51710" Z="0"/>
					<Vertex X="56345" Y="51710" Z="0"/>
					<Vertex X="56489" Y="51710" Z="0"/>
					<Vertex X="56537" Y="51758" Z="0"/>
					<Vertex X="56584" Y="51758" Z="0"/>
					<Vertex X="56680" Y="51853" Z="0"/>
					<Vertex X="56728" Y="51901" Z="0"/>
					<Vertex X="56728" Y="51949" Z="0"/>
					<Vertex X="56823" Y="52092" Z="0"/>
					<Vertex X="56871" Y="52188" Z="0"/>
					<Vertex X="56871" Y="52331" Z="0"/>
					<Vertex X="56967" Y="52427" Z="0"/>
					<Vertex X="56967" Y="52570" Z="0"/>
					<Vertex X="57062" Y="52666" Z="0"/>
					<Vertex X="57062" Y="52809" Z="0"/>
					<Vertex X="57062" Y="52905" Z="0"/>
					<Vertex X="57110" Y="53048" Z="0"/>
					<Vertex X="57110" Y="53191" Z="0"/>
					<Vertex X="57110" Y="53239" Z="0"/>
					<Vertex X="57062" Y="53335" Z="0"/>
					<Vertex X="57062" Y="53383" Z="0"/>
					<Vertex X="57062" Y="53478" Z="0"/>
					<Vertex X="56967" Y="53622" Z="0"/>
					<Vertex X="56967" Y="53669" Z="0"/>
					<Vertex X="56871" Y="53860" Z="0"/>
					<Vertex X="56823" Y="53860" Z="0"/>
					<Vertex X="56823" Y="53908" Z="0"/>
					<Vertex X="56680" Y="53956" Z="0"/>
					<Vertex X="56680" Y="54052" Z="0"/>
					<Vertex X="56584" Y="54052" Z="0"/>
					<Vertex X="56537" Y="54099" Z="0"/>
					<Vertex X="56489" Y="54195" Z="0"/>
					<Vertex X="56393" Y="54195" Z="0"/>
					<Vertex X="56393" Y="54243" Z="0"/>
					<Vertex X="56345" Y="54243" Z="0"/>
					<Vertex X="56345" Y="54338" Z="0"/>
					<Vertex X="56250" Y="54338" Z="0"/>
					<Vertex X="56202" Y="54386" Z="0"/>
					<Vertex X="56107" Y="54482" Z="0"/>
					<Vertex X="56059" Y="54482" Z="0"/>
					<Vertex X="55963" Y="54577" Z="0"/>
					<Vertex X="55915" Y="54625" Z="0"/>
					<Vertex X="55820" Y="54625" Z="0"/>
					<Vertex X="55772" Y="54625" Z="0"/>
					<Vertex X="55676" Y="54673" Z="0"/>
					<Vertex X="55581" Y="54673" Z="0"/>
					<Vertex X="55533" Y="54768" Z="0"/>
					<Vertex X="55437" Y="54768" Z="0"/>
					<Vertex X="55390" Y="54816" Z="0"/>
					<Vertex X="55294" Y="54912" Z="0"/>
					<Vertex X="55246" Y="54960" Z="0"/>
					<Vertex X="55199" Y="55055" Z="0"/>
					<Vertex X="55103" Y="55199" Z="0"/>
					<Vertex X="55055" Y="55294" Z="0"/>
					<Vertex X="55055" Y="55390" Z="0"/>
					<Vertex X="55055" Y="55485" Z="0"/>
					<Vertex X="55055" Y="55629" Z="0"/>
					<Vertex X="55055" Y="55772" Z="0"/>
					<Vertex X="55055" Y="55915" Z="0"/>
					<Vertex X="55055" Y="56011" Z="0"/>
					<Vertex X="55055" Y="56059" Z="0"/>
					<Vertex X="55103" Y="56107" Z="0"/>
					<Vertex X="55103" Y="56202" Z="0"/>
					<Vertex X="55199" Y="56250" Z="0"/>
					<Vertex X="55246" Y="56346" Z="0"/>
					<Vertex X="55246" Y="56393" Z="0"/>
					<Vertex X="55294" Y="56393" Z="0"/>
					<Vertex X="55294" Y="56489" Z="0"/>
					<Vertex X="55390" Y="56537" Z="0"/>
					<Vertex X="55390" Y="56632" Z="0"/>
					<Vertex X="55437" Y="56728" Z="0"/>
					<Vertex X="55533" Y="56823" Z="0"/>
					<Vertex X="55533" Y="56919" Z="0"/>
					<Vertex X="55533" Y="56967" Z="0"/>
					<Vertex X="55533" Y="57062" Z="0"/>
					<Vertex X="55533" Y="57110" Z="0"/>
					<Vertex X="55533" Y="57206" Z="0"/>
					<Vertex X="55533" Y="57254" Z="0"/>
					<Vertex X="55533" Y="57349" Z="0"/>
					<Vertex X="55437" Y="57349" Z="0"/>
					<Vertex X="55390" Y="57445" Z="0"/>
					<Vertex X="55294" Y="57493" Z="0"/>
					<Vertex X="55246" Y="57493" Z="0"/>
					<Vertex X="55103" Y="57540" Z="0"/>
					<Vertex X="54960" Y="57636" Z="0"/>
					<Vertex X="54816" Y="57684" Z="0"/>
					<Vertex X="54768" Y="57779" Z="0"/>
					<Vertex X="54673" Y="57779" Z="0"/>
					<Vertex X="54529" Y="57827" Z="0"/>
					<Vertex X="54386" Y="57827" Z="0"/>
					<Vertex X="54290" Y="57827" Z="0"/>
					<Vertex X="54147" Y="57827" Z="0"/>
					<Vertex X="54004" Y="57923" Z="0"/>
					<Vertex X="53908" Y="57923" Z="0"/>
					<Vertex X="53765" Y="57923" Z="0"/>
					<Vertex X="53669" Y="57923" Z="0"/>
					<Vertex X="53526" Y="57923" Z="0"/>
					<Vertex X="53382" Y="57923" Z="0"/>
					<Vertex X="53335" Y="57923" Z="0"/>
					<Vertex X="53191" Y="57827" Z="0"/>
					<Vertex X="53000" Y="57827" Z="0"/>
					<Vertex X="52952" Y="57779" Z="0"/>
					<Vertex X="52713" Y="57779" Z="0"/>
					<Vertex X="52666" Y="57779" Z="0"/>
					<Vertex X="52522" Y="57684" Z="0"/>
					<Vertex X="52474" Y="57684" Z="0"/>
					<Vertex X="52331" Y="57779" Z="0"/>
					<Vertex X="52235" Y="57779" Z="0"/>
					<Vertex X="52188" Y="57779" Z="0"/>
					<Vertex X="52044" Y="57779" Z="0"/>
					<Vertex X="51949" Y="57827" Z="0"/>
					<Vertex X="51901" Y="57923" Z="0"/>
					<Vertex X="51710" Y="57923" Z="0"/>
					<Vertex X="51662" Y="57970" Z="0"/>
					<Vertex X="51519" Y="58066" Z="0"/>
					<Vertex X="51327" Y="58209" Z="0"/>
					<Vertex X="51232" Y="58257" Z="0"/>
					<Vertex X="51088" Y="58401" Z="0"/>
					<Vertex X="50945" Y="58544" Z="0"/>
					<Vertex X="50802" Y="58687" Z="0"/>
					<Vertex X="50611" Y="58926" Z="0"/>
					<Vertex X="50515" Y="58974" Z="0"/>
					<Vertex X="50372" Y="59117" Z="0"/>
					<Vertex X="50228" Y="59356" Z="0"/>
					<Vertex X="50085" Y="59500" Z="0"/>
					<Vertex X="50037" Y="59643" Z="0"/>
					<Vertex X="49941" Y="59787" Z="0"/>
					<Vertex X="49750" Y="59930" Z="0"/>
					<Vertex X="49655" Y="60121" Z="0"/>
					<Vertex X="49607" Y="60217" Z="0"/>
					<Vertex X="49464" Y="60360" Z="0"/>
					<Vertex X="49320" Y="60551" Z="0"/>
					<Vertex X="49225" Y="60647" Z="0"/>
					<Vertex X="49129" Y="60790" Z="0"/>
					<Vertex X="48986" Y="60934" Z="0"/>
					<Vertex X="48890" Y="61077" Z="0"/>
					<Vertex X="48795" Y="61220" Z="0"/>
					<Vertex X="48747" Y="61268" Z="0"/>
					<Vertex X="48651" Y="61411" Z="0"/>
					<Vertex X="48603" Y="61507" Z="0"/>
					<Vertex X="48603" Y="61650" Z="0"/>
					<Vertex X="48603" Y="61698" Z="0"/>
					<Vertex X="48603" Y="61794" Z="0"/>
					<Vertex X="48747" Y="61842" Z="0"/>
					<Vertex X="48795" Y="61937" Z="0"/>
					<Vertex X="48890" Y="61985" Z="0"/>
					<Vertex X="49081" Y="61985" Z="0"/>
					<Vertex X="49320" Y="62081" Z="0"/>
					<Vertex X="49464" Y="62081" Z="0"/>
					<Vertex X="49750" Y="62081" Z="0"/>
					<Vertex X="50037" Y="62081" Z="0"/>
					<Vertex X="50276" Y="61985" Z="0"/>
					<Vertex X="50611" Y="61985" Z="0"/>
					<Vertex X="51041" Y="61937" Z="0"/>
					<Vertex X="51327" Y="61842" Z="0"/>
					<Vertex X="51519" Y="61794" Z="0"/>
					<Vertex X="51901" Y="61794" Z="0"/>
					<Vertex X="52235" Y="61794" Z="0"/>
					<Vertex X="52522" Y="61794" Z="0"/>
					<Vertex X="52857" Y="61794" Z="0"/>
					<Vertex X="53096" Y="61794" Z="0"/>
					<Vertex X="53239" Y="61794" Z="0"/>
					<Vertex X="53478" Y="61842" Z="0"/>
					<Vertex X="53669" Y="61937" Z="0"/>
					<Vertex X="53908" Y="61985" Z="0"/>
					<Vertex X="54004" Y="61985" Z="0"/>
					<Vertex X="54147" Y="62081" Z="0"/>
					<Vertex X="54386" Y="62128" Z="0"/>
					<Vertex X="54625" Y="62224" Z="0"/>
					<Vertex X="54768" Y="62272" Z="0"/>
					<Vertex X="54912" Y="62367" Z="0"/>
					<Vertex X="55103" Y="62367" Z="0"/>
					<Vertex X="55294" Y="62415" Z="0"/>
					<Vertex X="55581" Y="62511" Z="0"/>
					<Vertex X="55772" Y="62511" Z="0"/>
					<Vertex X="56059" Y="62511" Z="0"/>
					<Vertex X="56202" Y="62511" Z="0"/>
					<Vertex X="56393" Y="62511" Z="0"/>
					<Vertex X="56584" Y="62511" Z="0"/>
					<Vertex X="56871" Y="62415" Z="0"/>
					<Vertex X="57110" Y="62415" Z="0"/>
					<Vertex X="57349" Y="62415" Z="0"/>
					<Vertex X="57492" Y="62415" Z="0"/>
					<Vertex X="57779" Y="62415" Z="0"/>
					<Vertex X="57875" Y="62367" Z="0"/>
					<Vertex X="58114" Y="62367" Z="0"/>
					<Vertex X="58257" Y="62367" Z="0"/>
					<Vertex X="58496" Y="62367" Z="0"/>
					<Vertex X="58783" Y="62272" Z="0"/>
					<Vertex X="59643" Y="62224" Z="0"/>
					<Vertex X="59978" Y="62224" Z="0"/>
					<Vertex X="60121" Y="62224" Z="0"/>
					<Vertex X="60360" Y="62224" Z="0"/>
					<Vertex X="60599" Y="62272" Z="0"/>
					<Vertex X="60742" Y="62367" Z="0"/>
					<Vertex X="61125" Y="62415" Z="0"/>
					<Vertex X="61364" Y="62511" Z="0"/>
					<Vertex X="61555" Y="62558" Z="0"/>
					<Vertex X="61698" Y="62654" Z="0"/>
					<Vertex X="61985" Y="62702" Z="0"/>
					<Vertex X="62128" Y="62797" Z="0"/>
					<Vertex X="62367" Y="62797" Z="0"/>
					<Vertex X="62558" Y="62845" Z="0"/>
					<Vertex X="62749" Y="62845" Z="0"/>
					<Vertex X="62941" Y="62845" Z="0"/>
					<Vertex X="63036" Y="62845" Z="0"/>
					<Vertex X="63275" Y="62797" Z="0"/>
					<Vertex X="63323" Y="62797" Z="0"/>
					<Vertex X="63514" Y="62702" Z="0"/>
					<Vertex X="63562" Y="62702" Z="0"/>
					<Vertex X="63705" Y="62654" Z="0"/>
					<Vertex X="63801" Y="62558" Z="0"/>
					<Vertex X="63944" Y="62558" Z="0"/>
					<Vertex X="63992" Y="62511" Z="0"/>
					<Vertex X="64231" Y="62511" Z="0"/>
					<Vertex X="64327" Y="62511" Z="0"/>
					<Vertex X="64470" Y="62415" Z="0"/>
					<Vertex X="64613" Y="62415" Z="0"/>
					<Vertex X="64804" Y="62415" Z="0"/>
					<Vertex X="64948" Y="62415" Z="0"/>
					<Vertex X="65091" Y="62415" Z="0"/>
					<Vertex X="65235" Y="62415" Z="0"/>
					<Vertex X="65521" Y="62367" Z="0"/>
					<Vertex X="65665" Y="62367" Z="0"/>
					<Vertex X="65856" Y="62367" Z="0"/>
					<Vertex X="66095" Y="62272" Z="0"/>
					<Vertex X="66286" Y="62272" Z="0"/>
					<Vertex X="66429" Y="62272" Z="0"/>
					<Vertex X="66573" Y="62224" Z="0"/>
					<Vertex X="66860" Y="62224" Z="0"/>
					<Vertex X="67051" Y="62224" Z="0"/>
					<Vertex X="67194" Y="62224" Z="0"/>
					<Vertex X="67337" Y="62224" Z="0"/>
					<Vertex X="67576" Y="62272" Z="0"/>
					<Vertex X="67720" Y="62272" Z="0"/>
					<Vertex X="67863" Y="62272" Z="0"/>
					<Vertex X="68006" Y="62367" Z="0"/>
					<Vertex X="68245" Y="62367" Z="0"/>
					<Vertex X="68341" Y="62367" Z="0"/>
					<Vertex X="68580" Y="62415" Z="0"/>
					<Vertex X="68819" Y="62415" Z="0"/>
					<Vertex X="68962" Y="62415" Z="0"/>
					<Vertex X="69201" Y="62415" Z="0"/>
					<Vertex X="69392" Y="62415" Z="0"/>
					<Vertex X="69536" Y="62367" Z="0"/>
					<Vertex X="69775" Y="62367" Z="0"/>
					<Vertex X="70014" Y="62272" Z="0"/>
					<Vertex X="70157" Y="62272" Z="0"/>
					<Vertex X="70396" Y="62272" Z="0"/>
					<Vertex X="70874" Y="62272" Z="0"/>
					<Vertex X="71208" Y="62224" Z="0"/>
					<Vertex X="71543" Y="62224" Z="0"/>
					<Vertex X="72117" Y="62224" Z="0"/>
					<Vertex X="72690" Y="62224" Z="0"/>
					<Vertex X="73025" Y="62128" Z="0"/>
					<Vertex X="73264" Y="62128" Z="0"/>
					<Vertex X="73502" Y="62128" Z="0"/>
					<Vertex X="73741" Y="62128" Z="0"/>
					<Vertex X="73885" Y="62224" Z="0"/>
					<Vertex X="74124" Y="62224" Z="0"/>
					<Vertex X="74267" Y="62224" Z="0"/>
					<Vertex X="74410" Y="62224" Z="0"/>
					<Vertex X="74602" Y="62272" Z="0"/>
					<Vertex X="74697" Y="62272" Z="0"/>
					<Vertex X="74745" Y="62272" Z="0"/>
					<Vertex X="74888" Y="62272" Z="0"/>
					<Vertex X="75032" Y="62272" Z="0"/>
					<Vertex X="75080" Y="62272" Z="0"/>
					<Vertex X="75271" Y="62272" Z="0"/>
					<Vertex X="75319" Y="62272" Z="0"/>
					<Vertex X="75462" Y="62272" Z="0"/>
					<Vertex X="75605" Y="62272" Z="0"/>
					<Vertex X="75796" Y="62272" Z="0"/>
					<Vertex X="75988" Y="62224" Z="0"/>
					<Vertex X="76179" Y="62224" Z="0"/>
					<Vertex X="76322" Y="62128" Z="0"/>
					<Vertex X="76466" Y="62128" Z="0"/>
					<Vertex X="76561" Y="62128" Z="0"/>
					<Vertex X="76848" Y="62128" Z="0"/>
					<Vertex X="76991" Y="62128" Z="0"/>
					<Vertex X="77087" Y="62128" Z="0"/>
					<Vertex X="77326" Y="62224" Z="0"/>
					<Vertex X="77469" Y="62272" Z="0"/>
					<Vertex X="77612" Y="62367" Z="0"/>
					<Vertex X="77660" Y="62415" Z="0"/>
					<Vertex X="77899" Y="62558" Z="0"/>
					<Vertex X="78043" Y="62654" Z="0"/>
					<Vertex X="78138" Y="62702" Z="0"/>
					<Vertex X="78282" Y="62797" Z="0"/>
					<Vertex X="78377" Y="62797" Z="0"/>
					<Vertex X="78473" Y="62845" Z="0"/>
					<Vertex X="78616" Y="62941" Z="0"/>
					<Vertex X="78759" Y="62941" Z="0"/>
					<Vertex X="78903" Y="62989" Z="0"/>
					<Vertex X="79046" Y="62989" Z="0"/>
					<Vertex X="79237" Y="63084" Z="0"/>
					<Vertex X="79429" Y="63084" Z="0"/>
					<Vertex X="79572" Y="63084" Z="0"/>
					<Vertex X="79667" Y="63084" Z="0"/>
					<Vertex X="79906" Y="63084" Z="0"/>
					<Vertex X="80050" Y="63084" Z="0"/>
					<Vertex X="80384" Y="63084" Z="0"/>
					<Vertex X="80623" Y="63084" Z="0"/>
					<Vertex X="80862" Y="62989" Z="0"/>
					<Vertex X="81101" Y="62989" Z="0"/>
					<Vertex X="81340" Y="62941" Z="0"/>
					<Vertex X="81531" Y="62941" Z="0"/>
					<Vertex X="81770" Y="62941" Z="0"/>
					<Vertex X="82057" Y="62845" Z="0"/>
					<Vertex X="82248" Y="62845" Z="0"/>
					<Vertex X="82487" Y="62845" Z="0"/>
					<Vertex X="82774" Y="62845" Z="0"/>
					<Vertex X="82917" Y="62845" Z="0"/>
					<Vertex X="83204" Y="62845" Z="0"/>
					<Vertex X="83395" Y="62845" Z="0"/>
					<Vertex X="83539" Y="62845" Z="0"/>
					<Vertex X="83921" Y="62845" Z="0"/>
					<Vertex X="84112" Y="62845" Z="0"/>
					<Vertex X="84255" Y="62845" Z="0"/>
					<Vertex X="84494" Y="62941" Z="0"/>
					<Vertex X="84829" Y="62941" Z="0"/>
					<Vertex X="85116" Y="62941" Z="0"/>
					<Vertex X="85355" Y="62941" Z="0"/>
					<Vertex X="85689" Y="62989" Z="0"/>
					<Vertex X="85928" Y="62989" Z="0"/>
					<Vertex X="86215" Y="63084" Z="0"/>
					<Vertex X="86406" Y="63084" Z="0"/>
					<Vertex X="86645" Y="63180" Z="0"/>
					<Vertex X="86980" Y="63180" Z="0"/>
					<Vertex X="87218" Y="63180" Z="0"/>
					<Vertex X="87410" Y="63227" Z="0"/>
					<Vertex X="87696" Y="63227" Z="0"/>
					<Vertex X="87840" Y="63275" Z="0"/>
					<Vertex X="88079" Y="63275" Z="0"/>
					<Vertex X="88270" Y="63275" Z="0"/>
					<Vertex X="88557" Y="63371" Z="0"/>
					<Vertex X="88700" Y="63371" Z="0"/>
					<Vertex X="88843" Y="63371" Z="0"/>
					<Vertex X="88987" Y="63371" Z="0"/>
					<Vertex X="89273" Y="63371" Z="0"/>
					<Vertex X="89417" Y="63371" Z="0"/>
					<Vertex X="89560" Y="63371" Z="0"/>
					<Vertex X="89847" Y="63419" Z="0"/>
					<Vertex X="89990" Y="63419" Z="0"/>
					<Vertex X="90134" Y="63419" Z="0"/>
					<Vertex X="90277" Y="63419" Z="0"/>
					<Vertex X="90420" Y="63419" Z="0"/>
					<Vertex X="90659" Y="63419" Z="0"/>
					<Vertex X="90803" Y="63419" Z="0"/>
					<Vertex X="90851" Y="63419" Z="0"/>
					<Vertex X="90994" Y="63419" Z="0"/>
					<Vertex X="91137" Y="63419" Z="0"/>
					<Vertex X="91233" Y="63419" Z="0"/>
					<Vertex X="91424" Y="63419" Z="0"/>
					<Vertex X="91711" Y="63419" Z="0"/>
					<Vertex X="91950" Y="63419" Z="0"/>
					<Vertex X="92093" Y="63514" Z="0"/>
					<Vertex X="92237" Y="63514" Z="0"/>
					<Vertex X="92380" Y="63562" Z="0"/>
					<Vertex X="92428" Y="63658" Z="0"/>
					<Vertex X="92523" Y="63705" Z="0"/>
					<Vertex X="92667" Y="63801" Z="0"/>
					<Vertex X="92714" Y="63849" Z="0"/>
					<Vertex X="92858" Y="63944" Z="0"/>
					<Vertex X="92953" Y="63992" Z="0"/>
					<Vertex X="93097" Y="64088" Z="0"/>
					<Vertex X="93097" Y="64136" Z="0"/>
					<Vertex X="93240" Y="64231" Z="0"/>
					<Vertex X="93288" Y="64231" Z="0"/>
					<Vertex X="93384" Y="64374" Z="0"/>
					<Vertex X="93431" Y="64374" Z="0"/>
					<Vertex X="93575" Y="64422" Z="0"/>
					<Vertex X="93814" Y="64518" Z="0"/>
					<Vertex X="93957" Y="64518" Z="0"/>
					<Vertex X="94148" Y="64518" Z="0"/>
					<Vertex X="94531" Y="64566" Z="0"/>
					<Vertex X="94817" Y="64566" Z="0"/>
					<Vertex X="95152" Y="64518" Z="0"/>
					<Vertex X="95534" Y="64518" Z="0"/>
					<Vertex X="95821" Y="64518" Z="0"/>
					<Vertex X="96108" Y="64518" Z="0"/>
					<Vertex X="96442" Y="64422" Z="0"/>
					<Vertex X="96681" Y="64422" Z="0"/>
					<Vertex X="96872" Y="64374" Z="0"/>
					<Vertex X="97255" Y="64374" Z="0"/>
					<Vertex X="97398" Y="64279" Z="0"/>
					<Vertex X="97589" Y="64231" Z="0"/>
					<Vertex X="97876" Y="64136" Z="0"/>
					<Vertex X="98019" Y="64088" Z="0"/>
					<Vertex X="98306" Y="63992" Z="0"/>
					<Vertex X="98545" Y="63944" Z="0"/>
					<Vertex X="98736" Y="63849" Z="0"/>
					<Vertex X="99118" Y="63801" Z="0"/>
					<Vertex X="99310" Y="63705" Z="0"/>
					<Vertex X="99549" Y="63658" Z="0"/>
					<Vertex X="99740" Y="63562" Z="0"/>
					<Vertex X="100026" Y="63514" Z="0"/>
					<Vertex X="100170" Y="63419" Z="0"/>
					<Vertex X="100313" Y="63419" Z="0"/>
					<Vertex X="100409" Y="63371" Z="0"/>
					<Vertex X="100457" Y="63275" Z="0"/>
					<Vertex X="100457" Y="63227" Z="0"/>
					<Vertex X="100457" Y="63180" Z="0"/>
					<Vertex X="100457" Y="63084" Z="0"/>
					<Vertex X="100457" Y="62989" Z="0"/>
					<Vertex X="100457" Y="62845" Z="0"/>
					<Vertex X="100409" Y="62702" Z="0"/>
					<Vertex X="100313" Y="62558" Z="0"/>
					<Vertex X="100265" Y="62415" Z="0"/>
					<Vertex X="100122" Y="62272" Z="0"/>
					<Vertex X="99883" Y="62128" Z="0"/>
					<Vertex X="99740" Y="61985" Z="0"/>
					<Vertex X="99596" Y="61937" Z="0"/>
					<Vertex X="99405" Y="61698" Z="0"/>
					<Vertex X="99262" Y="61507" Z="0"/>
					<Vertex X="99118" Y="61268" Z="0"/>
					<Vertex X="98879" Y="61125" Z="0"/>
					<Vertex X="98593" Y="60838" Z="0"/>
					<Vertex X="98449" Y="60695" Z="0"/>
					<Vertex X="98258" Y="60551" Z="0"/>
					<Vertex X="98019" Y="60360" Z="0"/>
					<Vertex X="97876" Y="60217" Z="0"/>
					<Vertex X="97541" Y="59978" Z="0"/>
					<Vertex X="97302" Y="59834" Z="0"/>
					<Vertex X="97111" Y="59691" Z="0"/>
					<Vertex X="96729" Y="59500" Z="0"/>
					<Vertex X="96538" Y="59356" Z="0"/>
					<Vertex X="96299" Y="59213" Z="0"/>
					<Vertex X="96012" Y="58974" Z="0"/>
					<Vertex X="95821" Y="58879" Z="0"/>
					<Vertex X="95677" Y="58687" Z="0"/>
					<Vertex X="95439" Y="58401" Z="0"/>
					<Vertex X="95295" Y="58209" Z="0"/>
					<Vertex X="95152" Y="57970" Z="0"/>
					<Vertex X="95008" Y="57684" Z="0"/>
					<Vertex X="94961" Y="57493" Z="0"/>
					<Vertex X="94817" Y="57206" Z="0"/>
					<Vertex X="94674" Y="56967" Z="0"/>
					<Vertex X="94578" Y="56776" Z="0"/>
					<Vertex X="94435" Y="56489" Z="0"/>
					<Vertex X="94387" Y="56250" Z="0"/>
					<Vertex X="94292" Y="56059" Z="0"/>
					<Vertex X="94292" Y="55820" Z="0"/>
					<Vertex X="94148" Y="55533" Z="0"/>
					<Vertex X="94148" Y="55390" Z="0"/>
					<Vertex X="94148" Y="55103" Z="0"/>
					<Vertex X="94148" Y="54912" Z="0"/>
					<Vertex X="94148" Y="54673" Z="0"/>
					<Vertex X="94148" Y="54577" Z="0"/>
					<Vertex X="94148" Y="54386" Z="0"/>
					<Vertex X="94100" Y="54195" Z="0"/>
					<Vertex X="94100" Y="54099" Z="0"/>
					<Vertex X="94100" Y="53956" Z="0"/>
					<Vertex X="94100" Y="53765" Z="0"/>
					<Vertex X="94100" Y="53622" Z="0"/>
					<Vertex X="94148" Y="53478" Z="0"/>
					<Vertex X="94148" Y="53335" Z="0"/>
					<Vertex X="94148" Y="53191" Z="0"/>
					<Vertex X="94148" Y="52952" Z="0"/>
					<Vertex X="94244" Y="52809" Z="0"/>
					<Vertex X="94292" Y="52570" Z="0"/>
					<Vertex X="94292" Y="52427" Z="0"/>
					<Vertex X="94292" Y="52188" Z="0"/>
					<Vertex X="94292" Y="51901" Z="0"/>
					<Vertex X="94292" Y="51758" Z="0"/>
					<Vertex X="94387" Y="51471" Z="0"/>
					<Vertex X="94387" Y="51232" Z="0"/>
					<Vertex X="94435" Y="51041" Z="0"/>
					<Vertex X="94531" Y="50802" Z="0"/>
					<Vertex X="94531" Y="50611" Z="0"/>
					<Vertex X="94578" Y="50324" Z="0"/>
					<Vertex X="94674" Y="50085" Z="0"/>
					<Vertex X="94674" Y="49798" Z="0"/>
					<Vertex X="94722" Y="49655" Z="0"/>
					<Vertex X="94817" Y="49368" Z="0"/>
					<Vertex X="94865" Y="49177" Z="0"/>
					<Vertex X="94865" Y="49034" Z="0"/>
					<Vertex X="94961" Y="48747" Z="0"/>
					<Vertex X="94961" Y="48603" Z="0"/>
					<Vertex X="94961" Y="48556" Z="0"/>
					<Vertex X="95008" Y="48317" Z="0"/>
					<Vertex X="95008" Y="48173" Z="0"/>
					<Vertex X="95008" Y="48030" Z="0"/>
					<Vertex X="95008" Y="47887" Z="0"/>
					<Vertex X="95008" Y="47648" Z="0"/>
					<Vertex X="95008" Y="47504" Z="0"/>
					<Vertex X="95008" Y="47313" Z="0"/>
					<Vertex X="94961" Y="47074" Z="0"/>
					<Vertex X="94961" Y="46740" Z="0"/>
					<Vertex X="94865" Y="46596" Z="0"/>
					<Vertex X="94817" Y="46214" Z="0"/>
					<Vertex X="94722" Y="46023" Z="0"/>
					<Vertex X="94674" Y="45688" Z="0"/>
					<Vertex X="94674" Y="45449" Z="0"/>
					<Vertex X="94674" Y="45162" Z="0"/>
					<Vertex X="94674" Y="44876" Z="0"/>
					<Vertex X="94578" Y="44685" Z="0"/>
					<Vertex X="94531" Y="44350" Z="0"/>
					<Vertex X="94531" Y="44159" Z="0"/>
					<Vertex X="94435" Y="43872" Z="0"/>
					<Vertex X="94435" Y="43729" Z="0"/>
					<Vertex X="94435" Y="43585" Z="0"/>
					<Vertex X="94435" Y="43346" Z="0"/>
					<Vertex X="94435" Y="43203" Z="0"/>
					<Vertex X="94435" Y="43012" Z="0"/>
					<Vertex X="94435" Y="42869" Z="0"/>
					<Vertex X="94531" Y="42630" Z="0"/>
					<Vertex X="94531" Y="42582" Z="0"/>
					<Vertex X="94578" Y="42343" Z="0"/>
					<Vertex X="94578" Y="42199" Z="0"/>
					<Vertex X="94674" Y="42008" Z="0"/>
					<Vertex X="94674" Y="41865" Z="0"/>
					<Vertex X="94722" Y="41626" Z="0"/>
					<Vertex X="94722" Y="41483" Z="0"/>
					<Vertex X="94722" Y="41387" Z="0"/>
					<Vertex X="94722" Y="41052" Z="0"/>
					<Vertex X="94817" Y="41005" Z="0"/>
					<Vertex X="94817" Y="40814" Z="0"/>
					<Vertex X="94865" Y="40575" Z="0"/>
					<Vertex X="94961" Y="40336" Z="0"/>
					<Vertex X="94961" Y="40144" Z="0"/>
					<Vertex X="95008" Y="39953" Z="0"/>
					<Vertex X="95008" Y="39762" Z="0"/>
					<Vertex X="95104" Y="39475" Z="0"/>
					<Vertex X="95152" Y="39332" Z="0"/>
					<Vertex X="95152" Y="39141" Z="0"/>
					<Vertex X="95247" Y="38997" Z="0"/>
					<Vertex X="95295" Y="38759" Z="0"/>
					<Vertex X="95391" Y="38567" Z="0"/>
					<Vertex X="95439" Y="38328" Z="0"/>
					<Vertex X="95439" Y="38185" Z="0"/>
					<Vertex X="95534" Y="37994" Z="0"/>
					<Vertex X="95534" Y="37755" Z="0"/>
					<Vertex X="95582" Y="37564" Z="0"/>
					<Vertex X="95582" Y="37420" Z="0"/>
					<Vertex X="95677" Y="37181" Z="0"/>
					<Vertex X="95677" Y="37086" Z="0"/>
					<Vertex X="95677" Y="36751" Z="0"/>
					<Vertex X="95677" Y="36608" Z="0"/>
					<Vertex X="95725" Y="36465" Z="0"/>
					<Vertex X="95725" Y="36178" Z="0"/>
					<Vertex X="95725" Y="36034" Z="0"/>
					<Vertex X="95677" Y="35843" Z="0"/>
					<Vertex X="95677" Y="35700" Z="0"/>
					<Vertex X="95677" Y="35461" Z="0"/>
					<Vertex X="95677" Y="35318" Z="0"/>
					<Vertex X="95677" Y="35126" Z="0"/>
					<Vertex X="95582" Y="34983" Z="0"/>
					<Vertex X="95582" Y="34744" Z="0"/>
					<Vertex X="95534" Y="34601" Z="0"/>
					<Vertex X="95534" Y="34410" Z="0"/>
					<Vertex X="95534" Y="34266" Z="0"/>
					<Vertex X="95439" Y="34027" Z="0"/>
					<Vertex X="95391" Y="33836" Z="0"/>
					<Vertex X="95295" Y="33645" Z="0"/>
					<Vertex X="95247" Y="33406" Z="0"/>
					<Vertex X="95152" Y="33215" Z="0"/>
					<Vertex X="95152" Y="32928" Z="0"/>
					<Vertex X="95104" Y="32546" Z="0"/>
					<Vertex X="95104" Y="32355" Z="0"/>
					<Vertex X="95008" Y="32068" Z="0"/>
					<Vertex X="95008" Y="31733" Z="0"/>
					<Vertex X="95008" Y="31399" Z="0"/>
					<Vertex X="95008" Y="31255" Z="0"/>
					<Vertex X="94961" Y="30921" Z="0"/>
					<Vertex X="94865" Y="30586" Z="0"/>
					<Vertex X="94817" Y="30491" Z="0"/>
					<Vertex X="94722" Y="30252" Z="0"/>
					<Vertex X="94674" Y="30061" Z="0"/>
					<Vertex X="94578" Y="29917" Z="0"/>
					<Vertex X="94435" Y="29678" Z="0"/>
					<Vertex X="94387" Y="29535" Z="0"/>
					<Vertex X="94292" Y="29391" Z="0"/>
					<Vertex X="94244" Y="29248" Z="0"/>
					<Vertex X="94100" Y="29105" Z="0"/>
					<Vertex X="93957" Y="28866" Z="0"/>
					<Vertex X="93861" Y="28818" Z="0"/>
					<Vertex X="93718" Y="28627" Z="0"/>
					<Vertex X="93575" Y="28436" Z="0"/>
					<Vertex X="93527" Y="28340" Z="0"/>
					<Vertex X="93288" Y="28149" Z="0"/>
					<Vertex X="93145" Y="27958" Z="0"/>
					<Vertex X="93001" Y="27814" Z="0"/>
					<Vertex X="92858" Y="27528" Z="0"/>
					<Vertex X="92714" Y="27384" Z="0"/>
					<Vertex X="92571" Y="27145" Z="0"/>
					<Vertex X="92428" Y="27050" Z="0"/>
					<Vertex X="92284" Y="26715" Z="0"/>
					<Vertex X="92141" Y="26524" Z="0"/>
					<Vertex X="91998" Y="26381" Z="0"/>
					<Vertex X="91854" Y="26094" Z="0"/>
					<Vertex X="91711" Y="25903" Z="0"/>
					<Vertex X="91663" Y="25759" Z="0"/>
					<Vertex X="91807" Y="25616" Z="0"/>
					<Vertex X="90373" Y="22749" Z="0"/>
					<Vertex X="90325" Y="22318" Z="0"/>
					<Vertex X="90182" Y="22175" Z="0"/>
					<Vertex X="90182" Y="22032" Z="0"/>
					<Vertex X="90038" Y="21984" Z="0"/>
					<Vertex X="89943" Y="21840" Z="0"/>
					<Vertex X="89895" Y="21745" Z="0"/>
					<Vertex X="89799" Y="21602" Z="0"/>
					<Vertex X="89752" Y="21554" Z="0"/>
					<Vertex X="89704" Y="21458" Z="0"/>
					<Vertex X="89561" Y="21315" Z="0"/>
					<Vertex X="89465" Y="21267" Z="0"/>
					<Vertex X="89322" Y="21124" Z="0"/>
					<Vertex X="89226" Y="20932" Z="0"/>
					<Vertex X="89178" Y="20885" Z="0"/>
					<Vertex X="89035" Y="20694" Z="0"/>
					<Vertex X="88939" Y="20550" Z="0"/>
					<Vertex X="88891" Y="20311" Z="0"/>
					<Vertex X="88796" Y="20072" Z="0"/>
					<Vertex X="88653" Y="19977" Z="0"/>
					<Vertex X="88605" Y="19738" Z="0"/>
					<Vertex X="88509" Y="19594" Z="0"/>
					<Vertex X="88414" Y="19308" Z="0"/>
					<Vertex X="88318" Y="19116" Z="0"/>
					<Vertex X="88175" Y="18877" Z="0"/>
					<Vertex X="88079" Y="18638" Z="0"/>
					<Vertex X="87936" Y="18447" Z="0"/>
					<Vertex X="87936" Y="18304" Z="0"/>
					<Vertex X="87888" Y="18017" Z="0"/>
					<Vertex X="87888" Y="17874" Z="0"/>
					<Vertex X="87792" Y="17635" Z="0"/>
					<Vertex X="87792" Y="17539" Z="0"/>
					<Vertex X="87792" Y="17444" Z="0"/>
					<Vertex X="87792" Y="17205" Z="0"/>
					<Vertex X="87792" Y="17109" Z="0"/>
					<Vertex X="87792" Y="16870" Z="0"/>
					<Vertex X="87792" Y="16727" Z="0"/>
					<Vertex X="87792" Y="16583" Z="0"/>
					<Vertex X="87792" Y="16440" Z="0"/>
					<Vertex X="87744" Y="16297" Z="0"/>
					<Vertex X="87744" Y="16010" Z="0"/>
					<Vertex X="87649" Y="15723" Z="0"/>
					<Vertex X="87601" Y="15580" Z="0"/>
					<Vertex X="87601" Y="15293" Z="0"/>
					<Vertex X="87601" Y="15054" Z="0"/>
					<Vertex X="87506" Y="14815" Z="0"/>
					<Vertex X="87458" Y="14576" Z="0"/>
					<Vertex X="87458" Y="14337" Z="0"/>
					<Vertex X="87410" Y="14098" Z="0"/>
					<Vertex X="87314" Y="13955" Z="0"/>
					<Vertex X="87219" Y="13668" Z="0"/>
					<Vertex X="87219" Y="13525" Z="0"/>
					<Vertex X="87171" Y="13286" Z="0"/>
					<Vertex X="87123" Y="13238" Z="0"/>
					<Vertex X="87028" Y="12999" Z="0"/>
					<Vertex X="86980" Y="12856" Z="0"/>
					<Vertex X="86884" Y="12712" Z="0"/>
					<Vertex X="86836" Y="12569" Z="0"/>
					<Vertex X="86741" Y="12426" Z="0"/>
					<Vertex X="86693" Y="12378" Z="0"/>
					<Vertex X="86502" Y="12187" Z="0"/>
					<Vertex X="86359" Y="12139" Z="0"/>
					<Vertex X="86215" Y="12091" Z="0"/>
					<Vertex X="86120" Y="11996" Z="0"/>
					<Vertex X="85928" Y="11996" Z="0"/>
					<Vertex X="85737" Y="11948" Z="0"/>
					<Vertex X="85689" Y="11852" Z="0"/>
					<Vertex X="85451" Y="11804" Z="0"/>
					<Vertex X="85403" Y="11709" Z="0"/>
					<Vertex X="85212" Y="11613" Z="0"/>
					<Vertex X="85164" Y="11565" Z="0"/>
					<Vertex X="85020" Y="11422" Z="0"/>
					<Vertex X="84877" Y="11374" Z="0"/>
					<Vertex X="84829" Y="11135" Z="0"/>
					<Vertex X="84734" Y="11088" Z="0"/>
					<Vertex X="84590" Y="10849" Z="0"/>
					<Vertex X="84542" Y="10753" Z="0"/>
					<Vertex X="84399" Y="10657" Z="0"/>
					<Vertex X="84304" Y="10418" Z="0"/>
					<Vertex X="84160" Y="10227" Z="0"/>
					<Vertex X="84112" Y="9988" Z="0"/>
					<Vertex X="83921" Y="9797" Z="0"/>
					<Vertex X="83778" Y="9463" Z="0"/>
					<Vertex X="83634" Y="9367" Z="0"/>
					<Vertex X="83539" Y="9080" Z="0"/>
					<Vertex X="83396" Y="8841" Z="0"/>
					<Vertex X="83157" Y="8698" Z="0"/>
					<Vertex X="83013" Y="8507" Z="0"/>
					<Vertex X="82774" Y="8268" Z="0"/>
					<Vertex X="82631" Y="8124" Z="0"/>
					<Vertex X="82440" Y="7886" Z="0"/>
					<Vertex X="82296" Y="7838" Z="0"/>
					<Vertex X="82153" Y="7694" Z="0"/>
					<Vertex X="81914" Y="7551" Z="0"/>
					<Vertex X="81771" Y="7408" Z="0"/>
					<Vertex X="81627" Y="7312" Z="0"/>
					<Vertex X="81436" Y="7169" Z="0"/>
					<Vertex X="81197" Y="7025" Z="0"/>
					<Vertex X="81149" Y="6977" Z="0"/>
					<Vertex X="80910" Y="6834" Z="0"/>
					<Vertex X="80767" Y="6739" Z="0"/>
					<Vertex X="80624" Y="6595" Z="0"/>
					<Vertex X="80432" Y="6452" Z="0"/>
					<Vertex X="80194" Y="6404" Z="0"/>
					<Vertex X="80002" Y="6308" Z="0"/>
					<Vertex X="79763" Y="6261" Z="0"/>
					<Vertex X="79572" Y="6165" Z="0"/>
					<Vertex X="79285" Y="6165" Z="0"/>
					<Vertex X="79190" Y="6117" Z="0"/>
					<Vertex X="78999" Y="6117" Z="0"/>
					<Vertex X="78855" Y="6117" Z="0"/>
					<Vertex X="78760" Y="6117" Z="0"/>
					<Vertex X="78712" Y="6165" Z="0"/>
					<Vertex X="78569" Y="6165" Z="0"/>
					<Vertex X="78473" Y="6261" Z="0"/>
					<Vertex X="78425" Y="6261" Z="0"/>
					<Vertex X="78425" Y="6308" Z="0"/>
					<Vertex X="78282" Y="6308" Z="0"/>
					<Vertex X="78138" Y="6404" Z="0"/>
					<Vertex X="77995" Y="6452" Z="0"/>
					<Vertex X="77852" Y="6452" Z="0"/>
					<Vertex X="77708" Y="6452" Z="0"/>
					<Vertex X="77565" Y="6452" Z="0"/>
					<Vertex X="77326" Y="6452" Z="0"/>
					<Vertex X="77183" Y="6452" Z="0"/>
					<Vertex X="76896" Y="6404" Z="0"/>
					<Vertex X="76609" Y="6404" Z="0"/>
					<Vertex X="76466" Y="6404" Z="0"/>
					<Vertex X="76227" Y="6308" Z="0"/>
					<Vertex X="76036" Y="6308" Z="0"/>
					<Vertex X="75749" Y="6308" Z="0"/>
					<Vertex X="75558" Y="6261" Z="0"/>
					<Vertex X="75414" Y="6261" Z="0"/>
					<Vertex X="75175" Y="6261" Z="0"/>
					<Vertex X="75128" Y="6261" Z="0"/>
					<Vertex X="74936" Y="6261" Z="0"/>
					<Vertex X="74745" Y="6261" Z="0"/>
					<Vertex X="74698" Y="6261" Z="0"/>
					<Vertex X="74459" Y="6261" Z="0"/>
					<Vertex X="74315" Y="6261" Z="0"/>
					<Vertex X="74124" Y="6261" Z="0"/>
					<Vertex X="73885" Y="6308" Z="0"/>
					<Vertex X="73646" Y="6308" Z="0"/>
					<Vertex X="73455" Y="6308" Z="0"/>
					<Vertex X="73120" Y="6404" Z="0"/>
					<Vertex X="72834" Y="6404" Z="0"/>
					<Vertex X="72595" Y="6404" Z="0"/>
					<Vertex X="72260" Y="6404" Z="0"/>
					<Vertex X="72021" Y="6404" Z="0"/>
					<Vertex X="71830" Y="6404" Z="0"/>
					<Vertex X="71591" Y="6308" Z="0"/>
					<Vertex X="71400" Y="6308" Z="0"/>
					<Vertex X="71113" Y="6261" Z="0"/>
					<Vertex X="70874" Y="6261" Z="0"/>
					<Vertex X="70588" Y="6165" Z="0"/>
					<Vertex X="70301" Y="6165" Z="0"/>
					<Vertex X="70110" Y="6165" Z="0"/>
					<Vertex X="69823" Y="6117" Z="0"/>
					<Vertex X="69441" Y="6117" Z="0"/>
					<Vertex X="69297" Y="6117" Z="0"/>
					<Vertex X="69010" Y="6117" Z="0"/>
					<Vertex X="68867" Y="6117" Z="0"/>
					<Vertex X="68676" Y="6117" Z="0"/>
					<Vertex X="68533" Y="6117" Z="0"/>
					<Vertex X="68389" Y="6165" Z="0"/>
					<Vertex X="68150" Y="6165" Z="0"/>
					<Vertex X="68007" Y="6165" Z="0"/>
					<Vertex X="67863" Y="6165" Z="0"/>
					<Vertex X="67672" Y="6261" Z="0"/>
					<Vertex X="67433" Y="6261" Z="0"/>
					<Vertex X="67290" Y="6261" Z="0"/>
					<Vertex X="67099" Y="6261" Z="0"/>
					<Vertex X="66955" Y="6261" Z="0"/>
					<Vertex X="66812" Y="6261" Z="0"/>
					<Vertex X="66525" Y="6261" Z="0"/>
					<Vertex X="66286" Y="6261" Z="0"/>
					<Vertex X="66143" Y="6261" Z="0"/>
					<Vertex X="65952" Y="6261" Z="0"/>
					<Vertex X="65808" Y="6261" Z="0"/>
					<Vertex X="65522" Y="6261" Z="0"/>
					<Vertex X="65283" Y="6261" Z="0"/>
					<Vertex X="65187" Y="6261" Z="0"/>
					<Vertex X="64948" Y="6165" Z="0"/>
					<Vertex X="64805" Y="6165" Z="0"/>
					<Vertex X="64566" Y="6165" Z="0"/>
					<Vertex X="64375" Y="6165" Z="0"/>
					<Vertex X="64231" Y="6165" Z="0"/>
					<Vertex X="64088" Y="6165" Z="0"/>
					<Vertex X="63945" Y="6165" Z="0"/>
					<Vertex X="63801" Y="6165" Z="0"/>
					<Vertex X="63562" Y="6165" Z="0"/>
					<Vertex X="63371" Y="6165" Z="0"/>
					<Vertex X="63275" Y="6165" Z="0"/>
					<Vertex X="63084" Y="6165" Z="0"/>
					<Vertex X="62798" Y="6165" Z="0"/>
					<Vertex X="62654" Y="6165" Z="0"/>
					<Vertex X="62415" Y="6165" Z="0"/>
					<Vertex X="62129" Y="6165" Z="0"/>
					<Vertex X="61794" Y="6165" Z="0"/>
					<Vertex X="61555" Y="6165" Z="0"/>
					<Vertex X="61316" Y="6261" Z="0"/>
					<Vertex X="60934" Y="6261" Z="0"/>
					<Vertex X="60647" Y="6261" Z="0"/>
					<Vertex X="60265" Y="6308" Z="0"/>
					<Vertex X="60073" Y="6308" Z="0"/>
					<Vertex X="59787" Y="6404" Z="0"/>
					<Vertex X="59548" Y="6404" Z="0"/>
					<Vertex X="59357" Y="6452" Z="0"/>
					<Vertex X="59118" Y="6452" Z="0"/>
					<Vertex X="58974" Y="6547" Z="0"/>
					<Vertex X="58688" Y="6595" Z="0"/>
					<Vertex X="58496" Y="6739" Z="0"/>
					<Vertex X="58353" Y="6739" Z="0"/>
					<Vertex X="58210" Y="6834" Z="0"/>
					<Vertex X="57971" Y="6882" Z="0"/>
					<Vertex X="57923" Y="6977" Z="0"/>
					<Vertex X="57780" Y="7025" Z="0"/>
					<Vertex X="57636" Y="7121" Z="0"/>
					<Vertex X="57493" Y="7264" Z="0"/>
					<Vertex X="57397" Y="7312" Z="0"/>
					<Vertex X="57254" Y="7408" Z="0"/>
					<Vertex X="57206" Y="7551" Z="0"/>
					<Vertex X="57110" Y="7694" Z="0"/>
					<Vertex X="56967" Y="7838" Z="0"/>
					<Vertex X="56919" Y="7886" Z="0"/>
					<Vertex X="56824" Y="8029" Z="0"/>
					<Vertex X="56776" Y="8124" Z="0"/>
					<Vertex X="56776" Y="8268" Z="0"/>
					<Vertex X="56776" Y="8411" Z="0"/>
					<Vertex X="56680" Y="8602" Z="0"/>
					<Vertex X="56680" Y="8841" Z="0"/>
					<Vertex X="56680" Y="9128" Z="0"/>
					<Vertex X="56680" Y="9271" Z="0"/>
					<Vertex X="56776" Y="9510" Z="0"/>
					<Vertex X="56919" Y="9702" Z="0"/>
					<Vertex X="56967" Y="9941" Z="0"/>
					<Vertex X="57110" Y="10132" Z="0"/>
					<Vertex X="57349" Y="10323" Z="0"/>
					<Vertex X="57493" Y="10466" Z="0"/>
					<Vertex X="57636" Y="10562" Z="0"/>
					<Vertex X="57827" Y="10610" Z="0"/>
					<Vertex X="57971" Y="10753" Z="0"/>
					<Vertex X="58114" Y="10849" Z="0"/>
					<Vertex X="58257" Y="10896" Z="0"/>
					<Vertex X="58401" Y="10992" Z="0"/>
					<Vertex X="58640" Y="10992" Z="0"/>
					<Vertex X="58831" Y="10992" Z="0"/>
					<Vertex X="59070" Y="10992" Z="0"/>
					<Vertex X="59357" Y="10849" Z="0"/>
					<Vertex X="59548" Y="10705" Z="0"/>
					<Vertex X="59691" Y="10610" Z="0"/>
					<Vertex X="60026" Y="10418" Z="0"/>
					<Vertex X="60265" Y="10275" Z="0"/>
					<Vertex X="60504" Y="10132" Z="0"/>
					<Vertex X="60551" Y="10132" Z="0"/>
					<Vertex X="60695" Y="10036" Z="0"/>
					<Vertex X="60790" Y="10036" Z="0"/>
					<Vertex X="60934" Y="10132" Z="0"/>
					<Vertex X="60982" Y="10132" Z="0"/>
					<Vertex X="61077" Y="10179" Z="0"/>
					<Vertex X="61077" Y="10275" Z="0"/>
					<Vertex X="61125" Y="10323" Z="0"/>
					<Vertex X="61220" Y="10418" Z="0"/>
					<Vertex X="61316" Y="10562" Z="0"/>
					<Vertex X="61316" Y="10610" Z="0"/>
					<Vertex X="61412" Y="10753" Z="0"/>
					<Vertex X="61555" Y="10896" Z="0"/>
					<Vertex X="61698" Y="11040" Z="0"/>
					<Vertex X="61937" Y="11183" Z="0"/>
					<Vertex X="61985" Y="11279" Z="0"/>
					<Vertex X="62224" Y="11422" Z="0"/>
					<Vertex X="62415" Y="11470" Z="0"/>
					<Vertex X="62654" Y="11565" Z="0"/>
					<Vertex X="62845" Y="11613" Z="0"/>
					<Vertex X="62989" Y="11709" Z="0"/>
					<Vertex X="63228" Y="11757" Z="0"/>
					<Vertex X="63514" Y="11852" Z="0"/>
					<Vertex X="63706" Y="11900" Z="0"/>
					<Vertex X="63945" Y="11900" Z="0"/>
					<Vertex X="63992" Y="11900" Z="0"/>
					<Vertex X="64231" Y="11996" Z="0"/>
					<Vertex X="64422" Y="11996" Z="0"/>
					<Vertex X="64566" Y="11996" Z="0"/>
					<Vertex X="64805" Y="12091" Z="0"/>
					<Vertex X="64996" Y="12139" Z="0"/>
					<Vertex X="65187" Y="12139" Z="0"/>
					<Vertex X="65283" Y="12187" Z="0"/>
					<Vertex X="65426" Y="12282" Z="0"/>
					<Vertex X="65569" Y="12330" Z="0"/>
					<Vertex X="65713" Y="12473" Z="0"/>
					<Vertex X="65808" Y="12569" Z="0"/>
					<Vertex X="65952" Y="12617" Z="0"/>
					<Vertex X="66095" Y="12712" Z="0"/>
					<Vertex X="66143" Y="12760" Z="0"/>
					<Vertex X="66286" Y="12856" Z="0"/>
					<Vertex X="66477" Y="12999" Z="0"/>
					<Vertex X="66525" Y="13047" Z="0"/>
					<Vertex X="66669" Y="13143" Z="0"/>
					<Vertex X="66860" Y="13286" Z="0"/>
					<Vertex X="67003" Y="13429" Z="0"/>
					<Vertex X="67147" Y="13573" Z="0"/>
					<Vertex X="67290" Y="13716" Z="0"/>
					<Vertex X="67386" Y="13764" Z="0"/>
					<Vertex X="67433" Y="13907" Z="0"/>
					<Vertex X="67529" Y="14051" Z="0"/>
					<Vertex X="67672" Y="14194" Z="0"/>
					<Vertex X="67672" Y="14433" Z="0"/>
					<Vertex X="67816" Y="14576" Z="0"/>
					<Vertex X="67863" Y="14720" Z="0"/>
					<Vertex X="68007" Y="14863" Z="0"/>
					<Vertex X="68102" Y="15054" Z="0"/>
					<Vertex X="68246" Y="15293" Z="0"/>
					<Vertex X="68389" Y="15484" Z="0"/>
					<Vertex X="68485" Y="15723" Z="0"/>
					<Vertex X="68580" Y="15867" Z="0"/>
					<Vertex X="68771" Y="16106" Z="0"/>
					<Vertex X="68915" Y="16297" Z="0"/>
					<Vertex X="69106" Y="16488" Z="0"/>
					<Vertex X="69393" Y="16679" Z="0"/>
					<Vertex X="69584" Y="16727" Z="0"/>
					<Vertex X="69775" Y="16775" Z="0"/>
					<Vertex X="69918" Y="16870" Z="0"/>
					<Vertex X="70110" Y="16870" Z="0"/>
					<Vertex X="70253" Y="16966" Z="0"/>
					<Vertex X="70301" Y="16966" Z="0"/>
					<Vertex X="70492" Y="17014" Z="0"/>
					<Vertex X="70588" Y="17157" Z="0"/>
					<Vertex X="70731" Y="17205" Z="0"/>
					<Vertex X="70970" Y="17348" Z="0"/>
					<Vertex X="71113" Y="17539" Z="0"/>
					<Vertex X="71257" Y="17635" Z="0"/>
					<Vertex X="71352" Y="17826" Z="0"/>
					<Vertex X="71496" Y="17874" Z="0"/>
					<Vertex X="71543" Y="18065" Z="0"/>
					<Vertex X="71591" Y="18256" Z="0"/>
					<Vertex X="71591" Y="18400" Z="0"/>
					<Vertex X="71591" Y="18447" Z="0"/>
					<Vertex X="71687" Y="18591" Z="0"/>
					<Vertex X="71687" Y="18734" Z="0"/>
					<Vertex X="71591" Y="18830" Z="0"/>
					<Vertex X="71543" Y="18925" Z="0"/>
					<Vertex X="71496" Y="19116" Z="0"/>
					<Vertex X="71352" Y="19164" Z="0"/>
					<Vertex X="71209" Y="19308" Z="0"/>
					<Vertex X="71065" Y="19355" Z="0"/>
					<Vertex X="70874" Y="19499" Z="0"/>
					<Vertex X="70731" Y="19690" Z="0"/>
					<Vertex X="70683" Y="19738" Z="0"/>
					<Vertex X="70540" Y="19881" Z="0"/>
					<Vertex X="70540" Y="19977" Z="0"/>
					<Vertex X="70492" Y="20024" Z="0"/>
					<Vertex X="70396" Y="20168" Z="0"/>
					<Vertex X="70396" Y="20311" Z="0"/>
					<Vertex X="70301" Y="20455" Z="0"/>
					<Vertex X="70301" Y="20598" Z="0"/>
					<Vertex X="70301" Y="20741" Z="0"/>
					<Vertex X="70301" Y="20932" Z="0"/>
					<Vertex X="70301" Y="21124" Z="0"/>
					<Vertex X="70301" Y="21315" Z="0"/>
					<Vertex X="70301" Y="21458" Z="0"/>
					<Vertex X="70396" Y="21745" Z="0"/>
					<Vertex X="70492" Y="22032" Z="0"/>
					<Vertex X="70540" Y="22223" Z="0"/>
					<Vertex X="70588" Y="22366" Z="0"/>
					<Vertex X="70683" Y="22605" Z="0"/>
					<Vertex X="70731" Y="22749" Z="0"/>
					<Vertex X="70731" Y="22892" Z="0"/>
					<Vertex X="70826" Y="23035" Z="0"/>
					<Vertex X="70970" Y="23179" Z="0"/>
					<Vertex X="71065" Y="23322" Z="0"/>
					<Vertex X="71209" Y="23370" Z="0"/>
					<Vertex X="71352" Y="23561" Z="0"/>
					<Vertex X="71496" Y="23609" Z="0"/>
					<Vertex X="71591" Y="23752" Z="0"/>
					<Vertex X="71782" Y="23800" Z="0"/>
					<Vertex X="71973" Y="23943" Z="0"/>
					<Vertex X="72117" Y="24134" Z="0"/>
					<Vertex X="72260" Y="24230" Z="0"/>
					<Vertex X="72404" Y="24469" Z="0"/>
					<Vertex X="72547" Y="24612" Z="0"/>
					<Vertex X="72690" Y="24756" Z="0"/>
					<Vertex X="72834" Y="24947" Z="0"/>
					<Vertex X="73073" Y="25090" Z="0"/>
					<Vertex X="73120" Y="25234" Z="0"/>
					<Vertex X="73264" Y="25425" Z="0"/>
					<Vertex X="73455" Y="25520" Z="0"/>
					<Vertex X="73646" Y="25664" Z="0"/>
					<Vertex X="73790" Y="25759" Z="0"/>
					<Vertex X="73933" Y="25903" Z="0"/>
					<Vertex X="74076" Y="26046" Z="0"/>
					<Vertex X="74124" Y="26237" Z="0"/>
					<Vertex X="74267" Y="26381" Z="0"/>
					<Vertex X="74363" Y="26620" Z="0"/>
					<Vertex X="74363" Y="26859" Z="0"/>
					<Vertex X="74363" Y="27050" Z="0"/>
					<Vertex X="74363" Y="27241" Z="0"/>
					<Vertex X="74363" Y="27480" Z="0"/>
					<Vertex X="74267" Y="27671" Z="0"/>
					<Vertex X="74124" Y="27814" Z="0"/>
					<Vertex X="74076" Y="28053" Z="0"/>
					<Vertex X="73981" Y="28197" Z="0"/>
					<Vertex X="73933" Y="28292" Z="0"/>
					<Vertex X="73790" Y="28340" Z="0"/>
					<Vertex X="73646" Y="28388" Z="0"/>
					<Vertex X="73455" Y="28483" Z="0"/>
					<Vertex X="73407" Y="28531" Z="0"/>
					<Vertex X="73264" Y="28627" Z="0"/>
					<Vertex X="73168" Y="28675" Z="0"/>
					<Vertex X="73120" Y="28818" Z="0"/>
					<Vertex X="73073" Y="29009" Z="0"/>
					<Vertex X="72881" Y="29200" Z="0"/>
					<Vertex X="72881" Y="29344" Z="0"/>
					<Vertex X="72881" Y="29487" Z="0"/>
					<Vertex X="72834" Y="29726" Z="0"/>
					<Vertex X="72834" Y="29917" Z="0"/>
					<Vertex X="72834" Y="30061" Z="0"/>
					<Vertex X="72834" Y="30252" Z="0"/>
					<Vertex X="72834" Y="30443" Z="0"/>
					<Vertex X="72834" Y="30634" Z="0"/>
					<Vertex X="72834" Y="30777" Z="0"/>
					<Vertex X="72834" Y="30969" Z="0"/>
					<Vertex X="72834" Y="31112" Z="0"/>
					<Vertex X="72834" Y="31208" Z="0"/>
					<Vertex X="72834" Y="31303" Z="0"/>
					<Vertex X="72786" Y="31351" Z="0"/>
					<Vertex X="72690" Y="31351" Z="0"/>
					<Vertex X="72643" Y="31351" Z="0"/>
					<Vertex X="72404" Y="31351" Z="0"/>
					<Vertex X="72308" Y="31542" Z="0"/>
					<Vertex X="73168" Y="34506" Z="0"/>
					<Vertex X="73742" Y="34983" Z="0"/>
					<Vertex X="73885" Y="35127" Z="0"/>
					<Vertex X="74172" Y="35366" Z="0"/>
					<Vertex X="74315" Y="35509" Z="0"/>
					<Vertex X="74602" Y="35652" Z="0"/>
					<Vertex X="74841" Y="35700" Z="0"/>
					<Vertex X="75128" Y="35844" Z="0"/>
					<Vertex X="75367" Y="35939" Z="0"/>
					<Vertex X="75653" Y="36035" Z="0"/>
					<Vertex X="75988" Y="36130" Z="0"/>
					<Vertex X="76179" Y="36226" Z="0"/>
					<Vertex X="76418" Y="36369" Z="0"/>
					<Vertex X="76609" Y="36417" Z="0"/>
					<Vertex X="76800" Y="36513" Z="0"/>
					<Vertex X="77039" Y="36561" Z="0"/>
					<Vertex X="77278" Y="36656" Z="0"/>
					<Vertex X="77469" Y="36704" Z="0"/>
					<Vertex X="77708" Y="36799" Z="0"/>
					<Vertex X="77947" Y="36847" Z="0"/>
					<Vertex X="78234" Y="36943" Z="0"/>
					<Vertex X="78569" Y="36943" Z="0"/>
					<Vertex X="78808" Y="36991" Z="0"/>
					<Vertex X="79142" Y="37086" Z="0"/>
					<Vertex X="79333" Y="37134" Z="0"/>
					<Vertex X="79716" Y="37277" Z="0"/>
					<Vertex X="80098" Y="37373" Z="0"/>
					<Vertex X="80480" Y="37469" Z="0"/>
					<Vertex X="80815" Y="37564" Z="0"/>
					<Vertex X="81197" Y="37708" Z="0"/>
					<Vertex X="81627" Y="37851" Z="0"/>
					<Vertex X="81962" Y="37946" Z="0"/>
					<Vertex X="82344" Y="38185" Z="0"/>
					<Vertex X="82726" Y="38281" Z="0"/>
					<Vertex X="83061" Y="38520" Z="0"/>
					<Vertex X="83491" Y="38807" Z="0"/>
					<Vertex X="83873" Y="38998" Z="0"/>
					<Vertex X="84112" Y="39237" Z="0"/>
					<Vertex X="84399" Y="39524" Z="0"/>
					<Vertex X="84638" Y="39667" Z="0"/>
					<Vertex X="84877" Y="39954" Z="0"/>
					<Vertex X="85068" Y="40240" Z="0"/>
					<Vertex X="85164" Y="40384" Z="0"/>
					<Vertex X="85212" Y="40527" Z="0"/>
					<Vertex X="85307" Y="40671" Z="0"/>
					<Vertex X="85307" Y="40814" Z="0"/>
					<Vertex X="85307" Y="40862" Z="0"/>
					<Vertex X="85212" Y="41101" Z="0"/>
					<Vertex X="85212" Y="41244" Z="0"/>
					<Vertex X="85164" Y="41292" Z="0"/>
					<Vertex X="85020" Y="41435" Z="0"/>
					<Vertex X="84877" Y="41531" Z="0"/>
					<Vertex X="84782" Y="41531" Z="0"/>
					<Vertex X="84543" Y="41435" Z="0"/>
					<Vertex X="84399" Y="41435" Z="0"/>
					<Vertex X="84304" Y="41387" Z="0"/>
					<Vertex X="84017" Y="41244" Z="0"/>
					<Vertex X="83778" Y="41148" Z="0"/>
					<Vertex X="83587" Y="41053" Z="0"/>
					<Vertex X="83252" Y="40814" Z="0"/>
					<Vertex X="83061" Y="40718" Z="0"/>
					<Vertex X="82870" Y="40575" Z="0"/>
					<Vertex X="82583" Y="40432" Z="0"/>
					<Vertex X="82296" Y="40384" Z="0"/>
					<Vertex X="81962" Y="40336" Z="0"/>
					<Vertex X="81723" Y="40240" Z="0"/>
					<Vertex X="81341" Y="40097" Z="0"/>
					<Vertex X="80910" Y="40001" Z="0"/>
					<Vertex X="80671" Y="39954" Z="0"/>
					<Vertex X="80337" Y="39810" Z="0"/>
					<Vertex X="80002" Y="39763" Z="0"/>
					<Vertex X="79716" Y="39619" Z="0"/>
					<Vertex X="79238" Y="39428" Z="0"/>
					<Vertex X="78808" Y="39237" Z="0"/>
					<Vertex X="78234" Y="38998" Z="0"/>
					<Vertex X="77900" Y="38902" Z="0"/>
					<Vertex X="77517" Y="38711" Z="0"/>
					<Vertex X="77278" Y="38663" Z="0"/>
					<Vertex X="76944" Y="38520" Z="0"/>
					<Vertex X="76753" Y="38424" Z="0"/>
					<Vertex X="76561" Y="38281" Z="0"/>
					<Vertex X="76418" Y="38233" Z="0"/>
					<Vertex X="76179" Y="38090" Z="0"/>
					<Vertex X="76131" Y="37994" Z="0"/>
					<Vertex X="75988" Y="37946" Z="0"/>
					<Vertex X="75845" Y="37803" Z="0"/>
					<Vertex X="75653" Y="37660" Z="0"/>
					<Vertex X="75462" Y="37469" Z="0"/>
					<Vertex X="75271" Y="37230" Z="0"/>
					<Vertex X="75128" Y="37086" Z="0"/>
					<Vertex X="74889" Y="36943" Z="0"/>
					<Vertex X="74841" Y="36847" Z="0"/>
					<Vertex X="74698" Y="36799" Z="0"/>
					<Vertex X="74602" Y="36704" Z="0"/>
					<Vertex X="74459" Y="36656" Z="0"/>
					<Vertex X="74411" Y="36561" Z="0"/>
					<Vertex X="74411" Y="36417" Z="0"/>
					<Vertex X="73981" Y="36703" Z="0"/>
					<Vertex X="73837" Y="36608" Z="0"/>
					<Vertex X="73646" Y="36465" Z="0"/>
					<Vertex X="73455" Y="36273" Z="0"/>
					<Vertex X="73264" Y="36082" Z="0"/>
					<Vertex X="73168" Y="35987" Z="0"/>
					<Vertex X="72977" Y="35795" Z="0"/>
					<Vertex X="72881" Y="35748" Z="0"/>
					<Vertex X="72786" Y="35557" Z="0"/>
					<Vertex X="72690" Y="35413" Z="0"/>
					<Vertex X="72499" Y="35270" Z="0"/>
					<Vertex X="72404" Y="35174" Z="0"/>
					<Vertex X="72356" Y="35031" Z="0"/>
					<Vertex X="72117" Y="34840" Z="0"/>
					<Vertex X="72021" Y="34792" Z="0"/>
					<Vertex X="71973" Y="34648" Z="0"/>
					<Vertex X="71830" Y="34505" Z="0"/>
					<Vertex X="71687" Y="34457" Z="0"/>
					<Vertex X="71591" Y="34362" Z="0"/>
					<Vertex X="71496" Y="34314" Z="0"/>
					<Vertex X="71352" Y="34218" Z="0"/>
					<Vertex X="71209" Y="34123" Z="0"/>
					<Vertex X="71065" Y="34123" Z="0"/>
					<Vertex X="70874" Y="34123" Z="0"/>
					<Vertex X="70731" Y="34123" Z="0"/>
					<Vertex X="70588" Y="34075" Z="0"/>
					<Vertex X="70396" Y="34027" Z="0"/>
					<Vertex X="70253" Y="33932" Z="0"/>
					<Vertex X="70110" Y="33836" Z="0"/>
					<Vertex X="69966" Y="33645" Z="0"/>
					<Vertex X="69918" Y="33501" Z="0"/>
					<Vertex X="69775" Y="33263" Z="0"/>
					<Vertex X="69536" Y="33119" Z="0"/>
					<Vertex X="69393" Y="33024" Z="0"/>
					<Vertex X="69249" Y="32880" Z="0"/>
					<Vertex X="69106" Y="32785" Z="0"/>
					<Vertex X="68963" Y="32689" Z="0"/>
					<Vertex X="68771" Y="32593" Z="0"/>
					<Vertex X="68628" Y="32498" Z="0"/>
					<Vertex X="68485" Y="32498" Z="0"/>
					<Vertex X="68294" Y="32402" Z="0"/>
					<Vertex X="68102" Y="32402" Z="0"/>
					<Vertex X="67959" Y="32402" Z="0"/>
					<Vertex X="67816" Y="32498" Z="0"/>
					<Vertex X="67672" Y="32593" Z="0"/>
					<Vertex X="67624" Y="32689" Z="0"/>
					<Vertex X="67529" Y="32880" Z="0"/>
					<Vertex X="67481" Y="33071" Z="0"/>
					<Vertex X="67338" Y="33358" Z="0"/>
					<Vertex X="67242" Y="33501" Z="0"/>
					<Vertex X="67194" Y="33645" Z="0"/>
					<Vertex X="67003" Y="33788" Z="0"/>
					<Vertex X="66860" Y="33932" Z="0"/>
					<Vertex X="66669" Y="34123" Z="0"/>
					<Vertex X="66525" Y="34362" Z="0"/>
					<Vertex X="66382" Y="34505" Z="0"/>
					<Vertex X="66239" Y="34744" Z="0"/>
					<Vertex X="66191" Y="34840" Z="0"/>
					<Vertex X="65952" Y="34935" Z="0"/>
					<Vertex X="65808" Y="34935" Z="0"/>
					<Vertex X="65665" Y="34935" Z="0"/>
					<Vertex X="65569" Y="34792" Z="0"/>
					<Vertex X="65426" Y="34553" Z="0"/>
					<Vertex X="65426" Y="34362" Z="0"/>
					<Vertex X="65378" Y="34218" Z="0"/>
					<Vertex X="65331" Y="33932" Z="0"/>
					<Vertex X="65331" Y="33740" Z="0"/>
					<Vertex X="65331" Y="33501" Z="0"/>
					<Vertex X="65331" Y="33263" Z="0"/>
					<Vertex X="65378" Y="33071" Z="0"/>
					<Vertex X="65331" Y="32928" Z="0"/>
					<Vertex X="65331" Y="32785" Z="0"/>
					<Vertex X="65235" Y="32689" Z="0"/>
					<Vertex X="65187" Y="32689" Z="0"/>
					<Vertex X="64948" Y="32641" Z="0"/>
					<Vertex X="64805" Y="32641" Z="0"/>
					<Vertex X="64757" Y="32689" Z="0"/>
					<Vertex X="64518" Y="32785" Z="0"/>
					<Vertex X="64375" Y="32880" Z="0"/>
					<Vertex X="64231" Y="33024" Z="0"/>
					<Vertex X="64088" Y="33119" Z="0"/>
					<Vertex X="63945" Y="33263" Z="0"/>
					<Vertex X="63801" Y="33406" Z="0"/>
					<Vertex X="63658" Y="33645" Z="0"/>
					<Vertex X="63610" Y="33788" Z="0"/>
					<Vertex X="63514" Y="33932" Z="0"/>
					<Vertex X="63514" Y="34075" Z="0"/>
					<Vertex X="63467" Y="34362" Z="0"/>
					<Vertex X="63371" Y="34553" Z="0"/>
					<Vertex X="63323" Y="34792" Z="0"/>
					<Vertex X="63323" Y="35031" Z="0"/>
					<Vertex X="63228" Y="35222" Z="0"/>
					<Vertex X="63132" Y="35509" Z="0"/>
					<Vertex X="63132" Y="35748" Z="0"/>
					<Vertex X="63228" Y="35843" Z="0"/>
					<Vertex X="63323" Y="36082" Z="0"/>
					<Vertex X="63371" Y="36273" Z="0"/>
					<Vertex X="63610" Y="36512" Z="0"/>
					<Vertex X="63753" Y="36656" Z="0"/>
					<Vertex X="63801" Y="36799" Z="0"/>
					<Vertex X="63801" Y="36990" Z="0"/>
					<Vertex X="63801" Y="37181" Z="0"/>
					<Vertex X="63801" Y="37420" Z="0"/>
					<Vertex X="63753" Y="37898" Z="0"/>
					<Vertex X="63753" Y="38089" Z="0"/>
					<Vertex X="63753" Y="38424" Z="0"/>
					<Vertex X="63753" Y="38759" Z="0"/>
					<Vertex X="63897" Y="39093" Z="0"/>
					<Vertex X="64088" Y="39380" Z="0"/>
					<Vertex X="64231" Y="39667" Z="0"/>
					<Vertex X="64518" Y="39810" Z="0"/>
					<Vertex X="64805" Y="39953" Z="0"/>
					<Vertex X="65187" Y="40049" Z="0"/>
					<Vertex X="65378" Y="40049" Z="0"/>
					<Vertex X="65665" Y="39858" Z="0"/>
					<Vertex X="65808" Y="39810" Z="0"/>
					<Vertex X="66047" Y="39810" Z="0"/>
					<Vertex X="66334" Y="39810" Z="0"/>
					<Vertex X="66621" Y="39858" Z="0"/>
					<Vertex X="66812" Y="39953" Z="0"/>
					<Vertex X="67003" Y="40097" Z="0"/>
					<Vertex X="67242" Y="40240" Z="0"/>
					<Vertex X="67529" Y="40431" Z="0"/>
					<Vertex X="67672" Y="40575" Z="0"/>
					<Vertex X="67911" Y="40766" Z="0"/>
					<Vertex X="68150" Y="40909" Z="0"/>
					<Vertex X="68294" Y="40957" Z="0"/>
					<Vertex X="68533" Y="40957" Z="0"/>
					<Vertex X="68628" Y="40957" Z="0"/>
					<Vertex X="68771" Y="40814" Z="0"/>
					<Vertex X="68819" Y="40670" Z="0"/>
					<Vertex X="68963" Y="40575" Z="0"/>
					<Vertex X="69202" Y="40431" Z="0"/>
					<Vertex X="69393" Y="40431" Z="0"/>
					<Vertex X="69584" Y="40527" Z="0"/>
					<Vertex X="69918" Y="40766" Z="0"/>
					<Vertex X="70110" Y="41005" Z="0"/>
					<Vertex X="70205" Y="41148" Z="0"/>
					<Vertex X="70253" Y="41483" Z="0"/>
					<Vertex X="70253" Y="41578" Z="0"/>
					<Vertex X="70110" Y="41722" Z="0"/>
					<Vertex X="70062" Y="41865" Z="0"/>
					<Vertex X="69918" Y="42008" Z="0"/>
					<Vertex X="69775" Y="42199" Z="0"/>
					<Vertex X="69584" Y="42247" Z="0"/>
					<Vertex X="69441" Y="42295" Z="0"/>
					<Vertex X="69249" Y="42391" Z="0"/>
					<Vertex X="69106" Y="42391" Z="0"/>
					<Vertex X="68963" Y="42391" Z="0"/>
					<Vertex X="68819" Y="42391" Z="0"/>
					<Vertex X="68676" Y="42391" Z="0"/>
					<Vertex X="68533" Y="42295" Z="0"/>
					<Vertex X="68389" Y="42247" Z="0"/>
					<Vertex X="68246" Y="42199" Z="0"/>
					<Vertex X="68102" Y="42199" Z="0"/>
					<Vertex X="68007" Y="42104" Z="0"/>
					<Vertex X="67911" Y="42008" Z="0"/>
					<Vertex X="67816" Y="41961" Z="0"/>
					<Vertex X="67672" Y="41865" Z="0"/>
					<Vertex X="67529" Y="41817" Z="0"/>
					<Vertex X="67338" Y="41722" Z="0"/>
					<Vertex X="67194" Y="41722" Z="0"/>
					<Vertex X="67003" Y="41674" Z="0"/>
					<Vertex X="66860" Y="41722" Z="0"/>
					<Vertex X="66716" Y="41817" Z="0"/>
					<Vertex X="66621" Y="41961" Z="0"/>
					<Vertex X="66525" Y="42104" Z="0"/>
					<Vertex X="66477" Y="42247" Z="0"/>
					<Vertex X="66334" Y="42438" Z="0"/>
					<Vertex X="66239" Y="42677" Z="0"/>
					<Vertex X="66095" Y="42964" Z="0"/>
					<Vertex X="66047" Y="43107" Z="0"/>
					<Vertex X="65904" Y="43251" Z="0"/>
					<Vertex X="65808" Y="43299" Z="0"/>
					<Vertex X="65665" Y="43394" Z="0"/>
					<Vertex X="65569" Y="43394" Z="0"/>
					<Vertex X="65522" Y="43394" Z="0"/>
					<Vertex X="65426" Y="43394" Z="0"/>
					<Vertex X="65378" Y="43299" Z="0"/>
					<Vertex X="65331" Y="43299" Z="0"/>
					<Vertex X="65331" Y="43251" Z="0"/>
					<Vertex X="65235" Y="43251" Z="0"/>
					<Vertex X="65187" Y="43251" Z="0"/>
					<Vertex X="65044" Y="43155" Z="0"/>
					<Vertex X="64948" Y="43155" Z="0"/>
					<Vertex X="64900" Y="43107" Z="0"/>
					<Vertex X="64805" Y="43107" Z="0"/>
					<Vertex X="64757" Y="43107" Z="0"/>
					<Vertex X="64661" Y="43012" Z="0"/>
					<Vertex X="64661" Y="43012" Z="0"/>
					<Vertex X="64661" Y="43107" Z="0"/>
					<Vertex X="64614" Y="43107" Z="0"/>
					<Vertex X="64709" Y="43060" Z="0"/>
				</Vertices>
			</Region>
		</Regions>
		<Plots/>
	</Annotation>
</Annotations>
