<Annotations MicronsPerPixel="0.252200">
	<Annotation Id="1" Name="" ReadOnly="0" NameReadOnly="0" LineColorReadOnly="0" Incremental="0" Type="4" LineColor="16711935" Visible="1" Selected="1" MarkupImagePath="" MacroName="">
		<Attributes/>
		<Regions>
			<RegionAttributeHeaders>
				<AttributeHeader Id="9999" Name="Region" ColumnWidth="-1"/>
				<AttributeHeader Id="9997" Name="Length" ColumnWidth="-1"/>
				<AttributeHeader Id="9996" Name="Area" ColumnWidth="-1"/>
				<AttributeHeader Id="9998" Name="Text" ColumnWidth="-1"/>
			</RegionAttributeHeaders>
			<Region Id="1" Type="0" Zoom="0.015474" Selected="0" ImageLocation="" ImageFocus="-1" Length="82626.2" Area="289144370.0" LengthMicrons="20838.3" AreaMicrons="18390981.4" Text="" NegativeROA="0" InputRegionId="0" Analyze="1" DisplayId="1">
				<Attributes/>
				<Vertices>
					<Vertex X="15694" Y="67454" Z="0"/>
					<Vertex X="15374" Y="67582" Z="0"/>
					<Vertex X="15182" Y="67454" Z="0"/>
					<Vertex X="14989" Y="67454" Z="0"/>
					<Vertex X="14797" Y="67454" Z="0"/>
					<Vertex X="14733" Y="67454" Z="0"/>
					<Vertex X="14541" Y="67454" Z="0"/>
					<Vertex X="14349" Y="67390" Z="0"/>
					<Vertex X="14028" Y="67390" Z="0"/>
					<Vertex X="13836" Y="67390" Z="0"/>
					<Vertex X="13772" Y="67390" Z="0"/>
					<Vertex X="13580" Y="67262" Z="0"/>
					<Vertex X="13388" Y="67262" Z="0"/>
					<Vertex X="13196" Y="67262" Z="0"/>
					<Vertex X="13004" Y="67134" Z="0"/>
					<Vertex X="12811" Y="67134" Z="0"/>
					<Vertex X="12683" Y="67070" Z="0"/>
					<Vertex X="12427" Y="67070" Z="0"/>
					<Vertex X="12299" Y="67070" Z="0"/>
					<Vertex X="12235" Y="66941" Z="0"/>
					<Vertex X="11915" Y="66941" Z="0"/>
					<Vertex X="11850" Y="66941" Z="0"/>
					<Vertex X="11658" Y="66941" Z="0"/>
					<Vertex X="11466" Y="66941" Z="0"/>
					<Vertex X="11338" Y="67070" Z="0"/>
					<Vertex X="11146" Y="67134" Z="0"/>
					<Vertex X="11082" Y="67390" Z="0"/>
					<Vertex X="10954" Y="67454" Z="0"/>
					<Vertex X="10890" Y="67646" Z="0"/>
					<Vertex X="10697" Y="67710" Z="0"/>
					<Vertex X="10697" Y="67966" Z="0"/>
					<Vertex X="10569" Y="68223" Z="0"/>
					<Vertex X="10505" Y="68415" Z="0"/>
					<Vertex X="10505" Y="68799" Z="0"/>
					<Vertex X="10377" Y="69055" Z="0"/>
					<Vertex X="10313" Y="69504" Z="0"/>
					<Vertex X="10313" Y="69760" Z="0"/>
					<Vertex X="10185" Y="70273" Z="0"/>
					<Vertex X="10121" Y="70593" Z="0"/>
					<Vertex X="9993" Y="70977" Z="0"/>
					<Vertex X="9929" Y="71362" Z="0"/>
					<Vertex X="9929" Y="71746" Z="0"/>
					<Vertex X="9801" Y="72194" Z="0"/>
					<Vertex X="9737" Y="72707" Z="0"/>
					<Vertex X="9608" Y="73155" Z="0"/>
					<Vertex X="9544" Y="73411" Z="0"/>
					<Vertex X="9544" Y="73796" Z="0"/>
					<Vertex X="9416" Y="74116" Z="0"/>
					<Vertex X="9416" Y="74436" Z="0"/>
					<Vertex X="9352" Y="74757" Z="0"/>
					<Vertex X="9352" Y="75141" Z="0"/>
					<Vertex X="9352" Y="75397" Z="0"/>
					<Vertex X="9224" Y="75782" Z="0"/>
					<Vertex X="9224" Y="76102" Z="0"/>
					<Vertex X="9160" Y="76486" Z="0"/>
					<Vertex X="9160" Y="76742" Z="0"/>
					<Vertex X="9160" Y="77063" Z="0"/>
					<Vertex X="9032" Y="77319" Z="0"/>
					<Vertex X="9032" Y="77639" Z="0"/>
					<Vertex X="9032" Y="77960" Z="0"/>
					<Vertex X="8968" Y="78216" Z="0"/>
					<Vertex X="8840" Y="78600" Z="0"/>
					<Vertex X="8840" Y="78792" Z="0"/>
					<Vertex X="8840" Y="79049" Z="0"/>
					<Vertex X="8776" Y="79177" Z="0"/>
					<Vertex X="8776" Y="79369" Z="0"/>
					<Vertex X="8648" Y="79561" Z="0"/>
					<Vertex X="8648" Y="79625" Z="0"/>
					<Vertex X="8648" Y="79881" Z="0"/>
					<Vertex X="8648" Y="79945" Z="0"/>
					<Vertex X="8648" Y="80009" Z="0"/>
					<Vertex X="8648" Y="80202" Z="0"/>
					<Vertex X="8648" Y="80330" Z="0"/>
					<Vertex X="8776" Y="80394" Z="0"/>
					<Vertex X="8840" Y="80586" Z="0"/>
					<Vertex X="9032" Y="80714" Z="0"/>
					<Vertex X="9224" Y="80778" Z="0"/>
					<Vertex X="9352" Y="80906" Z="0"/>
					<Vertex X="9608" Y="80970" Z="0"/>
					<Vertex X="9801" Y="81098" Z="0"/>
					<Vertex X="10185" Y="81098" Z="0"/>
					<Vertex X="10505" Y="81163" Z="0"/>
					<Vertex X="10761" Y="81163" Z="0"/>
					<Vertex X="11082" Y="81163" Z="0"/>
					<Vertex X="11338" Y="81163" Z="0"/>
					<Vertex X="11658" Y="81163" Z="0"/>
					<Vertex X="11915" Y="81098" Z="0"/>
					<Vertex X="12427" Y="81098" Z="0"/>
					<Vertex X="12811" Y="80970" Z="0"/>
					<Vertex X="13068" Y="80970" Z="0"/>
					<Vertex X="13388" Y="80906" Z="0"/>
					<Vertex X="13836" Y="80778" Z="0"/>
					<Vertex X="14285" Y="80778" Z="0"/>
					<Vertex X="14541" Y="80714" Z="0"/>
					<Vertex X="14797" Y="80714" Z="0"/>
					<Vertex X="15117" Y="80714" Z="0"/>
					<Vertex X="15374" Y="80586" Z="0"/>
					<Vertex X="15694" Y="80586" Z="0"/>
					<Vertex X="16014" Y="80586" Z="0"/>
					<Vertex X="16463" Y="80586" Z="0"/>
					<Vertex X="16719" Y="80522" Z="0"/>
					<Vertex X="17103" Y="80522" Z="0"/>
					<Vertex X="17424" Y="80522" Z="0"/>
					<Vertex X="17808" Y="80394" Z="0"/>
					<Vertex X="18064" Y="80394" Z="0"/>
					<Vertex X="18384" Y="80394" Z="0"/>
					<Vertex X="18705" Y="80522" Z="0"/>
					<Vertex X="18961" Y="80522" Z="0"/>
					<Vertex X="19217" Y="80586" Z="0"/>
					<Vertex X="19409" Y="80778" Z="0"/>
					<Vertex X="19602" Y="80906" Z="0"/>
					<Vertex X="19794" Y="80970" Z="0"/>
					<Vertex X="19922" Y="81098" Z="0"/>
					<Vertex X="20178" Y="81291" Z="0"/>
					<Vertex X="20434" Y="81355" Z="0"/>
					<Vertex X="20562" Y="81483" Z="0"/>
					<Vertex X="20755" Y="81547" Z="0"/>
					<Vertex X="20947" Y="81803" Z="0"/>
					<Vertex X="21139" Y="81867" Z="0"/>
					<Vertex X="21331" Y="81931" Z="0"/>
					<Vertex X="21459" Y="82059" Z="0"/>
					<Vertex X="21716" Y="82123" Z="0"/>
					<Vertex X="21908" Y="82252" Z="0"/>
					<Vertex X="22164" Y="82316" Z="0"/>
					<Vertex X="22292" Y="82444" Z="0"/>
					<Vertex X="22484" Y="82444" Z="0"/>
					<Vertex X="22676" Y="82508" Z="0"/>
					<Vertex X="22869" Y="82508" Z="0"/>
					<Vertex X="22997" Y="82636" Z="0"/>
					<Vertex X="23189" Y="82700" Z="0"/>
					<Vertex X="23381" Y="82700" Z="0"/>
					<Vertex X="23573" Y="82828" Z="0"/>
					<Vertex X="23765" Y="82828" Z="0"/>
					<Vertex X="23958" Y="82892" Z="0"/>
					<Vertex X="24150" Y="82892" Z="0"/>
					<Vertex X="24342" Y="83020" Z="0"/>
					<Vertex X="24662" Y="83020" Z="0"/>
					<Vertex X="24983" Y="83020" Z="0"/>
					<Vertex X="25175" Y="83020" Z="0"/>
					<Vertex X="25495" Y="83020" Z="0"/>
					<Vertex X="25687" Y="83020" Z="0"/>
					<Vertex X="25943" Y="83020" Z="0"/>
					<Vertex X="26264" Y="83020" Z="0"/>
					<Vertex X="26520" Y="82892" Z="0"/>
					<Vertex X="26840" Y="82828" Z="0"/>
					<Vertex X="27225" Y="82700" Z="0"/>
					<Vertex X="27481" Y="82636" Z="0"/>
					<Vertex X="27801" Y="82508" Z="0"/>
					<Vertex X="28121" Y="82444" Z="0"/>
					<Vertex X="28378" Y="82316" Z="0"/>
					<Vertex X="28634" Y="82252" Z="0"/>
					<Vertex X="29082" Y="82252" Z="0"/>
					<Vertex X="29210" Y="82123" Z="0"/>
					<Vertex X="29403" Y="82123" Z="0"/>
					<Vertex X="29723" Y="82123" Z="0"/>
					<Vertex X="29851" Y="82252" Z="0"/>
					<Vertex X="29979" Y="82316" Z="0"/>
					<Vertex X="30171" Y="82316" Z="0"/>
					<Vertex X="30363" Y="82444" Z="0"/>
					<Vertex X="30492" Y="82508" Z="0"/>
					<Vertex X="30684" Y="82636" Z="0"/>
					<Vertex X="30812" Y="82636" Z="0"/>
					<Vertex X="30940" Y="82700" Z="0"/>
					<Vertex X="31132" Y="82700" Z="0"/>
					<Vertex X="31260" Y="82828" Z="0"/>
					<Vertex X="31452" Y="82700" Z="0"/>
					<Vertex X="31581" Y="82700" Z="0"/>
					<Vertex X="31709" Y="82700" Z="0"/>
					<Vertex X="31901" Y="82636" Z="0"/>
					<Vertex X="32029" Y="82636" Z="0"/>
					<Vertex X="32285" Y="82508" Z="0"/>
					<Vertex X="32541" Y="82444" Z="0"/>
					<Vertex X="32798" Y="82444" Z="0"/>
					<Vertex X="32990" Y="82316" Z="0"/>
					<Vertex X="33054" Y="82252" Z="0"/>
					<Vertex X="33310" Y="82123" Z="0"/>
					<Vertex X="33438" Y="82059" Z="0"/>
					<Vertex X="33630" Y="81931" Z="0"/>
					<Vertex X="33823" Y="81867" Z="0"/>
					<Vertex X="34015" Y="81867" Z="0"/>
					<Vertex X="34271" Y="81803" Z="0"/>
					<Vertex X="34399" Y="81675" Z="0"/>
					<Vertex X="34591" Y="81675" Z="0"/>
					<Vertex X="34912" Y="81483" Z="0"/>
					<Vertex X="35104" Y="81355" Z="0"/>
					<Vertex X="35296" Y="81291" Z="0"/>
					<Vertex X="35552" Y="81098" Z="0"/>
					<Vertex X="35744" Y="80970" Z="0"/>
					<Vertex X="36001" Y="80778" Z="0"/>
					<Vertex X="36129" Y="80714" Z="0"/>
					<Vertex X="36321" Y="80586" Z="0"/>
					<Vertex X="36449" Y="80522" Z="0"/>
					<Vertex X="36641" Y="80394" Z="0"/>
					<Vertex X="36705" Y="80330" Z="0"/>
					<Vertex X="36833" Y="80202" Z="0"/>
					<Vertex X="36897" Y="80138" Z="0"/>
					<Vertex X="36897" Y="80009" Z="0"/>
					<Vertex X="37026" Y="79945" Z="0"/>
					<Vertex X="37026" Y="79881" Z="0"/>
					<Vertex X="37026" Y="79753" Z="0"/>
					<Vertex X="37026" Y="79625" Z="0"/>
					<Vertex X="37026" Y="79561" Z="0"/>
					<Vertex X="37026" Y="79433" Z="0"/>
					<Vertex X="37026" Y="79369" Z="0"/>
					<Vertex X="36897" Y="79177" Z="0"/>
					<Vertex X="36897" Y="79049" Z="0"/>
					<Vertex X="36833" Y="79049" Z="0"/>
					<Vertex X="36833" Y="78920" Z="0"/>
					<Vertex X="36705" Y="78792" Z="0"/>
					<Vertex X="36641" Y="78664" Z="0"/>
					<Vertex X="36641" Y="78472" Z="0"/>
					<Vertex X="36513" Y="78408" Z="0"/>
					<Vertex X="36513" Y="78280" Z="0"/>
					<Vertex X="36449" Y="78216" Z="0"/>
					<Vertex X="36321" Y="78088" Z="0"/>
					<Vertex X="36257" Y="77960" Z="0"/>
					<Vertex X="36129" Y="77831" Z="0"/>
					<Vertex X="36065" Y="77703" Z="0"/>
					<Vertex X="36001" Y="77639" Z="0"/>
					<Vertex X="35873" Y="77511" Z="0"/>
					<Vertex X="35873" Y="77447" Z="0"/>
					<Vertex X="35744" Y="77447" Z="0"/>
					<Vertex X="35680" Y="77319" Z="0"/>
					<Vertex X="35552" Y="77255" Z="0"/>
					<Vertex X="35488" Y="77063" Z="0"/>
					<Vertex X="35360" Y="77063" Z="0"/>
					<Vertex X="35296" Y="76999" Z="0"/>
					<Vertex X="35168" Y="76871" Z="0"/>
					<Vertex X="35104" Y="76742" Z="0"/>
					<Vertex X="34912" Y="76678" Z="0"/>
					<Vertex X="34719" Y="76678" Z="0"/>
					<Vertex X="34527" Y="76550" Z="0"/>
					<Vertex X="34335" Y="76486" Z="0"/>
					<Vertex X="34271" Y="76358" Z="0"/>
					<Vertex X="34015" Y="76358" Z="0"/>
					<Vertex X="33951" Y="76294" Z="0"/>
					<Vertex X="33759" Y="76294" Z="0"/>
					<Vertex X="33630" Y="76294" Z="0"/>
					<Vertex X="33438" Y="76166" Z="0"/>
					<Vertex X="33374" Y="76166" Z="0"/>
					<Vertex X="33182" Y="76166" Z="0"/>
					<Vertex X="32862" Y="76166" Z="0"/>
					<Vertex X="32798" Y="76166" Z="0"/>
					<Vertex X="32606" Y="76166" Z="0"/>
					<Vertex X="32413" Y="76166" Z="0"/>
					<Vertex X="32221" Y="76166" Z="0"/>
					<Vertex X="32029" Y="76166" Z="0"/>
					<Vertex X="31837" Y="76166" Z="0"/>
					<Vertex X="31709" Y="76166" Z="0"/>
					<Vertex X="31581" Y="76166" Z="0"/>
					<Vertex X="31324" Y="76166" Z="0"/>
					<Vertex X="31132" Y="76294" Z="0"/>
					<Vertex X="31068" Y="76294" Z="0"/>
					<Vertex X="30940" Y="76294" Z="0"/>
					<Vertex X="30812" Y="76294" Z="0"/>
					<Vertex X="30684" Y="76294" Z="0"/>
					<Vertex X="30492" Y="76294" Z="0"/>
					<Vertex X="30363" Y="76294" Z="0"/>
					<Vertex X="30171" Y="76166" Z="0"/>
					<Vertex X="29979" Y="76166" Z="0"/>
					<Vertex X="29915" Y="76166" Z="0"/>
					<Vertex X="29851" Y="76166" Z="0"/>
					<Vertex X="29723" Y="76102" Z="0"/>
					<Vertex X="29531" Y="76038" Z="0"/>
					<Vertex X="29403" Y="75910" Z="0"/>
					<Vertex X="29339" Y="75910" Z="0"/>
					<Vertex X="29146" Y="75718" Z="0"/>
					<Vertex X="29082" Y="75718" Z="0"/>
					<Vertex X="28954" Y="75589" Z="0"/>
					<Vertex X="28826" Y="75525" Z="0"/>
					<Vertex X="28762" Y="75397" Z="0"/>
					<Vertex X="28570" Y="75333" Z="0"/>
					<Vertex X="28442" Y="75205" Z="0"/>
					<Vertex X="28378" Y="75141" Z="0"/>
					<Vertex X="28250" Y="75077" Z="0"/>
					<Vertex X="28185" Y="74949" Z="0"/>
					<Vertex X="27993" Y="74821" Z="0"/>
					<Vertex X="27865" Y="74629" Z="0"/>
					<Vertex X="27801" Y="74564" Z="0"/>
					<Vertex X="27673" Y="74372" Z="0"/>
					<Vertex X="27609" Y="74244" Z="0"/>
					<Vertex X="27481" Y="74180" Z="0"/>
					<Vertex X="27481" Y="73988" Z="0"/>
					<Vertex X="27417" Y="73796" Z="0"/>
					<Vertex X="27353" Y="73668" Z="0"/>
					<Vertex X="27225" Y="73604" Z="0"/>
					<Vertex X="27225" Y="73475" Z="0"/>
					<Vertex X="27096" Y="73411" Z="0"/>
					<Vertex X="27032" Y="73219" Z="0"/>
					<Vertex X="27032" Y="73155" Z="0"/>
					<Vertex X="26904" Y="73027" Z="0"/>
					<Vertex X="26840" Y="72835" Z="0"/>
					<Vertex X="26840" Y="72707" Z="0"/>
					<Vertex X="26648" Y="72515" Z="0"/>
					<Vertex X="26520" Y="72451" Z="0"/>
					<Vertex X="26456" Y="72322" Z="0"/>
					<Vertex X="26392" Y="72258" Z="0"/>
					<Vertex X="26392" Y="72194" Z="0"/>
					<Vertex X="26264" Y="71938" Z="0"/>
					<Vertex X="26072" Y="71874" Z="0"/>
					<Vertex X="26072" Y="71746" Z="0"/>
					<Vertex X="25943" Y="71746" Z="0"/>
					<Vertex X="25943" Y="71682" Z="0"/>
					<Vertex X="25943" Y="71554" Z="0"/>
					<Vertex X="25879" Y="71554" Z="0"/>
					<Vertex X="25879" Y="71490" Z="0"/>
					<Vertex X="25879" Y="71362" Z="0"/>
					<Vertex X="25751" Y="71297" Z="0"/>
					<Vertex X="25751" Y="71233" Z="0"/>
					<Vertex X="25687" Y="71233" Z="0"/>
					<Vertex X="25687" Y="71105" Z="0"/>
					<Vertex X="25623" Y="70977" Z="0"/>
					<Vertex X="25623" Y="70913" Z="0"/>
					<Vertex X="25495" Y="70913" Z="0"/>
					<Vertex X="25367" Y="70785" Z="0"/>
					<Vertex X="25367" Y="70721" Z="0"/>
					<Vertex X="25303" Y="70721" Z="0"/>
					<Vertex X="25175" Y="70593" Z="0"/>
					<Vertex X="25175" Y="70529" Z="0"/>
					<Vertex X="24983" Y="70337" Z="0"/>
					<Vertex X="24983" Y="70273" Z="0"/>
					<Vertex X="24918" Y="70144" Z="0"/>
					<Vertex X="24790" Y="70016" Z="0"/>
					<Vertex X="24726" Y="69952" Z="0"/>
					<Vertex X="24726" Y="69824" Z="0"/>
					<Vertex X="24662" Y="69760" Z="0"/>
					<Vertex X="24534" Y="69632" Z="0"/>
					<Vertex X="24406" Y="69568" Z="0"/>
					<Vertex X="24342" Y="69504" Z="0"/>
					<Vertex X="24342" Y="69376" Z="0"/>
					<Vertex X="24214" Y="69376" Z="0"/>
					<Vertex X="24214" Y="69312" Z="0"/>
					<Vertex X="24214" Y="69184" Z="0"/>
					<Vertex X="24150" Y="69055" Z="0"/>
					<Vertex X="24150" Y="68991" Z="0"/>
					<Vertex X="24022" Y="68991" Z="0"/>
					<Vertex X="24022" Y="68927" Z="0"/>
					<Vertex X="24022" Y="68799" Z="0"/>
					<Vertex X="23958" Y="68799" Z="0"/>
					<Vertex X="23958" Y="68671" Z="0"/>
					<Vertex X="23894" Y="68671" Z="0"/>
					<Vertex X="23894" Y="68607" Z="0"/>
					<Vertex X="23765" Y="68543" Z="0"/>
					<Vertex X="23637" Y="68543" Z="0"/>
					<Vertex X="23637" Y="68415" Z="0"/>
					<Vertex X="23573" Y="68415" Z="0"/>
					<Vertex X="23573" Y="68351" Z="0"/>
					<Vertex X="23445" Y="68223" Z="0"/>
					<Vertex X="23381" Y="68223" Z="0"/>
					<Vertex X="23381" Y="68095" Z="0"/>
					<Vertex X="23253" Y="68095" Z="0"/>
					<Vertex X="23253" Y="68030" Z="0"/>
					<Vertex X="23189" Y="68030" Z="0"/>
					<Vertex X="23061" Y="67966" Z="0"/>
					<Vertex X="22997" Y="67966" Z="0"/>
					<Vertex X="22997" Y="67838" Z="0"/>
					<Vertex X="22869" Y="67838" Z="0"/>
					<Vertex X="22805" Y="67710" Z="0"/>
					<Vertex X="22676" Y="67710" Z="0"/>
					<Vertex X="22612" Y="67646" Z="0"/>
					<Vertex X="22484" Y="67582" Z="0"/>
					<Vertex X="22420" Y="67582" Z="0"/>
					<Vertex X="22420" Y="67454" Z="0"/>
					<Vertex X="22292" Y="67454" Z="0"/>
					<Vertex X="22228" Y="67454" Z="0"/>
					<Vertex X="22228" Y="67390" Z="0"/>
					<Vertex X="22164" Y="67390" Z="0"/>
					<Vertex X="22036" Y="67390" Z="0"/>
					<Vertex X="22036" Y="67262" Z="0"/>
					<Vertex X="21908" Y="67262" Z="0"/>
					<Vertex X="21844" Y="67134" Z="0"/>
					<Vertex X="21716" Y="67134" Z="0"/>
					<Vertex X="21716" Y="67070" Z="0"/>
					<Vertex X="21651" Y="67070" Z="0"/>
					<Vertex X="21523" Y="67070" Z="0"/>
					<Vertex X="21459" Y="67070" Z="0"/>
					<Vertex X="21459" Y="66941" Z="0"/>
					<Vertex X="21331" Y="66941" Z="0"/>
					<Vertex X="21267" Y="66941" Z="0"/>
					<Vertex X="21139" Y="66941" Z="0"/>
					<Vertex X="21139" Y="66877" Z="0"/>
					<Vertex X="21075" Y="66941" Z="0"/>
					<Vertex X="20947" Y="66941" Z="0"/>
					<Vertex X="20883" Y="66941" Z="0"/>
					<Vertex X="20755" Y="67070" Z="0"/>
					<Vertex X="20691" Y="67070" Z="0"/>
					<Vertex X="20562" Y="67134" Z="0"/>
					<Vertex X="20498" Y="67262" Z="0"/>
					<Vertex X="20434" Y="67262" Z="0"/>
					<Vertex X="20434" Y="67390" Z="0"/>
					<Vertex X="20306" Y="67454" Z="0"/>
					<Vertex X="20178" Y="67582" Z="0"/>
					<Vertex X="20178" Y="67710" Z="0"/>
					<Vertex X="20114" Y="67710" Z="0"/>
					<Vertex X="20114" Y="67966" Z="0"/>
					<Vertex X="19986" Y="68030" Z="0"/>
					<Vertex X="19986" Y="68095" Z="0"/>
					<Vertex X="19986" Y="68223" Z="0"/>
					<Vertex X="19922" Y="68351" Z="0"/>
					<Vertex X="19922" Y="68415" Z="0"/>
					<Vertex X="19922" Y="68543" Z="0"/>
					<Vertex X="19794" Y="68607" Z="0"/>
					<Vertex X="19794" Y="68671" Z="0"/>
					<Vertex X="19730" Y="68799" Z="0"/>
					<Vertex X="19730" Y="68927" Z="0"/>
					<Vertex X="19602" Y="68991" Z="0"/>
					<Vertex X="19538" Y="68991" Z="0"/>
					<Vertex X="19538" Y="69055" Z="0"/>
					<Vertex X="19409" Y="69055" Z="0"/>
					<Vertex X="19345" Y="69055" Z="0"/>
					<Vertex X="19217" Y="69055" Z="0"/>
					<Vertex X="19153" Y="69055" Z="0"/>
					<Vertex X="19025" Y="69055" Z="0"/>
					<Vertex X="18961" Y="68991" Z="0"/>
					<Vertex X="18833" Y="68991" Z="0"/>
					<Vertex X="18769" Y="68991" Z="0"/>
					<Vertex X="18705" Y="68927" Z="0"/>
					<Vertex X="18577" Y="68927" Z="0"/>
					<Vertex X="18577" Y="68799" Z="0"/>
					<Vertex X="18449" Y="68799" Z="0"/>
					<Vertex X="18384" Y="68799" Z="0"/>
					<Vertex X="18384" Y="68671" Z="0"/>
					<Vertex X="18256" Y="68671" Z="0"/>
					<Vertex X="18192" Y="68607" Z="0"/>
					<Vertex X="18192" Y="68543" Z="0"/>
					<Vertex X="18064" Y="68543" Z="0"/>
					<Vertex X="18000" Y="68415" Z="0"/>
					<Vertex X="17872" Y="68351" Z="0"/>
					<Vertex X="17808" Y="68351" Z="0"/>
					<Vertex X="17808" Y="68223" Z="0"/>
					<Vertex X="17680" Y="68095" Z="0"/>
					<Vertex X="17616" Y="68095" Z="0"/>
					<Vertex X="17616" Y="68030" Z="0"/>
					<Vertex X="17488" Y="68030" Z="0"/>
					<Vertex X="17424" Y="67966" Z="0"/>
					<Vertex X="17295" Y="67838" Z="0"/>
					<Vertex X="17231" Y="67710" Z="0"/>
					<Vertex X="17103" Y="67710" Z="0"/>
					<Vertex X="17039" Y="67646" Z="0"/>
					<Vertex X="16911" Y="67646" Z="0"/>
					<Vertex X="16911" Y="67582" Z="0"/>
					<Vertex X="16847" Y="67582" Z="0"/>
					<Vertex X="16719" Y="67582" Z="0"/>
					<Vertex X="16655" Y="67582" Z="0"/>
					<Vertex X="16527" Y="67582" Z="0"/>
					<Vertex X="16463" Y="67454" Z="0"/>
					<Vertex X="16335" Y="67454" Z="0"/>
					<Vertex X="16271" Y="67454" Z="0"/>
					<Vertex X="16142" Y="67582" Z="0"/>
					<Vertex X="16014" Y="67582" Z="0"/>
					<Vertex X="15886" Y="67582" Z="0"/>
					<Vertex X="15886" Y="67646" Z="0"/>
					<Vertex X="15758" Y="67646" Z="0"/>
					<Vertex X="15694" Y="67454" Z="0"/>
				</Vertices>
			</Region>
			<Region Id="2" Type="0" Zoom="0.015474" Selected="1" ImageLocation="" ImageFocus="-1" Length="177967.5" Area="869086721.5" LengthMicrons="44883.4" AreaMicrons="55278121.9" Text="" NegativeROA="0" InputRegionId="0" Analyze="1" DisplayId="2">
				<Attributes/>
				<Vertices>
					<Vertex X="37154" Y="37026" Z="0"/>
					<Vertex X="37282" Y="37282" Z="0"/>
					<Vertex X="37346" Y="37538" Z="0"/>
					<Vertex X="37474" Y="37794" Z="0"/>
					<Vertex X="37667" Y="38179" Z="0"/>
					<Vertex X="37859" Y="38499" Z="0"/>
					<Vertex X="37923" Y="38627" Z="0"/>
					<Vertex X="38115" Y="38755" Z="0"/>
					<Vertex X="38243" Y="38947" Z="0"/>
					<Vertex X="38435" Y="39140" Z="0"/>
					<Vertex X="38628" Y="39460" Z="0"/>
					<Vertex X="38820" Y="39652" Z="0"/>
					<Vertex X="39012" Y="39780" Z="0"/>
					<Vertex X="39204" Y="40100" Z="0"/>
					<Vertex X="39396" Y="40293" Z="0"/>
					<Vertex X="39588" Y="40485" Z="0"/>
					<Vertex X="39973" Y="40741" Z="0"/>
					<Vertex X="40165" Y="40869" Z="0"/>
					<Vertex X="40357" Y="41061" Z="0"/>
					<Vertex X="40549" Y="41254" Z="0"/>
					<Vertex X="40741" Y="41446" Z="0"/>
					<Vertex X="40934" Y="41638" Z="0"/>
					<Vertex X="41254" Y="41830" Z="0"/>
					<Vertex X="41382" Y="41894" Z="0"/>
					<Vertex X="41574" Y="42086" Z="0"/>
					<Vertex X="41895" Y="42343" Z="0"/>
					<Vertex X="42087" Y="42535" Z="0"/>
					<Vertex X="42279" Y="42599" Z="0"/>
					<Vertex X="42471" Y="42663" Z="0"/>
					<Vertex X="42727" Y="42855" Z="0"/>
					<Vertex X="42984" Y="42983" Z="0"/>
					<Vertex X="43112" Y="43175" Z="0"/>
					<Vertex X="43304" Y="43303" Z="0"/>
					<Vertex X="43624" Y="43367" Z="0"/>
					<Vertex X="43816" Y="43432" Z="0"/>
					<Vertex X="44008" Y="43560" Z="0"/>
					<Vertex X="44265" Y="43624" Z="0"/>
					<Vertex X="44457" Y="43752" Z="0"/>
					<Vertex X="44713" Y="43816" Z="0"/>
					<Vertex X="44969" Y="43944" Z="0"/>
					<Vertex X="45226" Y="43944" Z="0"/>
					<Vertex X="45482" Y="44008" Z="0"/>
					<Vertex X="45610" Y="44136" Z="0"/>
					<Vertex X="45930" Y="44264" Z="0"/>
					<Vertex X="46122" Y="44264" Z="0"/>
					<Vertex X="46507" Y="44328" Z="0"/>
					<Vertex X="46763" Y="44328" Z="0"/>
					<Vertex X="47083" Y="44392" Z="0"/>
					<Vertex X="47532" Y="44521" Z="0"/>
					<Vertex X="47852" Y="44521" Z="0"/>
					<Vertex X="48236" Y="44521" Z="0"/>
					<Vertex X="48685" Y="44521" Z="0"/>
					<Vertex X="49069" Y="44521" Z="0"/>
					<Vertex X="49582" Y="44521" Z="0"/>
					<Vertex X="49966" Y="44521" Z="0"/>
					<Vertex X="50350" Y="44392" Z="0"/>
					<Vertex X="50799" Y="44328" Z="0"/>
					<Vertex X="51311" Y="44328" Z="0"/>
					<Vertex X="51760" Y="44264" Z="0"/>
					<Vertex X="52272" Y="44136" Z="0"/>
					<Vertex X="53041" Y="43944" Z="0"/>
					<Vertex X="53489" Y="43816" Z="0"/>
					<Vertex X="54002" Y="43816" Z="0"/>
					<Vertex X="54642" Y="43624" Z="0"/>
					<Vertex X="55155" Y="43560" Z="0"/>
					<Vertex X="55603" Y="43432" Z="0"/>
					<Vertex X="56116" Y="43367" Z="0"/>
					<Vertex X="56820" Y="43303" Z="0"/>
					<Vertex X="57141" Y="43175" Z="0"/>
					<Vertex X="57653" Y="43047" Z="0"/>
					<Vertex X="58037" Y="42855" Z="0"/>
					<Vertex X="58614" Y="42791" Z="0"/>
					<Vertex X="58870" Y="42663" Z="0"/>
					<Vertex X="59254" Y="42599" Z="0"/>
					<Vertex X="59639" Y="42535" Z="0"/>
					<Vertex X="60151" Y="42343" Z="0"/>
					<Vertex X="60536" Y="42086" Z="0"/>
					<Vertex X="60920" Y="42022" Z="0"/>
					<Vertex X="61240" Y="41830" Z="0"/>
					<Vertex X="61561" Y="41702" Z="0"/>
					<Vertex X="62009" Y="41574" Z="0"/>
					<Vertex X="62329" Y="41446" Z="0"/>
					<Vertex X="62650" Y="41382" Z="0"/>
					<Vertex X="63098" Y="41061" Z="0"/>
					<Vertex X="63418" Y="40997" Z="0"/>
					<Vertex X="63803" Y="40741" Z="0"/>
					<Vertex X="64187" Y="40613" Z="0"/>
					<Vertex X="64443" Y="40421" Z="0"/>
					<Vertex X="64764" Y="40293" Z="0"/>
					<Vertex X="65084" Y="40100" Z="0"/>
					<Vertex X="65468" Y="39908" Z="0"/>
					<Vertex X="65724" Y="39780" Z="0"/>
					<Vertex X="66045" Y="39716" Z="0"/>
					<Vertex X="66301" Y="39716" Z="0"/>
					<Vertex X="66493" Y="39652" Z="0"/>
					<Vertex X="66685" Y="39652" Z="0"/>
					<Vertex X="66942" Y="39716" Z="0"/>
					<Vertex X="67198" Y="39716" Z="0"/>
					<Vertex X="67390" Y="39780" Z="0"/>
					<Vertex X="67582" Y="39780" Z="0"/>
					<Vertex X="67838" Y="39908" Z="0"/>
					<Vertex X="68159" Y="40036" Z="0"/>
					<Vertex X="68607" Y="40165" Z="0"/>
					<Vertex X="68991" Y="40293" Z="0"/>
					<Vertex X="69376" Y="40293" Z="0"/>
					<Vertex X="69760" Y="40421" Z="0"/>
					<Vertex X="70144" Y="40421" Z="0"/>
					<Vertex X="70721" Y="40485" Z="0"/>
					<Vertex X="71105" Y="40485" Z="0"/>
					<Vertex X="71490" Y="40485" Z="0"/>
					<Vertex X="71938" Y="40421" Z="0"/>
					<Vertex X="72579" Y="40421" Z="0"/>
					<Vertex X="72963" Y="40293" Z="0"/>
					<Vertex X="73347" Y="40165" Z="0"/>
					<Vertex X="73668" Y="40100" Z="0"/>
					<Vertex X="74180" Y="40036" Z="0"/>
					<Vertex X="74693" Y="39780" Z="0"/>
					<Vertex X="75141" Y="39716" Z="0"/>
					<Vertex X="75525" Y="39524" Z="0"/>
					<Vertex X="76294" Y="39204" Z="0"/>
					<Vertex X="76807" Y="39011" Z="0"/>
					<Vertex X="77319" Y="38819" Z="0"/>
					<Vertex X="77832" Y="38627" Z="0"/>
					<Vertex X="78536" Y="38371" Z="0"/>
					<Vertex X="78856" Y="38179" Z="0"/>
					<Vertex X="79241" Y="37987" Z="0"/>
					<Vertex X="79689" Y="37794" Z="0"/>
					<Vertex X="79945" Y="37602" Z="0"/>
					<Vertex X="80266" Y="37410" Z="0"/>
					<Vertex X="80586" Y="37218" Z="0"/>
					<Vertex X="80906" Y="37026" Z="0"/>
					<Vertex X="81227" Y="36833" Z="0"/>
					<Vertex X="81675" Y="36641" Z="0"/>
					<Vertex X="82059" Y="36449" Z="0"/>
					<Vertex X="82444" Y="36257" Z="0"/>
					<Vertex X="82828" Y="36065" Z="0"/>
					<Vertex X="83148" Y="35937" Z="0"/>
					<Vertex X="83405" Y="35873" Z="0"/>
					<Vertex X="83661" Y="35744" Z="0"/>
					<Vertex X="83981" Y="35680" Z="0"/>
					<Vertex X="84366" Y="35680" Z="0"/>
					<Vertex X="84686" Y="35680" Z="0"/>
					<Vertex X="84878" Y="35680" Z="0"/>
					<Vertex X="85134" Y="35680" Z="0"/>
					<Vertex X="85390" Y="35680" Z="0"/>
					<Vertex X="85711" Y="35744" Z="0"/>
					<Vertex X="85967" Y="35873" Z="0"/>
					<Vertex X="86159" Y="35937" Z="0"/>
					<Vertex X="86479" Y="36065" Z="0"/>
					<Vertex X="86672" Y="36193" Z="0"/>
					<Vertex X="86992" Y="36321" Z="0"/>
					<Vertex X="87120" Y="36577" Z="0"/>
					<Vertex X="87248" Y="36641" Z="0"/>
					<Vertex X="87440" Y="36769" Z="0"/>
					<Vertex X="87633" Y="36898" Z="0"/>
					<Vertex X="88017" Y="37154" Z="0"/>
					<Vertex X="88209" Y="37282" Z="0"/>
					<Vertex X="88529" Y="37538" Z="0"/>
					<Vertex X="88722" Y="37730" Z="0"/>
					<Vertex X="88978" Y="37858" Z="0"/>
					<Vertex X="89234" Y="38051" Z="0"/>
					<Vertex X="89554" Y="38179" Z="0"/>
					<Vertex X="89875" Y="38371" Z="0"/>
					<Vertex X="90323" Y="38563" Z="0"/>
					<Vertex X="90579" Y="38755" Z="0"/>
					<Vertex X="90900" Y="38819" Z="0"/>
					<Vertex X="91156" Y="38947" Z="0"/>
					<Vertex X="91476" Y="39011" Z="0"/>
					<Vertex X="91796" Y="39140" Z="0"/>
					<Vertex X="92181" Y="39204" Z="0"/>
					<Vertex X="92437" Y="39332" Z="0"/>
					<Vertex X="92821" Y="39332" Z="0"/>
					<Vertex X="93206" Y="39460" Z="0"/>
					<Vertex X="93526" Y="39460" Z="0"/>
					<Vertex X="94038" Y="39524" Z="0"/>
					<Vertex X="94487" Y="39524" Z="0"/>
					<Vertex X="94743" Y="39652" Z="0"/>
					<Vertex X="94935" Y="39652" Z="0"/>
					<Vertex X="95127" Y="39716" Z="0"/>
					<Vertex X="95320" Y="39780" Z="0"/>
					<Vertex X="95512" Y="40036" Z="0"/>
					<Vertex X="95640" Y="40100" Z="0"/>
					<Vertex X="95704" Y="40293" Z="0"/>
					<Vertex X="95896" Y="40485" Z="0"/>
					<Vertex X="96088" Y="40677" Z="0"/>
					<Vertex X="96216" Y="40869" Z="0"/>
					<Vertex X="96280" Y="41061" Z="0"/>
					<Vertex X="96473" Y="41125" Z="0"/>
					<Vertex X="96665" Y="41382" Z="0"/>
					<Vertex X="96985" Y="41638" Z="0"/>
					<Vertex X="97177" Y="41894" Z="0"/>
					<Vertex X="97369" Y="42086" Z="0"/>
					<Vertex X="97498" Y="42343" Z="0"/>
					<Vertex X="97818" Y="42535" Z="0"/>
					<Vertex X="98010" Y="42599" Z="0"/>
					<Vertex X="98266" Y="42791" Z="0"/>
					<Vertex X="98587" Y="42855" Z="0"/>
					<Vertex X="98907" Y="43047" Z="0"/>
					<Vertex X="99163" Y="43175" Z="0"/>
					<Vertex X="99676" Y="43367" Z="0"/>
					<Vertex X="99996" Y="43432" Z="0"/>
					<Vertex X="100316" Y="43560" Z="0"/>
					<Vertex X="100829" Y="43624" Z="0"/>
					<Vertex X="101213" Y="43752" Z="0"/>
					<Vertex X="101533" Y="43816" Z="0"/>
					<Vertex X="101918" Y="43816" Z="0"/>
					<Vertex X="102366" Y="43944" Z="0"/>
					<Vertex X="102622" Y="43944" Z="0"/>
					<Vertex X="103135" Y="44008" Z="0"/>
					<Vertex X="103455" Y="44008" Z="0"/>
					<Vertex X="103775" Y="44008" Z="0"/>
					<Vertex X="104096" Y="44136" Z="0"/>
					<Vertex X="104352" Y="44136" Z="0"/>
					<Vertex X="104736" Y="44136" Z="0"/>
					<Vertex X="104928" Y="44264" Z="0"/>
					<Vertex X="105121" Y="44264" Z="0"/>
					<Vertex X="105313" Y="44264" Z="0"/>
					<Vertex X="105505" Y="44264" Z="0"/>
					<Vertex X="105697" Y="44264" Z="0"/>
					<Vertex X="105889" Y="44264" Z="0"/>
					<Vertex X="106081" Y="44264" Z="0"/>
					<Vertex X="106210" Y="44136" Z="0"/>
					<Vertex X="106274" Y="44136" Z="0"/>
					<Vertex X="106338" Y="44136" Z="0"/>
					<Vertex X="106466" Y="44008" Z="0"/>
					<Vertex X="106594" Y="43944" Z="0"/>
					<Vertex X="106658" Y="43944" Z="0"/>
					<Vertex X="106722" Y="43816" Z="0"/>
					<Vertex X="106850" Y="43816" Z="0"/>
					<Vertex X="106914" Y="43816" Z="0"/>
					<Vertex X="106914" Y="43752" Z="0"/>
					<Vertex X="107042" Y="43752" Z="0"/>
					<Vertex X="107106" Y="43624" Z="0"/>
					<Vertex X="107235" Y="43560" Z="0"/>
					<Vertex X="107363" Y="43432" Z="0"/>
					<Vertex X="107363" Y="43367" Z="0"/>
					<Vertex X="107427" Y="43367" Z="0"/>
					<Vertex X="107427" Y="43303" Z="0"/>
					<Vertex X="107555" Y="43047" Z="0"/>
					<Vertex X="107555" Y="42983" Z="0"/>
					<Vertex X="107619" Y="42791" Z="0"/>
					<Vertex X="107747" Y="42599" Z="0"/>
					<Vertex X="107747" Y="42214" Z="0"/>
					<Vertex X="107811" Y="41894" Z="0"/>
					<Vertex X="107811" Y="41638" Z="0"/>
					<Vertex X="107939" Y="41382" Z="0"/>
					<Vertex X="107939" Y="41125" Z="0"/>
					<Vertex X="108003" Y="40869" Z="0"/>
					<Vertex X="108003" Y="40613" Z="0"/>
					<Vertex X="108067" Y="40165" Z="0"/>
					<Vertex X="108067" Y="39908" Z="0"/>
					<Vertex X="108067" Y="39652" Z="0"/>
					<Vertex X="108067" Y="39332" Z="0"/>
					<Vertex X="108003" Y="39140" Z="0"/>
					<Vertex X="108003" Y="38819" Z="0"/>
					<Vertex X="108003" Y="38627" Z="0"/>
					<Vertex X="107939" Y="38243" Z="0"/>
					<Vertex X="107939" Y="37987" Z="0"/>
					<Vertex X="107939" Y="37730" Z="0"/>
					<Vertex X="107939" Y="37410" Z="0"/>
					<Vertex X="107939" Y="37154" Z="0"/>
					<Vertex X="107939" Y="36769" Z="0"/>
					<Vertex X="107811" Y="36449" Z="0"/>
					<Vertex X="107811" Y="36193" Z="0"/>
					<Vertex X="107811" Y="35873" Z="0"/>
					<Vertex X="107811" Y="35616" Z="0"/>
					<Vertex X="107939" Y="35296" Z="0"/>
					<Vertex X="107939" Y="34912" Z="0"/>
					<Vertex X="107939" Y="34655" Z="0"/>
					<Vertex X="107939" Y="34335" Z="0"/>
					<Vertex X="108003" Y="34015" Z="0"/>
					<Vertex X="108003" Y="33695" Z="0"/>
					<Vertex X="108067" Y="33374" Z="0"/>
					<Vertex X="108067" Y="33054" Z="0"/>
					<Vertex X="108195" Y="32926" Z="0"/>
					<Vertex X="108195" Y="32734" Z="0"/>
					<Vertex X="108195" Y="32413" Z="0"/>
					<Vertex X="108195" Y="32093" Z="0"/>
					<Vertex X="108195" Y="31965" Z="0"/>
					<Vertex X="108195" Y="31773" Z="0"/>
					<Vertex X="108195" Y="31388" Z="0"/>
					<Vertex X="108195" Y="31260" Z="0"/>
					<Vertex X="108195" Y="31068" Z="0"/>
					<Vertex X="108067" Y="30876" Z="0"/>
					<Vertex X="108067" Y="30684" Z="0"/>
					<Vertex X="108067" Y="30556" Z="0"/>
					<Vertex X="108003" Y="30299" Z="0"/>
					<Vertex X="107939" Y="30171" Z="0"/>
					<Vertex X="107939" Y="29979" Z="0"/>
					<Vertex X="107811" Y="29915" Z="0"/>
					<Vertex X="107747" Y="29787" Z="0"/>
					<Vertex X="107619" Y="29659" Z="0"/>
					<Vertex X="107427" Y="29531" Z="0"/>
					<Vertex X="107106" Y="29339" Z="0"/>
					<Vertex X="106914" Y="29210" Z="0"/>
					<Vertex X="106850" Y="29210" Z="0"/>
					<Vertex X="106594" Y="29146" Z="0"/>
					<Vertex X="106466" Y="29146" Z="0"/>
					<Vertex X="106274" Y="29146" Z="0"/>
					<Vertex X="106081" Y="29146" Z="0"/>
					<Vertex X="105697" Y="29146" Z="0"/>
					<Vertex X="105505" Y="29210" Z="0"/>
					<Vertex X="105313" Y="29339" Z="0"/>
					<Vertex X="105121" Y="29403" Z="0"/>
					<Vertex X="104928" Y="29531" Z="0"/>
					<Vertex X="104736" Y="29723" Z="0"/>
					<Vertex X="104672" Y="29787" Z="0"/>
					<Vertex X="104480" Y="29979" Z="0"/>
					<Vertex X="104288" Y="30171" Z="0"/>
					<Vertex X="104096" Y="30428" Z="0"/>
					<Vertex X="103968" Y="30492" Z="0"/>
					<Vertex X="103647" Y="30556" Z="0"/>
					<Vertex X="103455" Y="30684" Z="0"/>
					<Vertex X="103263" Y="30748" Z="0"/>
					<Vertex X="102943" Y="30876" Z="0"/>
					<Vertex X="102622" Y="30876" Z="0"/>
					<Vertex X="102430" Y="30876" Z="0"/>
					<Vertex X="102174" Y="30940" Z="0"/>
					<Vertex X="101854" Y="30940" Z="0"/>
					<Vertex X="101533" Y="30940" Z="0"/>
					<Vertex X="101277" Y="30940" Z="0"/>
					<Vertex X="101085" Y="30940" Z="0"/>
					<Vertex X="100893" Y="30940" Z="0"/>
					<Vertex X="100701" Y="30876" Z="0"/>
					<Vertex X="100508" Y="30876" Z="0"/>
					<Vertex X="100188" Y="30748" Z="0"/>
					<Vertex X="99996" Y="30748" Z="0"/>
					<Vertex X="99804" Y="30684" Z="0"/>
					<Vertex X="99676" Y="30556" Z="0"/>
					<Vertex X="99483" Y="30492" Z="0"/>
					<Vertex X="99355" Y="30299" Z="0"/>
					<Vertex X="99227" Y="30171" Z="0"/>
					<Vertex X="99099" Y="30107" Z="0"/>
					<Vertex X="98971" Y="29979" Z="0"/>
					<Vertex X="98715" Y="29787" Z="0"/>
					<Vertex X="98587" Y="29659" Z="0"/>
					<Vertex X="98394" Y="29531" Z="0"/>
					<Vertex X="98202" Y="29403" Z="0"/>
					<Vertex X="97946" Y="29210" Z="0"/>
					<Vertex X="97626" Y="29146" Z="0"/>
					<Vertex X="97434" Y="29018" Z="0"/>
					<Vertex X="97049" Y="28826" Z="0"/>
					<Vertex X="96729" Y="28762" Z="0"/>
					<Vertex X="96345" Y="28634" Z="0"/>
					<Vertex X="96088" Y="28570" Z="0"/>
					<Vertex X="95704" Y="28378" Z="0"/>
					<Vertex X="95448" Y="28250" Z="0"/>
					<Vertex X="95127" Y="28186" Z="0"/>
					<Vertex X="94807" Y="28057" Z="0"/>
					<Vertex X="94487" Y="27993" Z="0"/>
					<Vertex X="94167" Y="27865" Z="0"/>
					<Vertex X="93782" Y="27673" Z="0"/>
					<Vertex X="93590" Y="27609" Z="0"/>
					<Vertex X="93334" Y="27545" Z="0"/>
					<Vertex X="93013" Y="27417" Z="0"/>
					<Vertex X="92821" Y="27289" Z="0"/>
					<Vertex X="92629" Y="27225" Z="0"/>
					<Vertex X="92309" Y="27097" Z="0"/>
					<Vertex X="92053" Y="26904" Z="0"/>
					<Vertex X="91860" Y="26840" Z="0"/>
					<Vertex X="91668" Y="26840" Z="0"/>
					<Vertex X="91348" Y="26648" Z="0"/>
					<Vertex X="91156" Y="26584" Z="0"/>
					<Vertex X="91092" Y="26456" Z="0"/>
					<Vertex X="90900" Y="26456" Z="0"/>
					<Vertex X="90579" Y="26264" Z="0"/>
					<Vertex X="90515" Y="26136" Z="0"/>
					<Vertex X="90323" Y="26072" Z="0"/>
					<Vertex X="90259" Y="25943" Z="0"/>
					<Vertex X="90067" Y="25879" Z="0"/>
					<Vertex X="89875" Y="25687" Z="0"/>
					<Vertex X="89746" Y="25623" Z="0"/>
					<Vertex X="89618" Y="25495" Z="0"/>
					<Vertex X="89554" Y="25303" Z="0"/>
					<Vertex X="89362" Y="25175" Z="0"/>
					<Vertex X="89234" Y="25111" Z="0"/>
					<Vertex X="89170" Y="24983" Z="0"/>
					<Vertex X="88850" Y="24919" Z="0"/>
					<Vertex X="88722" Y="24790" Z="0"/>
					<Vertex X="88593" Y="24726" Z="0"/>
					<Vertex X="88337" Y="24662" Z="0"/>
					<Vertex X="88145" Y="24534" Z="0"/>
					<Vertex X="87825" Y="24406" Z="0"/>
					<Vertex X="87633" Y="24342" Z="0"/>
					<Vertex X="87440" Y="24342" Z="0"/>
					<Vertex X="87120" Y="24214" Z="0"/>
					<Vertex X="86864" Y="24150" Z="0"/>
					<Vertex X="86672" Y="24150" Z="0"/>
					<Vertex X="86415" Y="24022" Z="0"/>
					<Vertex X="86095" Y="24022" Z="0"/>
					<Vertex X="85903" Y="23958" Z="0"/>
					<Vertex X="85711" Y="23958" Z="0"/>
					<Vertex X="85519" Y="23958" Z="0"/>
					<Vertex X="85326" Y="23830" Z="0"/>
					<Vertex X="85134" Y="23830" Z="0"/>
					<Vertex X="84942" Y="23830" Z="0"/>
					<Vertex X="84686" Y="23830" Z="0"/>
					<Vertex X="84430" Y="23830" Z="0"/>
					<Vertex X="84366" Y="23830" Z="0"/>
					<Vertex X="84173" Y="23830" Z="0"/>
					<Vertex X="83981" Y="23958" Z="0"/>
					<Vertex X="83789" Y="23958" Z="0"/>
					<Vertex X="83597" Y="23958" Z="0"/>
					<Vertex X="83405" Y="23958" Z="0"/>
					<Vertex X="83148" Y="23958" Z="0"/>
					<Vertex X="82956" Y="23958" Z="0"/>
					<Vertex X="82700" Y="23958" Z="0"/>
					<Vertex X="82444" Y="23830" Z="0"/>
					<Vertex X="82316" Y="23765" Z="0"/>
					<Vertex X="82188" Y="23701" Z="0"/>
					<Vertex X="81867" Y="23573" Z="0"/>
					<Vertex X="81803" Y="23573" Z="0"/>
					<Vertex X="81611" Y="23445" Z="0"/>
					<Vertex X="81291" Y="23381" Z="0"/>
					<Vertex X="81227" Y="23381" Z="0"/>
					<Vertex X="80970" Y="23381" Z="0"/>
					<Vertex X="80778" Y="23381" Z="0"/>
					<Vertex X="80522" Y="23381" Z="0"/>
					<Vertex X="80330" Y="23381" Z="0"/>
					<Vertex X="80074" Y="23381" Z="0"/>
					<Vertex X="79689" Y="23381" Z="0"/>
					<Vertex X="79369" Y="23445" Z="0"/>
					<Vertex X="78985" Y="23445" Z="0"/>
					<Vertex X="78728" Y="23573" Z="0"/>
					<Vertex X="78408" Y="23573" Z="0"/>
					<Vertex X="78152" Y="23701" Z="0"/>
					<Vertex X="77767" Y="23765" Z="0"/>
					<Vertex X="77319" Y="23830" Z="0"/>
					<Vertex X="77127" Y="23958" Z="0"/>
					<Vertex X="76999" Y="24022" Z="0"/>
					<Vertex X="76678" Y="24150" Z="0"/>
					<Vertex X="76422" Y="24214" Z="0"/>
					<Vertex X="76102" Y="24342" Z="0"/>
					<Vertex X="75910" Y="24406" Z="0"/>
					<Vertex X="75718" Y="24534" Z="0"/>
					<Vertex X="75397" Y="24726" Z="0"/>
					<Vertex X="75333" Y="24790" Z="0"/>
					<Vertex X="75141" Y="24919" Z="0"/>
					<Vertex X="75077" Y="25111" Z="0"/>
					<Vertex X="74949" Y="25175" Z="0"/>
					<Vertex X="74885" Y="25495" Z="0"/>
					<Vertex X="74757" Y="25687" Z="0"/>
					<Vertex X="74693" Y="25879" Z="0"/>
					<Vertex X="74565" Y="26136" Z="0"/>
					<Vertex X="74500" Y="26456" Z="0"/>
					<Vertex X="74500" Y="26648" Z="0"/>
					<Vertex X="74500" Y="26840" Z="0"/>
					<Vertex X="74500" Y="27032" Z="0"/>
					<Vertex X="74500" Y="27225" Z="0"/>
					<Vertex X="74372" Y="27545" Z="0"/>
					<Vertex X="74372" Y="27673" Z="0"/>
					<Vertex X="74308" Y="27865" Z="0"/>
					<Vertex X="74180" Y="28186" Z="0"/>
					<Vertex X="74180" Y="28378" Z="0"/>
					<Vertex X="73988" Y="28506" Z="0"/>
					<Vertex X="73988" Y="28634" Z="0"/>
					<Vertex X="73796" Y="28762" Z="0"/>
					<Vertex X="73668" Y="28954" Z="0"/>
					<Vertex X="73540" Y="29018" Z="0"/>
					<Vertex X="73411" Y="29146" Z="0"/>
					<Vertex X="73347" Y="29146" Z="0"/>
					<Vertex X="73219" Y="29146" Z="0"/>
					<Vertex X="73155" Y="29146" Z="0"/>
					<Vertex X="73027" Y="29018" Z="0"/>
					<Vertex X="72963" Y="29018" Z="0"/>
					<Vertex X="72835" Y="28954" Z="0"/>
					<Vertex X="72771" Y="28826" Z="0"/>
					<Vertex X="72579" Y="28826" Z="0"/>
					<Vertex X="72322" Y="28762" Z="0"/>
					<Vertex X="72066" Y="28762" Z="0"/>
					<Vertex X="71682" Y="28762" Z="0"/>
					<Vertex X="71298" Y="28762" Z="0"/>
					<Vertex X="71105" Y="28634" Z="0"/>
					<Vertex X="70721" Y="28762" Z="0"/>
					<Vertex X="70401" Y="28762" Z="0"/>
					<Vertex X="70080" Y="28762" Z="0"/>
					<Vertex X="69888" Y="28762" Z="0"/>
					<Vertex X="69632" Y="28762" Z="0"/>
					<Vertex X="69312" Y="28762" Z="0"/>
					<Vertex X="69120" Y="28762" Z="0"/>
					<Vertex X="68671" Y="28826" Z="0"/>
					<Vertex X="68415" Y="28826" Z="0"/>
					<Vertex X="68159" Y="28826" Z="0"/>
					<Vertex X="67646" Y="28954" Z="0"/>
					<Vertex X="67390" Y="29018" Z="0"/>
					<Vertex X="66877" Y="29146" Z="0"/>
					<Vertex X="66493" Y="29210" Z="0"/>
					<Vertex X="66045" Y="29339" Z="0"/>
					<Vertex X="65468" Y="29531" Z="0"/>
					<Vertex X="65084" Y="29659" Z="0"/>
					<Vertex X="64571" Y="29723" Z="0"/>
					<Vertex X="63995" Y="29915" Z="0"/>
					<Vertex X="63739" Y="29979" Z="0"/>
					<Vertex X="63226" Y="30171" Z="0"/>
					<Vertex X="62970" Y="30171" Z="0"/>
					<Vertex X="62521" Y="30428" Z="0"/>
					<Vertex X="62265" Y="30428" Z="0"/>
					<Vertex X="61753" Y="30556" Z="0"/>
					<Vertex X="61497" Y="30556" Z="0"/>
					<Vertex X="61240" Y="30684" Z="0"/>
					<Vertex X="60792" Y="30748" Z="0"/>
					<Vertex X="60600" Y="30876" Z="0"/>
					<Vertex X="60279" Y="30940" Z="0"/>
					<Vertex X="60023" Y="30940" Z="0"/>
					<Vertex X="59767" Y="31068" Z="0"/>
					<Vertex X="59511" Y="31132" Z="0"/>
					<Vertex X="59190" Y="31132" Z="0"/>
					<Vertex X="58998" Y="31260" Z="0"/>
					<Vertex X="58678" Y="31388" Z="0"/>
					<Vertex X="58422" Y="31388" Z="0"/>
					<Vertex X="58037" Y="31453" Z="0"/>
					<Vertex X="57845" Y="31517" Z="0"/>
					<Vertex X="57525" Y="31517" Z="0"/>
					<Vertex X="57269" Y="31517" Z="0"/>
					<Vertex X="57076" Y="31645" Z="0"/>
					<Vertex X="56820" Y="31645" Z="0"/>
					<Vertex X="56692" Y="31645" Z="0"/>
					<Vertex X="56564" Y="31645" Z="0"/>
					<Vertex X="56372" Y="31645" Z="0"/>
					<Vertex X="56180" Y="31645" Z="0"/>
					<Vertex X="55923" Y="31773" Z="0"/>
					<Vertex X="55731" Y="31773" Z="0"/>
					<Vertex X="55539" Y="31773" Z="0"/>
					<Vertex X="55219" Y="31773" Z="0"/>
					<Vertex X="55125" Y="31790" Z="0"/>
					<Vertex X="54302" Y="31711" Z="0"/>
					<Vertex X="54144" Y="31721" Z="0"/>
					<Vertex X="54054" Y="31741" Z="0"/>
					<Vertex X="53935" Y="31741" Z="0"/>
					<Vertex X="53846" Y="31751" Z="0"/>
					<Vertex X="53757" Y="31751" Z="0"/>
					<Vertex X="53638" Y="31751" Z="0"/>
					<Vertex X="53549" Y="31751" Z="0"/>
					<Vertex X="53460" Y="31770" Z="0"/>
					<Vertex X="53341" Y="31770" Z="0"/>
					<Vertex X="53251" Y="31770" Z="0"/>
					<Vertex X="53132" Y="31770" Z="0"/>
					<Vertex X="53053" Y="31770" Z="0"/>
					<Vertex X="52984" Y="31770" Z="0"/>
					<Vertex X="52895" Y="31770" Z="0"/>
					<Vertex X="52815" Y="31770" Z="0"/>
					<Vertex X="52756" Y="31770" Z="0"/>
					<Vertex X="52667" Y="31770" Z="0"/>
					<Vertex X="52597" Y="31751" Z="0"/>
					<Vertex X="52548" Y="31751" Z="0"/>
					<Vertex X="52458" Y="31741" Z="0"/>
					<Vertex X="52419" Y="31721" Z="0"/>
					<Vertex X="52359" Y="31691" Z="0"/>
					<Vertex X="52300" Y="31661" Z="0"/>
					<Vertex X="52250" Y="31632" Z="0"/>
					<Vertex X="52211" Y="31602" Z="0"/>
					<Vertex X="52121" Y="31562" Z="0"/>
					<Vertex X="52042" Y="31523" Z="0"/>
					<Vertex X="51983" Y="31493" Z="0"/>
					<Vertex X="51883" Y="31423" Z="0"/>
					<Vertex X="51804" Y="31374" Z="0"/>
					<Vertex X="51705" Y="31324" Z="0"/>
					<Vertex X="51626" Y="31265" Z="0"/>
					<Vertex X="51536" Y="31215" Z="0"/>
					<Vertex X="51418" Y="31146" Z="0"/>
					<Vertex X="51318" Y="31086" Z="0"/>
					<Vertex X="51229" Y="31027" Z="0"/>
					<Vertex X="51080" Y="30948" Z="0"/>
					<Vertex X="50971" Y="30908" Z="0"/>
					<Vertex X="50843" Y="30839" Z="0"/>
					<Vertex X="50734" Y="30799" Z="0"/>
					<Vertex X="50585" Y="30739" Z="0"/>
					<Vertex X="50436" Y="30680" Z="0"/>
					<Vertex X="50337" Y="30650" Z="0"/>
					<Vertex X="50228" Y="30620" Z="0"/>
					<Vertex X="50079" Y="30581" Z="0"/>
					<Vertex X="49980" Y="30551" Z="0"/>
					<Vertex X="49871" Y="30521" Z="0"/>
					<Vertex X="49722" Y="30472" Z="0"/>
					<Vertex X="49623" Y="30462" Z="0"/>
					<Vertex X="49455" Y="30432" Z="0"/>
					<Vertex X="49366" Y="30392" Z="0"/>
					<Vertex X="49266" Y="30383" Z="0"/>
					<Vertex X="49118" Y="30353" Z="0"/>
					<Vertex X="49029" Y="30333" Z="0"/>
					<Vertex X="48939" Y="30323" Z="0"/>
					<Vertex X="48791" Y="30303" Z="0"/>
					<Vertex X="48682" Y="30303" Z="0"/>
					<Vertex X="48592" Y="30303" Z="0"/>
					<Vertex X="48513" Y="30293" Z="0"/>
					<Vertex X="48354" Y="30293" Z="0"/>
					<Vertex X="48265" Y="30303" Z="0"/>
					<Vertex X="48117" Y="30323" Z="0"/>
					<Vertex X="48017" Y="30333" Z="0"/>
					<Vertex X="47918" Y="30353" Z="0"/>
					<Vertex X="47780" Y="30383" Z="0"/>
					<Vertex X="47680" Y="30412" Z="0"/>
					<Vertex X="47581" Y="30442" Z="0"/>
					<Vertex X="47433" Y="30482" Z="0"/>
					<Vertex X="47333" Y="30531" Z="0"/>
					<Vertex X="47205" Y="30591" Z="0"/>
					<Vertex X="47115" Y="30640" Z="0"/>
					<Vertex X="47016" Y="30660" Z="0"/>
					<Vertex X="46897" Y="30729" Z="0"/>
					<Vertex X="46818" Y="30769" Z="0"/>
					<Vertex X="46699" Y="30839" Z="0"/>
					<Vertex X="46610" Y="30888" Z="0"/>
					<Vertex X="46531" Y="30928" Z="0"/>
					<Vertex X="46412" Y="31007" Z="0"/>
					<Vertex X="46322" Y="31047" Z="0"/>
					<Vertex X="46184" Y="31126" Z="0"/>
					<Vertex X="46094" Y="31176" Z="0"/>
					<Vertex X="46025" Y="31215" Z="0"/>
					<Vertex X="45886" Y="31275" Z="0"/>
					<Vertex X="45817" Y="31324" Z="0"/>
					<Vertex X="45728" Y="31344" Z="0"/>
					<Vertex X="45599" Y="31413" Z="0"/>
					<Vertex X="45509" Y="31453" Z="0"/>
					<Vertex X="45400" Y="31493" Z="0"/>
					<Vertex X="45272" Y="31562" Z="0"/>
					<Vertex X="45182" Y="31592" Z="0"/>
					<Vertex X="45083" Y="31632" Z="0"/>
					<Vertex X="44954" Y="31671" Z="0"/>
					<Vertex X="44865" Y="31721" Z="0"/>
					<Vertex X="44736" Y="31770" Z="0"/>
					<Vertex X="44647" Y="31790" Z="0"/>
					<Vertex X="44548" Y="31840" Z="0"/>
					<Vertex X="44469" Y="31869" Z="0"/>
					<Vertex X="44340" Y="31919" Z="0"/>
					<Vertex X="44260" Y="31929" Z="0"/>
					<Vertex X="44142" Y="31969" Z="0"/>
					<Vertex X="44062" Y="31988" Z="0"/>
					<Vertex X="43993" Y="32018" Z="0"/>
					<Vertex X="43884" Y="32028" Z="0"/>
					<Vertex X="43795" Y="32048" Z="0"/>
					<Vertex X="43745" Y="32048" Z="0"/>
					<Vertex X="43705" Y="32028" Z="0"/>
					<Vertex X="43666" Y="32018" Z="0"/>
					<Vertex X="43636" Y="31988" Z="0"/>
					<Vertex X="43586" Y="31969" Z="0"/>
					<Vertex X="43537" Y="31929" Z="0"/>
					<Vertex X="43507" Y="31919" Z="0"/>
					<Vertex X="43477" Y="31869" Z="0"/>
					<Vertex X="43467" Y="31820" Z="0"/>
					<Vertex X="43428" Y="31770" Z="0"/>
					<Vertex X="43398" Y="31721" Z="0"/>
					<Vertex X="43368" Y="31671" Z="0"/>
					<Vertex X="43349" Y="31651" Z="0"/>
					<Vertex X="43319" Y="31622" Z="0"/>
					<Vertex X="43259" Y="31562" Z="0"/>
					<Vertex X="43230" Y="31513" Z="0"/>
					<Vertex X="43190" Y="31453" Z="0"/>
					<Vertex X="43160" Y="31423" Z="0"/>
					<Vertex X="43111" Y="31364" Z="0"/>
					<Vertex X="43081" Y="31314" Z="0"/>
					<Vertex X="43031" Y="31285" Z="0"/>
					<Vertex X="42972" Y="31225" Z="0"/>
					<Vertex X="42942" Y="31185" Z="0"/>
					<Vertex X="42902" Y="31156" Z="0"/>
					<Vertex X="42853" Y="31096" Z="0"/>
					<Vertex X="42823" Y="31047" Z="0"/>
					<Vertex X="42783" Y="30987" Z="0"/>
					<Vertex X="42754" Y="30948" Z="0"/>
					<Vertex X="42724" Y="30888" Z="0"/>
					<Vertex X="42674" Y="30829" Z="0"/>
					<Vertex X="42645" Y="30779" Z="0"/>
					<Vertex X="42615" Y="30749" Z="0"/>
					<Vertex X="42575" Y="30690" Z="0"/>
					<Vertex X="42546" Y="30650" Z="0"/>
					<Vertex X="42486" Y="30601" Z="0"/>
					<Vertex X="42456" Y="30571" Z="0"/>
					<Vertex X="42397" Y="30541" Z="0"/>
					<Vertex X="42367" Y="30511" Z="0"/>
					<Vertex X="42318" Y="30482" Z="0"/>
					<Vertex X="42248" Y="30452" Z="0"/>
					<Vertex X="42199" Y="30442" Z="0"/>
					<Vertex X="42159" Y="30442" Z="0"/>
					<Vertex X="42070" Y="30422" Z="0"/>
					<Vertex X="42010" Y="30422" Z="0"/>
					<Vertex X="41951" Y="30422" Z="0"/>
					<Vertex X="41862" Y="30422" Z="0"/>
					<Vertex X="41812" Y="30422" Z="0"/>
					<Vertex X="41743" Y="30442" Z="0"/>
					<Vertex X="41653" Y="30442" Z="0"/>
					<Vertex X="41594" Y="30452" Z="0"/>
					<Vertex X="41515" Y="30452" Z="0"/>
					<Vertex X="41425" Y="30472" Z="0"/>
					<Vertex X="41326" Y="30482" Z="0"/>
					<Vertex X="41267" Y="30501" Z="0"/>
					<Vertex X="41158" Y="30511" Z="0"/>
					<Vertex X="41098" Y="30511" Z="0"/>
					<Vertex X="41029" Y="30531" Z="0"/>
					<Vertex X="40950" Y="30541" Z="0"/>
					<Vertex X="40860" Y="30561" Z="0"/>
					<Vertex X="40821" Y="30561" Z="0"/>
					<Vertex X="40761" Y="30561" Z="0"/>
					<Vertex X="40682" Y="30561" Z="0"/>
					<Vertex X="40613" Y="30561" Z="0"/>
					<Vertex X="40563" Y="30561" Z="0"/>
					<Vertex X="40494" Y="30561" Z="0"/>
					<Vertex X="40464" Y="30561" Z="0"/>
					<Vertex X="40414" Y="30541" Z="0"/>
					<Vertex X="40375" Y="30531" Z="0"/>
					<Vertex X="40355" Y="30511" Z="0"/>
					<Vertex X="40315" Y="30482" Z="0"/>
					<Vertex X="40285" Y="30452" Z="0"/>
					<Vertex X="40266" Y="30422" Z="0"/>
					<Vertex X="40256" Y="30412" Z="0"/>
					<Vertex X="40226" Y="30383" Z="0"/>
					<Vertex X="40206" Y="30363" Z="0"/>
					<Vertex X="40176" Y="30333" Z="0"/>
					<Vertex X="40147" Y="30303" Z="0"/>
					<Vertex X="40117" Y="30293" Z="0"/>
					<Vertex X="40077" Y="30273" Z="0"/>
					<Vertex X="40048" Y="30264" Z="0"/>
					<Vertex X="40018" Y="30264" Z="0"/>
					<Vertex X="39988" Y="30244" Z="0"/>
					<Vertex X="39958" Y="30244" Z="0"/>
					<Vertex X="39909" Y="30234" Z="0"/>
					<Vertex X="39879" Y="30234" Z="0"/>
					<Vertex X="39839" Y="30214" Z="0"/>
					<Vertex X="39790" Y="30214" Z="0"/>
					<Vertex X="39750" Y="30214" Z="0"/>
					<Vertex X="39691" Y="30204" Z="0"/>
					<Vertex X="39661" Y="30204" Z="0"/>
					<Vertex X="39611" Y="30204" Z="0"/>
					<Vertex X="39552" Y="30204" Z="0"/>
					<Vertex X="39512" Y="30204" Z="0"/>
					<Vertex X="39453" Y="30214" Z="0"/>
					<Vertex X="39403" Y="30234" Z="0"/>
					<Vertex X="39344" Y="30244" Z="0"/>
					<Vertex X="39274" Y="30264" Z="0"/>
					<Vertex X="39225" Y="30293" Z="0"/>
					<Vertex X="39155" Y="30323" Z="0"/>
					<Vertex X="39106" Y="30333" Z="0"/>
					<Vertex X="39046" Y="30383" Z="0"/>
					<Vertex X="39007" Y="30412" Z="0"/>
					<Vertex X="38977" Y="30422" Z="0"/>
					<Vertex X="38918" Y="30472" Z="0"/>
					<Vertex X="38868" Y="30531" Z="0"/>
					<Vertex X="38838" Y="30561" Z="0"/>
					<Vertex X="38779" Y="30630" Z="0"/>
					<Vertex X="38749" Y="30660" Z="0"/>
					<Vertex X="38709" Y="30739" Z="0"/>
					<Vertex X="38680" Y="30799" Z="0"/>
					<Vertex X="38620" Y="30898" Z="0"/>
					<Vertex X="38590" Y="30957" Z="0"/>
					<Vertex X="38531" Y="31067" Z="0"/>
					<Vertex X="38481" Y="31136" Z="0"/>
					<Vertex X="38442" Y="31215" Z="0"/>
					<Vertex X="38392" Y="31314" Z="0"/>
					<Vertex X="38333" Y="31404" Z="0"/>
					<Vertex X="38293" Y="31483" Z="0"/>
					<Vertex X="38234" Y="31582" Z="0"/>
					<Vertex X="38174" Y="31691" Z="0"/>
					<Vertex X="38124" Y="31760" Z="0"/>
					<Vertex X="38065" Y="31879" Z="0"/>
					<Vertex X="38006" Y="32018" Z="0"/>
					<Vertex X="37976" Y="32107" Z="0"/>
					<Vertex X="37916" Y="32286" Z="0"/>
					<Vertex X="37877" Y="32385" Z="0"/>
					<Vertex X="37817" Y="32563" Z="0"/>
					<Vertex X="37787" Y="32682" Z="0"/>
					<Vertex X="37728" Y="32861" Z="0"/>
					<Vertex X="37698" Y="32980" Z="0"/>
					<Vertex X="37649" Y="33148" Z="0"/>
					<Vertex X="37619" Y="33307" Z="0"/>
					<Vertex X="37589" Y="33416" Z="0"/>
					<Vertex X="37559" Y="33574" Z="0"/>
					<Vertex X="37530" Y="33683" Z="0"/>
					<Vertex X="37520" Y="33842" Z="0"/>
					<Vertex X="37500" Y="33951" Z="0"/>
					<Vertex X="37490" Y="34070" Z="0"/>
					<Vertex X="37470" Y="34229" Z="0"/>
					<Vertex X="37470" Y="34338" Z="0"/>
					<Vertex X="37470" Y="34496" Z="0"/>
					<Vertex X="37470" Y="34615" Z="0"/>
					<Vertex X="37470" Y="34814" Z="0"/>
					<Vertex X="37490" Y="34932" Z="0"/>
					<Vertex X="37490" Y="35091" Z="0"/>
					<Vertex X="37500" Y="35220" Z="0"/>
					<Vertex X="37500" Y="35379" Z="0"/>
					<Vertex X="37520" Y="35498" Z="0"/>
					<Vertex X="37530" Y="35666" Z="0"/>
					<Vertex X="37550" Y="35765" Z="0"/>
					<Vertex X="37579" Y="35934" Z="0"/>
					<Vertex X="37589" Y="36043" Z="0"/>
					<Vertex X="37619" Y="36211" Z="0"/>
					<Vertex X="37639" Y="36310" Z="0"/>
					<Vertex X="37659" Y="36489" Z="0"/>
					<Vertex X="37678" Y="36598" Z="0"/>
					<Vertex X="37678" Y="36747" Z="0"/>
					<Vertex X="37698" Y="36826" Z="0"/>
					<Vertex X="37698" Y="36846" Z="0"/>
					<Vertex X="37678" Y="36846" Z="0"/>
					<Vertex X="37154" Y="37026" Z="0"/>
				</Vertices>
			</Region>
		</Regions>
		<Plots/>
	</Annotation>
</Annotations>
