<Annotations MicronsPerPixel="0.252200">
	<Annotation Id="1" Name="" ReadOnly="0" NameReadOnly="0" LineColorReadOnly="0" Incremental="0" Type="4" LineColor="255" Visible="1" Selected="1" MarkupImagePath="" MacroName="">
		<Attributes/>
		<Regions>
			<RegionAttributeHeaders>
				<AttributeHeader Id="9999" Name="Region" ColumnWidth="-1"/>
				<AttributeHeader Id="9997" Name="Length" ColumnWidth="-1"/>
				<AttributeHeader Id="9996" Name="Area" ColumnWidth="-1"/>
				<AttributeHeader Id="9998" Name="Text" ColumnWidth="-1"/>
			</RegionAttributeHeaders>
			<Region Id="1" Type="0" Zoom="0.050000" Selected="1" ImageLocation="" ImageFocus="-1" Length="59524.2" Area="73532005.0" LengthMicrons="15012.0" AreaMicrons="4676991.4" Text="" NegativeROA="0" InputRegionId="0" Analyze="1" DisplayId="1">
				<Attributes/>
				<Vertices>
					<Vertex X="40959" Y="75416" Z="0"/>
					<Vertex X="41277" Y="74167" Z="0"/>
					<Vertex X="41277" Y="74088" Z="0"/>
					<Vertex X="41277" Y="74009" Z="0"/>
					<Vertex X="41277" Y="73949" Z="0"/>
					<Vertex X="41277" Y="73890" Z="0"/>
					<Vertex X="41257" Y="73870" Z="0"/>
					<Vertex X="41257" Y="73830" Z="0"/>
					<Vertex X="41217" Y="73811" Z="0"/>
					<Vertex X="41197" Y="73751" Z="0"/>
					<Vertex X="41197" Y="73711" Z="0"/>
					<Vertex X="41158" Y="73652" Z="0"/>
					<Vertex X="41098" Y="73632" Z="0"/>
					<Vertex X="41059" Y="73573" Z="0"/>
					<Vertex X="40999" Y="73533" Z="0"/>
					<Vertex X="40959" Y="73454" Z="0"/>
					<Vertex X="40920" Y="73414" Z="0"/>
					<Vertex X="40841" Y="73355" Z="0"/>
					<Vertex X="40781" Y="73295" Z="0"/>
					<Vertex X="40722" Y="73275" Z="0"/>
					<Vertex X="40662" Y="73216" Z="0"/>
					<Vertex X="40563" Y="73176" Z="0"/>
					<Vertex X="40504" Y="73156" Z="0"/>
					<Vertex X="40424" Y="73117" Z="0"/>
					<Vertex X="40325" Y="73117" Z="0"/>
					<Vertex X="40206" Y="73117" Z="0"/>
					<Vertex X="40048" Y="73117" Z="0"/>
					<Vertex X="39968" Y="73117" Z="0"/>
					<Vertex X="39849" Y="73117" Z="0"/>
					<Vertex X="39750" Y="73117" Z="0"/>
					<Vertex X="39671" Y="73156" Z="0"/>
					<Vertex X="39592" Y="73176" Z="0"/>
					<Vertex X="39492" Y="73216" Z="0"/>
					<Vertex X="39393" Y="73236" Z="0"/>
					<Vertex X="39314" Y="73275" Z="0"/>
					<Vertex X="39215" Y="73355" Z="0"/>
					<Vertex X="39136" Y="73394" Z="0"/>
					<Vertex X="39017" Y="73454" Z="0"/>
					<Vertex X="38917" Y="73513" Z="0"/>
					<Vertex X="38818" Y="73593" Z="0"/>
					<Vertex X="38660" Y="73692" Z="0"/>
					<Vertex X="38600" Y="73711" Z="0"/>
					<Vertex X="38442" Y="73830" Z="0"/>
					<Vertex X="38362" Y="73890" Z="0"/>
					<Vertex X="38283" Y="73989" Z="0"/>
					<Vertex X="38184" Y="74048" Z="0"/>
					<Vertex X="38124" Y="74128" Z="0"/>
					<Vertex X="38045" Y="74187" Z="0"/>
					<Vertex X="37986" Y="74247" Z="0"/>
					<Vertex X="37906" Y="74306" Z="0"/>
					<Vertex X="37827" Y="74386" Z="0"/>
					<Vertex X="37708" Y="74445" Z="0"/>
					<Vertex X="37609" Y="74485" Z="0"/>
					<Vertex X="37530" Y="74524" Z="0"/>
					<Vertex X="37450" Y="74584" Z="0"/>
					<Vertex X="37312" Y="74643" Z="0"/>
					<Vertex X="37212" Y="74683" Z="0"/>
					<Vertex X="37113" Y="74723" Z="0"/>
					<Vertex X="36994" Y="74762" Z="0"/>
					<Vertex X="36915" Y="74782" Z="0"/>
					<Vertex X="36816" Y="74822" Z="0"/>
					<Vertex X="36756" Y="74822" Z="0"/>
					<Vertex X="36657" Y="74842" Z="0"/>
					<Vertex X="36618" Y="74842" Z="0"/>
					<Vertex X="36519" Y="74842" Z="0"/>
					<Vertex X="36519" Y="74822" Z="0"/>
					<Vertex X="36459" Y="74762" Z="0"/>
					<Vertex X="36459" Y="74683" Z="0"/>
					<Vertex X="36439" Y="74604" Z="0"/>
					<Vertex X="36439" Y="74524" Z="0"/>
					<Vertex X="36400" Y="74465" Z="0"/>
					<Vertex X="36400" Y="74386" Z="0"/>
					<Vertex X="36380" Y="74286" Z="0"/>
					<Vertex X="36380" Y="74187" Z="0"/>
					<Vertex X="36340" Y="74088" Z="0"/>
					<Vertex X="36340" Y="73930" Z="0"/>
					<Vertex X="36340" Y="73830" Z="0"/>
					<Vertex X="36340" Y="73751" Z="0"/>
					<Vertex X="36380" Y="73652" Z="0"/>
					<Vertex X="36400" Y="73573" Z="0"/>
					<Vertex X="36439" Y="73454" Z="0"/>
					<Vertex X="36459" Y="73355" Z="0"/>
					<Vertex X="36499" Y="73236" Z="0"/>
					<Vertex X="36519" Y="73156" Z="0"/>
					<Vertex X="36538" Y="73057" Z="0"/>
					<Vertex X="36618" Y="72998" Z="0"/>
					<Vertex X="36638" Y="72859" Z="0"/>
					<Vertex X="36638" Y="72760" Z="0"/>
					<Vertex X="36638" Y="72681" Z="0"/>
					<Vertex X="36638" Y="72601" Z="0"/>
					<Vertex X="36638" Y="72522" Z="0"/>
					<Vertex X="36638" Y="72443" Z="0"/>
					<Vertex X="36638" Y="72363" Z="0"/>
					<Vertex X="36638" Y="72284" Z="0"/>
					<Vertex X="36618" Y="72205" Z="0"/>
					<Vertex X="36618" Y="72125" Z="0"/>
					<Vertex X="36578" Y="72046" Z="0"/>
					<Vertex X="36519" Y="71967" Z="0"/>
					<Vertex X="36499" Y="71907" Z="0"/>
					<Vertex X="36459" Y="71848" Z="0"/>
					<Vertex X="36400" Y="71828" Z="0"/>
					<Vertex X="36340" Y="71788" Z="0"/>
					<Vertex X="36320" Y="71749" Z="0"/>
					<Vertex X="36241" Y="71749" Z="0"/>
					<Vertex X="36162" Y="71749" Z="0"/>
					<Vertex X="36102" Y="71788" Z="0"/>
					<Vertex X="36003" Y="71828" Z="0"/>
					<Vertex X="35904" Y="71868" Z="0"/>
					<Vertex X="35785" Y="71927" Z="0"/>
					<Vertex X="35626" Y="72086" Z="0"/>
					<Vertex X="35507" Y="72165" Z="0"/>
					<Vertex X="35428" Y="72264" Z="0"/>
					<Vertex X="35329" Y="72363" Z="0"/>
					<Vertex X="35270" Y="72462" Z="0"/>
					<Vertex X="35210" Y="72562" Z="0"/>
					<Vertex X="35151" Y="72681" Z="0"/>
					<Vertex X="35091" Y="72799" Z="0"/>
					<Vertex X="35032" Y="72978" Z="0"/>
					<Vertex X="35012" Y="73097" Z="0"/>
					<Vertex X="34972" Y="73216" Z="0"/>
					<Vertex X="34913" Y="73335" Z="0"/>
					<Vertex X="34913" Y="73454" Z="0"/>
					<Vertex X="34853" Y="73573" Z="0"/>
					<Vertex X="34833" Y="73711" Z="0"/>
					<Vertex X="34794" Y="73830" Z="0"/>
					<Vertex X="34774" Y="73949" Z="0"/>
					<Vertex X="34774" Y="74088" Z="0"/>
					<Vertex X="34734" Y="74227" Z="0"/>
					<Vertex X="34714" Y="74306" Z="0"/>
					<Vertex X="34714" Y="74445" Z="0"/>
					<Vertex X="34635" Y="74604" Z="0"/>
					<Vertex X="34635" Y="74683" Z="0"/>
					<Vertex X="34615" Y="74842" Z="0"/>
					<Vertex X="34576" Y="74980" Z="0"/>
					<Vertex X="34576" Y="75079" Z="0"/>
					<Vertex X="34556" Y="75179" Z="0"/>
					<Vertex X="34556" Y="75298" Z="0"/>
					<Vertex X="34516" Y="75377" Z="0"/>
					<Vertex X="34496" Y="75496" Z="0"/>
					<Vertex X="34496" Y="75615" Z="0"/>
					<Vertex X="34477" Y="75714" Z="0"/>
					<Vertex X="34437" Y="75833" Z="0"/>
					<Vertex X="34437" Y="75952" Z="0"/>
					<Vertex X="34397" Y="76071" Z="0"/>
					<Vertex X="34377" Y="76190" Z="0"/>
					<Vertex X="34358" Y="76368" Z="0"/>
					<Vertex X="34358" Y="76487" Z="0"/>
					<Vertex X="34318" Y="76606" Z="0"/>
					<Vertex X="34298" Y="76685" Z="0"/>
					<Vertex X="34258" Y="76784" Z="0"/>
					<Vertex X="34239" Y="76884" Z="0"/>
					<Vertex X="34239" Y="76963" Z="0"/>
					<Vertex X="34199" Y="77042" Z="0"/>
					<Vertex X="34179" Y="77141" Z="0"/>
					<Vertex X="34100" Y="77260" Z="0"/>
					<Vertex X="34080" Y="77359" Z="0"/>
					<Vertex X="34021" Y="77439" Z="0"/>
					<Vertex X="33981" Y="77538" Z="0"/>
					<Vertex X="33941" Y="77577" Z="0"/>
					<Vertex X="33862" Y="77677" Z="0"/>
					<Vertex X="33822" Y="77796" Z="0"/>
					<Vertex X="33763" Y="77875" Z="0"/>
					<Vertex X="33723" Y="77934" Z="0"/>
					<Vertex X="33664" Y="78033" Z="0"/>
					<Vertex X="33644" Y="78093" Z="0"/>
					<Vertex X="33604" Y="78152" Z="0"/>
					<Vertex X="33545" Y="78232" Z="0"/>
					<Vertex X="33485" Y="78271" Z="0"/>
					<Vertex X="33426" Y="78331" Z="0"/>
					<Vertex X="33406" Y="78390" Z="0"/>
					<Vertex X="33346" Y="78470" Z="0"/>
					<Vertex X="33287" Y="78549" Z="0"/>
					<Vertex X="33228" Y="78589" Z="0"/>
					<Vertex X="33168" Y="78668" Z="0"/>
					<Vertex X="33109" Y="78688" Z="0"/>
					<Vertex X="33029" Y="78747" Z="0"/>
					<Vertex X="32970" Y="78767" Z="0"/>
					<Vertex X="32891" Y="78807" Z="0"/>
					<Vertex X="32831" Y="78866" Z="0"/>
					<Vertex X="32712" Y="78886" Z="0"/>
					<Vertex X="32633" Y="78926" Z="0"/>
					<Vertex X="32534" Y="78965" Z="0"/>
					<Vertex X="32415" Y="78985" Z="0"/>
					<Vertex X="32335" Y="79025" Z="0"/>
					<Vertex X="32236" Y="79045" Z="0"/>
					<Vertex X="32058" Y="79104" Z="0"/>
					<Vertex X="31959" Y="79104" Z="0"/>
					<Vertex X="31840" Y="79124" Z="0"/>
					<Vertex X="31760" Y="79124" Z="0"/>
					<Vertex X="31641" Y="79124" Z="0"/>
					<Vertex X="31562" Y="79163" Z="0"/>
					<Vertex X="31423" Y="79163" Z="0"/>
					<Vertex X="31304" Y="79183" Z="0"/>
					<Vertex X="31205" Y="79183" Z="0"/>
					<Vertex X="31106" Y="79183" Z="0"/>
					<Vertex X="30928" Y="79223" Z="0"/>
					<Vertex X="30829" Y="79223" Z="0"/>
					<Vertex X="30730" Y="79223" Z="0"/>
					<Vertex X="30630" Y="79223" Z="0"/>
					<Vertex X="30551" Y="79223" Z="0"/>
					<Vertex X="30452" Y="79223" Z="0"/>
					<Vertex X="30392" Y="79183" Z="0"/>
					<Vertex X="30333" Y="79163" Z="0"/>
					<Vertex X="30254" Y="79104" Z="0"/>
					<Vertex X="30194" Y="79064" Z="0"/>
					<Vertex X="30155" Y="79025" Z="0"/>
					<Vertex X="30135" Y="78965" Z="0"/>
					<Vertex X="30095" Y="78866" Z="0"/>
					<Vertex X="30095" Y="78807" Z="0"/>
					<Vertex X="30055" Y="78688" Z="0"/>
					<Vertex X="30036" Y="78668" Z="0"/>
					<Vertex X="29976" Y="78589" Z="0"/>
					<Vertex X="29956" Y="78549" Z="0"/>
					<Vertex X="29917" Y="78509" Z="0"/>
					<Vertex X="29818" Y="78470" Z="0"/>
					<Vertex X="29798" Y="78430" Z="0"/>
					<Vertex X="29738" Y="78390" Z="0"/>
					<Vertex X="29659" Y="78370" Z="0"/>
					<Vertex X="29599" Y="78331" Z="0"/>
					<Vertex X="29500" Y="78291" Z="0"/>
					<Vertex X="29381" Y="78271" Z="0"/>
					<Vertex X="29302" Y="78232" Z="0"/>
					<Vertex X="29223" Y="78232" Z="0"/>
					<Vertex X="29124" Y="78172" Z="0"/>
					<Vertex X="29064" Y="78152" Z="0"/>
					<Vertex X="28965" Y="78113" Z="0"/>
					<Vertex X="28906" Y="78093" Z="0"/>
					<Vertex X="28826" Y="78073" Z="0"/>
					<Vertex X="28727" Y="77974" Z="0"/>
					<Vertex X="28668" Y="77934" Z="0"/>
					<Vertex X="28608" Y="77875" Z="0"/>
					<Vertex X="28569" Y="77855" Z="0"/>
					<Vertex X="28529" Y="77835" Z="0"/>
					<Vertex X="28450" Y="77796" Z="0"/>
					<Vertex X="28370" Y="77736" Z="0"/>
					<Vertex X="28271" Y="77736" Z="0"/>
					<Vertex X="28232" Y="77736" Z="0"/>
					<Vertex X="28152" Y="77736" Z="0"/>
					<Vertex X="28073" Y="77736" Z="0"/>
					<Vertex X="27994" Y="77736" Z="0"/>
					<Vertex X="27914" Y="77776" Z="0"/>
					<Vertex X="27795" Y="77796" Z="0"/>
					<Vertex X="27716" Y="77835" Z="0"/>
					<Vertex X="27597" Y="77855" Z="0"/>
					<Vertex X="27538" Y="77855" Z="0"/>
					<Vertex X="27419" Y="77875" Z="0"/>
					<Vertex X="27320" Y="77875" Z="0"/>
					<Vertex X="27300" Y="77875" Z="0"/>
					<Vertex X="27201" Y="77875" Z="0"/>
					<Vertex X="27161" Y="77914" Z="0"/>
					<Vertex X="27022" Y="77914" Z="0"/>
					<Vertex X="26705" Y="77994" Z="0"/>
					<Vertex X="26645" Y="78033" Z="0"/>
					<Vertex X="26546" Y="78073" Z="0"/>
					<Vertex X="26467" Y="78073" Z="0"/>
					<Vertex X="26348" Y="78113" Z="0"/>
					<Vertex X="26249" Y="78152" Z="0"/>
					<Vertex X="26170" Y="78172" Z="0"/>
					<Vertex X="26110" Y="78232" Z="0"/>
					<Vertex X="25991" Y="78291" Z="0"/>
					<Vertex X="25872" Y="78370" Z="0"/>
					<Vertex X="25813" Y="78390" Z="0"/>
					<Vertex X="25694" Y="78470" Z="0"/>
					<Vertex X="25595" Y="78549" Z="0"/>
					<Vertex X="25555" Y="78589" Z="0"/>
					<Vertex X="25456" Y="78688" Z="0"/>
					<Vertex X="25396" Y="78767" Z="0"/>
					<Vertex X="25357" Y="78846" Z="0"/>
					<Vertex X="25297" Y="78886" Z="0"/>
					<Vertex X="25258" Y="78985" Z="0"/>
					<Vertex X="25178" Y="79104" Z="0"/>
					<Vertex X="25159" Y="79183" Z="0"/>
					<Vertex X="25099" Y="79263" Z="0"/>
					<Vertex X="25059" Y="79342" Z="0"/>
					<Vertex X="24980" Y="79421" Z="0"/>
					<Vertex X="24940" Y="79520" Z="0"/>
					<Vertex X="24921" Y="79580" Z="0"/>
					<Vertex X="24881" Y="79639" Z="0"/>
					<Vertex X="24822" Y="79719" Z="0"/>
					<Vertex X="24802" Y="79778" Z="0"/>
					<Vertex X="24742" Y="79877" Z="0"/>
					<Vertex X="24683" Y="79957" Z="0"/>
					<Vertex X="24623" Y="80016" Z="0"/>
					<Vertex X="24564" Y="80056" Z="0"/>
					<Vertex X="24524" Y="80115" Z="0"/>
					<Vertex X="24484" Y="80115" Z="0"/>
					<Vertex X="24405" Y="80155" Z="0"/>
					<Vertex X="24346" Y="80175" Z="0"/>
					<Vertex X="24286" Y="80175" Z="0"/>
					<Vertex X="24266" Y="80175" Z="0"/>
					<Vertex X="24187" Y="80194" Z="0"/>
					<Vertex X="24108" Y="80194" Z="0"/>
					<Vertex X="24048" Y="80194" Z="0"/>
					<Vertex X="23969" Y="80194" Z="0"/>
					<Vertex X="23870" Y="80194" Z="0"/>
					<Vertex X="23791" Y="80194" Z="0"/>
					<Vertex X="23731" Y="80194" Z="0"/>
					<Vertex X="23612" Y="80175" Z="0"/>
					<Vertex X="23553" Y="80175" Z="0"/>
					<Vertex X="23493" Y="80155" Z="0"/>
					<Vertex X="23414" Y="80115" Z="0"/>
					<Vertex X="23335" Y="80115" Z="0"/>
					<Vertex X="23275" Y="80075" Z="0"/>
					<Vertex X="23156" Y="80056" Z="0"/>
					<Vertex X="23117" Y="80016" Z="0"/>
					<Vertex X="23037" Y="79996" Z="0"/>
					<Vertex X="22978" Y="79996" Z="0"/>
					<Vertex X="22958" Y="79996" Z="0"/>
					<Vertex X="22879" Y="79996" Z="0"/>
					<Vertex X="22799" Y="79996" Z="0"/>
					<Vertex X="22740" Y="80016" Z="0"/>
					<Vertex X="22661" Y="80056" Z="0"/>
					<Vertex X="22601" Y="80075" Z="0"/>
					<Vertex X="22502" Y="80115" Z="0"/>
					<Vertex X="22423" Y="80175" Z="0"/>
					<Vertex X="22343" Y="80254" Z="0"/>
					<Vertex X="22185" Y="80373" Z="0"/>
					<Vertex X="21967" Y="80591" Z="0"/>
					<Vertex X="21848" Y="80750" Z="0"/>
					<Vertex X="21808" Y="80789" Z="0"/>
					<Vertex X="21729" Y="80908" Z="0"/>
					<Vertex X="21709" Y="81007" Z="0"/>
					<Vertex X="21649" Y="81087" Z="0"/>
					<Vertex X="21610" Y="81206" Z="0"/>
					<Vertex X="21590" Y="81344" Z="0"/>
					<Vertex X="21590" Y="81424" Z="0"/>
					<Vertex X="21550" Y="81503" Z="0"/>
					<Vertex X="21550" Y="81602" Z="0"/>
					<Vertex X="21550" Y="81681" Z="0"/>
					<Vertex X="21550" Y="81780" Z="0"/>
					<Vertex X="21550" Y="81939" Z="0"/>
					<Vertex X="21590" Y="81979" Z="0"/>
					<Vertex X="21590" Y="82078" Z="0"/>
					<Vertex X="21610" Y="82137" Z="0"/>
					<Vertex X="21649" Y="82236" Z="0"/>
					<Vertex X="21649" Y="82276" Z="0"/>
					<Vertex X="21709" Y="82395" Z="0"/>
					<Vertex X="21709" Y="82455" Z="0"/>
					<Vertex X="21768" Y="82554" Z="0"/>
					<Vertex X="21808" Y="82613" Z="0"/>
					<Vertex X="21828" Y="82633" Z="0"/>
					<Vertex X="21848" Y="82692" Z="0"/>
					<Vertex X="21907" Y="82752" Z="0"/>
					<Vertex X="22006" Y="82851" Z="0"/>
					<Vertex X="22086" Y="82871" Z="0"/>
					<Vertex X="22145" Y="82930" Z="0"/>
					<Vertex X="22205" Y="82990" Z="0"/>
					<Vertex X="22304" Y="83029" Z="0"/>
					<Vertex X="22383" Y="83089" Z="0"/>
					<Vertex X="22502" Y="83109" Z="0"/>
					<Vertex X="22621" Y="83148" Z="0"/>
					<Vertex X="22720" Y="83168" Z="0"/>
					<Vertex X="22839" Y="83208" Z="0"/>
					<Vertex X="22918" Y="83228" Z="0"/>
					<Vertex X="23117" Y="83228" Z="0"/>
					<Vertex X="23255" Y="83228" Z="0"/>
					<Vertex X="23374" Y="83228" Z="0"/>
					<Vertex X="23573" Y="83208" Z="0"/>
					<Vertex X="23731" Y="83208" Z="0"/>
					<Vertex X="23870" Y="83148" Z="0"/>
					<Vertex X="23989" Y="83109" Z="0"/>
					<Vertex X="24147" Y="83089" Z="0"/>
					<Vertex X="24286" Y="83029" Z="0"/>
					<Vertex X="24405" Y="83029" Z="0"/>
					<Vertex X="24623" Y="82970" Z="0"/>
					<Vertex X="24762" Y="82930" Z="0"/>
					<Vertex X="24881" Y="82911" Z="0"/>
					<Vertex X="25040" Y="82871" Z="0"/>
					<Vertex X="25159" Y="82851" Z="0"/>
					<Vertex X="25357" Y="82792" Z="0"/>
					<Vertex X="25456" Y="82792" Z="0"/>
					<Vertex X="25595" Y="82752" Z="0"/>
					<Vertex X="25714" Y="82752" Z="0"/>
					<Vertex X="25833" Y="82732" Z="0"/>
					<Vertex X="25952" Y="82732" Z="0"/>
					<Vertex X="26090" Y="82692" Z="0"/>
					<Vertex X="26289" Y="82673" Z="0"/>
					<Vertex X="26408" Y="82673" Z="0"/>
					<Vertex X="26546" Y="82673" Z="0"/>
					<Vertex X="26665" Y="82633" Z="0"/>
					<Vertex X="26824" Y="82633" Z="0"/>
					<Vertex X="27022" Y="82613" Z="0"/>
					<Vertex X="27181" Y="82613" Z="0"/>
					<Vertex X="27320" Y="82573" Z="0"/>
					<Vertex X="27478" Y="82573" Z="0"/>
					<Vertex X="27617" Y="82554" Z="0"/>
					<Vertex X="27736" Y="82554" Z="0"/>
					<Vertex X="27994" Y="82514" Z="0"/>
					<Vertex X="28093" Y="82494" Z="0"/>
					<Vertex X="28251" Y="82494" Z="0"/>
					<Vertex X="28430" Y="82455" Z="0"/>
					<Vertex X="28569" Y="82435" Z="0"/>
					<Vertex X="28727" Y="82395" Z="0"/>
					<Vertex X="28945" Y="82375" Z="0"/>
					<Vertex X="29064" Y="82336" Z="0"/>
					<Vertex X="29203" Y="82336" Z="0"/>
					<Vertex X="29322" Y="82316" Z="0"/>
					<Vertex X="29441" Y="82276" Z="0"/>
					<Vertex X="29599" Y="82276" Z="0"/>
					<Vertex X="29718" Y="82256" Z="0"/>
					<Vertex X="29857" Y="82236" Z="0"/>
					<Vertex X="29976" Y="82236" Z="0"/>
					<Vertex X="30055" Y="82236" Z="0"/>
					<Vertex X="30194" Y="82197" Z="0"/>
					<Vertex X="30293" Y="82197" Z="0"/>
					<Vertex X="30392" Y="82157" Z="0"/>
					<Vertex X="30511" Y="82157" Z="0"/>
					<Vertex X="30670" Y="82157" Z="0"/>
					<Vertex X="30749" Y="82137" Z="0"/>
					<Vertex X="30829" Y="82137" Z="0"/>
					<Vertex X="30928" Y="82137" Z="0"/>
					<Vertex X="31047" Y="82137" Z="0"/>
					<Vertex X="31146" Y="82137" Z="0"/>
					<Vertex X="31225" Y="82137" Z="0"/>
					<Vertex X="31285" Y="82137" Z="0"/>
					<Vertex X="31364" Y="82137" Z="0"/>
					<Vertex X="31503" Y="82137" Z="0"/>
					<Vertex X="31582" Y="82137" Z="0"/>
					<Vertex X="31641" Y="82137" Z="0"/>
					<Vertex X="31701" Y="82137" Z="0"/>
					<Vertex X="31760" Y="82137" Z="0"/>
					<Vertex X="31840" Y="82137" Z="0"/>
					<Vertex X="31939" Y="82157" Z="0"/>
					<Vertex X="32038" Y="82157" Z="0"/>
					<Vertex X="32097" Y="82157" Z="0"/>
					<Vertex X="32177" Y="82157" Z="0"/>
					<Vertex X="32276" Y="82197" Z="0"/>
					<Vertex X="32355" Y="82197" Z="0"/>
					<Vertex X="32474" Y="82197" Z="0"/>
					<Vertex X="32534" Y="82197" Z="0"/>
					<Vertex X="32633" Y="82197" Z="0"/>
					<Vertex X="32712" Y="82197" Z="0"/>
					<Vertex X="32811" Y="82197" Z="0"/>
					<Vertex X="32891" Y="82197" Z="0"/>
					<Vertex X="32950" Y="82157" Z="0"/>
					<Vertex X="33009" Y="82157" Z="0"/>
					<Vertex X="33069" Y="82157" Z="0"/>
					<Vertex X="33188" Y="82137" Z="0"/>
					<Vertex X="33287" Y="82098" Z="0"/>
					<Vertex X="33366" Y="82078" Z="0"/>
					<Vertex X="33446" Y="82038" Z="0"/>
					<Vertex X="33565" Y="82018" Z="0"/>
					<Vertex X="33723" Y="81959" Z="0"/>
					<Vertex X="33822" Y="81860" Z="0"/>
					<Vertex X="33941" Y="81800" Z="0"/>
					<Vertex X="34100" Y="81681" Z="0"/>
					<Vertex X="34239" Y="81642" Z="0"/>
					<Vertex X="34377" Y="81503" Z="0"/>
					<Vertex X="34496" Y="81424" Z="0"/>
					<Vertex X="34576" Y="81344" Z="0"/>
					<Vertex X="34714" Y="81245" Z="0"/>
					<Vertex X="34853" Y="81087" Z="0"/>
					<Vertex X="34933" Y="81007" Z="0"/>
					<Vertex X="35032" Y="80908" Z="0"/>
					<Vertex X="35091" Y="80789" Z="0"/>
					<Vertex X="35170" Y="80750" Z="0"/>
					<Vertex X="35270" Y="80591" Z="0"/>
					<Vertex X="35329" Y="80531" Z="0"/>
					<Vertex X="35369" Y="80452" Z="0"/>
					<Vertex X="35389" Y="80353" Z="0"/>
					<Vertex X="35428" Y="80234" Z="0"/>
					<Vertex X="35428" Y="80175" Z="0"/>
					<Vertex X="35389" Y="80115" Z="0"/>
					<Vertex X="35389" Y="80016" Z="0"/>
					<Vertex X="35369" Y="79957" Z="0"/>
					<Vertex X="35309" Y="79857" Z="0"/>
					<Vertex X="35270" Y="79778" Z="0"/>
					<Vertex X="35210" Y="79719" Z="0"/>
					<Vertex X="35151" Y="79639" Z="0"/>
					<Vertex X="35091" Y="79580" Z="0"/>
					<Vertex X="35032" Y="79461" Z="0"/>
					<Vertex X="34972" Y="79362" Z="0"/>
					<Vertex X="34913" Y="79282" Z="0"/>
					<Vertex X="34853" Y="79124" Z="0"/>
					<Vertex X="34794" Y="79045" Z="0"/>
					<Vertex X="34734" Y="78965" Z="0"/>
					<Vertex X="34675" Y="78866" Z="0"/>
					<Vertex X="34576" Y="78747" Z="0"/>
					<Vertex X="34556" Y="78668" Z="0"/>
					<Vertex X="34496" Y="78569" Z="0"/>
					<Vertex X="34477" Y="78470" Z="0"/>
					<Vertex X="34477" Y="78390" Z="0"/>
					<Vertex X="34437" Y="78271" Z="0"/>
					<Vertex X="34437" Y="78172" Z="0"/>
					<Vertex X="34437" Y="78113" Z="0"/>
					<Vertex X="34477" Y="77994" Z="0"/>
					<Vertex X="34496" Y="77934" Z="0"/>
					<Vertex X="34576" Y="77855" Z="0"/>
					<Vertex X="34635" Y="77796" Z="0"/>
					<Vertex X="34714" Y="77736" Z="0"/>
					<Vertex X="34774" Y="77677" Z="0"/>
					<Vertex X="34853" Y="77657" Z="0"/>
					<Vertex X="34972" Y="77577" Z="0"/>
					<Vertex X="35051" Y="77538" Z="0"/>
					<Vertex X="35210" Y="77478" Z="0"/>
					<Vertex X="35309" Y="77439" Z="0"/>
					<Vertex X="35428" Y="77399" Z="0"/>
					<Vertex X="35468" Y="77379" Z="0"/>
					<Vertex X="35626" Y="77359" Z="0"/>
					<Vertex X="35706" Y="77359" Z="0"/>
					<Vertex X="35805" Y="77359" Z="0"/>
					<Vertex X="35904" Y="77379" Z="0"/>
					<Vertex X="36003" Y="77439" Z="0"/>
					<Vertex X="36102" Y="77478" Z="0"/>
					<Vertex X="36162" Y="77538" Z="0"/>
					<Vertex X="36182" Y="77577" Z="0"/>
					<Vertex X="36281" Y="77677" Z="0"/>
					<Vertex X="36320" Y="77736" Z="0"/>
					<Vertex X="36380" Y="77796" Z="0"/>
					<Vertex X="36400" Y="77835" Z="0"/>
					<Vertex X="36499" Y="77875" Z="0"/>
					<Vertex X="36578" Y="77934" Z="0"/>
					<Vertex X="36657" Y="77974" Z="0"/>
					<Vertex X="36697" Y="77994" Z="0"/>
					<Vertex X="36776" Y="78033" Z="0"/>
					<Vertex X="36875" Y="78073" Z="0"/>
					<Vertex X="36975" Y="78073" Z="0"/>
					<Vertex X="37034" Y="78073" Z="0"/>
					<Vertex X="37173" Y="78073" Z="0"/>
					<Vertex X="37252" Y="78073" Z="0"/>
					<Vertex X="37351" Y="78073" Z="0"/>
					<Vertex X="37510" Y="77994" Z="0"/>
					<Vertex X="37589" Y="77974" Z="0"/>
					<Vertex X="37688" Y="77934" Z="0"/>
					<Vertex X="37768" Y="77875" Z="0"/>
					<Vertex X="37887" Y="77835" Z="0"/>
					<Vertex X="37986" Y="77776" Z="0"/>
					<Vertex X="38065" Y="77696" Z="0"/>
					<Vertex X="38144" Y="77617" Z="0"/>
					<Vertex X="38303" Y="77498" Z="0"/>
					<Vertex X="38382" Y="77399" Z="0"/>
					<Vertex X="38521" Y="77359" Z="0"/>
					<Vertex X="38680" Y="77221" Z="0"/>
					<Vertex X="38818" Y="77141" Z="0"/>
					<Vertex X="38957" Y="77082" Z="0"/>
					<Vertex X="39136" Y="76983" Z="0"/>
					<Vertex X="39215" Y="76943" Z="0"/>
					<Vertex X="39373" Y="76884" Z="0"/>
					<Vertex X="39433" Y="76804" Z="0"/>
					<Vertex X="39512" Y="76765" Z="0"/>
					<Vertex X="39611" Y="76685" Z="0"/>
					<Vertex X="39671" Y="76646" Z="0"/>
					<Vertex X="39730" Y="76606" Z="0"/>
					<Vertex X="39790" Y="76547" Z="0"/>
					<Vertex X="39849" Y="76507" Z="0"/>
					<Vertex X="39909" Y="76467" Z="0"/>
					<Vertex X="39929" Y="76428" Z="0"/>
					<Vertex X="40028" Y="76368" Z="0"/>
					<Vertex X="40087" Y="76348" Z="0"/>
					<Vertex X="40147" Y="76289" Z="0"/>
					<Vertex X="40206" Y="76249" Z="0"/>
					<Vertex X="40246" Y="76209" Z="0"/>
					<Vertex X="40266" Y="76190" Z="0"/>
					<Vertex X="40325" Y="76150" Z="0"/>
					<Vertex X="40385" Y="76130" Z="0"/>
					<Vertex X="40424" Y="76091" Z="0"/>
					<Vertex X="40444" Y="76071" Z="0"/>
					<Vertex X="40464" Y="76051" Z="0"/>
					<Vertex X="40523" Y="75991" Z="0"/>
					<Vertex X="40563" Y="75952" Z="0"/>
					<Vertex X="40583" Y="75912" Z="0"/>
					<Vertex X="40622" Y="75892" Z="0"/>
					<Vertex X="40662" Y="75833" Z="0"/>
					<Vertex X="40682" Y="75793" Z="0"/>
					<Vertex X="40722" Y="75773" Z="0"/>
					<Vertex X="40741" Y="75734" Z="0"/>
					<Vertex X="40781" Y="75734" Z="0"/>
					<Vertex X="40801" Y="75714" Z="0"/>
					<Vertex X="40841" Y="75674" Z="0"/>
					<Vertex X="40841" Y="75654" Z="0"/>
					<Vertex X="40860" Y="75654" Z="0"/>
					<Vertex X="40860" Y="75615" Z="0"/>
					<Vertex X="40900" Y="75615" Z="0"/>
					<Vertex X="40920" Y="75595" Z="0"/>
					<Vertex X="40920" Y="75575" Z="0"/>
					<Vertex X="40959" Y="75575" Z="0"/>
					<Vertex X="40959" Y="75535" Z="0"/>
					<Vertex X="40959" Y="75496" Z="0"/>
					<Vertex X="40959" Y="75496" Z="0"/>
					<Vertex X="40959" Y="75476" Z="0"/>
					<Vertex X="40959" Y="75436" Z="0"/>
					<Vertex X="40959" Y="75416" Z="0"/>
				</Vertices>
			</Region>
		</Regions>
		<Plots/>
	</Annotation>
</Annotations>
