<Annotations MicronsPerPixel="0.252200">
	<Annotation Id="1" Name="" ReadOnly="0" NameReadOnly="0" LineColorReadOnly="0" Incremental="0" Type="4" LineColor="65280" Visible="1" Selected="1" MarkupImagePath="" MacroName="">
		<Attributes/>
		<Regions>
			<RegionAttributeHeaders>
				<AttributeHeader Id="9999" Name="Region" ColumnWidth="-1"/>
				<AttributeHeader Id="9997" Name="Length" ColumnWidth="-1"/>
				<AttributeHeader Id="9996" Name="Area" ColumnWidth="-1"/>
				<AttributeHeader Id="9998" Name="Text" ColumnWidth="-1"/>
			</RegionAttributeHeaders>
			<Region Id="1" Type="0" Zoom="0.015415" Selected="1" ImageLocation="" ImageFocus="-1" Length="193627.5" Area="1915870300.5" LengthMicrons="48832.8" AreaMicrons="121858623.9" Text="" NegativeROA="0" InputRegionId="0" Analyze="1" DisplayId="1">
				<Attributes/>
				<Vertices>
					<Vertex X="100448" Y="-772" Z="0"/>
					<Vertex X="100255" Y="-772" Z="0"/>
					<Vertex X="99933" Y="-836" Z="0"/>
					<Vertex X="99869" Y="-965" Z="0"/>
					<Vertex X="99676" Y="-965" Z="0"/>
					<Vertex X="99355" Y="-1029" Z="0"/>
					<Vertex X="99162" Y="-1029" Z="0"/>
					<Vertex X="98905" Y="-1029" Z="0"/>
					<Vertex X="98583" Y="-1029" Z="0"/>
					<Vertex X="98390" Y="-1029" Z="0"/>
					<Vertex X="98133" Y="-1029" Z="0"/>
					<Vertex X="97876" Y="-1029" Z="0"/>
					<Vertex X="97554" Y="-1029" Z="0"/>
					<Vertex X="97233" Y="-1029" Z="0"/>
					<Vertex X="97040" Y="-1029" Z="0"/>
					<Vertex X="96847" Y="-1029" Z="0"/>
					<Vertex X="96589" Y="-965" Z="0"/>
					<Vertex X="96268" Y="-965" Z="0"/>
					<Vertex X="96075" Y="-965" Z="0"/>
					<Vertex X="95818" Y="-965" Z="0"/>
					<Vertex X="95496" Y="-965" Z="0"/>
					<Vertex X="95239" Y="-965" Z="0"/>
					<Vertex X="95110" Y="-965" Z="0"/>
					<Vertex X="94853" Y="-965" Z="0"/>
					<Vertex X="94532" Y="-965" Z="0"/>
					<Vertex X="94274" Y="-965" Z="0"/>
					<Vertex X="94081" Y="-965" Z="0"/>
					<Vertex X="93760" Y="-965" Z="0"/>
					<Vertex X="93567" Y="-836" Z="0"/>
					<Vertex X="93310" Y="-772" Z="0"/>
					<Vertex X="92924" Y="-643" Z="0"/>
					<Vertex X="92731" Y="-450" Z="0"/>
					<Vertex X="92410" Y="-257" Z="0"/>
					<Vertex X="92152" Y="-64" Z="0"/>
					<Vertex X="91959" Y="128" Z="0"/>
					<Vertex X="91831" Y="321" Z="0"/>
					<Vertex X="91638" Y="514" Z="0"/>
					<Vertex X="91574" Y="579" Z="0"/>
					<Vertex X="91381" Y="1286" Z="0"/>
					<Vertex X="89709" Y="5209" Z="0"/>
					<Vertex X="90287" Y="5402" Z="0"/>
					<Vertex X="90223" Y="5595" Z="0"/>
					<Vertex X="90094" Y="5723" Z="0"/>
					<Vertex X="90030" Y="5787" Z="0"/>
					<Vertex X="89902" Y="5916" Z="0"/>
					<Vertex X="89837" Y="5980" Z="0"/>
					<Vertex X="89709" Y="6109" Z="0"/>
					<Vertex X="89516" Y="6173" Z="0"/>
					<Vertex X="89451" Y="6302" Z="0"/>
					<Vertex X="89323" Y="6366" Z="0"/>
					<Vertex X="89130" Y="6366" Z="0"/>
					<Vertex X="89066" Y="6495" Z="0"/>
					<Vertex X="88937" Y="6495" Z="0"/>
					<Vertex X="88744" Y="6495" Z="0"/>
					<Vertex X="88680" Y="6495" Z="0"/>
					<Vertex X="88551" Y="6495" Z="0"/>
					<Vertex X="88487" Y="6495" Z="0"/>
					<Vertex X="88358" Y="6366" Z="0"/>
					<Vertex X="88294" Y="6302" Z="0"/>
					<Vertex X="88165" Y="6173" Z="0"/>
					<Vertex X="88101" Y="6109" Z="0"/>
					<Vertex X="87972" Y="5980" Z="0"/>
					<Vertex X="87972" Y="5916" Z="0"/>
					<Vertex X="87908" Y="5916" Z="0"/>
					<Vertex X="87779" Y="5787" Z="0"/>
					<Vertex X="87586" Y="5787" Z="0"/>
					<Vertex X="87522" Y="5787" Z="0"/>
					<Vertex X="87329" Y="5787" Z="0"/>
					<Vertex X="87136" Y="5787" Z="0"/>
					<Vertex X="87008" Y="5787" Z="0"/>
					<Vertex X="86815" Y="5916" Z="0"/>
					<Vertex X="86750" Y="5916" Z="0"/>
					<Vertex X="86622" Y="5980" Z="0"/>
					<Vertex X="86558" Y="6109" Z="0"/>
					<Vertex X="86429" Y="6173" Z="0"/>
					<Vertex X="86236" Y="6366" Z="0"/>
					<Vertex X="86172" Y="6495" Z="0"/>
					<Vertex X="86043" Y="6688" Z="0"/>
					<Vertex X="86043" Y="6752" Z="0"/>
					<Vertex X="85850" Y="7074" Z="0"/>
					<Vertex X="85850" Y="7267" Z="0"/>
					<Vertex X="85786" Y="7459" Z="0"/>
					<Vertex X="85786" Y="7652" Z="0"/>
					<Vertex X="85786" Y="7845" Z="0"/>
					<Vertex X="85786" Y="8038" Z="0"/>
					<Vertex X="85786" Y="8231" Z="0"/>
					<Vertex X="85786" Y="8424" Z="0"/>
					<Vertex X="85786" Y="8488" Z="0"/>
					<Vertex X="85786" Y="8681" Z="0"/>
					<Vertex X="85850" Y="8874" Z="0"/>
					<Vertex X="85850" Y="9067" Z="0"/>
					<Vertex X="85850" Y="9260" Z="0"/>
					<Vertex X="85850" Y="9582" Z="0"/>
					<Vertex X="85850" Y="9775" Z="0"/>
					<Vertex X="85850" Y="9967" Z="0"/>
					<Vertex X="85786" Y="10225" Z="0"/>
					<Vertex X="85786" Y="10546" Z="0"/>
					<Vertex X="85657" Y="10739" Z="0"/>
					<Vertex X="85657" Y="10932" Z="0"/>
					<Vertex X="85593" Y="11189" Z="0"/>
					<Vertex X="85593" Y="11511" Z="0"/>
					<Vertex X="85464" Y="11704" Z="0"/>
					<Vertex X="85400" Y="11961" Z="0"/>
					<Vertex X="85271" Y="12283" Z="0"/>
					<Vertex X="85271" Y="12604" Z="0"/>
					<Vertex X="85207" Y="12733" Z="0"/>
					<Vertex X="85078" Y="13118" Z="0"/>
					<Vertex X="85078" Y="13311" Z="0"/>
					<Vertex X="85014" Y="13633" Z="0"/>
					<Vertex X="84886" Y="13697" Z="0"/>
					<Vertex X="84821" Y="14019" Z="0"/>
					<Vertex X="84693" Y="14212" Z="0"/>
					<Vertex X="84693" Y="14405" Z="0"/>
					<Vertex X="84628" Y="14598" Z="0"/>
					<Vertex X="84500" Y="14790" Z="0"/>
					<Vertex X="84435" Y="14983" Z="0"/>
					<Vertex X="84307" Y="15176" Z="0"/>
					<Vertex X="84242" Y="15369" Z="0"/>
					<Vertex X="84114" Y="15562" Z="0"/>
					<Vertex X="84050" Y="15626" Z="0"/>
					<Vertex X="83921" Y="15884" Z="0"/>
					<Vertex X="83857" Y="16012" Z="0"/>
					<Vertex X="83728" Y="16141" Z="0"/>
					<Vertex X="83535" Y="16334" Z="0"/>
					<Vertex X="83342" Y="16527" Z="0"/>
					<Vertex X="83278" Y="16591" Z="0"/>
					<Vertex X="83085" Y="16720" Z="0"/>
					<Vertex X="82956" Y="16784" Z="0"/>
					<Vertex X="82892" Y="16913" Z="0"/>
					<Vertex X="82699" Y="17106" Z="0"/>
					<Vertex X="82570" Y="17170" Z="0"/>
					<Vertex X="82378" Y="17298" Z="0"/>
					<Vertex X="82185" Y="17363" Z="0"/>
					<Vertex X="82120" Y="17491" Z="0"/>
					<Vertex X="81927" Y="17491" Z="0"/>
					<Vertex X="81734" Y="17556" Z="0"/>
					<Vertex X="81606" Y="17556" Z="0"/>
					<Vertex X="81413" Y="17556" Z="0"/>
					<Vertex X="81349" Y="17491" Z="0"/>
					<Vertex X="81220" Y="17491" Z="0"/>
					<Vertex X="81156" Y="17491" Z="0"/>
					<Vertex X="81027" Y="17363" Z="0"/>
					<Vertex X="80963" Y="17363" Z="0"/>
					<Vertex X="80834" Y="17363" Z="0"/>
					<Vertex X="80770" Y="17363" Z="0"/>
					<Vertex X="80641" Y="17491" Z="0"/>
					<Vertex X="80577" Y="17556" Z="0"/>
					<Vertex X="80448" Y="17684" Z="0"/>
					<Vertex X="80255" Y="17749" Z="0"/>
					<Vertex X="80191" Y="17942" Z="0"/>
					<Vertex X="79998" Y="18134" Z="0"/>
					<Vertex X="79805" Y="18327" Z="0"/>
					<Vertex X="79612" Y="18520" Z="0"/>
					<Vertex X="79419" Y="18842" Z="0"/>
					<Vertex X="79291" Y="19035" Z="0"/>
					<Vertex X="79098" Y="19228" Z="0"/>
					<Vertex X="78841" Y="19614" Z="0"/>
					<Vertex X="78648" Y="19806" Z="0"/>
					<Vertex X="78519" Y="20064" Z="0"/>
					<Vertex X="78326" Y="20257" Z="0"/>
					<Vertex X="78133" Y="20450" Z="0"/>
					<Vertex X="78069" Y="20642" Z="0"/>
					<Vertex X="77876" Y="20835" Z="0"/>
					<Vertex X="77747" Y="20964" Z="0"/>
					<Vertex X="77490" Y="21221" Z="0"/>
					<Vertex X="77362" Y="21350" Z="0"/>
					<Vertex X="77169" Y="21543" Z="0"/>
					<Vertex X="76976" Y="21736" Z="0"/>
					<Vertex X="76911" Y="21929" Z="0"/>
					<Vertex X="76783" Y="21993" Z="0"/>
					<Vertex X="76719" Y="22122" Z="0"/>
					<Vertex X="76526" Y="22314" Z="0"/>
					<Vertex X="76397" Y="22507" Z="0"/>
					<Vertex X="76204" Y="22700" Z="0"/>
					<Vertex X="76140" Y="22893" Z="0"/>
					<Vertex X="76011" Y="23086" Z="0"/>
					<Vertex X="75818" Y="23343" Z="0"/>
					<Vertex X="75754" Y="23665" Z="0"/>
					<Vertex X="75561" Y="23858" Z="0"/>
					<Vertex X="75432" Y="24308" Z="0"/>
					<Vertex X="75239" Y="24501" Z="0"/>
					<Vertex X="75239" Y="24822" Z="0"/>
					<Vertex X="75047" Y="25080" Z="0"/>
					<Vertex X="75047" Y="25401" Z="0"/>
					<Vertex X="74982" Y="25787" Z="0"/>
					<Vertex X="74854" Y="26044" Z="0"/>
					<Vertex X="74789" Y="26366" Z="0"/>
					<Vertex X="74661" Y="26559" Z="0"/>
					<Vertex X="74596" Y="26945" Z="0"/>
					<Vertex X="74468" Y="27137" Z="0"/>
					<Vertex X="74403" Y="27330" Z="0"/>
					<Vertex X="74403" Y="27523" Z="0"/>
					<Vertex X="74275" Y="27588" Z="0"/>
					<Vertex X="74211" Y="27781" Z="0"/>
					<Vertex X="74082" Y="27909" Z="0"/>
					<Vertex X="74082" Y="28102" Z="0"/>
					<Vertex X="74018" Y="28166" Z="0"/>
					<Vertex X="73889" Y="28359" Z="0"/>
					<Vertex X="73825" Y="28552" Z="0"/>
					<Vertex X="73696" Y="28745" Z="0"/>
					<Vertex X="73632" Y="28938" Z="0"/>
					<Vertex X="73503" Y="29131" Z="0"/>
					<Vertex X="73503" Y="29260" Z="0"/>
					<Vertex X="73439" Y="29453" Z="0"/>
					<Vertex X="73439" Y="29517" Z="0"/>
					<Vertex X="73439" Y="29710" Z="0"/>
					<Vertex X="73439" Y="29903" Z="0"/>
					<Vertex X="73310" Y="30096" Z="0"/>
					<Vertex X="73310" Y="30224" Z="0"/>
					<Vertex X="73310" Y="30353" Z="0"/>
					<Vertex X="73310" Y="30481" Z="0"/>
					<Vertex X="73439" Y="30610" Z="0"/>
					<Vertex X="73439" Y="30674" Z="0"/>
					<Vertex X="73503" Y="30803" Z="0"/>
					<Vertex X="73503" Y="30867" Z="0"/>
					<Vertex X="73632" Y="30996" Z="0"/>
					<Vertex X="73696" Y="31189" Z="0"/>
					<Vertex X="73889" Y="31253" Z="0"/>
					<Vertex X="74018" Y="31382" Z="0"/>
					<Vertex X="74082" Y="31575" Z="0"/>
					<Vertex X="74211" Y="31639" Z="0"/>
					<Vertex X="74275" Y="31832" Z="0"/>
					<Vertex X="74403" Y="31961" Z="0"/>
					<Vertex X="74468" Y="32025" Z="0"/>
					<Vertex X="74596" Y="32218" Z="0"/>
					<Vertex X="74789" Y="32411" Z="0"/>
					<Vertex X="74854" Y="32539" Z="0"/>
					<Vertex X="74982" Y="32604" Z="0"/>
					<Vertex X="75047" Y="32732" Z="0"/>
					<Vertex X="75175" Y="32925" Z="0"/>
					<Vertex X="75239" Y="32925" Z="0"/>
					<Vertex X="75432" Y="33118" Z="0"/>
					<Vertex X="75625" Y="33182" Z="0"/>
					<Vertex X="75754" Y="33182" Z="0"/>
					<Vertex X="75947" Y="33311" Z="0"/>
					<Vertex X="76140" Y="33311" Z="0"/>
					<Vertex X="76204" Y="33375" Z="0"/>
					<Vertex X="76397" Y="33375" Z="0"/>
					<Vertex X="76590" Y="33375" Z="0"/>
					<Vertex X="76719" Y="33375" Z="0"/>
					<Vertex X="76911" Y="33375" Z="0"/>
					<Vertex X="77104" Y="33375" Z="0"/>
					<Vertex X="77297" Y="33504" Z="0"/>
					<Vertex X="77490" Y="33504" Z="0"/>
					<Vertex X="77683" Y="33504" Z="0"/>
					<Vertex X="77876" Y="33504" Z="0"/>
					<Vertex X="78069" Y="33504" Z="0"/>
					<Vertex X="78262" Y="33568" Z="0"/>
					<Vertex X="78326" Y="33568" Z="0"/>
					<Vertex X="78519" Y="33568" Z="0"/>
					<Vertex X="78648" Y="33697" Z="0"/>
					<Vertex X="78905" Y="33697" Z="0"/>
					<Vertex X="79034" Y="33697" Z="0"/>
					<Vertex X="79227" Y="33761" Z="0"/>
					<Vertex X="79291" Y="33761" Z="0"/>
					<Vertex X="79419" Y="33890" Z="0"/>
					<Vertex X="79612" Y="33890" Z="0"/>
					<Vertex X="79805" Y="34018" Z="0"/>
					<Vertex X="79870" Y="34018" Z="0"/>
					<Vertex X="80063" Y="34083" Z="0"/>
					<Vertex X="80191" Y="34147" Z="0"/>
					<Vertex X="80384" Y="34147" Z="0"/>
					<Vertex X="80577" Y="34276" Z="0"/>
					<Vertex X="80641" Y="34340" Z="0"/>
					<Vertex X="80770" Y="34340" Z="0"/>
					<Vertex X="80963" Y="34469" Z="0"/>
					<Vertex X="81027" Y="34469" Z="0"/>
					<Vertex X="81220" Y="34533" Z="0"/>
					<Vertex X="81349" Y="34661" Z="0"/>
					<Vertex X="81542" Y="34661" Z="0"/>
					<Vertex X="81606" Y="34726" Z="0"/>
					<Vertex X="81799" Y="34854" Z="0"/>
					<Vertex X="81992" Y="34919" Z="0"/>
					<Vertex X="82120" Y="35047" Z="0"/>
					<Vertex X="82313" Y="35112" Z="0"/>
					<Vertex X="82506" Y="35240" Z="0"/>
					<Vertex X="82570" Y="35305" Z="0"/>
					<Vertex X="82699" Y="35433" Z="0"/>
					<Vertex X="82763" Y="35626" Z="0"/>
					<Vertex X="82763" Y="35819" Z="0"/>
					<Vertex X="82892" Y="35883" Z="0"/>
					<Vertex X="82892" Y="36076" Z="0"/>
					<Vertex X="82892" Y="36269" Z="0"/>
					<Vertex X="82892" Y="36398" Z="0"/>
					<Vertex X="82892" Y="36591" Z="0"/>
					<Vertex X="82892" Y="36784" Z="0"/>
					<Vertex X="82892" Y="36976" Z="0"/>
					<Vertex X="82763" Y="37169" Z="0"/>
					<Vertex X="82763" Y="37362" Z="0"/>
					<Vertex X="82699" Y="37427" Z="0"/>
					<Vertex X="82699" Y="37684" Z="0"/>
					<Vertex X="82570" Y="37812" Z="0"/>
					<Vertex X="82506" Y="37941" Z="0"/>
					<Vertex X="82378" Y="38134" Z="0"/>
					<Vertex X="82313" Y="38327" Z="0"/>
					<Vertex X="82185" Y="38520" Z="0"/>
					<Vertex X="82120" Y="38648" Z="0"/>
					<Vertex X="81992" Y="38713" Z="0"/>
					<Vertex X="81927" Y="38841" Z="0"/>
					<Vertex X="81799" Y="38841" Z="0"/>
					<Vertex X="81734" Y="38906" Z="0"/>
					<Vertex X="81606" Y="38906" Z="0"/>
					<Vertex X="81542" Y="38970" Z="0"/>
					<Vertex X="81413" Y="38970" Z="0"/>
					<Vertex X="81349" Y="39099" Z="0"/>
					<Vertex X="81284" Y="39163" Z="0"/>
					<Vertex X="81156" Y="39292" Z="0"/>
					<Vertex X="81156" Y="39356" Z="0"/>
					<Vertex X="81027" Y="39677" Z="0"/>
					<Vertex X="80963" Y="39870" Z="0"/>
					<Vertex X="80834" Y="40128" Z="0"/>
					<Vertex X="80834" Y="40320" Z="0"/>
					<Vertex X="80770" Y="40642" Z="0"/>
					<Vertex X="80770" Y="40835" Z="0"/>
					<Vertex X="80770" Y="41092" Z="0"/>
					<Vertex X="80770" Y="41414" Z="0"/>
					<Vertex X="80770" Y="41735" Z="0"/>
					<Vertex X="80770" Y="41864" Z="0"/>
					<Vertex X="80770" Y="42057" Z="0"/>
					<Vertex X="80770" Y="42378" Z="0"/>
					<Vertex X="80834" Y="42571" Z="0"/>
					<Vertex X="80963" Y="42764" Z="0"/>
					<Vertex X="81027" Y="42957" Z="0"/>
					<Vertex X="81156" Y="43021" Z="0"/>
					<Vertex X="81284" Y="43214" Z="0"/>
					<Vertex X="81413" Y="43343" Z="0"/>
					<Vertex X="81542" Y="43536" Z="0"/>
					<Vertex X="81734" Y="43729" Z="0"/>
					<Vertex X="81799" Y="43857" Z="0"/>
					<Vertex X="81992" Y="44050" Z="0"/>
					<Vertex X="82185" Y="44115" Z="0"/>
					<Vertex X="82313" Y="44179" Z="0"/>
					<Vertex X="82506" Y="44308" Z="0"/>
					<Vertex X="82699" Y="44372" Z="0"/>
					<Vertex X="82763" Y="44500" Z="0"/>
					<Vertex X="83021" Y="44500" Z="0"/>
					<Vertex X="83085" Y="44500" Z="0"/>
					<Vertex X="83278" Y="44500" Z="0"/>
					<Vertex X="83342" Y="44500" Z="0"/>
					<Vertex X="83535" Y="44500" Z="0"/>
					<Vertex X="83664" Y="44500" Z="0"/>
					<Vertex X="83728" Y="44500" Z="0"/>
					<Vertex X="83921" Y="44565" Z="0"/>
					<Vertex X="84050" Y="44565" Z="0"/>
					<Vertex X="84114" Y="44693" Z="0"/>
					<Vertex X="84307" Y="44886" Z="0"/>
					<Vertex X="84435" Y="45015" Z="0"/>
					<Vertex X="84500" Y="45079" Z="0"/>
					<Vertex X="84628" Y="45272" Z="0"/>
					<Vertex X="84628" Y="45401" Z="0"/>
					<Vertex X="84757" Y="45529" Z="0"/>
					<Vertex X="84821" Y="45787" Z="0"/>
					<Vertex X="84821" Y="45980" Z="0"/>
					<Vertex X="84821" Y="46108" Z="0"/>
					<Vertex X="84821" Y="46430" Z="0"/>
					<Vertex X="84821" Y="46623" Z="0"/>
					<Vertex X="84886" Y="46816" Z="0"/>
					<Vertex X="84886" Y="47073" Z="0"/>
					<Vertex X="84886" Y="47201" Z="0"/>
					<Vertex X="84886" Y="47394" Z="0"/>
					<Vertex X="84886" Y="47716" Z="0"/>
					<Vertex X="84886" Y="47844" Z="0"/>
					<Vertex X="84821" Y="48166" Z="0"/>
					<Vertex X="84821" Y="48423" Z="0"/>
					<Vertex X="84757" Y="48680" Z="0"/>
					<Vertex X="84628" Y="48938" Z="0"/>
					<Vertex X="84628" Y="49259" Z="0"/>
					<Vertex X="84500" Y="49516" Z="0"/>
					<Vertex X="84435" Y="49709" Z="0"/>
					<Vertex X="84307" Y="49967" Z="0"/>
					<Vertex X="84242" Y="50159" Z="0"/>
					<Vertex X="84114" Y="50481" Z="0"/>
					<Vertex X="84050" Y="50610" Z="0"/>
					<Vertex X="83921" Y="50867" Z="0"/>
					<Vertex X="83921" Y="51124" Z="0"/>
					<Vertex X="83857" Y="51317" Z="0"/>
					<Vertex X="83857" Y="51574" Z="0"/>
					<Vertex X="83728" Y="51767" Z="0"/>
					<Vertex X="83728" Y="52024" Z="0"/>
					<Vertex X="83728" Y="52217" Z="0"/>
					<Vertex X="83728" Y="52410" Z="0"/>
					<Vertex X="83728" Y="52603" Z="0"/>
					<Vertex X="83728" Y="52860" Z="0"/>
					<Vertex X="83857" Y="53118" Z="0"/>
					<Vertex X="83857" Y="53246" Z="0"/>
					<Vertex X="83857" Y="53503" Z="0"/>
					<Vertex X="83857" Y="53761" Z="0"/>
					<Vertex X="83921" Y="53954" Z="0"/>
					<Vertex X="83921" Y="54147" Z="0"/>
					<Vertex X="83921" Y="54532" Z="0"/>
					<Vertex X="83921" Y="54725" Z="0"/>
					<Vertex X="83857" Y="54983" Z="0"/>
					<Vertex X="83857" Y="55175" Z="0"/>
					<Vertex X="83857" Y="55561" Z="0"/>
					<Vertex X="83921" Y="55754" Z="0"/>
					<Vertex X="83921" Y="56076" Z="0"/>
					<Vertex X="83921" Y="56269" Z="0"/>
					<Vertex X="84050" Y="56526" Z="0"/>
					<Vertex X="84114" Y="56912" Z="0"/>
					<Vertex X="84242" Y="57105" Z="0"/>
					<Vertex X="84435" Y="57426" Z="0"/>
					<Vertex X="84500" Y="57619" Z="0"/>
					<Vertex X="84628" Y="57876" Z="0"/>
					<Vertex X="84821" Y="58198" Z="0"/>
					<Vertex X="84886" Y="58391" Z="0"/>
					<Vertex X="85078" Y="58648" Z="0"/>
					<Vertex X="85207" Y="58841" Z="0"/>
					<Vertex X="85400" Y="59163" Z="0"/>
					<Vertex X="85464" Y="59420" Z="0"/>
					<Vertex X="85722" Y="59613" Z="0"/>
					<Vertex X="85786" Y="59934" Z="0"/>
					<Vertex X="85979" Y="60127" Z="0"/>
					<Vertex X="86043" Y="60320" Z="0"/>
					<Vertex X="86236" Y="60513" Z="0"/>
					<Vertex X="86365" Y="60770" Z="0"/>
					<Vertex X="86558" Y="60963" Z="0"/>
					<Vertex X="86750" Y="61220" Z="0"/>
					<Vertex X="86815" Y="61349" Z="0"/>
					<Vertex X="87008" Y="61478" Z="0"/>
					<Vertex X="87201" Y="61670" Z="0"/>
					<Vertex X="87458" Y="61863" Z="0"/>
					<Vertex X="87586" Y="61928" Z="0"/>
					<Vertex X="87715" Y="62056" Z="0"/>
					<Vertex X="87908" Y="62249" Z="0"/>
					<Vertex X="88230" Y="62442" Z="0"/>
					<Vertex X="88358" Y="62506" Z="0"/>
					<Vertex X="88551" Y="62635" Z="0"/>
					<Vertex X="88744" Y="62699" Z="0"/>
					<Vertex X="88873" Y="62828" Z="0"/>
					<Vertex X="89194" Y="62892" Z="0"/>
					<Vertex X="89323" Y="63021" Z="0"/>
					<Vertex X="89516" Y="63150" Z="0"/>
					<Vertex X="89709" Y="63214" Z="0"/>
					<Vertex X="90030" Y="63278" Z="0"/>
					<Vertex X="90223" Y="63407" Z="0"/>
					<Vertex X="90416" Y="63407" Z="0"/>
					<Vertex X="90609" Y="63471" Z="0"/>
					<Vertex X="90930" Y="63600" Z="0"/>
					<Vertex X="91059" Y="63600" Z="0"/>
					<Vertex X="91316" Y="63600" Z="0"/>
					<Vertex X="91445" Y="63664" Z="0"/>
					<Vertex X="91702" Y="63664" Z="0"/>
					<Vertex X="91959" Y="63793" Z="0"/>
					<Vertex X="92152" Y="63793" Z="0"/>
					<Vertex X="92345" Y="63793" Z="0"/>
					<Vertex X="92667" Y="63793" Z="0"/>
					<Vertex X="92860" Y="63793" Z="0"/>
					<Vertex X="93053" Y="63793" Z="0"/>
					<Vertex X="93310" Y="63664" Z="0"/>
					<Vertex X="93503" Y="63664" Z="0"/>
					<Vertex X="93696" Y="63664" Z="0"/>
					<Vertex X="94017" Y="63600" Z="0"/>
					<Vertex X="94146" Y="63600" Z="0"/>
					<Vertex X="94403" Y="63471" Z="0"/>
					<Vertex X="94660" Y="63278" Z="0"/>
					<Vertex X="94853" Y="63278" Z="0"/>
					<Vertex X="95046" Y="63150" Z="0"/>
					<Vertex X="95368" Y="62892" Z="0"/>
					<Vertex X="95561" Y="62699" Z="0"/>
					<Vertex X="95625" Y="62506" Z="0"/>
					<Vertex X="95882" Y="62314" Z="0"/>
					<Vertex X="96011" Y="62185" Z="0"/>
					<Vertex X="96204" Y="61928" Z="0"/>
					<Vertex X="96332" Y="61735" Z="0"/>
					<Vertex X="96525" Y="61542" Z="0"/>
					<Vertex X="96654" Y="61349" Z="0"/>
					<Vertex X="96975" Y="61092" Z="0"/>
					<Vertex X="97104" Y="60963" Z="0"/>
					<Vertex X="97297" Y="60770" Z="0"/>
					<Vertex X="97490" Y="60577" Z="0"/>
					<Vertex X="97683" Y="60384" Z="0"/>
					<Vertex X="97876" Y="60320" Z="0"/>
					<Vertex X="98197" Y="59998" Z="0"/>
					<Vertex X="98390" Y="59934" Z="0"/>
					<Vertex X="98840" Y="59613" Z="0"/>
					<Vertex X="99033" Y="59548" Z="0"/>
					<Vertex X="99290" Y="59355" Z="0"/>
					<Vertex X="99483" Y="59291" Z="0"/>
					<Vertex X="99805" Y="59034" Z="0"/>
					<Vertex X="99933" Y="58970" Z="0"/>
					<Vertex X="100319" Y="58648" Z="0"/>
					<Vertex X="100641" Y="58455" Z="0"/>
					<Vertex X="100962" Y="58327" Z="0"/>
					<Vertex X="101348" Y="58005" Z="0"/>
					<Vertex X="101541" Y="57876" Z="0"/>
					<Vertex X="101670" Y="57683" Z="0"/>
					<Vertex X="101991" Y="57619" Z="0"/>
					<Vertex X="102313" Y="57426" Z="0"/>
					<Vertex X="102763" Y="57233" Z="0"/>
					<Vertex X="103085" Y="57105" Z="0"/>
					<Vertex X="103277" Y="57040" Z="0"/>
					<Vertex X="103728" Y="56912" Z="0"/>
					<Vertex X="103921" Y="56847" Z="0"/>
					<Vertex X="104242" Y="56719" Z="0"/>
					<Vertex X="104499" Y="56655" Z="0"/>
					<Vertex X="104885" Y="56655" Z="0"/>
					<Vertex X="105078" Y="56526" Z="0"/>
					<Vertex X="105271" Y="56462" Z="0"/>
					<Vertex X="105528" Y="56397" Z="0"/>
					<Vertex X="105785" Y="56269" Z="0"/>
					<Vertex X="106043" Y="56140" Z="0"/>
					<Vertex X="106364" Y="55947" Z="0"/>
					<Vertex X="106621" Y="55754" Z="0"/>
					<Vertex X="106814" Y="55561" Z="0"/>
					<Vertex X="107072" Y="55304" Z="0"/>
					<Vertex X="107264" Y="55111" Z="0"/>
					<Vertex X="107393" Y="54918" Z="0"/>
					<Vertex X="107715" Y="54532" Z="0"/>
					<Vertex X="107779" Y="54339" Z="0"/>
					<Vertex X="107972" Y="54147" Z="0"/>
					<Vertex X="108165" Y="53825" Z="0"/>
					<Vertex X="108358" Y="53696" Z="0"/>
					<Vertex X="108615" Y="53375" Z="0"/>
					<Vertex X="108744" Y="53182" Z="0"/>
					<Vertex X="109001" Y="52796" Z="0"/>
					<Vertex X="109129" Y="52603" Z="0"/>
					<Vertex X="109322" Y="52282" Z="0"/>
					<Vertex X="109451" Y="52153" Z="0"/>
					<Vertex X="109644" Y="51767" Z="0"/>
					<Vertex X="109837" Y="51446" Z="0"/>
					<Vertex X="109965" Y="51253" Z="0"/>
					<Vertex X="110223" Y="50931" Z="0"/>
					<Vertex X="110351" Y="50674" Z="0"/>
					<Vertex X="110480" Y="50481" Z="0"/>
					<Vertex X="110737" Y="50095" Z="0"/>
					<Vertex X="110994" Y="49838" Z="0"/>
					<Vertex X="111187" Y="49516" Z="0"/>
					<Vertex X="111444" Y="49131" Z="0"/>
					<Vertex X="111573" Y="48873" Z="0"/>
					<Vertex X="111702" Y="48552" Z="0"/>
					<Vertex X="111959" Y="48166" Z="0"/>
					<Vertex X="112088" Y="47844" Z="0"/>
					<Vertex X="112280" Y="47459" Z="0"/>
					<Vertex X="112473" Y="47073" Z="0"/>
					<Vertex X="112602" Y="46944" Z="0"/>
					<Vertex X="112795" Y="46623" Z="0"/>
					<Vertex X="112988" Y="46237" Z="0"/>
					<Vertex X="113116" Y="45980" Z="0"/>
					<Vertex X="113374" Y="45529" Z="0"/>
					<Vertex X="113438" Y="45272" Z="0"/>
					<Vertex X="113760" Y="44822" Z="0"/>
					<Vertex X="113824" Y="44500" Z="0"/>
					<Vertex X="114017" Y="44179" Z="0"/>
					<Vertex X="114210" Y="43729" Z="0"/>
					<Vertex X="114467" Y="43472" Z="0"/>
					<Vertex X="114724" Y="42957" Z="0"/>
					<Vertex X="114917" Y="42636" Z="0"/>
					<Vertex X="115174" Y="42250" Z="0"/>
					<Vertex X="115432" Y="41992" Z="0"/>
					<Vertex X="115496" Y="41607" Z="0"/>
					<Vertex X="115753" Y="41221" Z="0"/>
					<Vertex X="115882" Y="40899" Z="0"/>
					<Vertex X="116075" Y="40642" Z="0"/>
					<Vertex X="116396" Y="40128" Z="0"/>
					<Vertex X="116589" Y="39742" Z="0"/>
					<Vertex X="116782" Y="39484" Z="0"/>
					<Vertex X="116911" Y="39163" Z="0"/>
					<Vertex X="117232" Y="38713" Z="0"/>
					<Vertex X="117296" Y="38391" Z="0"/>
					<Vertex X="117489" Y="37941" Z="0"/>
					<Vertex X="117618" Y="37684" Z="0"/>
					<Vertex X="117811" Y="37234" Z="0"/>
					<Vertex X="117939" Y="36848" Z="0"/>
					<Vertex X="118004" Y="36591" Z="0"/>
					<Vertex X="118197" Y="36205" Z="0"/>
					<Vertex X="118325" Y="35883" Z="0"/>
					<Vertex X="118390" Y="35626" Z="0"/>
					<Vertex X="118518" Y="35240" Z="0"/>
					<Vertex X="118583" Y="35047" Z="0"/>
					<Vertex X="118647" Y="34726" Z="0"/>
					<Vertex X="118775" Y="34340" Z="0"/>
					<Vertex X="118904" Y="34147" Z="0"/>
					<Vertex X="118968" Y="33825" Z="0"/>
					<Vertex X="119161" Y="33504" Z="0"/>
					<Vertex X="119226" Y="33182" Z="0"/>
					<Vertex X="119354" Y="32861" Z="0"/>
					<Vertex X="119419" Y="32539" Z="0"/>
					<Vertex X="119676" Y="32218" Z="0"/>
					<Vertex X="119740" Y="31961" Z="0"/>
					<Vertex X="119869" Y="31768" Z="0"/>
					<Vertex X="120126" Y="31446" Z="0"/>
					<Vertex X="120255" Y="31317" Z="0"/>
					<Vertex X="120383" Y="30996" Z="0"/>
					<Vertex X="120640" Y="30932" Z="0"/>
					<Vertex X="120705" Y="30674" Z="0"/>
					<Vertex X="120962" Y="30417" Z="0"/>
					<Vertex X="121091" Y="30224" Z="0"/>
					<Vertex X="121348" Y="30031" Z="0"/>
					<Vertex X="121476" Y="29838" Z="0"/>
					<Vertex X="121605" Y="29645" Z="0"/>
					<Vertex X="121798" Y="29388" Z="0"/>
					<Vertex X="121991" Y="29195" Z="0"/>
					<Vertex X="122119" Y="28874" Z="0"/>
					<Vertex X="122248" Y="28681" Z="0"/>
					<Vertex X="122377" Y="28488" Z="0"/>
					<Vertex X="122570" Y="28231" Z="0"/>
					<Vertex X="122634" Y="28038" Z="0"/>
					<Vertex X="122827" Y="27588" Z="0"/>
					<Vertex X="122891" Y="27330" Z="0"/>
					<Vertex X="123084" Y="26945" Z="0"/>
					<Vertex X="123341" Y="26559" Z="0"/>
					<Vertex X="123406" Y="26173" Z="0"/>
					<Vertex X="123534" Y="25851" Z="0"/>
					<Vertex X="123599" Y="25530" Z="0"/>
					<Vertex X="123727" Y="25208" Z="0"/>
					<Vertex X="123727" Y="24951" Z="0"/>
					<Vertex X="123791" Y="24437" Z="0"/>
					<Vertex X="123791" Y="24179" Z="0"/>
					<Vertex X="123856" Y="23794" Z="0"/>
					<Vertex X="123856" Y="23279" Z="0"/>
					<Vertex X="123984" Y="22958" Z="0"/>
					<Vertex X="123984" Y="22700" Z="0"/>
					<Vertex X="123984" Y="22314" Z="0"/>
					<Vertex X="123984" Y="22057" Z="0"/>
					<Vertex X="123984" Y="21543" Z="0"/>
					<Vertex X="123856" Y="21286" Z="0"/>
					<Vertex X="123791" Y="20900" Z="0"/>
					<Vertex X="123791" Y="20578" Z="0"/>
					<Vertex X="123727" Y="20064" Z="0"/>
					<Vertex X="123599" Y="19806" Z="0"/>
					<Vertex X="123534" Y="19421" Z="0"/>
					<Vertex X="123406" Y="19163" Z="0"/>
					<Vertex X="123213" Y="18778" Z="0"/>
					<Vertex X="123020" Y="18456" Z="0"/>
					<Vertex X="122827" Y="18134" Z="0"/>
					<Vertex X="122634" Y="18006" Z="0"/>
					<Vertex X="122570" Y="17684" Z="0"/>
					<Vertex X="122377" Y="17427" Z="0"/>
					<Vertex X="122119" Y="17106" Z="0"/>
					<Vertex X="121991" Y="16848" Z="0"/>
					<Vertex X="121798" Y="16527" Z="0"/>
					<Vertex X="121605" Y="16141" Z="0"/>
					<Vertex X="121348" Y="15948" Z="0"/>
					<Vertex X="121155" Y="15691" Z="0"/>
					<Vertex X="120898" Y="15498" Z="0"/>
					<Vertex X="120576" Y="15176" Z="0"/>
					<Vertex X="120383" Y="15048" Z="0"/>
					<Vertex X="119997" Y="14790" Z="0"/>
					<Vertex X="119676" Y="14598" Z="0"/>
					<Vertex X="119354" Y="14405" Z="0"/>
					<Vertex X="118840" Y="14212" Z="0"/>
					<Vertex X="118583" Y="14083" Z="0"/>
					<Vertex X="118197" Y="14019" Z="0"/>
					<Vertex X="117811" Y="13890" Z="0"/>
					<Vertex X="117425" Y="13826" Z="0"/>
					<Vertex X="117039" Y="13697" Z="0"/>
					<Vertex X="116718" Y="13633" Z="0"/>
					<Vertex X="116332" Y="13633" Z="0"/>
					<Vertex X="116075" Y="13504" Z="0"/>
					<Vertex X="115689" Y="13504" Z="0"/>
					<Vertex X="115367" Y="13504" Z="0"/>
					<Vertex X="114917" Y="13504" Z="0"/>
					<Vertex X="114467" Y="13504" Z="0"/>
					<Vertex X="114145" Y="13504" Z="0"/>
					<Vertex X="113760" Y="13504" Z="0"/>
					<Vertex X="113567" Y="13504" Z="0"/>
					<Vertex X="113181" Y="13633" Z="0"/>
					<Vertex X="112859" Y="13633" Z="0"/>
					<Vertex X="112731" Y="13633" Z="0"/>
					<Vertex X="112280" Y="13633" Z="0"/>
					<Vertex X="112088" Y="13633" Z="0"/>
					<Vertex X="111830" Y="13633" Z="0"/>
					<Vertex X="111509" Y="13633" Z="0"/>
					<Vertex X="111444" Y="13633" Z="0"/>
					<Vertex X="111123" Y="13504" Z="0"/>
					<Vertex X="110994" Y="13440" Z="0"/>
					<Vertex X="110737" Y="13311" Z="0"/>
					<Vertex X="110544" Y="13247" Z="0"/>
					<Vertex X="110351" Y="13054" Z="0"/>
					<Vertex X="110287" Y="12861" Z="0"/>
					<Vertex X="110094" Y="12668" Z="0"/>
					<Vertex X="109965" Y="12475" Z="0"/>
					<Vertex X="109772" Y="12154" Z="0"/>
					<Vertex X="109708" Y="11897" Z="0"/>
					<Vertex X="109580" Y="11704" Z="0"/>
					<Vertex X="109515" Y="11511" Z="0"/>
					<Vertex X="109387" Y="11318" Z="0"/>
					<Vertex X="109258" Y="10996" Z="0"/>
					<Vertex X="109129" Y="10932" Z="0"/>
					<Vertex X="108936" Y="10611" Z="0"/>
					<Vertex X="108744" Y="10418" Z="0"/>
					<Vertex X="108551" Y="10225" Z="0"/>
					<Vertex X="108358" Y="10160" Z="0"/>
					<Vertex X="108036" Y="9967" Z="0"/>
					<Vertex X="107843" Y="9775" Z="0"/>
					<Vertex X="107586" Y="9646" Z="0"/>
					<Vertex X="107393" Y="9582" Z="0"/>
					<Vertex X="107072" Y="9453" Z="0"/>
					<Vertex X="106879" Y="9389" Z="0"/>
					<Vertex X="106557" Y="9196" Z="0"/>
					<Vertex X="106236" Y="9067" Z="0"/>
					<Vertex X="105914" Y="9003" Z="0"/>
					<Vertex X="105657" Y="8874" Z="0"/>
					<Vertex X="105464" Y="8681" Z="0"/>
					<Vertex X="105271" Y="8617" Z="0"/>
					<Vertex X="104949" Y="8488" Z="0"/>
					<Vertex X="104821" Y="8295" Z="0"/>
					<Vertex X="104564" Y="8231" Z="0"/>
					<Vertex X="104306" Y="8103" Z="0"/>
					<Vertex X="104113" Y="7910" Z="0"/>
					<Vertex X="103921" Y="7845" Z="0"/>
					<Vertex X="103728" Y="7652" Z="0"/>
					<Vertex X="103535" Y="7524" Z="0"/>
					<Vertex X="103342" Y="7331" Z="0"/>
					<Vertex X="103149" Y="7138" Z="0"/>
					<Vertex X="102956" Y="6945" Z="0"/>
					<Vertex X="102763" Y="6688" Z="0"/>
					<Vertex X="102441" Y="6495" Z="0"/>
					<Vertex X="102377" Y="6302" Z="0"/>
					<Vertex X="102184" Y="5916" Z="0"/>
					<Vertex X="102249" Y="5723" Z="0"/>
					<Vertex X="102249" Y="5530" Z="0"/>
					<Vertex X="102249" Y="5402" Z="0"/>
					<Vertex X="102184" Y="5402" Z="0"/>
					<Vertex X="102184" Y="5337" Z="0"/>
					<Vertex X="102056" Y="5209" Z="0"/>
					<Vertex X="102056" Y="5144" Z="0"/>
					<Vertex X="101991" Y="5016" Z="0"/>
					<Vertex X="101863" Y="4951" Z="0"/>
					<Vertex X="101863" Y="4759" Z="0"/>
					<Vertex X="101798" Y="4630" Z="0"/>
					<Vertex X="101798" Y="4566" Z="0"/>
					<Vertex X="101670" Y="4437" Z="0"/>
					<Vertex X="101670" Y="4373" Z="0"/>
					<Vertex X="101605" Y="4180" Z="0"/>
					<Vertex X="101605" Y="4051" Z="0"/>
					<Vertex X="101605" Y="3987" Z="0"/>
					<Vertex X="101477" Y="3794" Z="0"/>
					<Vertex X="101477" Y="3665" Z="0"/>
					<Vertex X="101477" Y="3601" Z="0"/>
					<Vertex X="101477" Y="3408" Z="0"/>
					<Vertex X="101413" Y="3279" Z="0"/>
					<Vertex X="101413" Y="3087" Z="0"/>
					<Vertex X="101413" Y="3022" Z="0"/>
					<Vertex X="101413" Y="2894" Z="0"/>
					<Vertex X="101413" Y="2829" Z="0"/>
					<Vertex X="101413" Y="2701" Z="0"/>
					<Vertex X="101413" Y="2636" Z="0"/>
					<Vertex X="101477" Y="2508" Z="0"/>
					<Vertex X="101477" Y="2443" Z="0"/>
					<Vertex X="101605" Y="2251" Z="0"/>
					<Vertex X="101605" Y="2122" Z="0"/>
					<Vertex X="101605" Y="2058" Z="0"/>
					<Vertex X="101670" Y="1929" Z="0"/>
					<Vertex X="101670" Y="1865" Z="0"/>
					<Vertex X="101798" Y="1736" Z="0"/>
					<Vertex X="101798" Y="1672" Z="0"/>
					<Vertex X="101863" Y="1479" Z="0"/>
					<Vertex X="101991" Y="1350" Z="0"/>
					<Vertex X="101991" Y="1286" Z="0"/>
					<Vertex X="102056" Y="1157" Z="0"/>
					<Vertex X="102056" Y="1093" Z="0"/>
					<Vertex X="102184" Y="964" Z="0"/>
					<Vertex X="102249" Y="900" Z="0"/>
					<Vertex X="102249" Y="772" Z="0"/>
					<Vertex X="102249" Y="707" Z="0"/>
					<Vertex X="102249" Y="579" Z="0"/>
					<Vertex X="102377" Y="579" Z="0"/>
					<Vertex X="102377" Y="514" Z="0"/>
					<Vertex X="102377" Y="386" Z="0"/>
					<Vertex X="102377" Y="321" Z="0"/>
					<Vertex X="102377" Y="193" Z="0"/>
					<Vertex X="102377" Y="128" Z="0"/>
					<Vertex X="102249" Y="128" Z="0"/>
					<Vertex X="102249" Y="0" Z="0"/>
					<Vertex X="102249" Y="-64" Z="0"/>
					<Vertex X="102184" Y="-64" Z="0"/>
					<Vertex X="102184" Y="-193" Z="0"/>
					<Vertex X="102056" Y="-193" Z="0"/>
					<Vertex X="101991" Y="-257" Z="0"/>
					<Vertex X="101863" Y="-257" Z="0"/>
					<Vertex X="101798" Y="-386" Z="0"/>
					<Vertex X="101670" Y="-386" Z="0"/>
					<Vertex X="101605" Y="-386" Z="0"/>
					<Vertex X="101477" Y="-386" Z="0"/>
					<Vertex X="101413" Y="-386" Z="0"/>
					<Vertex X="101413" Y="-450" Z="0"/>
					<Vertex X="101348" Y="-450" Z="0"/>
					<Vertex X="101220" Y="-450" Z="0"/>
					<Vertex X="101091" Y="-450" Z="0"/>
					<Vertex X="101027" Y="-579" Z="0"/>
					<Vertex X="100898" Y="-579" Z="0"/>
					<Vertex X="100834" Y="-579" Z="0"/>
					<Vertex X="100705" Y="-643" Z="0"/>
					<Vertex X="100641" Y="-643" Z="0"/>
					<Vertex X="100448" Y="-772" Z="0"/>
				</Vertices>
			</Region>
		</Regions>
		<Plots/>
	</Annotation>
</Annotations>
