<Annotations MicronsPerPixel="0.252200">
	<Annotation Id="1" Name="" ReadOnly="0" NameReadOnly="0" LineColorReadOnly="0" Incremental="0" Type="4" LineColor="65535" Visible="1" Selected="1" MarkupImagePath="" MacroName="">
		<Attributes/>
		<Regions>
			<RegionAttributeHeaders>
				<AttributeHeader Id="9999" Name="Region" ColumnWidth="-1"/>
				<AttributeHeader Id="9997" Name="Length" ColumnWidth="-1"/>
				<AttributeHeader Id="9996" Name="Area" ColumnWidth="-1"/>
				<AttributeHeader Id="9998" Name="Text" ColumnWidth="-1"/>
			</RegionAttributeHeaders>
			<Region Id="1" Type="0" Zoom="0.050000" Selected="0" ImageLocation="" ImageFocus="-1" Length="34161.8" Area="43774577.5" LengthMicrons="8615.6" AreaMicrons="2784275.0" Text="" NegativeROA="0" InputRegionId="0" Analyze="1" DisplayId="1">
				<Attributes/>
				<Vertices>
					<Vertex X="51824" Y="84932" Z="0"/>
					<Vertex X="51606" Y="83644" Z="0"/>
					<Vertex X="51606" Y="83485" Z="0"/>
					<Vertex X="51606" Y="83406" Z="0"/>
					<Vertex X="51626" Y="83346" Z="0"/>
					<Vertex X="51626" Y="83267" Z="0"/>
					<Vertex X="51646" Y="83208" Z="0"/>
					<Vertex X="51685" Y="83168" Z="0"/>
					<Vertex X="51725" Y="83049" Z="0"/>
					<Vertex X="51745" Y="82950" Z="0"/>
					<Vertex X="51745" Y="82871" Z="0"/>
					<Vertex X="51745" Y="82791" Z="0"/>
					<Vertex X="51745" Y="82752" Z="0"/>
					<Vertex X="51745" Y="82652" Z="0"/>
					<Vertex X="51725" Y="82533" Z="0"/>
					<Vertex X="51685" Y="82474" Z="0"/>
					<Vertex X="51646" Y="82395" Z="0"/>
					<Vertex X="51626" Y="82296" Z="0"/>
					<Vertex X="51626" Y="82236" Z="0"/>
					<Vertex X="51606" Y="82157" Z="0"/>
					<Vertex X="51567" Y="82058" Z="0"/>
					<Vertex X="51547" Y="81998" Z="0"/>
					<Vertex X="51507" Y="81899" Z="0"/>
					<Vertex X="51448" Y="81820" Z="0"/>
					<Vertex X="51428" Y="81721" Z="0"/>
					<Vertex X="51388" Y="81701" Z="0"/>
					<Vertex X="51329" Y="81621" Z="0"/>
					<Vertex X="51269" Y="81522" Z="0"/>
					<Vertex X="51229" Y="81463" Z="0"/>
					<Vertex X="51190" Y="81403" Z="0"/>
					<Vertex X="51111" Y="81344" Z="0"/>
					<Vertex X="51071" Y="81265" Z="0"/>
					<Vertex X="51011" Y="81185" Z="0"/>
					<Vertex X="50892" Y="81086" Z="0"/>
					<Vertex X="50813" Y="81007" Z="0"/>
					<Vertex X="50754" Y="80947" Z="0"/>
					<Vertex X="50674" Y="80888" Z="0"/>
					<Vertex X="50575" Y="80828" Z="0"/>
					<Vertex X="50516" Y="80769" Z="0"/>
					<Vertex X="50436" Y="80710" Z="0"/>
					<Vertex X="50318" Y="80630" Z="0"/>
					<Vertex X="50199" Y="80571" Z="0"/>
					<Vertex X="50099" Y="80511" Z="0"/>
					<Vertex X="50020" Y="80472" Z="0"/>
					<Vertex X="49901" Y="80412" Z="0"/>
					<Vertex X="49802" Y="80392" Z="0"/>
					<Vertex X="49683" Y="80353" Z="0"/>
					<Vertex X="49564" Y="80293" Z="0"/>
					<Vertex X="49386" Y="80273" Z="0"/>
					<Vertex X="49306" Y="80234" Z="0"/>
					<Vertex X="49187" Y="80214" Z="0"/>
					<Vertex X="49069" Y="80174" Z="0"/>
					<Vertex X="48950" Y="80154" Z="0"/>
					<Vertex X="48831" Y="80154" Z="0"/>
					<Vertex X="48712" Y="80115" Z="0"/>
					<Vertex X="48593" Y="80115" Z="0"/>
					<Vertex X="48494" Y="80095" Z="0"/>
					<Vertex X="48375" Y="80095" Z="0"/>
					<Vertex X="48256" Y="80095" Z="0"/>
					<Vertex X="48117" Y="80115" Z="0"/>
					<Vertex X="47998" Y="80154" Z="0"/>
					<Vertex X="47938" Y="80174" Z="0"/>
					<Vertex X="47839" Y="80214" Z="0"/>
					<Vertex X="47780" Y="80214" Z="0"/>
					<Vertex X="47720" Y="80234" Z="0"/>
					<Vertex X="47661" Y="80234" Z="0"/>
					<Vertex X="47601" Y="80273" Z="0"/>
					<Vertex X="47542" Y="80273" Z="0"/>
					<Vertex X="47423" Y="80273" Z="0"/>
					<Vertex X="47383" Y="80273" Z="0"/>
					<Vertex X="47284" Y="80273" Z="0"/>
					<Vertex X="47185" Y="80273" Z="0"/>
					<Vertex X="47106" Y="80273" Z="0"/>
					<Vertex X="47007" Y="80273" Z="0"/>
					<Vertex X="46927" Y="80234" Z="0"/>
					<Vertex X="46808" Y="80234" Z="0"/>
					<Vertex X="46650" Y="80234" Z="0"/>
					<Vertex X="46570" Y="80234" Z="0"/>
					<Vertex X="46452" Y="80273" Z="0"/>
					<Vertex X="46333" Y="80293" Z="0"/>
					<Vertex X="46214" Y="80333" Z="0"/>
					<Vertex X="46095" Y="80353" Z="0"/>
					<Vertex X="45976" Y="80412" Z="0"/>
					<Vertex X="45857" Y="80472" Z="0"/>
					<Vertex X="45738" Y="80531" Z="0"/>
					<Vertex X="45639" Y="80591" Z="0"/>
					<Vertex X="45579" Y="80650" Z="0"/>
					<Vertex X="45500" Y="80690" Z="0"/>
					<Vertex X="45401" Y="80749" Z="0"/>
					<Vertex X="45341" Y="80749" Z="0"/>
					<Vertex X="45321" Y="80749" Z="0"/>
					<Vertex X="45262" Y="80749" Z="0"/>
					<Vertex X="45203" Y="80749" Z="0"/>
					<Vertex X="45143" Y="80749" Z="0"/>
					<Vertex X="45084" Y="80710" Z="0"/>
					<Vertex X="44984" Y="80690" Z="0"/>
					<Vertex X="44905" Y="80650" Z="0"/>
					<Vertex X="44846" Y="80630" Z="0"/>
					<Vertex X="44727" Y="80591" Z="0"/>
					<Vertex X="44628" Y="80571" Z="0"/>
					<Vertex X="44509" Y="80571" Z="0"/>
					<Vertex X="44429" Y="80571" Z="0"/>
					<Vertex X="44251" Y="80571" Z="0"/>
					<Vertex X="44152" Y="80571" Z="0"/>
					<Vertex X="44033" Y="80591" Z="0"/>
					<Vertex X="43954" Y="80630" Z="0"/>
					<Vertex X="43835" Y="80650" Z="0"/>
					<Vertex X="43716" Y="80710" Z="0"/>
					<Vertex X="43557" Y="80769" Z="0"/>
					<Vertex X="43438" Y="80828" Z="0"/>
					<Vertex X="43359" Y="80888" Z="0"/>
					<Vertex X="43260" Y="80947" Z="0"/>
					<Vertex X="43141" Y="81007" Z="0"/>
					<Vertex X="43022" Y="81066" Z="0"/>
					<Vertex X="42942" Y="81166" Z="0"/>
					<Vertex X="42843" Y="81245" Z="0"/>
					<Vertex X="42764" Y="81364" Z="0"/>
					<Vertex X="42705" Y="81423" Z="0"/>
					<Vertex X="42605" Y="81522" Z="0"/>
					<Vertex X="42546" Y="81582" Z="0"/>
					<Vertex X="42486" Y="81582" Z="0"/>
					<Vertex X="42427" Y="81602" Z="0"/>
					<Vertex X="42407" Y="81602" Z="0"/>
					<Vertex X="42308" Y="81602" Z="0"/>
					<Vertex X="42249" Y="81602" Z="0"/>
					<Vertex X="42189" Y="81582" Z="0"/>
					<Vertex X="42070" Y="81582" Z="0"/>
					<Vertex X="41951" Y="81582" Z="0"/>
					<Vertex X="41832" Y="81602" Z="0"/>
					<Vertex X="41753" Y="81641" Z="0"/>
					<Vertex X="41634" Y="81701" Z="0"/>
					<Vertex X="41535" Y="81760" Z="0"/>
					<Vertex X="41416" Y="81820" Z="0"/>
					<Vertex X="41337" Y="81899" Z="0"/>
					<Vertex X="41178" Y="82018" Z="0"/>
					<Vertex X="41118" Y="82117" Z="0"/>
					<Vertex X="41039" Y="82177" Z="0"/>
					<Vertex X="41000" Y="82256" Z="0"/>
					<Vertex X="40940" Y="82355" Z="0"/>
					<Vertex X="40881" Y="82434" Z="0"/>
					<Vertex X="40821" Y="82553" Z="0"/>
					<Vertex X="40762" Y="82672" Z="0"/>
					<Vertex X="40702" Y="82791" Z="0"/>
					<Vertex X="40623" Y="82950" Z="0"/>
					<Vertex X="40583" Y="83069" Z="0"/>
					<Vertex X="40524" Y="83188" Z="0"/>
					<Vertex X="40504" Y="83267" Z="0"/>
					<Vertex X="40504" Y="83386" Z="0"/>
					<Vertex X="40464" Y="83545" Z="0"/>
					<Vertex X="40444" Y="83624" Z="0"/>
					<Vertex X="40444" Y="83743" Z="0"/>
					<Vertex X="40405" Y="83842" Z="0"/>
					<Vertex X="40405" Y="83961" Z="0"/>
					<Vertex X="40385" Y="84060" Z="0"/>
					<Vertex X="40345" Y="84199" Z="0"/>
					<Vertex X="40345" Y="84258" Z="0"/>
					<Vertex X="40325" Y="84397" Z="0"/>
					<Vertex X="40325" Y="84496" Z="0"/>
					<Vertex X="40286" Y="84575" Z="0"/>
					<Vertex X="40286" Y="84675" Z="0"/>
					<Vertex X="40286" Y="84794" Z="0"/>
					<Vertex X="40286" Y="84873" Z="0"/>
					<Vertex X="40325" Y="85051" Z="0"/>
					<Vertex X="40345" Y="85111" Z="0"/>
					<Vertex X="40385" Y="85269" Z="0"/>
					<Vertex X="40444" Y="85349" Z="0"/>
					<Vertex X="40464" Y="85448" Z="0"/>
					<Vertex X="40504" Y="85527" Z="0"/>
					<Vertex X="40563" Y="85626" Z="0"/>
					<Vertex X="40643" Y="85745" Z="0"/>
					<Vertex X="40702" Y="85805" Z="0"/>
					<Vertex X="40762" Y="85864" Z="0"/>
					<Vertex X="40881" Y="85943" Z="0"/>
					<Vertex X="40980" Y="86003" Z="0"/>
					<Vertex X="41039" Y="86043" Z="0"/>
					<Vertex X="41118" Y="86102" Z="0"/>
					<Vertex X="41218" Y="86122" Z="0"/>
					<Vertex X="41337" Y="86162" Z="0"/>
					<Vertex X="41436" Y="86221" Z="0"/>
					<Vertex X="41574" Y="86241" Z="0"/>
					<Vertex X="41594" Y="86241" Z="0"/>
					<Vertex X="41773" Y="86280" Z="0"/>
					<Vertex X="41872" Y="86280" Z="0"/>
					<Vertex X="41991" Y="86280" Z="0"/>
					<Vertex X="42110" Y="86280" Z="0"/>
					<Vertex X="42229" Y="86241" Z="0"/>
					<Vertex X="42348" Y="86181" Z="0"/>
					<Vertex X="42546" Y="86102" Z="0"/>
					<Vertex X="42665" Y="86043" Z="0"/>
					<Vertex X="42804" Y="85943" Z="0"/>
					<Vertex X="42903" Y="85805" Z="0"/>
					<Vertex X="43002" Y="85725" Z="0"/>
					<Vertex X="43101" Y="85587" Z="0"/>
					<Vertex X="43141" Y="85468" Z="0"/>
					<Vertex X="43240" Y="85349" Z="0"/>
					<Vertex X="43299" Y="85230" Z="0"/>
					<Vertex X="43379" Y="85131" Z="0"/>
					<Vertex X="43478" Y="85031" Z="0"/>
					<Vertex X="43557" Y="84913" Z="0"/>
					<Vertex X="43775" Y="84754" Z="0"/>
					<Vertex X="43894" Y="84675" Z="0"/>
					<Vertex X="44033" Y="84615" Z="0"/>
					<Vertex X="44191" Y="84516" Z="0"/>
					<Vertex X="44330" Y="84457" Z="0"/>
					<Vertex X="44489" Y="84437" Z="0"/>
					<Vertex X="44628" Y="84377" Z="0"/>
					<Vertex X="44826" Y="84357" Z="0"/>
					<Vertex X="45024" Y="84278" Z="0"/>
					<Vertex X="45163" Y="84258" Z="0"/>
					<Vertex X="45321" Y="84258" Z="0"/>
					<Vertex X="45480" Y="84258" Z="0"/>
					<Vertex X="45619" Y="84258" Z="0"/>
					<Vertex X="45777" Y="84278" Z="0"/>
					<Vertex X="45996" Y="84318" Z="0"/>
					<Vertex X="46194" Y="84357" Z="0"/>
					<Vertex X="46372" Y="84397" Z="0"/>
					<Vertex X="46511" Y="84437" Z="0"/>
					<Vertex X="46670" Y="84437" Z="0"/>
					<Vertex X="46848" Y="84437" Z="0"/>
					<Vertex X="47007" Y="84437" Z="0"/>
					<Vertex X="47165" Y="84437" Z="0"/>
					<Vertex X="47403" Y="84377" Z="0"/>
					<Vertex X="47522" Y="84318" Z="0"/>
					<Vertex X="47641" Y="84258" Z="0"/>
					<Vertex X="47760" Y="84199" Z="0"/>
					<Vertex X="47859" Y="84139" Z="0"/>
					<Vertex X="47938" Y="84080" Z="0"/>
					<Vertex X="48018" Y="84020" Z="0"/>
					<Vertex X="48117" Y="83961" Z="0"/>
					<Vertex X="48275" Y="83862" Z="0"/>
					<Vertex X="48355" Y="83802" Z="0"/>
					<Vertex X="48474" Y="83763" Z="0"/>
					<Vertex X="48553" Y="83723" Z="0"/>
					<Vertex X="48672" Y="83664" Z="0"/>
					<Vertex X="48811" Y="83644" Z="0"/>
					<Vertex X="48930" Y="83604" Z="0"/>
					<Vertex X="49049" Y="83604" Z="0"/>
					<Vertex X="49148" Y="83564" Z="0"/>
					<Vertex X="49287" Y="83564" Z="0"/>
					<Vertex X="49485" Y="83564" Z="0"/>
					<Vertex X="49604" Y="83564" Z="0"/>
					<Vertex X="49723" Y="83564" Z="0"/>
					<Vertex X="49842" Y="83564" Z="0"/>
					<Vertex X="50000" Y="83564" Z="0"/>
					<Vertex X="50119" Y="83564" Z="0"/>
					<Vertex X="50218" Y="83564" Z="0"/>
					<Vertex X="50318" Y="83564" Z="0"/>
					<Vertex X="50436" Y="83604" Z="0"/>
					<Vertex X="50555" Y="83644" Z="0"/>
					<Vertex X="50655" Y="83664" Z="0"/>
					<Vertex X="50694" Y="83703" Z="0"/>
					<Vertex X="50793" Y="83763" Z="0"/>
					<Vertex X="50813" Y="83802" Z="0"/>
					<Vertex X="50853" Y="83842" Z="0"/>
					<Vertex X="50892" Y="83901" Z="0"/>
					<Vertex X="50892" Y="83941" Z="0"/>
					<Vertex X="50853" Y="83981" Z="0"/>
					<Vertex X="50813" Y="84020" Z="0"/>
					<Vertex X="50793" Y="84060" Z="0"/>
					<Vertex X="50754" Y="84080" Z="0"/>
					<Vertex X="50734" Y="84100" Z="0"/>
					<Vertex X="50734" Y="84139" Z="0"/>
					<Vertex X="50694" Y="84199" Z="0"/>
					<Vertex X="50674" Y="84238" Z="0"/>
					<Vertex X="50615" Y="84318" Z="0"/>
					<Vertex X="50575" Y="84377" Z="0"/>
					<Vertex X="50575" Y="84437" Z="0"/>
					<Vertex X="50555" Y="84496" Z="0"/>
					<Vertex X="50555" Y="84556" Z="0"/>
					<Vertex X="50555" Y="84615" Z="0"/>
					<Vertex X="50575" Y="84675" Z="0"/>
					<Vertex X="50615" Y="84734" Z="0"/>
					<Vertex X="50655" Y="84833" Z="0"/>
					<Vertex X="50674" Y="84873" Z="0"/>
					<Vertex X="50734" Y="84972" Z="0"/>
					<Vertex X="50754" Y="85031" Z="0"/>
					<Vertex X="50813" Y="85131" Z="0"/>
					<Vertex X="50892" Y="85170" Z="0"/>
					<Vertex X="50972" Y="85289" Z="0"/>
					<Vertex X="51031" Y="85349" Z="0"/>
					<Vertex X="51091" Y="85408" Z="0"/>
					<Vertex X="51150" Y="85468" Z="0"/>
					<Vertex X="51210" Y="85507" Z="0"/>
					<Vertex X="51269" Y="85567" Z="0"/>
					<Vertex X="51329" Y="85587" Z="0"/>
					<Vertex X="51388" Y="85626" Z="0"/>
					<Vertex X="51487" Y="85646" Z="0"/>
					<Vertex X="51507" Y="85686" Z="0"/>
					<Vertex X="51567" Y="85686" Z="0"/>
					<Vertex X="51606" Y="85686" Z="0"/>
					<Vertex X="51626" Y="85686" Z="0"/>
					<Vertex X="51685" Y="85686" Z="0"/>
					<Vertex X="51725" Y="85646" Z="0"/>
					<Vertex X="51765" Y="85626" Z="0"/>
					<Vertex X="51804" Y="85626" Z="0"/>
					<Vertex X="51824" Y="85587" Z="0"/>
					<Vertex X="51864" Y="85567" Z="0"/>
					<Vertex X="51864" Y="85527" Z="0"/>
					<Vertex X="51884" Y="85507" Z="0"/>
					<Vertex X="51884" Y="85468" Z="0"/>
					<Vertex X="51884" Y="85448" Z="0"/>
					<Vertex X="51923" Y="85448" Z="0"/>
					<Vertex X="51923" Y="85408" Z="0"/>
					<Vertex X="51923" Y="85388" Z="0"/>
					<Vertex X="51923" Y="85349" Z="0"/>
					<Vertex X="51923" Y="85329" Z="0"/>
					<Vertex X="51963" Y="85329" Z="0"/>
					<Vertex X="51963" Y="85289" Z="0"/>
					<Vertex X="51963" Y="85269" Z="0"/>
					<Vertex X="51923" Y="85230" Z="0"/>
					<Vertex X="51923" Y="85210" Z="0"/>
					<Vertex X="51923" Y="85170" Z="0"/>
					<Vertex X="51884" Y="85150" Z="0"/>
					<Vertex X="51884" Y="85131" Z="0"/>
					<Vertex X="51884" Y="85091" Z="0"/>
					<Vertex X="51884" Y="85051" Z="0"/>
					<Vertex X="51884" Y="85031" Z="0"/>
					<Vertex X="51884" Y="84992" Z="0"/>
					<Vertex X="51864" Y="84992" Z="0"/>
					<Vertex X="51864" Y="84972" Z="0"/>
					<Vertex X="51864" Y="84932" Z="0"/>
					<Vertex X="51864" Y="84913" Z="0"/>
					<Vertex X="51864" Y="84873" Z="0"/>
					<Vertex X="51824" Y="84873" Z="0"/>
					<Vertex X="51804" Y="84873" Z="0"/>
					<Vertex X="51824" Y="84873" Z="0"/>
					<Vertex X="51824" Y="84853" Z="0"/>
					<Vertex X="51824" Y="84932" Z="0"/>
				</Vertices>
			</Region>
			<Region Id="2" Type="0" Zoom="0.050000" Selected="0" ImageLocation="" ImageFocus="-1" Length="16202.6" Area="16812034.0" LengthMicrons="4086.3" AreaMicrons="1069326.7" Text="" NegativeROA="0" InputRegionId="0" Analyze="1" DisplayId="2">
				<Attributes/>
				<Vertices>
					<Vertex X="35230" Y="86637" Z="0"/>
					<Vertex X="35210" Y="86598" Z="0"/>
					<Vertex X="35151" Y="86578" Z="0"/>
					<Vertex X="35052" Y="86578" Z="0"/>
					<Vertex X="34933" Y="86518" Z="0"/>
					<Vertex X="34854" Y="86479" Z="0"/>
					<Vertex X="34754" Y="86459" Z="0"/>
					<Vertex X="34636" Y="86459" Z="0"/>
					<Vertex X="34556" Y="86419" Z="0"/>
					<Vertex X="34437" Y="86419" Z="0"/>
					<Vertex X="34318" Y="86419" Z="0"/>
					<Vertex X="34219" Y="86419" Z="0"/>
					<Vertex X="34100" Y="86419" Z="0"/>
					<Vertex X="34021" Y="86419" Z="0"/>
					<Vertex X="33902" Y="86459" Z="0"/>
					<Vertex X="33743" Y="86479" Z="0"/>
					<Vertex X="33624" Y="86479" Z="0"/>
					<Vertex X="33545" Y="86538" Z="0"/>
					<Vertex X="33426" Y="86578" Z="0"/>
					<Vertex X="33327" Y="86598" Z="0"/>
					<Vertex X="33208" Y="86637" Z="0"/>
					<Vertex X="33129" Y="86637" Z="0"/>
					<Vertex X="33030" Y="86657" Z="0"/>
					<Vertex X="32970" Y="86697" Z="0"/>
					<Vertex X="32891" Y="86756" Z="0"/>
					<Vertex X="32792" Y="86776" Z="0"/>
					<Vertex X="32712" Y="86816" Z="0"/>
					<Vertex X="32673" Y="86836" Z="0"/>
					<Vertex X="32613" Y="86895" Z="0"/>
					<Vertex X="32554" Y="86935" Z="0"/>
					<Vertex X="32494" Y="86955" Z="0"/>
					<Vertex X="32375" Y="87014" Z="0"/>
					<Vertex X="32316" Y="87074" Z="0"/>
					<Vertex X="32296" Y="87113" Z="0"/>
					<Vertex X="32237" Y="87133" Z="0"/>
					<Vertex X="32177" Y="87192" Z="0"/>
					<Vertex X="32137" Y="87232" Z="0"/>
					<Vertex X="32118" Y="87292" Z="0"/>
					<Vertex X="32058" Y="87311" Z="0"/>
					<Vertex X="31999" Y="87411" Z="0"/>
					<Vertex X="31939" Y="87430" Z="0"/>
					<Vertex X="31900" Y="87490" Z="0"/>
					<Vertex X="31662" Y="87530" Z="0"/>
					<Vertex X="31463" Y="88838" Z="0"/>
					<Vertex X="31483" Y="89016" Z="0"/>
					<Vertex X="31523" Y="89116" Z="0"/>
					<Vertex X="31523" Y="89195" Z="0"/>
					<Vertex X="31582" Y="89314" Z="0"/>
					<Vertex X="31602" Y="89393" Z="0"/>
					<Vertex X="31642" Y="89492" Z="0"/>
					<Vertex X="31662" Y="89611" Z="0"/>
					<Vertex X="31761" Y="89750" Z="0"/>
					<Vertex X="31820" Y="89809" Z="0"/>
					<Vertex X="31880" Y="89909" Z="0"/>
					<Vertex X="31939" Y="89968" Z="0"/>
					<Vertex X="32058" Y="90028" Z="0"/>
					<Vertex X="32118" Y="90087" Z="0"/>
					<Vertex X="32177" Y="90107" Z="0"/>
					<Vertex X="32237" Y="90146" Z="0"/>
					<Vertex X="32316" Y="90206" Z="0"/>
					<Vertex X="32415" Y="90265" Z="0"/>
					<Vertex X="32494" Y="90285" Z="0"/>
					<Vertex X="32593" Y="90325" Z="0"/>
					<Vertex X="32653" Y="90325" Z="0"/>
					<Vertex X="32732" Y="90365" Z="0"/>
					<Vertex X="32792" Y="90384" Z="0"/>
					<Vertex X="32911" Y="90404" Z="0"/>
					<Vertex X="32970" Y="90444" Z="0"/>
					<Vertex X="33030" Y="90464" Z="0"/>
					<Vertex X="33089" Y="90464" Z="0"/>
					<Vertex X="33188" Y="90503" Z="0"/>
					<Vertex X="33248" Y="90503" Z="0"/>
					<Vertex X="33307" Y="90523" Z="0"/>
					<Vertex X="33367" Y="90523" Z="0"/>
					<Vertex X="33426" Y="90523" Z="0"/>
					<Vertex X="33486" Y="90523" Z="0"/>
					<Vertex X="33545" Y="90523" Z="0"/>
					<Vertex X="33624" Y="90563" Z="0"/>
					<Vertex X="33684" Y="90563" Z="0"/>
					<Vertex X="33783" Y="90563" Z="0"/>
					<Vertex X="33842" Y="90563" Z="0"/>
					<Vertex X="33902" Y="90523" Z="0"/>
					<Vertex X="33981" Y="90523" Z="0"/>
					<Vertex X="34080" Y="90563" Z="0"/>
					<Vertex X="34100" Y="90602" Z="0"/>
					<Vertex X="34100" Y="90682" Z="0"/>
					<Vertex X="34160" Y="90662" Z="0"/>
					<Vertex X="34219" Y="90622" Z="0"/>
					<Vertex X="34318" Y="90563" Z="0"/>
					<Vertex X="34398" Y="90523" Z="0"/>
					<Vertex X="34477" Y="90464" Z="0"/>
					<Vertex X="34517" Y="90444" Z="0"/>
					<Vertex X="34576" Y="90384" Z="0"/>
					<Vertex X="34636" Y="90325" Z="0"/>
					<Vertex X="34695" Y="90265" Z="0"/>
					<Vertex X="34794" Y="90166" Z="0"/>
					<Vertex X="34854" Y="90087" Z="0"/>
					<Vertex X="34873" Y="90028" Z="0"/>
					<Vertex X="34933" Y="89909" Z="0"/>
					<Vertex X="35012" Y="89809" Z="0"/>
					<Vertex X="35052" Y="89770" Z="0"/>
					<Vertex X="35092" Y="89710" Z="0"/>
					<Vertex X="35171" Y="89631" Z="0"/>
					<Vertex X="35230" Y="89591" Z="0"/>
					<Vertex X="35329" Y="89512" Z="0"/>
					<Vertex X="35409" Y="89453" Z="0"/>
					<Vertex X="35547" Y="89413" Z="0"/>
					<Vertex X="35627" Y="89373" Z="0"/>
					<Vertex X="35706" Y="89314" Z="0"/>
					<Vertex X="35805" Y="89274" Z="0"/>
					<Vertex X="35865" Y="89215" Z="0"/>
					<Vertex X="35924" Y="89175" Z="0"/>
					<Vertex X="36003" Y="89135" Z="0"/>
					<Vertex X="36063" Y="89076" Z="0"/>
					<Vertex X="36122" Y="89036" Z="0"/>
					<Vertex X="36222" Y="88977" Z="0"/>
					<Vertex X="36281" Y="88917" Z="0"/>
					<Vertex X="36341" Y="88897" Z="0"/>
					<Vertex X="36459" Y="88798" Z="0"/>
					<Vertex X="36519" Y="88779" Z="0"/>
					<Vertex X="36578" Y="88719" Z="0"/>
					<Vertex X="36638" Y="88679" Z="0"/>
					<Vertex X="36697" Y="88620" Z="0"/>
					<Vertex X="36777" Y="88600" Z="0"/>
					<Vertex X="36816" Y="88541" Z="0"/>
					<Vertex X="36896" Y="88481" Z="0"/>
					<Vertex X="36955" Y="88441" Z="0"/>
					<Vertex X="37015" Y="88362" Z="0"/>
					<Vertex X="37054" Y="88323" Z="0"/>
					<Vertex X="37074" Y="88263" Z="0"/>
					<Vertex X="37114" Y="88243" Z="0"/>
					<Vertex X="37134" Y="88184" Z="0"/>
					<Vertex X="37173" Y="88124" Z="0"/>
					<Vertex X="37193" Y="88085" Z="0"/>
					<Vertex X="37193" Y="88025" Z="0"/>
					<Vertex X="37193" Y="88005" Z="0"/>
					<Vertex X="37233" Y="87966" Z="0"/>
					<Vertex X="37233" Y="87946" Z="0"/>
					<Vertex X="37252" Y="87886" Z="0"/>
					<Vertex X="37252" Y="87847" Z="0"/>
					<Vertex X="37252" Y="87827" Z="0"/>
					<Vertex X="37252" Y="87787" Z="0"/>
					<Vertex X="37252" Y="87767" Z="0"/>
					<Vertex X="37252" Y="87728" Z="0"/>
					<Vertex X="37252" Y="87708" Z="0"/>
					<Vertex X="37252" Y="87668" Z="0"/>
					<Vertex X="37252" Y="87648" Z="0"/>
					<Vertex X="37252" Y="87609" Z="0"/>
					<Vertex X="37252" Y="87589" Z="0"/>
					<Vertex X="37252" Y="87549" Z="0"/>
					<Vertex X="37233" Y="87530" Z="0"/>
					<Vertex X="37233" Y="87490" Z="0"/>
					<Vertex X="37233" Y="87470" Z="0"/>
					<Vertex X="37193" Y="87430" Z="0"/>
					<Vertex X="37193" Y="87411" Z="0"/>
					<Vertex X="37173" Y="87411" Z="0"/>
					<Vertex X="37173" Y="87371" Z="0"/>
					<Vertex X="37134" Y="87351" Z="0"/>
					<Vertex X="37114" Y="87311" Z="0"/>
					<Vertex X="37074" Y="87311" Z="0"/>
					<Vertex X="37054" Y="87292" Z="0"/>
					<Vertex X="36995" Y="87252" Z="0"/>
					<Vertex X="36896" Y="87232" Z="0"/>
					<Vertex X="36836" Y="87232" Z="0"/>
					<Vertex X="36777" Y="87192" Z="0"/>
					<Vertex X="36717" Y="87173" Z="0"/>
					<Vertex X="36658" Y="87133" Z="0"/>
					<Vertex X="36578" Y="87113" Z="0"/>
					<Vertex X="36479" Y="87074" Z="0"/>
					<Vertex X="36420" Y="87054" Z="0"/>
					<Vertex X="36341" Y="87014" Z="0"/>
					<Vertex X="36222" Y="86955" Z="0"/>
					<Vertex X="36122" Y="86935" Z="0"/>
					<Vertex X="36063" Y="86895" Z="0"/>
					<Vertex X="35984" Y="86875" Z="0"/>
					<Vertex X="35865" Y="86836" Z="0"/>
					<Vertex X="35766" Y="86816" Z="0"/>
					<Vertex X="35686" Y="86776" Z="0"/>
					<Vertex X="35587" Y="86756" Z="0"/>
					<Vertex X="35468" Y="86717" Z="0"/>
					<Vertex X="35409" Y="86697" Z="0"/>
					<Vertex X="35349" Y="86697" Z="0"/>
					<Vertex X="35290" Y="86697" Z="0"/>
					<Vertex X="35270" Y="86657" Z="0"/>
					<Vertex X="35230" Y="86657" Z="0"/>
					<Vertex X="35210" Y="86697" Z="0"/>
					<Vertex X="35230" Y="86637" Z="0"/>
				</Vertices>
			</Region>
			<Region Id="3" Type="0" Zoom="0.050000" Selected="1" ImageLocation="" ImageFocus="-1" Length="7970.9" Area="3783595.5" LengthMicrons="2010.3" AreaMicrons="240655.0" Text="" NegativeROA="0" InputRegionId="0" Analyze="1" DisplayId="3">
				<Attributes/>
				<Vertices>
					<Vertex X="34378" Y="91832" Z="0"/>
					<Vertex X="32732" Y="91693" Z="0"/>
					<Vertex X="32475" Y="91693" Z="0"/>
					<Vertex X="32296" Y="91713" Z="0"/>
					<Vertex X="32197" Y="91713" Z="0"/>
					<Vertex X="32118" Y="91752" Z="0"/>
					<Vertex X="31999" Y="91792" Z="0"/>
					<Vertex X="31900" Y="91812" Z="0"/>
					<Vertex X="31761" Y="91871" Z="0"/>
					<Vertex X="31642" Y="91931" Z="0"/>
					<Vertex X="31543" Y="91990" Z="0"/>
					<Vertex X="31483" Y="92089" Z="0"/>
					<Vertex X="31424" Y="92169" Z="0"/>
					<Vertex X="31364" Y="92248" Z="0"/>
					<Vertex X="31344" Y="92288" Z="0"/>
					<Vertex X="31344" Y="92347" Z="0"/>
					<Vertex X="31344" Y="92407" Z="0"/>
					<Vertex X="31344" Y="92466" Z="0"/>
					<Vertex X="31344" Y="92526" Z="0"/>
					<Vertex X="31344" Y="92585" Z="0"/>
					<Vertex X="31344" Y="92684" Z="0"/>
					<Vertex X="31364" Y="92724" Z="0"/>
					<Vertex X="31404" Y="92783" Z="0"/>
					<Vertex X="31424" Y="92843" Z="0"/>
					<Vertex X="31463" Y="92882" Z="0"/>
					<Vertex X="31483" Y="92902" Z="0"/>
					<Vertex X="31582" Y="92942" Z="0"/>
					<Vertex X="31602" Y="92982" Z="0"/>
					<Vertex X="31662" Y="93001" Z="0"/>
					<Vertex X="31721" Y="93001" Z="0"/>
					<Vertex X="31781" Y="93021" Z="0"/>
					<Vertex X="31880" Y="93021" Z="0"/>
					<Vertex X="31939" Y="93061" Z="0"/>
					<Vertex X="32019" Y="93081" Z="0"/>
					<Vertex X="32118" Y="93081" Z="0"/>
					<Vertex X="32177" Y="93120" Z="0"/>
					<Vertex X="32237" Y="93120" Z="0"/>
					<Vertex X="32316" Y="93140" Z="0"/>
					<Vertex X="32435" Y="93140" Z="0"/>
					<Vertex X="32534" Y="93140" Z="0"/>
					<Vertex X="32593" Y="93140" Z="0"/>
					<Vertex X="32673" Y="93140" Z="0"/>
					<Vertex X="32732" Y="93140" Z="0"/>
					<Vertex X="32831" Y="93120" Z="0"/>
					<Vertex X="32911" Y="93120" Z="0"/>
					<Vertex X="33010" Y="93120" Z="0"/>
					<Vertex X="33149" Y="93120" Z="0"/>
					<Vertex X="33248" Y="93120" Z="0"/>
					<Vertex X="33307" Y="93120" Z="0"/>
					<Vertex X="33387" Y="93081" Z="0"/>
					<Vertex X="33486" Y="93081" Z="0"/>
					<Vertex X="33565" Y="93081" Z="0"/>
					<Vertex X="33624" Y="93081" Z="0"/>
					<Vertex X="33724" Y="93081" Z="0"/>
					<Vertex X="33783" Y="93081" Z="0"/>
					<Vertex X="33842" Y="93081" Z="0"/>
					<Vertex X="33902" Y="93061" Z="0"/>
					<Vertex X="33961" Y="93061" Z="0"/>
					<Vertex X="34021" Y="93021" Z="0"/>
					<Vertex X="34080" Y="92982" Z="0"/>
					<Vertex X="34100" Y="92942" Z="0"/>
					<Vertex X="34160" Y="92902" Z="0"/>
					<Vertex X="34199" Y="92843" Z="0"/>
					<Vertex X="34219" Y="92823" Z="0"/>
					<Vertex X="34259" Y="92763" Z="0"/>
					<Vertex X="34279" Y="92684" Z="0"/>
					<Vertex X="34279" Y="92605" Z="0"/>
					<Vertex X="34318" Y="92585" Z="0"/>
					<Vertex X="34318" Y="92526" Z="0"/>
					<Vertex X="34338" Y="92466" Z="0"/>
					<Vertex X="34338" Y="92407" Z="0"/>
					<Vertex X="34378" Y="92347" Z="0"/>
					<Vertex X="34378" Y="92307" Z="0"/>
					<Vertex X="34378" Y="92288" Z="0"/>
					<Vertex X="34378" Y="92248" Z="0"/>
					<Vertex X="34378" Y="92228" Z="0"/>
					<Vertex X="34378" Y="92169" Z="0"/>
					<Vertex X="34378" Y="92109" Z="0"/>
					<Vertex X="34378" Y="92089" Z="0"/>
					<Vertex X="34398" Y="92050" Z="0"/>
					<Vertex X="34398" Y="92010" Z="0"/>
					<Vertex X="34398" Y="91990" Z="0"/>
					<Vertex X="34398" Y="91951" Z="0"/>
					<Vertex X="34437" Y="91931" Z="0"/>
					<Vertex X="34437" Y="91891" Z="0"/>
					<Vertex X="34437" Y="91871" Z="0"/>
					<Vertex X="34437" Y="91832" Z="0"/>
					<Vertex X="34437" Y="91832" Z="0"/>
					<Vertex X="34398" Y="91832" Z="0"/>
					<Vertex X="34378" Y="91832" Z="0"/>
				</Vertices>
			</Region>
		</Regions>
		<Plots/>
	</Annotation>
</Annotations>
