<Annotations MicronsPerPixel="0.252200">
	<Annotation Id="1" Name="" ReadOnly="0" NameReadOnly="0" LineColorReadOnly="0" Incremental="0" Type="4" LineColor="16776960" Visible="1" Selected="1" MarkupImagePath="" MacroName="">
		<Attributes/>
		<Regions>
			<RegionAttributeHeaders>
				<AttributeHeader Id="9999" Name="Region" ColumnWidth="-1"/>
				<AttributeHeader Id="9997" Name="Length" ColumnWidth="-1"/>
				<AttributeHeader Id="9996" Name="Area" ColumnWidth="-1"/>
				<AttributeHeader Id="9998" Name="Text" ColumnWidth="-1"/>
			</RegionAttributeHeaders>
			<Region Id="1" Type="0" Zoom="0.017166" Selected="0" ImageLocation="" ImageFocus="-1" Length="215572.7" Area="1573347690.5" LengthMicrons="54367.4" AreaMicrons="100072528.1" Text="" NegativeROA="0" InputRegionId="0" Analyze="1" DisplayId="1">
				<Attributes/>
				<Vertices>
					<Vertex X="5024" Y="29336" Z="0"/>
					<Vertex X="3753" Y="32974" Z="0"/>
					<Vertex X="3638" Y="33609" Z="0"/>
					<Vertex X="3638" Y="33840" Z="0"/>
					<Vertex X="3638" Y="34360" Z="0"/>
					<Vertex X="3580" Y="34649" Z="0"/>
					<Vertex X="3580" Y="34995" Z="0"/>
					<Vertex X="3580" Y="35342" Z="0"/>
					<Vertex X="3464" Y="35688" Z="0"/>
					<Vertex X="3464" Y="36035" Z="0"/>
					<Vertex X="3407" Y="36439" Z="0"/>
					<Vertex X="3407" Y="36728" Z="0"/>
					<Vertex X="3407" Y="36959" Z="0"/>
					<Vertex X="3407" Y="37305" Z="0"/>
					<Vertex X="3291" Y="37594" Z="0"/>
					<Vertex X="3291" Y="37941" Z="0"/>
					<Vertex X="3291" Y="38287" Z="0"/>
					<Vertex X="3233" Y="38518" Z="0"/>
					<Vertex X="3233" Y="38980" Z="0"/>
					<Vertex X="3233" Y="39384" Z="0"/>
					<Vertex X="3233" Y="39846" Z="0"/>
					<Vertex X="3118" Y="40250" Z="0"/>
					<Vertex X="3118" Y="40712" Z="0"/>
					<Vertex X="3118" Y="41117" Z="0"/>
					<Vertex X="3118" Y="41579" Z="0"/>
					<Vertex X="3118" Y="41983" Z="0"/>
					<Vertex X="3060" Y="42503" Z="0"/>
					<Vertex X="3060" Y="43196" Z="0"/>
					<Vertex X="3060" Y="43715" Z="0"/>
					<Vertex X="2945" Y="44177" Z="0"/>
					<Vertex X="2945" Y="44697" Z="0"/>
					<Vertex X="2887" Y="45101" Z="0"/>
					<Vertex X="2887" Y="45563" Z="0"/>
					<Vertex X="2772" Y="46256" Z="0"/>
					<Vertex X="2772" Y="46660" Z="0"/>
					<Vertex X="2714" Y="47353" Z="0"/>
					<Vertex X="2714" Y="47815" Z="0"/>
					<Vertex X="2598" Y="48220" Z="0"/>
					<Vertex X="2598" Y="48739" Z="0"/>
					<Vertex X="2598" Y="49201" Z="0"/>
					<Vertex X="2598" Y="49606" Z="0"/>
					<Vertex X="2541" Y="49952" Z="0"/>
					<Vertex X="2541" Y="50414" Z="0"/>
					<Vertex X="2541" Y="50818" Z="0"/>
					<Vertex X="2541" Y="51280" Z="0"/>
					<Vertex X="2541" Y="51627" Z="0"/>
					<Vertex X="2541" Y="52204" Z="0"/>
					<Vertex X="2541" Y="52666" Z="0"/>
					<Vertex X="2541" Y="53071" Z="0"/>
					<Vertex X="2425" Y="53532" Z="0"/>
					<Vertex X="2425" Y="53937" Z="0"/>
					<Vertex X="2425" Y="54283" Z="0"/>
					<Vertex X="2367" Y="54630" Z="0"/>
					<Vertex X="2367" Y="54918" Z="0"/>
					<Vertex X="2367" Y="55265" Z="0"/>
					<Vertex X="2252" Y="55669" Z="0"/>
					<Vertex X="2252" Y="55958" Z="0"/>
					<Vertex X="2252" Y="56189" Z="0"/>
					<Vertex X="2252" Y="56420" Z="0"/>
					<Vertex X="2252" Y="56651" Z="0"/>
					<Vertex X="2252" Y="56824" Z="0"/>
					<Vertex X="2252" Y="56997" Z="0"/>
					<Vertex X="2252" Y="57228" Z="0"/>
					<Vertex X="2252" Y="57459" Z="0"/>
					<Vertex X="2252" Y="57690" Z="0"/>
					<Vertex X="2252" Y="57864" Z="0"/>
					<Vertex X="2252" Y="57921" Z="0"/>
					<Vertex X="2252" Y="58095" Z="0"/>
					<Vertex X="2367" Y="58210" Z="0"/>
					<Vertex X="2367" Y="58441" Z="0"/>
					<Vertex X="2425" Y="58557" Z="0"/>
					<Vertex X="2425" Y="58614" Z="0"/>
					<Vertex X="2541" Y="58788" Z="0"/>
					<Vertex X="2598" Y="58903" Z="0"/>
					<Vertex X="2772" Y="58961" Z="0"/>
					<Vertex X="2887" Y="59134" Z="0"/>
					<Vertex X="3060" Y="59250" Z="0"/>
					<Vertex X="3233" Y="59307" Z="0"/>
					<Vertex X="3407" Y="59481" Z="0"/>
					<Vertex X="3638" Y="59769" Z="0"/>
					<Vertex X="3811" Y="59827" Z="0"/>
					<Vertex X="4100" Y="60058" Z="0"/>
					<Vertex X="4331" Y="60116" Z="0"/>
					<Vertex X="4677" Y="60347" Z="0"/>
					<Vertex X="4966" Y="60462" Z="0"/>
					<Vertex X="5312" Y="60520" Z="0"/>
					<Vertex X="5543" Y="60693" Z="0"/>
					<Vertex X="5832" Y="60751" Z="0"/>
					<Vertex X="6063" Y="60809" Z="0"/>
					<Vertex X="6352" Y="60924" Z="0"/>
					<Vertex X="6698" Y="60982" Z="0"/>
					<Vertex X="6929" Y="60982" Z="0"/>
					<Vertex X="7218" Y="61040" Z="0"/>
					<Vertex X="7449" Y="61040" Z="0"/>
					<Vertex X="7911" Y="61155" Z="0"/>
					<Vertex X="8142" Y="61155" Z="0"/>
					<Vertex X="8431" Y="61271" Z="0"/>
					<Vertex X="8777" Y="61271" Z="0"/>
					<Vertex X="9066" Y="61271" Z="0"/>
					<Vertex X="9297" Y="61328" Z="0"/>
					<Vertex X="9528" Y="61328" Z="0"/>
					<Vertex X="9817" Y="61328" Z="0"/>
					<Vertex X="10048" Y="61328" Z="0"/>
					<Vertex X="10394" Y="61328" Z="0"/>
					<Vertex X="10683" Y="61328" Z="0"/>
					<Vertex X="11087" Y="61386" Z="0"/>
					<Vertex X="11376" Y="61386" Z="0"/>
					<Vertex X="11607" Y="61386" Z="0"/>
					<Vertex X="11896" Y="61386" Z="0"/>
					<Vertex X="12242" Y="61502" Z="0"/>
					<Vertex X="12473" Y="61502" Z="0"/>
					<Vertex X="12820" Y="61502" Z="0"/>
					<Vertex X="13108" Y="61502" Z="0"/>
					<Vertex X="13339" Y="61502" Z="0"/>
					<Vertex X="13686" Y="61617" Z="0"/>
					<Vertex X="14148" Y="61617" Z="0"/>
					<Vertex X="14379" Y="61617" Z="0"/>
					<Vertex X="14668" Y="61617" Z="0"/>
					<Vertex X="14899" Y="61617" Z="0"/>
					<Vertex X="15187" Y="61617" Z="0"/>
					<Vertex X="15361" Y="61617" Z="0"/>
					<Vertex X="15707" Y="61617" Z="0"/>
					<Vertex X="15938" Y="61617" Z="0"/>
					<Vertex X="16285" Y="61502" Z="0"/>
					<Vertex X="16631" Y="61502" Z="0"/>
					<Vertex X="16920" Y="61386" Z="0"/>
					<Vertex X="17151" Y="61386" Z="0"/>
					<Vertex X="17440" Y="61328" Z="0"/>
					<Vertex X="17728" Y="61328" Z="0"/>
					<Vertex X="17959" Y="61271" Z="0"/>
					<Vertex X="18190" Y="61155" Z="0"/>
					<Vertex X="18479" Y="61040" Z="0"/>
					<Vertex X="18883" Y="60982" Z="0"/>
					<Vertex X="19172" Y="60924" Z="0"/>
					<Vertex X="19403" Y="60809" Z="0"/>
					<Vertex X="19692" Y="60751" Z="0"/>
					<Vertex X="19980" Y="60636" Z="0"/>
					<Vertex X="20096" Y="60520" Z="0"/>
					<Vertex X="20385" Y="60462" Z="0"/>
					<Vertex X="20616" Y="60347" Z="0"/>
					<Vertex X="20847" Y="60174" Z="0"/>
					<Vertex X="20962" Y="60116" Z="0"/>
					<Vertex X="21135" Y="60000" Z="0"/>
					<Vertex X="21309" Y="59943" Z="0"/>
					<Vertex X="21655" Y="60462" Z="0"/>
					<Vertex X="25640" Y="58441" Z="0"/>
					<Vertex X="26448" Y="58441" Z="0"/>
					<Vertex X="26679" Y="58557" Z="0"/>
					<Vertex X="26968" Y="58557" Z="0"/>
					<Vertex X="27314" Y="58672" Z="0"/>
					<Vertex X="27488" Y="58672" Z="0"/>
					<Vertex X="27776" Y="58730" Z="0"/>
					<Vertex X="28007" Y="58730" Z="0"/>
					<Vertex X="28238" Y="58788" Z="0"/>
					<Vertex X="28527" Y="58788" Z="0"/>
					<Vertex X="28758" Y="58903" Z="0"/>
					<Vertex X="29047" Y="59019" Z="0"/>
					<Vertex X="29336" Y="59076" Z="0"/>
					<Vertex X="29567" Y="59192" Z="0"/>
					<Vertex X="29798" Y="59250" Z="0"/>
					<Vertex X="30202" Y="59307" Z="0"/>
					<Vertex X="30491" Y="59481" Z="0"/>
					<Vertex X="30779" Y="59596" Z="0"/>
					<Vertex X="31010" Y="59654" Z="0"/>
					<Vertex X="31472" Y="59885" Z="0"/>
					<Vertex X="31761" Y="59943" Z="0"/>
					<Vertex X="31877" Y="60116" Z="0"/>
					<Vertex X="32165" Y="60174" Z="0"/>
					<Vertex X="32396" Y="60347" Z="0"/>
					<Vertex X="32743" Y="60520" Z="0"/>
					<Vertex X="32916" Y="60751" Z="0"/>
					<Vertex X="33205" Y="60809" Z="0"/>
					<Vertex X="33378" Y="60982" Z="0"/>
					<Vertex X="33609" Y="61040" Z="0"/>
					<Vertex X="33898" Y="61328" Z="0"/>
					<Vertex X="34186" Y="61502" Z="0"/>
					<Vertex X="34417" Y="61675" Z="0"/>
					<Vertex X="34648" Y="61790" Z="0"/>
					<Vertex X="34937" Y="61848" Z="0"/>
					<Vertex X="35168" Y="61906" Z="0"/>
					<Vertex X="35341" Y="61906" Z="0"/>
					<Vertex X="35630" Y="62021" Z="0"/>
					<Vertex X="35861" Y="62021" Z="0"/>
					<Vertex X="36208" Y="61906" Z="0"/>
					<Vertex X="36496" Y="61848" Z="0"/>
					<Vertex X="36727" Y="61790" Z="0"/>
					<Vertex X="37016" Y="61617" Z="0"/>
					<Vertex X="37305" Y="61386" Z="0"/>
					<Vertex X="37420" Y="61328" Z="0"/>
					<Vertex X="37709" Y="61155" Z="0"/>
					<Vertex X="37882" Y="61040" Z="0"/>
					<Vertex X="38113" Y="60924" Z="0"/>
					<Vertex X="38402" Y="60751" Z="0"/>
					<Vertex X="38575" Y="60636" Z="0"/>
					<Vertex X="38864" Y="60636" Z="0"/>
					<Vertex X="38980" Y="60520" Z="0"/>
					<Vertex X="39211" Y="60520" Z="0"/>
					<Vertex X="39326" Y="60520" Z="0"/>
					<Vertex X="39557" Y="60520" Z="0"/>
					<Vertex X="39730" Y="60520" Z="0"/>
					<Vertex X="39904" Y="60636" Z="0"/>
					<Vertex X="40077" Y="60751" Z="0"/>
					<Vertex X="40308" Y="60982" Z="0"/>
					<Vertex X="40423" Y="61155" Z="0"/>
					<Vertex X="40597" Y="61328" Z="0"/>
					<Vertex X="40654" Y="61502" Z="0"/>
					<Vertex X="40770" Y="61790" Z="0"/>
					<Vertex X="40828" Y="62021" Z="0"/>
					<Vertex X="40885" Y="62195" Z="0"/>
					<Vertex X="41001" Y="62483" Z="0"/>
					<Vertex X="41001" Y="62657" Z="0"/>
					<Vertex X="41116" Y="62888" Z="0"/>
					<Vertex X="41174" Y="63061" Z="0"/>
					<Vertex X="41174" Y="63350" Z="0"/>
					<Vertex X="41174" Y="63523" Z="0"/>
					<Vertex X="41289" Y="63754" Z="0"/>
					<Vertex X="41289" Y="63927" Z="0"/>
					<Vertex X="41289" Y="64100" Z="0"/>
					<Vertex X="41289" Y="64274" Z="0"/>
					<Vertex X="41174" Y="64447" Z="0"/>
					<Vertex X="41174" Y="64678" Z="0"/>
					<Vertex X="41116" Y="65082" Z="0"/>
					<Vertex X="41116" Y="65313" Z="0"/>
					<Vertex X="41116" Y="65486" Z="0"/>
					<Vertex X="41116" Y="65660" Z="0"/>
					<Vertex X="41116" Y="65717" Z="0"/>
					<Vertex X="41116" Y="65948" Z="0"/>
					<Vertex X="41174" Y="66064" Z="0"/>
					<Vertex X="41174" Y="66237" Z="0"/>
					<Vertex X="41289" Y="66410" Z="0"/>
					<Vertex X="41347" Y="66699" Z="0"/>
					<Vertex X="41463" Y="66872" Z="0"/>
					<Vertex X="41520" Y="66930" Z="0"/>
					<Vertex X="41636" Y="67103" Z="0"/>
					<Vertex X="41694" Y="67277" Z="0"/>
					<Vertex X="41982" Y="67681" Z="0"/>
					<Vertex X="42040" Y="67796" Z="0"/>
					<Vertex X="42213" Y="68085" Z="0"/>
					<Vertex X="42387" Y="68258" Z="0"/>
					<Vertex X="42560" Y="68547" Z="0"/>
					<Vertex X="42733" Y="68778" Z="0"/>
					<Vertex X="43022" Y="69182" Z="0"/>
					<Vertex X="43195" Y="69471" Z="0"/>
					<Vertex X="43311" Y="69702" Z="0"/>
					<Vertex X="43542" Y="69991" Z="0"/>
					<Vertex X="43773" Y="70279" Z="0"/>
					<Vertex X="44004" Y="70684" Z="0"/>
					<Vertex X="44177" Y="70915" Z="0"/>
					<Vertex X="44408" Y="71203" Z="0"/>
					<Vertex X="44581" Y="71434" Z="0"/>
					<Vertex X="44754" Y="71723" Z="0"/>
					<Vertex X="44928" Y="71896" Z="0"/>
					<Vertex X="45101" Y="72127" Z="0"/>
					<Vertex X="45274" Y="72301" Z="0"/>
					<Vertex X="45505" Y="72647" Z="0"/>
					<Vertex X="45678" Y="72936" Z="0"/>
					<Vertex X="45852" Y="73109" Z="0"/>
					<Vertex X="46025" Y="73340" Z="0"/>
					<Vertex X="46198" Y="73513" Z="0"/>
					<Vertex X="46371" Y="73744" Z="0"/>
					<Vertex X="46545" Y="73860" Z="0"/>
					<Vertex X="46718" Y="74149" Z="0"/>
					<Vertex X="46891" Y="74322" Z="0"/>
					<Vertex X="47064" Y="74495" Z="0"/>
					<Vertex X="47295" Y="74726" Z="0"/>
					<Vertex X="47526" Y="74899" Z="0"/>
					<Vertex X="47757" Y="75188" Z="0"/>
					<Vertex X="47931" Y="75361" Z="0"/>
					<Vertex X="48104" Y="75535" Z="0"/>
					<Vertex X="48277" Y="75766" Z="0"/>
					<Vertex X="48450" Y="76054" Z="0"/>
					<Vertex X="48623" Y="76227" Z="0"/>
					<Vertex X="49259" Y="75939" Z="0"/>
					<Vertex X="52377" Y="78884" Z="0"/>
					<Vertex X="52608" Y="79057" Z="0"/>
					<Vertex X="52781" Y="79230" Z="0"/>
					<Vertex X="52955" Y="79346" Z="0"/>
					<Vertex X="53186" Y="79519" Z="0"/>
					<Vertex X="53359" Y="79577" Z="0"/>
					<Vertex X="53532" Y="79692" Z="0"/>
					<Vertex X="53763" Y="79750" Z="0"/>
					<Vertex X="53821" Y="79750" Z="0"/>
					<Vertex X="53994" Y="79866" Z="0"/>
					<Vertex X="54167" Y="79923" Z="0"/>
					<Vertex X="54283" Y="79923" Z="0"/>
					<Vertex X="54341" Y="80039" Z="0"/>
					<Vertex X="54398" Y="80039" Z="0"/>
					<Vertex X="54398" Y="80097" Z="0"/>
					<Vertex X="54514" Y="80097" Z="0"/>
					<Vertex X="54629" Y="80097" Z="0"/>
					<Vertex X="54629" Y="80212" Z="0"/>
					<Vertex X="54687" Y="80212" Z="0"/>
					<Vertex X="54745" Y="80212" Z="0"/>
					<Vertex X="54860" Y="80212" Z="0"/>
					<Vertex X="54918" Y="80212" Z="0"/>
					<Vertex X="55034" Y="80270" Z="0"/>
					<Vertex X="55207" Y="80270" Z="0"/>
					<Vertex X="55322" Y="80270" Z="0"/>
					<Vertex X="55380" Y="80385" Z="0"/>
					<Vertex X="55553" Y="80385" Z="0"/>
					<Vertex X="55669" Y="80385" Z="0"/>
					<Vertex X="55842" Y="80443" Z="0"/>
					<Vertex X="55900" Y="80443" Z="0"/>
					<Vertex X="56073" Y="80559" Z="0"/>
					<Vertex X="56188" Y="80559" Z="0"/>
					<Vertex X="56246" Y="80616" Z="0"/>
					<Vertex X="56419" Y="80732" Z="0"/>
					<Vertex X="56477" Y="80790" Z="0"/>
					<Vertex X="56650" Y="80790" Z="0"/>
					<Vertex X="56766" Y="80905" Z="0"/>
					<Vertex X="56881" Y="80905" Z="0"/>
					<Vertex X="56939" Y="80905" Z="0"/>
					<Vertex X="57055" Y="80905" Z="0"/>
					<Vertex X="57112" Y="80963" Z="0"/>
					<Vertex X="57228" Y="80963" Z="0"/>
					<Vertex X="57286" Y="80963" Z="0"/>
					<Vertex X="57286" Y="81078" Z="0"/>
					<Vertex X="57401" Y="81078" Z="0"/>
					<Vertex X="57459" Y="81078" Z="0"/>
					<Vertex X="57517" Y="81136" Z="0"/>
					<Vertex X="57632" Y="81136" Z="0"/>
					<Vertex X="57748" Y="81136" Z="0"/>
					<Vertex X="57805" Y="81252" Z="0"/>
					<Vertex X="57863" Y="81252" Z="0"/>
					<Vertex X="57863" Y="81309" Z="0"/>
					<Vertex X="57979" Y="81309" Z="0"/>
					<Vertex X="58036" Y="81309" Z="0"/>
					<Vertex X="58036" Y="81425" Z="0"/>
					<Vertex X="58152" Y="81425" Z="0"/>
					<Vertex X="58210" Y="81425" Z="0"/>
					<Vertex X="58325" Y="81483" Z="0"/>
					<Vertex X="58441" Y="81483" Z="0"/>
					<Vertex X="58498" Y="81598" Z="0"/>
					<Vertex X="58614" Y="81598" Z="0"/>
					<Vertex X="58672" Y="81598" Z="0"/>
					<Vertex X="58787" Y="81598" Z="0"/>
					<Vertex X="58845" Y="81598" Z="0"/>
					<Vertex X="58960" Y="81598" Z="0"/>
					<Vertex X="59018" Y="81598" Z="0"/>
					<Vertex X="59076" Y="81598" Z="0"/>
					<Vertex X="59191" Y="81483" Z="0"/>
					<Vertex X="59307" Y="81483" Z="0"/>
					<Vertex X="59365" Y="81483" Z="0"/>
					<Vertex X="59422" Y="81483" Z="0"/>
					<Vertex X="59538" Y="81483" Z="0"/>
					<Vertex X="59538" Y="81425" Z="0"/>
					<Vertex X="59596" Y="81425" Z="0"/>
					<Vertex X="59711" Y="81425" Z="0"/>
					<Vertex X="59769" Y="81425" Z="0"/>
					<Vertex X="59884" Y="81425" Z="0"/>
					<Vertex X="59884" Y="81309" Z="0"/>
					<Vertex X="60058" Y="81309" Z="0"/>
					<Vertex X="60058" Y="81252" Z="0"/>
					<Vertex X="60173" Y="81252" Z="0"/>
					<Vertex X="60231" Y="81136" Z="0"/>
					<Vertex X="60346" Y="81136" Z="0"/>
					<Vertex X="60346" Y="81078" Z="0"/>
					<Vertex X="60404" Y="81078" Z="0"/>
					<Vertex X="60404" Y="80963" Z="0"/>
					<Vertex X="60520" Y="80905" Z="0"/>
					<Vertex X="60520" Y="80790" Z="0"/>
					<Vertex X="60520" Y="80732" Z="0"/>
					<Vertex X="60520" Y="80616" Z="0"/>
					<Vertex X="60520" Y="80559" Z="0"/>
					<Vertex X="60520" Y="80443" Z="0"/>
					<Vertex X="60520" Y="80385" Z="0"/>
					<Vertex X="60404" Y="80212" Z="0"/>
					<Vertex X="60346" Y="80097" Z="0"/>
					<Vertex X="60231" Y="79923" Z="0"/>
					<Vertex X="60173" Y="79750" Z="0"/>
					<Vertex X="60173" Y="79692" Z="0"/>
					<Vertex X="60000" Y="79519" Z="0"/>
					<Vertex X="60000" Y="79404" Z="0"/>
					<Vertex X="59769" Y="79230" Z="0"/>
					<Vertex X="59711" Y="79057" Z="0"/>
					<Vertex X="59596" Y="78999" Z="0"/>
					<Vertex X="59538" Y="78884" Z="0"/>
					<Vertex X="59365" Y="78711" Z="0"/>
					<Vertex X="59191" Y="78537" Z="0"/>
					<Vertex X="59076" Y="78480" Z="0"/>
					<Vertex X="59018" Y="78364" Z="0"/>
					<Vertex X="58960" Y="78306" Z="0"/>
					<Vertex X="58845" Y="78133" Z="0"/>
					<Vertex X="58614" Y="78018" Z="0"/>
					<Vertex X="58498" Y="77960" Z="0"/>
					<Vertex X="58325" Y="77787" Z="0"/>
					<Vertex X="58210" Y="77787" Z="0"/>
					<Vertex X="58036" Y="77671" Z="0"/>
					<Vertex X="57979" Y="77498" Z="0"/>
					<Vertex X="57748" Y="77440" Z="0"/>
					<Vertex X="57632" Y="77325" Z="0"/>
					<Vertex X="57517" Y="77267" Z="0"/>
					<Vertex X="57459" Y="77151" Z="0"/>
					<Vertex X="57286" Y="77094" Z="0"/>
					<Vertex X="57228" Y="76920" Z="0"/>
					<Vertex X="57055" Y="76805" Z="0"/>
					<Vertex X="56939" Y="76632" Z="0"/>
					<Vertex X="56881" Y="76574" Z="0"/>
					<Vertex X="56650" Y="76458" Z="0"/>
					<Vertex X="56593" Y="76401" Z="0"/>
					<Vertex X="56477" Y="76227" Z="0"/>
					<Vertex X="56419" Y="76112" Z="0"/>
					<Vertex X="56304" Y="75939" Z="0"/>
					<Vertex X="56246" Y="75881" Z="0"/>
					<Vertex X="56246" Y="75766" Z="0"/>
					<Vertex X="56188" Y="75708" Z="0"/>
					<Vertex X="56188" Y="75535" Z="0"/>
					<Vertex X="56188" Y="75419" Z="0"/>
					<Vertex X="56246" Y="75361" Z="0"/>
					<Vertex X="56246" Y="75246" Z="0"/>
					<Vertex X="56304" Y="75188" Z="0"/>
					<Vertex X="56477" Y="75015" Z="0"/>
					<Vertex X="56593" Y="74899" Z="0"/>
					<Vertex X="56650" Y="74842" Z="0"/>
					<Vertex X="56881" Y="74726" Z="0"/>
					<Vertex X="56881" Y="74668" Z="0"/>
					<Vertex X="57055" Y="74495" Z="0"/>
					<Vertex X="57112" Y="74322" Z="0"/>
					<Vertex X="57228" Y="74149" Z="0"/>
					<Vertex X="57401" Y="73975" Z="0"/>
					<Vertex X="57459" Y="73802" Z="0"/>
					<Vertex X="57632" Y="73744" Z="0"/>
					<Vertex X="57805" Y="73513" Z="0"/>
					<Vertex X="57863" Y="73340" Z="0"/>
					<Vertex X="57979" Y="73282" Z="0"/>
					<Vertex X="58036" Y="73109" Z="0"/>
					<Vertex X="58210" Y="72994" Z="0"/>
					<Vertex X="58325" Y="72936" Z="0"/>
					<Vertex X="58441" Y="72820" Z="0"/>
					<Vertex X="58498" Y="72647" Z="0"/>
					<Vertex X="58614" Y="72589" Z="0"/>
					<Vertex X="58787" Y="72416" Z="0"/>
					<Vertex X="58845" Y="72243" Z="0"/>
					<Vertex X="58960" Y="72070" Z="0"/>
					<Vertex X="59076" Y="71781" Z="0"/>
					<Vertex X="59191" Y="71723" Z="0"/>
					<Vertex X="59365" Y="71550" Z="0"/>
					<Vertex X="59422" Y="71434" Z="0"/>
					<Vertex X="59538" Y="71261" Z="0"/>
					<Vertex X="59596" Y="71146" Z="0"/>
					<Vertex X="59711" Y="70915" Z="0"/>
					<Vertex X="59769" Y="70857" Z="0"/>
					<Vertex X="60000" Y="70568" Z="0"/>
					<Vertex X="60058" Y="70395" Z="0"/>
					<Vertex X="60173" Y="70337" Z="0"/>
					<Vertex X="60231" Y="70164" Z="0"/>
					<Vertex X="60404" Y="69875" Z="0"/>
					<Vertex X="60520" Y="69702" Z="0"/>
					<Vertex X="60577" Y="69529" Z="0"/>
					<Vertex X="60751" Y="69413" Z="0"/>
					<Vertex X="60866" Y="69182" Z="0"/>
					<Vertex X="60924" Y="69009" Z="0"/>
					<Vertex X="60982" Y="68836" Z="0"/>
					<Vertex X="61097" Y="68605" Z="0"/>
					<Vertex X="61097" Y="68431" Z="0"/>
					<Vertex X="61155" Y="68258" Z="0"/>
					<Vertex X="61270" Y="68143" Z="0"/>
					<Vertex X="61270" Y="67970" Z="0"/>
					<Vertex X="61328" Y="67739" Z="0"/>
					<Vertex X="61328" Y="67565" Z="0"/>
					<Vertex X="61444" Y="67392" Z="0"/>
					<Vertex X="61444" Y="67219" Z="0"/>
					<Vertex X="61559" Y="66930" Z="0"/>
					<Vertex X="61559" Y="66699" Z="0"/>
					<Vertex X="61559" Y="66526" Z="0"/>
					<Vertex X="61559" Y="66237" Z="0"/>
					<Vertex X="61617" Y="66064" Z="0"/>
					<Vertex X="61617" Y="65833" Z="0"/>
					<Vertex X="61617" Y="65660" Z="0"/>
					<Vertex X="61732" Y="65486" Z="0"/>
					<Vertex X="61732" Y="65313" Z="0"/>
					<Vertex X="61732" Y="65082" Z="0"/>
					<Vertex X="61790" Y="64851" Z="0"/>
					<Vertex X="61790" Y="64678" Z="0"/>
					<Vertex X="61906" Y="64447" Z="0"/>
					<Vertex X="61906" Y="64216" Z="0"/>
					<Vertex X="61963" Y="63985" Z="0"/>
					<Vertex X="61963" Y="63812" Z="0"/>
					<Vertex X="62079" Y="63581" Z="0"/>
					<Vertex X="62137" Y="63523" Z="0"/>
					<Vertex X="62194" Y="63234" Z="0"/>
					<Vertex X="62194" Y="63061" Z="0"/>
					<Vertex X="62310" Y="62888" Z="0"/>
					<Vertex X="62310" Y="62714" Z="0"/>
					<Vertex X="62425" Y="62541" Z="0"/>
					<Vertex X="62425" Y="62252" Z="0"/>
					<Vertex X="62425" Y="62195" Z="0"/>
					<Vertex X="62425" Y="62021" Z="0"/>
					<Vertex X="62425" Y="61790" Z="0"/>
					<Vertex X="62425" Y="61675" Z="0"/>
					<Vertex X="62425" Y="61502" Z="0"/>
					<Vertex X="62425" Y="61328" Z="0"/>
					<Vertex X="62425" Y="61040" Z="0"/>
					<Vertex X="62425" Y="60924" Z="0"/>
					<Vertex X="62425" Y="60751" Z="0"/>
					<Vertex X="62425" Y="60636" Z="0"/>
					<Vertex X="62310" Y="60462" Z="0"/>
					<Vertex X="62194" Y="60347" Z="0"/>
					<Vertex X="62194" Y="60174" Z="0"/>
					<Vertex X="62137" Y="60116" Z="0"/>
					<Vertex X="62079" Y="59943" Z="0"/>
					<Vertex X="62079" Y="59885" Z="0"/>
					<Vertex X="61963" Y="59596" Z="0"/>
					<Vertex X="61906" Y="59423" Z="0"/>
					<Vertex X="61790" Y="59307" Z="0"/>
					<Vertex X="61732" Y="59076" Z="0"/>
					<Vertex X="61617" Y="58903" Z="0"/>
					<Vertex X="61559" Y="58730" Z="0"/>
					<Vertex X="61444" Y="58557" Z="0"/>
					<Vertex X="61328" Y="58326" Z="0"/>
					<Vertex X="61270" Y="58152" Z="0"/>
					<Vertex X="61155" Y="57921" Z="0"/>
					<Vertex X="61097" Y="57575" Z="0"/>
					<Vertex X="60924" Y="57402" Z="0"/>
					<Vertex X="60866" Y="57344" Z="0"/>
					<Vertex X="60751" Y="57171" Z="0"/>
					<Vertex X="60577" Y="56997" Z="0"/>
					<Vertex X="60520" Y="56824" Z="0"/>
					<Vertex X="60346" Y="56709" Z="0"/>
					<Vertex X="60173" Y="56478" Z="0"/>
					<Vertex X="60058" Y="56420" Z="0"/>
					<Vertex X="60000" Y="56304" Z="0"/>
					<Vertex X="59769" Y="56131" Z="0"/>
					<Vertex X="59596" Y="55958" Z="0"/>
					<Vertex X="59538" Y="55842" Z="0"/>
					<Vertex X="59422" Y="55727" Z="0"/>
					<Vertex X="59307" Y="55554" Z="0"/>
					<Vertex X="59076" Y="55323" Z="0"/>
					<Vertex X="59018" Y="55207" Z="0"/>
					<Vertex X="58845" Y="54976" Z="0"/>
					<Vertex X="58614" Y="54861" Z="0"/>
					<Vertex X="58498" Y="54745" Z="0"/>
					<Vertex X="58325" Y="54572" Z="0"/>
					<Vertex X="58152" Y="54399" Z="0"/>
					<Vertex X="57863" Y="54225" Z="0"/>
					<Vertex X="57805" Y="54110" Z="0"/>
					<Vertex X="57517" Y="53994" Z="0"/>
					<Vertex X="57286" Y="53706" Z="0"/>
					<Vertex X="56939" Y="53532" Z="0"/>
					<Vertex X="56650" Y="53244" Z="0"/>
					<Vertex X="56246" Y="53013" Z="0"/>
					<Vertex X="56073" Y="52840" Z="0"/>
					<Vertex X="55900" Y="52666" Z="0"/>
					<Vertex X="55727" Y="52378" Z="0"/>
					<Vertex X="55496" Y="52031" Z="0"/>
					<Vertex X="54687" Y="50645" Z="0"/>
					<Vertex X="54341" Y="50125" Z="0"/>
					<Vertex X="54283" Y="49894" Z="0"/>
					<Vertex X="54110" Y="49606" Z="0"/>
					<Vertex X="53936" Y="49317" Z="0"/>
					<Vertex X="53821" Y="49144" Z="0"/>
					<Vertex X="53648" Y="48913" Z="0"/>
					<Vertex X="53474" Y="48682" Z="0"/>
					<Vertex X="53359" Y="48393" Z="0"/>
					<Vertex X="53301" Y="48277" Z="0"/>
					<Vertex X="53128" Y="47989" Z="0"/>
					<Vertex X="53070" Y="47815" Z="0"/>
					<Vertex X="52955" Y="47700" Z="0"/>
					<Vertex X="52897" Y="47527" Z="0"/>
					<Vertex X="52724" Y="47411" Z="0"/>
					<Vertex X="52608" Y="47180" Z="0"/>
					<Vertex X="52435" Y="47007" Z="0"/>
					<Vertex X="52377" Y="46834" Z="0"/>
					<Vertex X="52088" Y="46603" Z="0"/>
					<Vertex X="51973" Y="46429" Z="0"/>
					<Vertex X="51742" Y="46083" Z="0"/>
					<Vertex X="51511" Y="45794" Z="0"/>
					<Vertex X="51164" Y="45563" Z="0"/>
					<Vertex X="50991" Y="45390" Z="0"/>
					<Vertex X="50645" Y="45101" Z="0"/>
					<Vertex X="50240" Y="44870" Z="0"/>
					<Vertex X="50067" Y="44697" Z="0"/>
					<Vertex X="49778" Y="44408" Z="0"/>
					<Vertex X="49490" Y="44235" Z="0"/>
					<Vertex X="49259" Y="44062" Z="0"/>
					<Vertex X="48970" Y="44004" Z="0"/>
					<Vertex X="48623" Y="43946" Z="0"/>
					<Vertex X="48450" Y="43831" Z="0"/>
					<Vertex X="48219" Y="43715" Z="0"/>
					<Vertex X="48046" Y="43658" Z="0"/>
					<Vertex X="47700" Y="43542" Z="0"/>
					<Vertex X="47411" Y="43542" Z="0"/>
					<Vertex X="47064" Y="43542" Z="0"/>
					<Vertex X="46833" Y="43542" Z="0"/>
					<Vertex X="46371" Y="43542" Z="0"/>
					<Vertex X="46140" Y="43658" Z="0"/>
					<Vertex X="45852" Y="43715" Z="0"/>
					<Vertex X="45678" Y="43715" Z="0"/>
					<Vertex X="45390" Y="43946" Z="0"/>
					<Vertex X="45159" Y="44004" Z="0"/>
					<Vertex X="44928" Y="44177" Z="0"/>
					<Vertex X="44754" Y="44235" Z="0"/>
					<Vertex X="44581" Y="44524" Z="0"/>
					<Vertex X="44408" Y="44582" Z="0"/>
					<Vertex X="44292" Y="44813" Z="0"/>
					<Vertex X="44177" Y="45044" Z="0"/>
					<Vertex X="44004" Y="45275" Z="0"/>
					<Vertex X="43946" Y="45390" Z="0"/>
					<Vertex X="43773" Y="45621" Z="0"/>
					<Vertex X="43542" Y="45794" Z="0"/>
					<Vertex X="43311" Y="45910" Z="0"/>
					<Vertex X="43195" Y="46083" Z="0"/>
					<Vertex X="42849" Y="46083" Z="0"/>
					<Vertex X="42733" Y="46083" Z="0"/>
					<Vertex X="42560" Y="45910" Z="0"/>
					<Vertex X="42444" Y="45910" Z="0"/>
					<Vertex X="42387" Y="45794" Z="0"/>
					<Vertex X="42329" Y="45621" Z="0"/>
					<Vertex X="42213" Y="45563" Z="0"/>
					<Vertex X="42213" Y="45390" Z="0"/>
					<Vertex X="42213" Y="45275" Z="0"/>
					<Vertex X="42213" Y="45101" Z="0"/>
					<Vertex X="42156" Y="44928" Z="0"/>
					<Vertex X="42156" Y="44813" Z="0"/>
					<Vertex X="42156" Y="44524" Z="0"/>
					<Vertex X="42156" Y="44408" Z="0"/>
					<Vertex X="42040" Y="44177" Z="0"/>
					<Vertex X="42040" Y="44062" Z="0"/>
					<Vertex X="41982" Y="43831" Z="0"/>
					<Vertex X="41867" Y="43658" Z="0"/>
					<Vertex X="41867" Y="43484" Z="0"/>
					<Vertex X="41694" Y="43253" Z="0"/>
					<Vertex X="41636" Y="42849" Z="0"/>
					<Vertex X="41520" Y="42676" Z="0"/>
					<Vertex X="41463" Y="42445" Z="0"/>
					<Vertex X="41289" Y="42272" Z="0"/>
					<Vertex X="41174" Y="41983" Z="0"/>
					<Vertex X="41116" Y="41810" Z="0"/>
					<Vertex X="40885" Y="41579" Z="0"/>
					<Vertex X="40828" Y="41405" Z="0"/>
					<Vertex X="40654" Y="41117" Z="0"/>
					<Vertex X="40539" Y="40943" Z="0"/>
					<Vertex X="40366" Y="40712" Z="0"/>
					<Vertex X="40308" Y="40597" Z="0"/>
					<Vertex X="40135" Y="40250" Z="0"/>
					<Vertex X="39961" Y="40019" Z="0"/>
					<Vertex X="39788" Y="39904" Z="0"/>
					<Vertex X="39615" Y="39673" Z="0"/>
					<Vertex X="39442" Y="39500" Z="0"/>
					<Vertex X="39268" Y="39211" Z="0"/>
					<Vertex X="39153" Y="38980" Z="0"/>
					<Vertex X="38980" Y="38691" Z="0"/>
					<Vertex X="38922" Y="38518" Z="0"/>
					<Vertex X="38633" Y="38171" Z="0"/>
					<Vertex X="38575" Y="37998" Z="0"/>
					<Vertex X="38287" Y="37767" Z="0"/>
					<Vertex X="38056" Y="37479" Z="0"/>
					<Vertex X="37882" Y="37305" Z="0"/>
					<Vertex X="37594" Y="36959" Z="0"/>
					<Vertex X="37420" Y="36786" Z="0"/>
					<Vertex X="37189" Y="36555" Z="0"/>
					<Vertex X="37016" Y="36381" Z="0"/>
					<Vertex X="36727" Y="36093" Z="0"/>
					<Vertex X="36496" Y="35919" Z="0"/>
					<Vertex X="36150" Y="35688" Z="0"/>
					<Vertex X="35803" Y="35400" Z="0"/>
					<Vertex X="35457" Y="35169" Z="0"/>
					<Vertex X="35284" Y="35053" Z="0"/>
					<Vertex X="34937" Y="34880" Z="0"/>
					<Vertex X="34648" Y="34822" Z="0"/>
					<Vertex X="34244" Y="34649" Z="0"/>
					<Vertex X="33898" Y="34533" Z="0"/>
					<Vertex X="33551" Y="34476" Z="0"/>
					<Vertex X="33378" Y="34476" Z="0"/>
					<Vertex X="33032" Y="34476" Z="0"/>
					<Vertex X="32743" Y="34476" Z="0"/>
					<Vertex X="32396" Y="34533" Z="0"/>
					<Vertex X="32050" Y="34649" Z="0"/>
					<Vertex X="31877" Y="34707" Z="0"/>
					<Vertex X="31646" Y="34880" Z="0"/>
					<Vertex X="31472" Y="34995" Z="0"/>
					<Vertex X="31184" Y="35226" Z="0"/>
					<Vertex X="31126" Y="35400" Z="0"/>
					<Vertex X="30953" Y="35688" Z="0"/>
					<Vertex X="30837" Y="35862" Z="0"/>
					<Vertex X="30779" Y="36035" Z="0"/>
					<Vertex X="30664" Y="36208" Z="0"/>
					<Vertex X="30606" Y="36555" Z="0"/>
					<Vertex X="30491" Y="36612" Z="0"/>
					<Vertex X="30433" Y="36901" Z="0"/>
					<Vertex X="30317" Y="36959" Z="0"/>
					<Vertex X="30144" Y="37132" Z="0"/>
					<Vertex X="29971" Y="37248" Z="0"/>
					<Vertex X="29913" Y="37248" Z="0"/>
					<Vertex X="29740" Y="37248" Z="0"/>
					<Vertex X="29567" Y="37248" Z="0"/>
					<Vertex X="29451" Y="37248" Z="0"/>
					<Vertex X="29393" Y="37132" Z="0"/>
					<Vertex X="29278" Y="37132" Z="0"/>
					<Vertex X="29105" Y="36959" Z="0"/>
					<Vertex X="28931" Y="36901" Z="0"/>
					<Vertex X="28874" Y="36786" Z="0"/>
					<Vertex X="28700" Y="36612" Z="0"/>
					<Vertex X="28527" Y="36381" Z="0"/>
					<Vertex X="28527" Y="36266" Z="0"/>
					<Vertex X="28354" Y="36035" Z="0"/>
					<Vertex X="28354" Y="35862" Z="0"/>
					<Vertex X="28238" Y="35573" Z="0"/>
					<Vertex X="28065" Y="35342" Z="0"/>
					<Vertex X="28007" Y="35169" Z="0"/>
					<Vertex X="27892" Y="34995" Z="0"/>
					<Vertex X="27719" Y="34707" Z="0"/>
					<Vertex X="27545" Y="34533" Z="0"/>
					<Vertex X="27372" Y="34302" Z="0"/>
					<Vertex X="27314" Y="34187" Z="0"/>
					<Vertex X="27026" Y="34014" Z="0"/>
					<Vertex X="26795" Y="33840" Z="0"/>
					<Vertex X="26621" Y="33783" Z="0"/>
					<Vertex X="26448" Y="33609" Z="0"/>
					<Vertex X="26159" Y="33436" Z="0"/>
					<Vertex X="25986" Y="33321" Z="0"/>
					<Vertex X="25813" Y="33147" Z="0"/>
					<Vertex X="25582" Y="32974" Z="0"/>
					<Vertex X="25236" Y="32916" Z="0"/>
					<Vertex X="25062" Y="32801" Z="0"/>
					<Vertex X="24774" Y="32628" Z="0"/>
					<Vertex X="24600" Y="32454" Z="0"/>
					<Vertex X="24427" Y="32397" Z="0"/>
					<Vertex X="24196" Y="32223" Z="0"/>
					<Vertex X="23907" Y="32108" Z="0"/>
					<Vertex X="23734" Y="31935" Z="0"/>
					<Vertex X="23561" Y="31877" Z="0"/>
					<Vertex X="23214" Y="31704" Z="0"/>
					<Vertex X="22983" Y="31588" Z="0"/>
					<Vertex X="22695" Y="31530" Z="0"/>
					<Vertex X="22464" Y="31415" Z="0"/>
					<Vertex X="22175" Y="31357" Z="0"/>
					<Vertex X="21944" Y="31242" Z="0"/>
					<Vertex X="21597" Y="31242" Z="0"/>
					<Vertex X="21251" Y="31242" Z="0"/>
					<Vertex X="20904" Y="31242" Z="0"/>
					<Vertex X="20558" Y="31357" Z="0"/>
					<Vertex X="20096" Y="31357" Z="0"/>
					<Vertex X="19749" Y="31415" Z="0"/>
					<Vertex X="19403" Y="31530" Z="0"/>
					<Vertex X="19172" Y="31588" Z="0"/>
					<Vertex X="18825" Y="31761" Z="0"/>
					<Vertex X="18537" Y="31935" Z="0"/>
					<Vertex X="18190" Y="32108" Z="0"/>
					<Vertex X="18017" Y="32281" Z="0"/>
					<Vertex X="17786" Y="32454" Z="0"/>
					<Vertex X="17497" Y="32628" Z="0"/>
					<Vertex X="17324" Y="32801" Z="0"/>
					<Vertex X="17151" Y="32916" Z="0"/>
					<Vertex X="16978" Y="33090" Z="0"/>
					<Vertex X="16804" Y="33263" Z="0"/>
					<Vertex X="16747" Y="33494" Z="0"/>
					<Vertex X="16573" Y="33609" Z="0"/>
					<Vertex X="16458" Y="33783" Z="0"/>
					<Vertex X="16285" Y="33956" Z="0"/>
					<Vertex X="16111" Y="34014" Z="0"/>
					<Vertex X="15938" Y="34187" Z="0"/>
					<Vertex X="15765" Y="34187" Z="0"/>
					<Vertex X="15592" Y="34187" Z="0"/>
					<Vertex X="15418" Y="34302" Z="0"/>
					<Vertex X="15361" Y="34302" Z="0"/>
					<Vertex X="15245" Y="34187" Z="0"/>
					<Vertex X="15072" Y="34129" Z="0"/>
					<Vertex X="15014" Y="33956" Z="0"/>
					<Vertex X="14899" Y="33783" Z="0"/>
					<Vertex X="14899" Y="33609" Z="0"/>
					<Vertex X="14841" Y="33436" Z="0"/>
					<Vertex X="14841" Y="33263" Z="0"/>
					<Vertex X="14725" Y="33090" Z="0"/>
					<Vertex X="14668" Y="32974" Z="0"/>
					<Vertex X="14552" Y="32916" Z="0"/>
					<Vertex X="14321" Y="32801" Z="0"/>
					<Vertex X="14206" Y="32743" Z="0"/>
					<Vertex X="13859" Y="32743" Z="0"/>
					<Vertex X="13686" Y="32743" Z="0"/>
					<Vertex X="13339" Y="32916" Z="0"/>
					<Vertex X="13108" Y="33090" Z="0"/>
					<Vertex X="12820" Y="33147" Z="0"/>
					<Vertex X="12589" Y="33321" Z="0"/>
					<Vertex X="12300" Y="33494" Z="0"/>
					<Vertex X="12069" Y="33783" Z="0"/>
					<Vertex X="11780" Y="34014" Z="0"/>
					<Vertex X="11607" Y="34302" Z="0"/>
					<Vertex X="11434" Y="34476" Z="0"/>
					<Vertex X="11260" Y="34707" Z="0"/>
					<Vertex X="11203" Y="34822" Z="0"/>
					<Vertex X="11029" Y="34995" Z="0"/>
					<Vertex X="10914" Y="35169" Z="0"/>
					<Vertex X="10741" Y="35342" Z="0"/>
					<Vertex X="10683" Y="35342" Z="0"/>
					<Vertex X="10510" Y="35400" Z="0"/>
					<Vertex X="10337" Y="35400" Z="0"/>
					<Vertex X="10221" Y="35400" Z="0"/>
					<Vertex X="10163" Y="35400" Z="0"/>
					<Vertex X="9990" Y="35342" Z="0"/>
					<Vertex X="9875" Y="35226" Z="0"/>
					<Vertex X="9817" Y="35169" Z="0"/>
					<Vertex X="9701" Y="34995" Z="0"/>
					<Vertex X="9701" Y="34707" Z="0"/>
					<Vertex X="9701" Y="34533" Z="0"/>
					<Vertex X="9701" Y="34360" Z="0"/>
					<Vertex X="9817" Y="34187" Z="0"/>
					<Vertex X="9875" Y="34014" Z="0"/>
					<Vertex X="9990" Y="33783" Z="0"/>
					<Vertex X="9990" Y="33609" Z="0"/>
					<Vertex X="10048" Y="33436" Z="0"/>
					<Vertex X="10163" Y="33263" Z="0"/>
					<Vertex X="10163" Y="33147" Z="0"/>
					<Vertex X="10221" Y="32974" Z="0"/>
					<Vertex X="10337" Y="32801" Z="0"/>
					<Vertex X="10394" Y="32743" Z="0"/>
					<Vertex X="10394" Y="32570" Z="0"/>
					<Vertex X="10510" Y="32397" Z="0"/>
					<Vertex X="10510" Y="32223" Z="0"/>
					<Vertex X="10510" Y="32050" Z="0"/>
					<Vertex X="10510" Y="31877" Z="0"/>
					<Vertex X="10510" Y="31704" Z="0"/>
					<Vertex X="10394" Y="31588" Z="0"/>
					<Vertex X="10337" Y="31415" Z="0"/>
					<Vertex X="10163" Y="31357" Z="0"/>
					<Vertex X="10048" Y="31184" Z="0"/>
					<Vertex X="9817" Y="31068" Z="0"/>
					<Vertex X="9701" Y="30895" Z="0"/>
					<Vertex X="9470" Y="30837" Z="0"/>
					<Vertex X="9182" Y="30664" Z="0"/>
					<Vertex X="8951" Y="30549" Z="0"/>
					<Vertex X="8662" Y="30491" Z="0"/>
					<Vertex X="8489" Y="30376" Z="0"/>
					<Vertex X="8315" Y="30318" Z="0"/>
					<Vertex X="8142" Y="30318" Z="0"/>
					<Vertex X="7969" Y="30202" Z="0"/>
					<Vertex X="7738" Y="30202" Z="0"/>
					<Vertex X="7565" Y="30145" Z="0"/>
					<Vertex X="7391" Y="30029" Z="0"/>
					<Vertex X="7218" Y="30029" Z="0"/>
					<Vertex X="7045" Y="29971" Z="0"/>
					<Vertex X="6872" Y="29971" Z="0"/>
					<Vertex X="6698" Y="29856" Z="0"/>
					<Vertex X="6525" Y="29798" Z="0"/>
					<Vertex X="6410" Y="29798" Z="0"/>
					<Vertex X="6352" Y="29683" Z="0"/>
					<Vertex X="6236" Y="29683" Z="0"/>
					<Vertex X="6063" Y="29625" Z="0"/>
					<Vertex X="6005" Y="29625" Z="0"/>
					<Vertex X="5890" Y="29625" Z="0"/>
					<Vertex X="5890" Y="29509" Z="0"/>
					<Vertex X="5717" Y="29509" Z="0"/>
					<Vertex X="5659" Y="29509" Z="0"/>
					<Vertex X="5486" Y="29452" Z="0"/>
					<Vertex X="5312" Y="29336" Z="0"/>
					<Vertex X="5197" Y="29336" Z="0"/>
					<Vertex X="5197" Y="29452" Z="0"/>
					<Vertex X="5139" Y="29452" Z="0"/>
					<Vertex X="5024" Y="29336" Z="0"/>
				</Vertices>
			</Region>
			<Region Id="2" Type="0" Zoom="0.017166" Selected="1" ImageLocation="" ImageFocus="-1" Length="89163.4" Area="189941748.5" LengthMicrons="22487.0" AreaMicrons="12081214.5" Text="" NegativeROA="0" InputRegionId="0" Analyze="1" DisplayId="2">
				<Attributes/>
				<Vertices>
					<Vertex X="66468" Y="43369" Z="0"/>
					<Vertex X="62656" Y="45563" Z="0"/>
					<Vertex X="62541" Y="45621" Z="0"/>
					<Vertex X="62483" Y="45794" Z="0"/>
					<Vertex X="62425" Y="45910" Z="0"/>
					<Vertex X="62310" Y="46083" Z="0"/>
					<Vertex X="62194" Y="46256" Z="0"/>
					<Vertex X="62137" Y="46545" Z="0"/>
					<Vertex X="62137" Y="46660" Z="0"/>
					<Vertex X="62137" Y="46949" Z="0"/>
					<Vertex X="62194" Y="47180" Z="0"/>
					<Vertex X="62310" Y="47411" Z="0"/>
					<Vertex X="62483" Y="47700" Z="0"/>
					<Vertex X="62541" Y="47873" Z="0"/>
					<Vertex X="62714" Y="48162" Z="0"/>
					<Vertex X="62887" Y="48335" Z="0"/>
					<Vertex X="63118" Y="48682" Z="0"/>
					<Vertex X="63292" Y="48913" Z="0"/>
					<Vertex X="63465" Y="49028" Z="0"/>
					<Vertex X="63638" Y="49317" Z="0"/>
					<Vertex X="63869" Y="49548" Z="0"/>
					<Vertex X="63984" Y="49779" Z="0"/>
					<Vertex X="64215" Y="50068" Z="0"/>
					<Vertex X="64273" Y="50241" Z="0"/>
					<Vertex X="64562" Y="50587" Z="0"/>
					<Vertex X="64735" Y="50876" Z="0"/>
					<Vertex X="64851" Y="51107" Z="0"/>
					<Vertex X="65024" Y="51338" Z="0"/>
					<Vertex X="65255" Y="51627" Z="0"/>
					<Vertex X="65428" Y="51973" Z="0"/>
					<Vertex X="65601" Y="52204" Z="0"/>
					<Vertex X="65775" Y="52493" Z="0"/>
					<Vertex X="66006" Y="52840" Z="0"/>
					<Vertex X="66121" Y="53013" Z="0"/>
					<Vertex X="66410" Y="53359" Z="0"/>
					<Vertex X="66468" Y="53706" Z="0"/>
					<Vertex X="66641" Y="53994" Z="0"/>
					<Vertex X="66756" Y="54283" Z="0"/>
					<Vertex X="66814" Y="54572" Z="0"/>
					<Vertex X="66987" Y="54918" Z="0"/>
					<Vertex X="67103" Y="55207" Z="0"/>
					<Vertex X="67103" Y="55323" Z="0"/>
					<Vertex X="67161" Y="55611" Z="0"/>
					<Vertex X="67161" Y="55785" Z="0"/>
					<Vertex X="67276" Y="56131" Z="0"/>
					<Vertex X="67276" Y="56304" Z="0"/>
					<Vertex X="67276" Y="56478" Z="0"/>
					<Vertex X="67276" Y="56709" Z="0"/>
					<Vertex X="67276" Y="56824" Z="0"/>
					<Vertex X="67276" Y="57055" Z="0"/>
					<Vertex X="67276" Y="57344" Z="0"/>
					<Vertex X="67276" Y="57575" Z="0"/>
					<Vertex X="67276" Y="57864" Z="0"/>
					<Vertex X="67161" Y="58037" Z="0"/>
					<Vertex X="67161" Y="58383" Z="0"/>
					<Vertex X="67161" Y="58557" Z="0"/>
					<Vertex X="67103" Y="58788" Z="0"/>
					<Vertex X="67103" Y="59019" Z="0"/>
					<Vertex X="67103" Y="59307" Z="0"/>
					<Vertex X="66987" Y="59596" Z="0"/>
					<Vertex X="66987" Y="59769" Z="0"/>
					<Vertex X="66872" Y="60116" Z="0"/>
					<Vertex X="66872" Y="60347" Z="0"/>
					<Vertex X="66872" Y="60520" Z="0"/>
					<Vertex X="66814" Y="60809" Z="0"/>
					<Vertex X="66814" Y="60982" Z="0"/>
					<Vertex X="66756" Y="61328" Z="0"/>
					<Vertex X="66756" Y="61617" Z="0"/>
					<Vertex X="66756" Y="61790" Z="0"/>
					<Vertex X="66756" Y="62021" Z="0"/>
					<Vertex X="66756" Y="62195" Z="0"/>
					<Vertex X="66756" Y="62483" Z="0"/>
					<Vertex X="66756" Y="62714" Z="0"/>
					<Vertex X="66756" Y="62772" Z="0"/>
					<Vertex X="66756" Y="63061" Z="0"/>
					<Vertex X="66756" Y="63234" Z="0"/>
					<Vertex X="66756" Y="63523" Z="0"/>
					<Vertex X="66756" Y="63754" Z="0"/>
					<Vertex X="66756" Y="63812" Z="0"/>
					<Vertex X="66756" Y="64216" Z="0"/>
					<Vertex X="66756" Y="64331" Z="0"/>
					<Vertex X="66756" Y="64620" Z="0"/>
					<Vertex X="66641" Y="64851" Z="0"/>
					<Vertex X="66641" Y="65082" Z="0"/>
					<Vertex X="66641" Y="65313" Z="0"/>
					<Vertex X="66583" Y="65544" Z="0"/>
					<Vertex X="66468" Y="65717" Z="0"/>
					<Vertex X="66468" Y="65948" Z="0"/>
					<Vertex X="66410" Y="66064" Z="0"/>
					<Vertex X="66294" Y="66353" Z="0"/>
					<Vertex X="66294" Y="66526" Z="0"/>
					<Vertex X="66179" Y="66584" Z="0"/>
					<Vertex X="66121" Y="66872" Z="0"/>
					<Vertex X="66121" Y="67103" Z="0"/>
					<Vertex X="66006" Y="67392" Z="0"/>
					<Vertex X="66006" Y="67565" Z="0"/>
					<Vertex X="66006" Y="67739" Z="0"/>
					<Vertex X="66006" Y="67970" Z="0"/>
					<Vertex X="66006" Y="68143" Z="0"/>
					<Vertex X="65948" Y="68431" Z="0"/>
					<Vertex X="65948" Y="68662" Z="0"/>
					<Vertex X="65948" Y="68951" Z="0"/>
					<Vertex X="65832" Y="69298" Z="0"/>
					<Vertex X="65832" Y="69471" Z="0"/>
					<Vertex X="65775" Y="69817" Z="0"/>
					<Vertex X="65775" Y="69991" Z="0"/>
					<Vertex X="65717" Y="70337" Z="0"/>
					<Vertex X="65717" Y="70568" Z="0"/>
					<Vertex X="65717" Y="70741" Z="0"/>
					<Vertex X="65717" Y="71030" Z="0"/>
					<Vertex X="65717" Y="71203" Z="0"/>
					<Vertex X="65601" Y="71434" Z="0"/>
					<Vertex X="65601" Y="71608" Z="0"/>
					<Vertex X="65601" Y="71781" Z="0"/>
					<Vertex X="65601" Y="72070" Z="0"/>
					<Vertex X="65601" Y="72243" Z="0"/>
					<Vertex X="65601" Y="72474" Z="0"/>
					<Vertex X="65601" Y="72820" Z="0"/>
					<Vertex X="65601" Y="72994" Z="0"/>
					<Vertex X="65601" Y="73282" Z="0"/>
					<Vertex X="65544" Y="73513" Z="0"/>
					<Vertex X="65544" Y="73744" Z="0"/>
					<Vertex X="65544" Y="73975" Z="0"/>
					<Vertex X="65544" Y="74206" Z="0"/>
					<Vertex X="65544" Y="74322" Z="0"/>
					<Vertex X="65428" Y="74553" Z="0"/>
					<Vertex X="65428" Y="74726" Z="0"/>
					<Vertex X="65428" Y="74899" Z="0"/>
					<Vertex X="65428" Y="75015" Z="0"/>
					<Vertex X="65313" Y="75073" Z="0"/>
					<Vertex X="65255" Y="75246" Z="0"/>
					<Vertex X="65255" Y="75419" Z="0"/>
					<Vertex X="65197" Y="75535" Z="0"/>
					<Vertex X="65082" Y="75592" Z="0"/>
					<Vertex X="65024" Y="75592" Z="0"/>
					<Vertex X="64851" Y="75708" Z="0"/>
					<Vertex X="64677" Y="75766" Z="0"/>
					<Vertex X="64446" Y="75881" Z="0"/>
					<Vertex X="64273" Y="75881" Z="0"/>
					<Vertex X="64158" Y="75939" Z="0"/>
					<Vertex X="63984" Y="75939" Z="0"/>
					<Vertex X="63696" Y="76054" Z="0"/>
					<Vertex X="63638" Y="76054" Z="0"/>
					<Vertex X="63465" Y="76112" Z="0"/>
					<Vertex X="63292" Y="76227" Z="0"/>
					<Vertex X="63176" Y="76227" Z="0"/>
					<Vertex X="63003" Y="76343" Z="0"/>
					<Vertex X="62830" Y="76458" Z="0"/>
					<Vertex X="62714" Y="76574" Z="0"/>
					<Vertex X="62656" Y="76632" Z="0"/>
					<Vertex X="62541" Y="76805" Z="0"/>
					<Vertex X="62425" Y="76920" Z="0"/>
					<Vertex X="62194" Y="77094" Z="0"/>
					<Vertex X="62137" Y="77267" Z="0"/>
					<Vertex X="61963" Y="77498" Z="0"/>
					<Vertex X="61790" Y="77787" Z="0"/>
					<Vertex X="61617" Y="78018" Z="0"/>
					<Vertex X="61559" Y="78306" Z="0"/>
					<Vertex X="61328" Y="78364" Z="0"/>
					<Vertex X="61270" Y="78537" Z="0"/>
					<Vertex X="61155" Y="78653" Z="0"/>
					<Vertex X="61097" Y="78826" Z="0"/>
					<Vertex X="60982" Y="78884" Z="0"/>
					<Vertex X="60982" Y="79057" Z="0"/>
					<Vertex X="60924" Y="79230" Z="0"/>
					<Vertex X="60924" Y="79519" Z="0"/>
					<Vertex X="60866" Y="79750" Z="0"/>
					<Vertex X="60866" Y="79866" Z="0"/>
					<Vertex X="60924" Y="80039" Z="0"/>
					<Vertex X="60982" Y="80097" Z="0"/>
					<Vertex X="61097" Y="80212" Z="0"/>
					<Vertex X="61328" Y="80270" Z="0"/>
					<Vertex X="61559" Y="80270" Z="0"/>
					<Vertex X="61790" Y="80270" Z="0"/>
					<Vertex X="62310" Y="80212" Z="0"/>
					<Vertex X="62483" Y="80212" Z="0"/>
					<Vertex X="62830" Y="80039" Z="0"/>
					<Vertex X="63003" Y="79923" Z="0"/>
					<Vertex X="63176" Y="79923" Z="0"/>
					<Vertex X="63465" Y="79750" Z="0"/>
					<Vertex X="63696" Y="79692" Z="0"/>
					<Vertex X="64042" Y="79404" Z="0"/>
					<Vertex X="64273" Y="79230" Z="0"/>
					<Vertex X="64562" Y="79173" Z="0"/>
					<Vertex X="64735" Y="78999" Z="0"/>
					<Vertex X="65024" Y="78884" Z="0"/>
					<Vertex X="65082" Y="78711" Z="0"/>
					<Vertex X="65428" Y="78537" Z="0"/>
					<Vertex X="65717" Y="78306" Z="0"/>
					<Vertex X="65948" Y="78133" Z="0"/>
					<Vertex X="66179" Y="77844" Z="0"/>
					<Vertex X="66468" Y="77613" Z="0"/>
					<Vertex X="66641" Y="77440" Z="0"/>
					<Vertex X="66872" Y="77151" Z="0"/>
					<Vertex X="67103" Y="76920" Z="0"/>
					<Vertex X="67276" Y="76805" Z="0"/>
					<Vertex X="67507" Y="76574" Z="0"/>
					<Vertex X="67680" Y="76401" Z="0"/>
					<Vertex X="67969" Y="76112" Z="0"/>
					<Vertex X="68142" Y="75881" Z="0"/>
					<Vertex X="68316" Y="75708" Z="0"/>
					<Vertex X="68431" Y="75535" Z="0"/>
					<Vertex X="68547" Y="75361" Z="0"/>
					<Vertex X="68835" Y="75073" Z="0"/>
					<Vertex X="69066" Y="74726" Z="0"/>
					<Vertex X="69240" Y="74495" Z="0"/>
					<Vertex X="69528" Y="74149" Z="0"/>
					<Vertex X="69759" Y="73744" Z="0"/>
					<Vertex X="69933" Y="73513" Z="0"/>
					<Vertex X="70106" Y="73167" Z="0"/>
					<Vertex X="70279" Y="72820" Z="0"/>
					<Vertex X="70395" Y="72589" Z="0"/>
					<Vertex X="70510" Y="72243" Z="0"/>
					<Vertex X="70626" Y="71896" Z="0"/>
					<Vertex X="70683" Y="71723" Z="0"/>
					<Vertex X="70799" Y="71434" Z="0"/>
					<Vertex X="70857" Y="71146" Z="0"/>
					<Vertex X="70972" Y="70857" Z="0"/>
					<Vertex X="71088" Y="70395" Z="0"/>
					<Vertex X="71145" Y="70048" Z="0"/>
					<Vertex X="71261" Y="69875" Z="0"/>
					<Vertex X="71261" Y="69529" Z="0"/>
					<Vertex X="71434" Y="69124" Z="0"/>
					<Vertex X="71492" Y="68836" Z="0"/>
					<Vertex X="71549" Y="68547" Z="0"/>
					<Vertex X="71665" Y="68143" Z="0"/>
					<Vertex X="71665" Y="67912" Z="0"/>
					<Vertex X="71780" Y="67565" Z="0"/>
					<Vertex X="71838" Y="67219" Z="0"/>
					<Vertex X="71838" Y="66930" Z="0"/>
					<Vertex X="71838" Y="66584" Z="0"/>
					<Vertex X="71838" Y="66237" Z="0"/>
					<Vertex X="71838" Y="66006" Z="0"/>
					<Vertex X="71838" Y="65544" Z="0"/>
					<Vertex X="71838" Y="65198" Z="0"/>
					<Vertex X="71838" Y="64967" Z="0"/>
					<Vertex X="71954" Y="64620" Z="0"/>
					<Vertex X="72011" Y="64274" Z="0"/>
					<Vertex X="72069" Y="63812" Z="0"/>
					<Vertex X="72185" Y="63638" Z="0"/>
					<Vertex X="72242" Y="63350" Z="0"/>
					<Vertex X="72242" Y="62945" Z="0"/>
					<Vertex X="72242" Y="62657" Z="0"/>
					<Vertex X="72242" Y="62252" Z="0"/>
					<Vertex X="72242" Y="61906" Z="0"/>
					<Vertex X="72242" Y="61790" Z="0"/>
					<Vertex X="72069" Y="61386" Z="0"/>
					<Vertex X="71954" Y="61040" Z="0"/>
					<Vertex X="71838" Y="60751" Z="0"/>
					<Vertex X="71665" Y="60520" Z="0"/>
					<Vertex X="71492" Y="60289" Z="0"/>
					<Vertex X="71261" Y="59943" Z="0"/>
					<Vertex X="71145" Y="59769" Z="0"/>
					<Vertex X="71088" Y="59423" Z="0"/>
					<Vertex X="71088" Y="59076" Z="0"/>
					<Vertex X="71088" Y="58730" Z="0"/>
					<Vertex X="71145" Y="58383" Z="0"/>
					<Vertex X="71261" Y="58210" Z="0"/>
					<Vertex X="71319" Y="57864" Z="0"/>
					<Vertex X="71434" Y="57402" Z="0"/>
					<Vertex X="71492" Y="57055" Z="0"/>
					<Vertex X="71549" Y="56709" Z="0"/>
					<Vertex X="71665" Y="56478" Z="0"/>
					<Vertex X="71780" Y="56131" Z="0"/>
					<Vertex X="71780" Y="55727" Z="0"/>
					<Vertex X="71665" Y="55323" Z="0"/>
					<Vertex X="71665" Y="55092" Z="0"/>
					<Vertex X="71665" Y="54745" Z="0"/>
					<Vertex X="71665" Y="54399" Z="0"/>
					<Vertex X="71665" Y="54110" Z="0"/>
					<Vertex X="71665" Y="53821" Z="0"/>
					<Vertex X="71665" Y="53475" Z="0"/>
					<Vertex X="71665" Y="53244" Z="0"/>
					<Vertex X="71665" Y="52897" Z="0"/>
					<Vertex X="71665" Y="52666" Z="0"/>
					<Vertex X="71665" Y="52493" Z="0"/>
					<Vertex X="71665" Y="52147" Z="0"/>
					<Vertex X="71665" Y="51916" Z="0"/>
					<Vertex X="71665" Y="51685" Z="0"/>
					<Vertex X="71549" Y="51454" Z="0"/>
					<Vertex X="71549" Y="51165" Z="0"/>
					<Vertex X="71492" Y="51107" Z="0"/>
					<Vertex X="71434" Y="50934" Z="0"/>
					<Vertex X="71434" Y="50761" Z="0"/>
					<Vertex X="71319" Y="50587" Z="0"/>
					<Vertex X="71261" Y="50414" Z="0"/>
					<Vertex X="71261" Y="50241" Z="0"/>
					<Vertex X="71261" Y="50068" Z="0"/>
					<Vertex X="71145" Y="49779" Z="0"/>
					<Vertex X="71145" Y="49606" Z="0"/>
					<Vertex X="71088" Y="49432" Z="0"/>
					<Vertex X="71088" Y="49201" Z="0"/>
					<Vertex X="70972" Y="49144" Z="0"/>
					<Vertex X="70857" Y="48855" Z="0"/>
					<Vertex X="70857" Y="48682" Z="0"/>
					<Vertex X="70799" Y="48393" Z="0"/>
					<Vertex X="70683" Y="48277" Z="0"/>
					<Vertex X="70626" Y="47989" Z="0"/>
					<Vertex X="70510" Y="47700" Z="0"/>
					<Vertex X="70452" Y="47527" Z="0"/>
					<Vertex X="70395" Y="47411" Z="0"/>
					<Vertex X="70279" Y="47180" Z="0"/>
					<Vertex X="70221" Y="46949" Z="0"/>
					<Vertex X="69990" Y="46660" Z="0"/>
					<Vertex X="69933" Y="46545" Z="0"/>
					<Vertex X="69875" Y="46314" Z="0"/>
					<Vertex X="69702" Y="46083" Z="0"/>
					<Vertex X="69586" Y="45967" Z="0"/>
					<Vertex X="69413" Y="45794" Z="0"/>
					<Vertex X="69297" Y="45621" Z="0"/>
					<Vertex X="69240" Y="45390" Z="0"/>
					<Vertex X="69066" Y="45275" Z="0"/>
					<Vertex X="68951" Y="45101" Z="0"/>
					<Vertex X="68893" Y="45044" Z="0"/>
					<Vertex X="68835" Y="44870" Z="0"/>
					<Vertex X="68662" Y="44813" Z="0"/>
					<Vertex X="68547" Y="44697" Z="0"/>
					<Vertex X="68431" Y="44582" Z="0"/>
					<Vertex X="68316" Y="44408" Z="0"/>
					<Vertex X="68200" Y="44351" Z="0"/>
					<Vertex X="68027" Y="44235" Z="0"/>
					<Vertex X="67969" Y="44177" Z="0"/>
					<Vertex X="67738" Y="44062" Z="0"/>
					<Vertex X="67680" Y="44004" Z="0"/>
					<Vertex X="67565" Y="44004" Z="0"/>
					<Vertex X="67507" Y="43946" Z="0"/>
					<Vertex X="67392" Y="43831" Z="0"/>
					<Vertex X="67334" Y="43831" Z="0"/>
					<Vertex X="67276" Y="43715" Z="0"/>
					<Vertex X="67161" Y="43715" Z="0"/>
					<Vertex X="67103" Y="43715" Z="0"/>
					<Vertex X="67103" Y="43658" Z="0"/>
					<Vertex X="66987" Y="43658" Z="0"/>
					<Vertex X="66872" Y="43658" Z="0"/>
					<Vertex X="66814" Y="43658" Z="0"/>
					<Vertex X="66814" Y="43542" Z="0"/>
					<Vertex X="66814" Y="43658" Z="0"/>
					<Vertex X="66756" Y="43658" Z="0"/>
					<Vertex X="66756" Y="43715" Z="0"/>
					<Vertex X="66468" Y="43369" Z="0"/>
				</Vertices>
			</Region>
		</Regions>
		<Plots/>
	</Annotation>
</Annotations>
