<Annotations MicronsPerPixel="0.252200">
	<Annotation Id="1" Name="" ReadOnly="0" NameReadOnly="0" LineColorReadOnly="0" Incremental="0" Type="4" LineColor="65280" Visible="1" Selected="1" MarkupImagePath="" MacroName="">
		<Attributes/>
		<Regions>
			<RegionAttributeHeaders>
				<AttributeHeader Id="9999" Name="Region" ColumnWidth="-1"/>
				<AttributeHeader Id="9997" Name="Length" ColumnWidth="-1"/>
				<AttributeHeader Id="9996" Name="Area" ColumnWidth="-1"/>
				<AttributeHeader Id="9998" Name="Text" ColumnWidth="-1"/>
			</RegionAttributeHeaders>
			<Region Id="1" Type="0" Zoom="0.015389" Selected="0" ImageLocation="" ImageFocus="-1" Length="93757.0" Area="349091210.5" LengthMicrons="23645.5" AreaMicrons="22203890.6" Text="" NegativeROA="0" InputRegionId="0" Analyze="1" DisplayId="1">
				<Attributes/>
				<Vertices>
					<Vertex X="13610" Y="75446" Z="0"/>
					<Vertex X="14175" Y="75952" Z="0"/>
					<Vertex X="14364" Y="76051" Z="0"/>
					<Vertex X="14512" Y="76110" Z="0"/>
					<Vertex X="14622" Y="76160" Z="0"/>
					<Vertex X="14711" Y="76200" Z="0"/>
					<Vertex X="14800" Y="76229" Z="0"/>
					<Vertex X="14899" Y="76279" Z="0"/>
					<Vertex X="15038" Y="76338" Z="0"/>
					<Vertex X="15137" Y="76368" Z="0"/>
					<Vertex X="15276" Y="76438" Z="0"/>
					<Vertex X="15365" Y="76467" Z="0"/>
					<Vertex X="15454" Y="76517" Z="0"/>
					<Vertex X="15543" Y="76557" Z="0"/>
					<Vertex X="15633" Y="76606" Z="0"/>
					<Vertex X="15761" Y="76675" Z="0"/>
					<Vertex X="15841" Y="76725" Z="0"/>
					<Vertex X="15910" Y="76784" Z="0"/>
					<Vertex X="16019" Y="76854" Z="0"/>
					<Vertex X="16089" Y="76913" Z="0"/>
					<Vertex X="16178" Y="76993" Z="0"/>
					<Vertex X="16237" Y="77032" Z="0"/>
					<Vertex X="16277" Y="77112" Z="0"/>
					<Vertex X="16297" Y="77211" Z="0"/>
					<Vertex X="16317" Y="77290" Z="0"/>
					<Vertex X="16317" Y="77359" Z="0"/>
					<Vertex X="16327" Y="77478" Z="0"/>
					<Vertex X="16317" Y="77558" Z="0"/>
					<Vertex X="16297" Y="77647" Z="0"/>
					<Vertex X="16277" Y="77766" Z="0"/>
					<Vertex X="16237" Y="77855" Z="0"/>
					<Vertex X="16208" Y="77924" Z="0"/>
					<Vertex X="16168" Y="78043" Z="0"/>
					<Vertex X="16118" Y="78123" Z="0"/>
					<Vertex X="16089" Y="78192" Z="0"/>
					<Vertex X="16019" Y="78311" Z="0"/>
					<Vertex X="15989" Y="78371" Z="0"/>
					<Vertex X="15940" Y="78450" Z="0"/>
					<Vertex X="15900" Y="78509" Z="0"/>
					<Vertex X="15811" Y="78599" Z="0"/>
					<Vertex X="15752" Y="78658" Z="0"/>
					<Vertex X="15672" Y="78717" Z="0"/>
					<Vertex X="15603" Y="78757" Z="0"/>
					<Vertex X="15494" Y="78817" Z="0"/>
					<Vertex X="15424" Y="78846" Z="0"/>
					<Vertex X="15365" Y="78876" Z="0"/>
					<Vertex X="15286" Y="78906" Z="0"/>
					<Vertex X="15167" Y="78965" Z="0"/>
					<Vertex X="15078" Y="79015" Z="0"/>
					<Vertex X="14978" Y="79055" Z="0"/>
					<Vertex X="14869" Y="79134" Z="0"/>
					<Vertex X="14721" Y="79233" Z="0"/>
					<Vertex X="14622" Y="79322" Z="0"/>
					<Vertex X="14512" Y="79411" Z="0"/>
					<Vertex X="14354" Y="79560" Z="0"/>
					<Vertex X="14265" Y="79679" Z="0"/>
					<Vertex X="14156" Y="79798" Z="0"/>
					<Vertex X="14086" Y="79917" Z="0"/>
					<Vertex X="13967" Y="80085" Z="0"/>
					<Vertex X="13888" Y="80214" Z="0"/>
					<Vertex X="13819" Y="80333" Z="0"/>
					<Vertex X="13719" Y="80551" Z="0"/>
					<Vertex X="13660" Y="80680" Z="0"/>
					<Vertex X="13601" Y="80809" Z="0"/>
					<Vertex X="13521" Y="80948" Z="0"/>
					<Vertex X="13452" Y="81156" Z="0"/>
					<Vertex X="13392" Y="81285" Z="0"/>
					<Vertex X="13333" Y="81434" Z="0"/>
					<Vertex X="13263" Y="81572" Z="0"/>
					<Vertex X="13184" Y="81781" Z="0"/>
					<Vertex X="13105" Y="81959" Z="0"/>
					<Vertex X="13045" Y="82088" Z="0"/>
					<Vertex X="12996" Y="82217" Z="0"/>
					<Vertex X="12926" Y="82375" Z="0"/>
					<Vertex X="12867" Y="82494" Z="0"/>
					<Vertex X="12798" Y="82663" Z="0"/>
					<Vertex X="12748" Y="82742" Z="0"/>
					<Vertex X="12689" Y="82851" Z="0"/>
					<Vertex X="12629" Y="82920" Z="0"/>
					<Vertex X="12540" Y="83039" Z="0"/>
					<Vertex X="12490" Y="83089" Z="0"/>
					<Vertex X="12411" Y="83158" Z="0"/>
					<Vertex X="12342" Y="83188" Z="0"/>
					<Vertex X="12292" Y="83208" Z="0"/>
					<Vertex X="12193" Y="83208" Z="0"/>
					<Vertex X="12143" Y="83208" Z="0"/>
					<Vertex X="12064" Y="83208" Z="0"/>
					<Vertex X="11945" Y="83208" Z="0"/>
					<Vertex X="11856" Y="83208" Z="0"/>
					<Vertex X="11767" Y="83188" Z="0"/>
					<Vertex X="11677" Y="83158" Z="0"/>
					<Vertex X="11539" Y="83139" Z="0"/>
					<Vertex X="11440" Y="83099" Z="0"/>
					<Vertex X="11330" Y="83089" Z="0"/>
					<Vertex X="11231" Y="83069" Z="0"/>
					<Vertex X="11053" Y="83059" Z="0"/>
					<Vertex X="10944" Y="83039" Z="0"/>
					<Vertex X="10825" Y="83010" Z="0"/>
					<Vertex X="10706" Y="83010" Z="0"/>
					<Vertex X="10528" Y="83000" Z="0"/>
					<Vertex X="10359" Y="83000" Z="0"/>
					<Vertex X="10230" Y="83010" Z="0"/>
					<Vertex X="10101" Y="83039" Z="0"/>
					<Vertex X="9903" Y="83089" Z="0"/>
					<Vertex X="9774" Y="83119" Z="0"/>
					<Vertex X="9635" Y="83158" Z="0"/>
					<Vertex X="9457" Y="83218" Z="0"/>
					<Vertex X="9338" Y="83277" Z="0"/>
					<Vertex X="9219" Y="83327" Z="0"/>
					<Vertex X="9120" Y="83406" Z="0"/>
					<Vertex X="8971" Y="83505" Z="0"/>
					<Vertex X="8882" Y="83565" Z="0"/>
					<Vertex X="8803" Y="83644" Z="0"/>
					<Vertex X="8733" Y="83704" Z="0"/>
					<Vertex X="8654" Y="83803" Z="0"/>
					<Vertex X="8614" Y="83862" Z="0"/>
					<Vertex X="8565" Y="83922" Z="0"/>
					<Vertex X="8535" Y="83991" Z="0"/>
					<Vertex X="8495" Y="84100" Z="0"/>
					<Vertex X="8466" Y="84170" Z="0"/>
					<Vertex X="8436" Y="84259" Z="0"/>
					<Vertex X="8406" Y="84368" Z="0"/>
					<Vertex X="8357" Y="84516" Z="0"/>
					<Vertex X="8317" Y="84616" Z="0"/>
					<Vertex X="8267" Y="84705" Z="0"/>
					<Vertex X="8218" Y="84804" Z="0"/>
					<Vertex X="8119" Y="84933" Z="0"/>
					<Vertex X="8049" Y="85002" Z="0"/>
					<Vertex X="7990" Y="85081" Z="0"/>
					<Vertex X="7871" Y="85171" Z="0"/>
					<Vertex X="7792" Y="85230" Z="0"/>
					<Vertex X="7722" Y="85270" Z="0"/>
					<Vertex X="7583" Y="85349" Z="0"/>
					<Vertex X="7494" Y="85379" Z="0"/>
					<Vertex X="7405" Y="85419" Z="0"/>
					<Vertex X="7316" Y="85448" Z="0"/>
					<Vertex X="7187" Y="85478" Z="0"/>
					<Vertex X="7098" Y="85498" Z="0"/>
					<Vertex X="6999" Y="85508" Z="0"/>
					<Vertex X="6899" Y="85508" Z="0"/>
					<Vertex X="6751" Y="85508" Z="0"/>
					<Vertex X="6662" Y="85508" Z="0"/>
					<Vertex X="6572" Y="85498" Z="0"/>
					<Vertex X="6483" Y="85478" Z="0"/>
					<Vertex X="6354" Y="85478" Z="0"/>
					<Vertex X="6265" Y="85468" Z="0"/>
					<Vertex X="6146" Y="85448" Z="0"/>
					<Vertex X="6067" Y="85438" Z="0"/>
					<Vertex X="5997" Y="85409" Z="0"/>
					<Vertex X="5888" Y="85379" Z="0"/>
					<Vertex X="5829" Y="85359" Z="0"/>
					<Vertex X="5769" Y="85349" Z="0"/>
					<Vertex X="5670" Y="85329" Z="0"/>
					<Vertex X="5611" Y="85329" Z="0"/>
					<Vertex X="5551" Y="85329" Z="0"/>
					<Vertex X="5462" Y="85329" Z="0"/>
					<Vertex X="5383" Y="85329" Z="0"/>
					<Vertex X="5323" Y="85349" Z="0"/>
					<Vertex X="5234" Y="85359" Z="0"/>
					<Vertex X="5194" Y="85379" Z="0"/>
					<Vertex X="5135" Y="85399" Z="0"/>
					<Vertex X="5085" Y="85409" Z="0"/>
					<Vertex X="5026" Y="85438" Z="0"/>
					<Vertex X="4986" Y="85468" Z="0"/>
					<Vertex X="4957" Y="85498" Z="0"/>
					<Vertex X="4927" Y="85557" Z="0"/>
					<Vertex X="4897" Y="85597" Z="0"/>
					<Vertex X="4897" Y="85627" Z="0"/>
					<Vertex X="4897" Y="85676" Z="0"/>
					<Vertex X="4907" Y="85706" Z="0"/>
					<Vertex X="4927" Y="85765" Z="0"/>
					<Vertex X="4937" Y="85795" Z="0"/>
					<Vertex X="4937" Y="85845" Z="0"/>
					<Vertex X="4957" Y="85884" Z="0"/>
					<Vertex X="4957" Y="85944" Z="0"/>
					<Vertex X="4966" Y="86003" Z="0"/>
					<Vertex X="4986" Y="86063" Z="0"/>
					<Vertex X="4986" Y="86102" Z="0"/>
					<Vertex X="4986" Y="86162" Z="0"/>
					<Vertex X="4986" Y="86192" Z="0"/>
					<Vertex X="4986" Y="86221" Z="0"/>
					<Vertex X="4986" Y="86251" Z="0"/>
					<Vertex X="4986" Y="86311" Z="0"/>
					<Vertex X="4986" Y="86360" Z="0"/>
					<Vertex X="4986" Y="86400" Z="0"/>
					<Vertex X="4996" Y="86449" Z="0"/>
					<Vertex X="4996" Y="86509" Z="0"/>
					<Vertex X="4996" Y="86519" Z="0"/>
					<Vertex X="5016" Y="86519" Z="0"/>
					<Vertex X="5016" Y="86549" Z="0"/>
					<Vertex X="5016" Y="86568" Z="0"/>
					<Vertex X="5016" Y="86588" Z="0"/>
					<Vertex X="4956" Y="86608" Z="0"/>
					<Vertex X="4956" Y="86786" Z="0"/>
					<Vertex X="4966" Y="86905" Z="0"/>
					<Vertex X="4996" Y="87014" Z="0"/>
					<Vertex X="5016" Y="87133" Z="0"/>
					<Vertex X="5026" Y="87233" Z="0"/>
					<Vertex X="5075" Y="87411" Z="0"/>
					<Vertex X="5085" Y="87530" Z="0"/>
					<Vertex X="5115" Y="87639" Z="0"/>
					<Vertex X="5164" Y="87798" Z="0"/>
					<Vertex X="5204" Y="87887" Z="0"/>
					<Vertex X="5254" Y="87976" Z="0"/>
					<Vertex X="5313" Y="88115" Z="0"/>
					<Vertex X="5353" Y="88204" Z="0"/>
					<Vertex X="5412" Y="88273" Z="0"/>
					<Vertex X="5472" Y="88353" Z="0"/>
					<Vertex X="5561" Y="88422" Z="0"/>
					<Vertex X="5620" Y="88452" Z="0"/>
					<Vertex X="5700" Y="88482" Z="0"/>
					<Vertex X="5769" Y="88501" Z="0"/>
					<Vertex X="5858" Y="88511" Z="0"/>
					<Vertex X="5938" Y="88531" Z="0"/>
					<Vertex X="6067" Y="88541" Z="0"/>
					<Vertex X="6176" Y="88541" Z="0"/>
					<Vertex X="6265" Y="88531" Z="0"/>
					<Vertex X="6413" Y="88531" Z="0"/>
					<Vertex X="6503" Y="88511" Z="0"/>
					<Vertex X="6602" Y="88511" Z="0"/>
					<Vertex X="6711" Y="88501" Z="0"/>
					<Vertex X="6869" Y="88482" Z="0"/>
					<Vertex X="6979" Y="88472" Z="0"/>
					<Vertex X="7078" Y="88452" Z="0"/>
					<Vertex X="7226" Y="88442" Z="0"/>
					<Vertex X="7345" Y="88422" Z="0"/>
					<Vertex X="7454" Y="88412" Z="0"/>
					<Vertex X="7553" Y="88412" Z="0"/>
					<Vertex X="7662" Y="88402" Z="0"/>
					<Vertex X="7821" Y="88382" Z="0"/>
					<Vertex X="7930" Y="88382" Z="0"/>
					<Vertex X="8089" Y="88363" Z="0"/>
					<Vertex X="8198" Y="88353" Z="0"/>
					<Vertex X="8297" Y="88333" Z="0"/>
					<Vertex X="8406" Y="88323" Z="0"/>
					<Vertex X="8525" Y="88303" Z="0"/>
					<Vertex X="8624" Y="88293" Z="0"/>
					<Vertex X="8802" Y="88263" Z="0"/>
					<Vertex X="8921" Y="88234" Z="0"/>
					<Vertex X="9040" Y="88204" Z="0"/>
					<Vertex X="9159" Y="88184" Z="0"/>
					<Vertex X="9367" Y="88145" Z="0"/>
					<Vertex X="9486" Y="88125" Z="0"/>
					<Vertex X="9625" Y="88115" Z="0"/>
					<Vertex X="9774" Y="88085" Z="0"/>
					<Vertex X="9903" Y="88065" Z="0"/>
					<Vertex X="10131" Y="88026" Z="0"/>
					<Vertex X="10279" Y="87996" Z="0"/>
					<Vertex X="10428" Y="87966" Z="0"/>
					<Vertex X="10577" Y="87946" Z="0"/>
					<Vertex X="10726" Y="87926" Z="0"/>
					<Vertex X="10874" Y="87907" Z="0"/>
					<Vertex X="11102" Y="87877" Z="0"/>
					<Vertex X="11300" Y="87847" Z="0"/>
					<Vertex X="11449" Y="87827" Z="0"/>
					<Vertex X="11598" Y="87817" Z="0"/>
					<Vertex X="11756" Y="87788" Z="0"/>
					<Vertex X="11905" Y="87778" Z="0"/>
					<Vertex X="12103" Y="87718" Z="0"/>
					<Vertex X="12252" Y="87669" Z="0"/>
					<Vertex X="12401" Y="87639" Z="0"/>
					<Vertex X="12559" Y="87589" Z="0"/>
					<Vertex X="12777" Y="87550" Z="0"/>
					<Vertex X="12926" Y="87520" Z="0"/>
					<Vertex X="13075" Y="87480" Z="0"/>
					<Vertex X="13224" Y="87441" Z="0"/>
					<Vertex X="13442" Y="87401" Z="0"/>
					<Vertex X="13580" Y="87371" Z="0"/>
					<Vertex X="13729" Y="87361" Z="0"/>
					<Vertex X="13858" Y="87342" Z="0"/>
					<Vertex X="13997" Y="87332" Z="0"/>
					<Vertex X="14145" Y="87312" Z="0"/>
					<Vertex X="14364" Y="87292" Z="0"/>
					<Vertex X="14512" Y="87282" Z="0"/>
					<Vertex X="14661" Y="87272" Z="0"/>
					<Vertex X="14829" Y="87252" Z="0"/>
					<Vertex X="15057" Y="87252" Z="0"/>
					<Vertex X="15206" Y="87252" Z="0"/>
					<Vertex X="15325" Y="87272" Z="0"/>
					<Vertex X="15444" Y="87282" Z="0"/>
					<Vertex X="15543" Y="87312" Z="0"/>
					<Vertex X="15642" Y="87342" Z="0"/>
					<Vertex X="15751" Y="87371" Z="0"/>
					<Vertex X="15880" Y="87431" Z="0"/>
					<Vertex X="15979" Y="87480" Z="0"/>
					<Vertex X="16049" Y="87530" Z="0"/>
					<Vertex X="16138" Y="87580" Z="0"/>
					<Vertex X="16257" Y="87669" Z="0"/>
					<Vertex X="16336" Y="87728" Z="0"/>
					<Vertex X="16415" Y="87788" Z="0"/>
					<Vertex X="16515" Y="87827" Z="0"/>
					<Vertex X="16643" Y="87926" Z="0"/>
					<Vertex X="16753" Y="87976" Z="0"/>
					<Vertex X="16901" Y="88075" Z="0"/>
					<Vertex X="17020" Y="88125" Z="0"/>
					<Vertex X="17139" Y="88174" Z="0"/>
					<Vertex X="17248" Y="88234" Z="0"/>
					<Vertex X="17446" Y="88303" Z="0"/>
					<Vertex X="17565" Y="88353" Z="0"/>
					<Vertex X="17704" Y="88392" Z="0"/>
					<Vertex X="17892" Y="88452" Z="0"/>
					<Vertex X="18011" Y="88501" Z="0"/>
					<Vertex X="18130" Y="88551" Z="0"/>
					<Vertex X="18259" Y="88591" Z="0"/>
					<Vertex X="18388" Y="88630" Z="0"/>
					<Vertex X="18547" Y="88700" Z="0"/>
					<Vertex X="18666" Y="88719" Z="0"/>
					<Vertex X="18775" Y="88769" Z="0"/>
					<Vertex X="18874" Y="88799" Z="0"/>
					<Vertex X="18993" Y="88858" Z="0"/>
					<Vertex X="19082" Y="88898" Z="0"/>
					<Vertex X="19141" Y="88947" Z="0"/>
					<Vertex X="19221" Y="88997" Z="0"/>
					<Vertex X="19270" Y="89017" Z="0"/>
					<Vertex X="19379" Y="89066" Z="0"/>
					<Vertex X="19439" Y="89096" Z="0"/>
					<Vertex X="19498" Y="89126" Z="0"/>
					<Vertex X="19578" Y="89156" Z="0"/>
					<Vertex X="19647" Y="89185" Z="0"/>
					<Vertex X="19766" Y="89215" Z="0"/>
					<Vertex X="19855" Y="89215" Z="0"/>
					<Vertex X="19944" Y="89225" Z="0"/>
					<Vertex X="20063" Y="89245" Z="0"/>
					<Vertex X="20162" Y="89265" Z="0"/>
					<Vertex X="20341" Y="89265" Z="0"/>
					<Vertex X="20480" Y="89265" Z="0"/>
					<Vertex X="20628" Y="89265" Z="0"/>
					<Vertex X="20757" Y="89265" Z="0"/>
					<Vertex X="20916" Y="89265" Z="0"/>
					<Vertex X="21065" Y="89245" Z="0"/>
					<Vertex X="21293" Y="89225" Z="0"/>
					<Vertex X="21461" Y="89225" Z="0"/>
					<Vertex X="21639" Y="89215" Z="0"/>
					<Vertex X="21818" Y="89195" Z="0"/>
					<Vertex X="21996" Y="89185" Z="0"/>
					<Vertex X="22244" Y="89156" Z="0"/>
					<Vertex X="22423" Y="89156" Z="0"/>
					<Vertex X="22601" Y="89136" Z="0"/>
					<Vertex X="22859" Y="89126" Z="0"/>
					<Vertex X="23017" Y="89126" Z="0"/>
					<Vertex X="23275" Y="89116" Z="0"/>
					<Vertex X="23454" Y="89116" Z="0"/>
					<Vertex X="23761" Y="89076" Z="0"/>
					<Vertex X="24594" Y="89017" Z="0"/>
					<Vertex X="24606" Y="89020" Z="0"/>
					<Vertex X="24799" Y="88956" Z="0"/>
					<Vertex X="25057" Y="88827" Z="0"/>
					<Vertex X="25379" Y="88698" Z="0"/>
					<Vertex X="25443" Y="88634" Z="0"/>
					<Vertex X="25701" Y="88505" Z="0"/>
					<Vertex X="25830" Y="88441" Z="0"/>
					<Vertex X="25959" Y="88312" Z="0"/>
					<Vertex X="26152" Y="88247" Z="0"/>
					<Vertex X="26216" Y="88119" Z="0"/>
					<Vertex X="26345" Y="88054" Z="0"/>
					<Vertex X="26474" Y="87861" Z="0"/>
					<Vertex X="26603" Y="87732" Z="0"/>
					<Vertex X="26603" Y="87539" Z="0"/>
					<Vertex X="26732" Y="87475" Z="0"/>
					<Vertex X="26732" Y="87281" Z="0"/>
					<Vertex X="26732" Y="87088" Z="0"/>
					<Vertex X="26732" Y="86895" Z="0"/>
					<Vertex X="26732" Y="86766" Z="0"/>
					<Vertex X="26732" Y="86573" Z="0"/>
					<Vertex X="26732" Y="86379" Z="0"/>
					<Vertex X="26732" Y="86186" Z="0"/>
					<Vertex X="26796" Y="86122" Z="0"/>
					<Vertex X="26796" Y="85929" Z="0"/>
					<Vertex X="26925" Y="85800" Z="0"/>
					<Vertex X="26925" Y="85606" Z="0"/>
					<Vertex X="27118" Y="85413" Z="0"/>
					<Vertex X="27183" Y="85349" Z="0"/>
					<Vertex X="27311" Y="85220" Z="0"/>
					<Vertex X="27440" Y="85091" Z="0"/>
					<Vertex X="27505" Y="84962" Z="0"/>
					<Vertex X="27569" Y="84834" Z="0"/>
					<Vertex X="27762" Y="84640" Z="0"/>
					<Vertex X="27956" Y="84447" Z="0"/>
					<Vertex X="28084" Y="84383" Z="0"/>
					<Vertex X="28213" Y="84189" Z="0"/>
					<Vertex X="28213" Y="84125" Z="0"/>
					<Vertex X="28278" Y="83867" Z="0"/>
					<Vertex X="28278" Y="83674" Z="0"/>
					<Vertex X="28278" Y="83481" Z="0"/>
					<Vertex X="28278" Y="83352" Z="0"/>
					<Vertex X="28342" Y="83159" Z="0"/>
					<Vertex X="28342" Y="82837" Z="0"/>
					<Vertex X="28342" Y="82643" Z="0"/>
					<Vertex X="28342" Y="82450" Z="0"/>
					<Vertex X="28342" Y="82386" Z="0"/>
					<Vertex X="28342" Y="82193" Z="0"/>
					<Vertex X="28342" Y="81935" Z="0"/>
					<Vertex X="28342" Y="81806" Z="0"/>
					<Vertex X="28342" Y="81548" Z="0"/>
					<Vertex X="28342" Y="81420" Z="0"/>
					<Vertex X="28471" Y="81226" Z="0"/>
					<Vertex X="28471" Y="80969" Z="0"/>
					<Vertex X="28471" Y="80840" Z="0"/>
					<Vertex X="28535" Y="80582" Z="0"/>
					<Vertex X="28664" Y="80453" Z="0"/>
					<Vertex X="28729" Y="80260" Z="0"/>
					<Vertex X="28857" Y="80131" Z="0"/>
					<Vertex X="29051" Y="79938" Z="0"/>
					<Vertex X="29180" Y="79809" Z="0"/>
					<Vertex X="29180" Y="79745" Z="0"/>
					<Vertex X="29244" Y="79552" Z="0"/>
					<Vertex X="29244" Y="79423" Z="0"/>
					<Vertex X="29244" Y="79358" Z="0"/>
					<Vertex X="29244" Y="79294" Z="0"/>
					<Vertex X="29244" Y="79036" Z="0"/>
					<Vertex X="29244" Y="78972" Z="0"/>
					<Vertex X="29308" Y="78650" Z="0"/>
					<Vertex X="29437" Y="78585" Z="0"/>
					<Vertex X="29437" Y="78392" Z="0"/>
					<Vertex X="29630" Y="78328" Z="0"/>
					<Vertex X="29695" Y="78199" Z="0"/>
					<Vertex X="29824" Y="78070" Z="0"/>
					<Vertex X="29952" Y="78070" Z="0"/>
					<Vertex X="30017" Y="78006" Z="0"/>
					<Vertex X="30081" Y="78006" Z="0"/>
					<Vertex X="30403" Y="77941" Z="0"/>
					<Vertex X="30597" Y="77941" Z="0"/>
					<Vertex X="30661" Y="77812" Z="0"/>
					<Vertex X="30919" Y="77684" Z="0"/>
					<Vertex X="30983" Y="77619" Z="0"/>
					<Vertex X="31176" Y="77555" Z="0"/>
					<Vertex X="31241" Y="77426" Z="0"/>
					<Vertex X="31370" Y="77361" Z="0"/>
					<Vertex X="31434" Y="77104" Z="0"/>
					<Vertex X="31563" Y="77039" Z="0"/>
					<Vertex X="31692" Y="76975" Z="0"/>
					<Vertex X="31756" Y="76717" Z="0"/>
					<Vertex X="31821" Y="76653" Z="0"/>
					<Vertex X="31821" Y="76524" Z="0"/>
					<Vertex X="31949" Y="76395" Z="0"/>
					<Vertex X="32014" Y="76266" Z="0"/>
					<Vertex X="32014" Y="76138" Z="0"/>
					<Vertex X="32014" Y="76073" Z="0"/>
					<Vertex X="32143" Y="75880" Z="0"/>
					<Vertex X="32207" Y="75751" Z="0"/>
					<Vertex X="32207" Y="75687" Z="0"/>
					<Vertex X="32400" Y="75493" Z="0"/>
					<Vertex X="32400" Y="75429" Z="0"/>
					<Vertex X="32658" Y="75300" Z="0"/>
					<Vertex X="32722" Y="75171" Z="0"/>
					<Vertex X="32916" Y="75043" Z="0"/>
					<Vertex X="33109" Y="74785" Z="0"/>
					<Vertex X="33302" Y="74656" Z="0"/>
					<Vertex X="33431" Y="74527" Z="0"/>
					<Vertex X="33560" Y="74334" Z="0"/>
					<Vertex X="33753" Y="74141" Z="0"/>
					<Vertex X="33882" Y="73947" Z="0"/>
					<Vertex X="33946" Y="73819" Z="0"/>
					<Vertex X="34075" Y="73690" Z="0"/>
					<Vertex X="34139" Y="73561" Z="0"/>
					<Vertex X="34268" Y="73497" Z="0"/>
					<Vertex X="34397" Y="73239" Z="0"/>
					<Vertex X="34462" Y="73046" Z="0"/>
					<Vertex X="34526" Y="72981" Z="0"/>
					<Vertex X="34526" Y="72852" Z="0"/>
					<Vertex X="34655" Y="72724" Z="0"/>
					<Vertex X="34719" Y="72530" Z="0"/>
					<Vertex X="34719" Y="72402" Z="0"/>
					<Vertex X="34848" Y="72273" Z="0"/>
					<Vertex X="34912" Y="72144" Z="0"/>
					<Vertex X="35041" Y="71886" Z="0"/>
					<Vertex X="35170" Y="71693" Z="0"/>
					<Vertex X="35170" Y="71629" Z="0"/>
					<Vertex X="35170" Y="71500" Z="0"/>
					<Vertex X="35234" Y="71435" Z="0"/>
					<Vertex X="35234" Y="71306" Z="0"/>
					<Vertex X="35234" Y="71242" Z="0"/>
					<Vertex X="35299" Y="71242" Z="0"/>
					<Vertex X="35299" Y="71178" Z="0"/>
					<Vertex X="35299" Y="71049" Z="0"/>
					<Vertex X="35299" Y="70920" Z="0"/>
					<Vertex X="35299" Y="70856" Z="0"/>
					<Vertex X="35299" Y="70727" Z="0"/>
					<Vertex X="35299" Y="70662" Z="0"/>
					<Vertex X="35299" Y="70533" Z="0"/>
					<Vertex X="35299" Y="70469" Z="0"/>
					<Vertex X="35299" Y="70405" Z="0"/>
					<Vertex X="35299" Y="70276" Z="0"/>
					<Vertex X="35299" Y="70147" Z="0"/>
					<Vertex X="35234" Y="70147" Z="0"/>
					<Vertex X="35234" Y="70083" Z="0"/>
					<Vertex X="35234" Y="69954" Z="0"/>
					<Vertex X="35170" Y="69954" Z="0"/>
					<Vertex X="35170" Y="69889" Z="0"/>
					<Vertex X="35041" Y="69889" Z="0"/>
					<Vertex X="35041" Y="69761" Z="0"/>
					<Vertex X="34912" Y="69761" Z="0"/>
					<Vertex X="34912" Y="69696" Z="0"/>
					<Vertex X="34848" Y="69567" Z="0"/>
					<Vertex X="34719" Y="69567" Z="0"/>
					<Vertex X="34655" Y="69503" Z="0"/>
					<Vertex X="34526" Y="69503" Z="0"/>
					<Vertex X="34462" Y="69503" Z="0"/>
					<Vertex X="34462" Y="69374" Z="0"/>
					<Vertex X="34397" Y="69374" Z="0"/>
					<Vertex X="34268" Y="69310" Z="0"/>
					<Vertex X="34139" Y="69245" Z="0"/>
					<Vertex X="33946" Y="69245" Z="0"/>
					<Vertex X="33882" Y="69116" Z="0"/>
					<Vertex X="33753" Y="68988" Z="0"/>
					<Vertex X="33689" Y="68988" Z="0"/>
					<Vertex X="33560" Y="68923" Z="0"/>
					<Vertex X="33495" Y="68923" Z="0"/>
					<Vertex X="33302" Y="68923" Z="0"/>
					<Vertex X="33109" Y="68794" Z="0"/>
					<Vertex X="32980" Y="68794" Z="0"/>
					<Vertex X="32787" Y="68794" Z="0"/>
					<Vertex X="32658" Y="68794" Z="0"/>
					<Vertex X="32400" Y="68794" Z="0"/>
					<Vertex X="32207" Y="68730" Z="0"/>
					<Vertex X="31949" Y="68730" Z="0"/>
					<Vertex X="31756" Y="68730" Z="0"/>
					<Vertex X="31563" Y="68601" Z="0"/>
					<Vertex X="31241" Y="68537" Z="0"/>
					<Vertex X="30983" Y="68537" Z="0"/>
					<Vertex X="30790" Y="68537" Z="0"/>
					<Vertex X="30275" Y="68408" Z="0"/>
					<Vertex X="30017" Y="68408" Z="0"/>
					<Vertex X="29695" Y="68408" Z="0"/>
					<Vertex X="29437" Y="68408" Z="0"/>
					<Vertex X="29115" Y="68408" Z="0"/>
					<Vertex X="28922" Y="68408" Z="0"/>
					<Vertex X="28664" Y="68408" Z="0"/>
					<Vertex X="28278" Y="68537" Z="0"/>
					<Vertex X="27956" Y="68601" Z="0"/>
					<Vertex X="27762" Y="68730" Z="0"/>
					<Vertex X="27505" Y="68730" Z="0"/>
					<Vertex X="27118" Y="68794" Z="0"/>
					<Vertex X="26925" Y="68923" Z="0"/>
					<Vertex X="26603" Y="68988" Z="0"/>
					<Vertex X="26410" Y="69116" Z="0"/>
					<Vertex X="26152" Y="69181" Z="0"/>
					<Vertex X="25830" Y="69181" Z="0"/>
					<Vertex X="25637" Y="69310" Z="0"/>
					<Vertex X="25443" Y="69374" Z="0"/>
					<Vertex X="25186" Y="69374" Z="0"/>
					<Vertex X="24993" Y="69503" Z="0"/>
					<Vertex X="24606" Y="69567" Z="0"/>
					<Vertex X="24413" Y="69696" Z="0"/>
					<Vertex X="24091" Y="69761" Z="0"/>
					<Vertex X="24026" Y="69889" Z="0"/>
					<Vertex X="23704" Y="69889" Z="0"/>
					<Vertex X="23511" Y="69954" Z="0"/>
					<Vertex X="23447" Y="69954" Z="0"/>
					<Vertex X="23125" Y="70083" Z="0"/>
					<Vertex X="23076" Y="70043" Z="0"/>
					<Vertex X="22234" Y="70202" Z="0"/>
					<Vertex X="21996" Y="70242" Z="0"/>
					<Vertex X="21827" Y="70261" Z="0"/>
					<Vertex X="21718" Y="70291" Z="0"/>
					<Vertex X="21550" Y="70301" Z="0"/>
					<Vertex X="21451" Y="70321" Z="0"/>
					<Vertex X="21362" Y="70321" Z="0"/>
					<Vertex X="21253" Y="70321" Z="0"/>
					<Vertex X="21213" Y="70301" Z="0"/>
					<Vertex X="21153" Y="70291" Z="0"/>
					<Vertex X="21104" Y="70281" Z="0"/>
					<Vertex X="21074" Y="70242" Z="0"/>
					<Vertex X="21015" Y="70222" Z="0"/>
					<Vertex X="20975" Y="70172" Z="0"/>
					<Vertex X="20906" Y="70142" Z="0"/>
					<Vertex X="20856" Y="70103" Z="0"/>
					<Vertex X="20747" Y="70053" Z="0"/>
					<Vertex X="20678" Y="70004" Z="0"/>
					<Vertex X="20598" Y="69984" Z="0"/>
					<Vertex X="20450" Y="69934" Z="0"/>
					<Vertex X="20331" Y="69905" Z="0"/>
					<Vertex X="20172" Y="69865" Z="0"/>
					<Vertex X="20053" Y="69835" Z="0"/>
					<Vertex X="19924" Y="69796" Z="0"/>
					<Vertex X="19795" Y="69776" Z="0"/>
					<Vertex X="19607" Y="69736" Z="0"/>
					<Vertex X="19468" Y="69726" Z="0"/>
					<Vertex X="19339" Y="69706" Z="0"/>
					<Vertex X="19121" Y="69696" Z="0"/>
					<Vertex X="18982" Y="69696" Z="0"/>
					<Vertex X="18844" Y="69686" Z="0"/>
					<Vertex X="18715" Y="69686" Z="0"/>
					<Vertex X="18487" Y="69696" Z="0"/>
					<Vertex X="18338" Y="69706" Z="0"/>
					<Vertex X="18189" Y="69726" Z="0"/>
					<Vertex X="18041" Y="69736" Z="0"/>
					<Vertex X="17813" Y="69776" Z="0"/>
					<Vertex X="17595" Y="69815" Z="0"/>
					<Vertex X="17446" Y="69845" Z="0"/>
					<Vertex X="17218" Y="69885" Z="0"/>
					<Vertex X="17069" Y="69914" Z="0"/>
					<Vertex X="16831" Y="69974" Z="0"/>
					<Vertex X="16673" Y="70033" Z="0"/>
					<Vertex X="16504" Y="70093" Z="0"/>
					<Vertex X="16266" Y="70182" Z="0"/>
					<Vertex X="16118" Y="70261" Z="0"/>
					<Vertex X="15959" Y="70331" Z="0"/>
					<Vertex X="15731" Y="70470" Z="0"/>
					<Vertex X="15582" Y="70569" Z="0"/>
					<Vertex X="15374" Y="70717" Z="0"/>
					<Vertex X="15245" Y="70826" Z="0"/>
					<Vertex X="15067" Y="70955" Z="0"/>
					<Vertex X="14948" Y="71064" Z="0"/>
					<Vertex X="14829" Y="71163" Z="0"/>
					<Vertex X="14680" Y="71312" Z="0"/>
					<Vertex X="14532" Y="71481" Z="0"/>
					<Vertex X="14423" Y="71570" Z="0"/>
					<Vertex X="14343" Y="71669" Z="0"/>
					<Vertex X="14264" Y="71778" Z="0"/>
					<Vertex X="14125" Y="71927" Z="0"/>
					<Vertex X="14036" Y="72046" Z="0"/>
					<Vertex X="13967" Y="72155" Z="0"/>
					<Vertex X="13877" Y="72264" Z="0"/>
					<Vertex X="13758" Y="72452" Z="0"/>
					<Vertex X="13679" Y="72561" Z="0"/>
					<Vertex X="13590" Y="72680" Z="0"/>
					<Vertex X="13501" Y="72859" Z="0"/>
					<Vertex X="13441" Y="72968" Z="0"/>
					<Vertex X="13392" Y="73087" Z="0"/>
					<Vertex X="13312" Y="73265" Z="0"/>
					<Vertex X="13253" Y="73384" Z="0"/>
					<Vertex X="13193" Y="73552" Z="0"/>
					<Vertex X="13164" Y="73662" Z="0"/>
					<Vertex X="13134" Y="73771" Z="0"/>
					<Vertex X="13124" Y="73929" Z="0"/>
					<Vertex X="13104" Y="74038" Z="0"/>
					<Vertex X="13084" Y="74127" Z="0"/>
					<Vertex X="13084" Y="74236" Z="0"/>
					<Vertex X="13084" Y="74385" Z="0"/>
					<Vertex X="13084" Y="74524" Z="0"/>
					<Vertex X="13104" Y="74623" Z="0"/>
					<Vertex X="13124" Y="74722" Z="0"/>
					<Vertex X="13134" Y="74811" Z="0"/>
					<Vertex X="13174" Y="74930" Z="0"/>
					<Vertex X="13203" Y="75020" Z="0"/>
					<Vertex X="13233" Y="75079" Z="0"/>
					<Vertex X="13273" Y="75148" Z="0"/>
					<Vertex X="13322" Y="75238" Z="0"/>
					<Vertex X="13372" Y="75297" Z="0"/>
					<Vertex X="13402" Y="75347" Z="0"/>
					<Vertex X="13441" Y="75376" Z="0"/>
					<Vertex X="13471" Y="75406" Z="0"/>
					<Vertex X="13491" Y="75416" Z="0"/>
					<Vertex X="13501" Y="75416" Z="0"/>
					<Vertex X="13521" Y="75466" Z="0"/>
					<Vertex X="13521" Y="75485" Z="0"/>
					<Vertex X="13610" Y="75446" Z="0"/>
				</Vertices>
			</Region>
			<Region Id="2" Type="0" Zoom="0.015389" Selected="0" ImageLocation="" ImageFocus="-1" Length="34030.7" Area="53731959.5" LengthMicrons="8582.5" AreaMicrons="3417612.7" Text="" NegativeROA="0" InputRegionId="0" Analyze="1" DisplayId="2">
				<Attributes/>
				<Vertices>
					<Vertex X="37618" Y="78650" Z="0"/>
					<Vertex X="37747" Y="78521" Z="0"/>
					<Vertex X="37857" Y="78212" Z="0"/>
					<Vertex X="38144" Y="77597" Z="0"/>
					<Vertex X="38303" Y="77349" Z="0"/>
					<Vertex X="38372" Y="77250" Z="0"/>
					<Vertex X="38432" Y="77141" Z="0"/>
					<Vertex X="38521" Y="76983" Z="0"/>
					<Vertex X="38581" Y="76873" Z="0"/>
					<Vertex X="38630" Y="76764" Z="0"/>
					<Vertex X="38670" Y="76665" Z="0"/>
					<Vertex X="38729" Y="76527" Z="0"/>
					<Vertex X="38759" Y="76427" Z="0"/>
					<Vertex X="38789" Y="76338" Z="0"/>
					<Vertex X="38818" Y="76209" Z="0"/>
					<Vertex X="38838" Y="76110" Z="0"/>
					<Vertex X="38848" Y="76021" Z="0"/>
					<Vertex X="38878" Y="75892" Z="0"/>
					<Vertex X="38898" Y="75803" Z="0"/>
					<Vertex X="38927" Y="75674" Z="0"/>
					<Vertex X="38937" Y="75575" Z="0"/>
					<Vertex X="38977" Y="75446" Z="0"/>
					<Vertex X="39007" Y="75347" Z="0"/>
					<Vertex X="39046" Y="75248" Z="0"/>
					<Vertex X="39086" Y="75168" Z="0"/>
					<Vertex X="39146" Y="75020" Z="0"/>
					<Vertex X="39195" Y="74931" Z="0"/>
					<Vertex X="39235" Y="74822" Z="0"/>
					<Vertex X="39294" Y="74683" Z="0"/>
					<Vertex X="39354" Y="74594" Z="0"/>
					<Vertex X="39423" Y="74465" Z="0"/>
					<Vertex X="39483" Y="74375" Z="0"/>
					<Vertex X="39542" Y="74286" Z="0"/>
					<Vertex X="39592" Y="74197" Z="0"/>
					<Vertex X="39651" Y="74058" Z="0"/>
					<Vertex X="39681" Y="73989" Z="0"/>
					<Vertex X="39711" Y="73900" Z="0"/>
					<Vertex X="39721" Y="73820" Z="0"/>
					<Vertex X="39740" Y="73691" Z="0"/>
					<Vertex X="39750" Y="73612" Z="0"/>
					<Vertex X="39750" Y="73493" Z="0"/>
					<Vertex X="39750" Y="73404" Z="0"/>
					<Vertex X="39750" Y="73315" Z="0"/>
					<Vertex X="39750" Y="73226" Z="0"/>
					<Vertex X="39740" Y="73107" Z="0"/>
					<Vertex X="39721" Y="73017" Z="0"/>
					<Vertex X="39721" Y="72938" Z="0"/>
					<Vertex X="39691" Y="72799" Z="0"/>
					<Vertex X="39681" Y="72720" Z="0"/>
					<Vertex X="39651" Y="72631" Z="0"/>
					<Vertex X="39631" Y="72561" Z="0"/>
					<Vertex X="39582" Y="72452" Z="0"/>
					<Vertex X="39542" Y="72383" Z="0"/>
					<Vertex X="39502" Y="72324" Z="0"/>
					<Vertex X="39473" Y="72264" Z="0"/>
					<Vertex X="39423" Y="72205" Z="0"/>
					<Vertex X="39383" Y="72145" Z="0"/>
					<Vertex X="39314" Y="72066" Z="0"/>
					<Vertex X="39245" Y="72026" Z="0"/>
					<Vertex X="39185" Y="71996" Z="0"/>
					<Vertex X="39126" Y="71947" Z="0"/>
					<Vertex X="39066" Y="71917" Z="0"/>
					<Vertex X="39007" Y="71877" Z="0"/>
					<Vertex X="38918" Y="71848" Z="0"/>
					<Vertex X="38858" Y="71818" Z="0"/>
					<Vertex X="38789" Y="71798" Z="0"/>
					<Vertex X="38729" Y="71768" Z="0"/>
					<Vertex X="38630" Y="71739" Z="0"/>
					<Vertex X="38551" Y="71729" Z="0"/>
					<Vertex X="38471" Y="71709" Z="0"/>
					<Vertex X="38402" Y="71699" Z="0"/>
					<Vertex X="38283" Y="71679" Z="0"/>
					<Vertex X="38204" Y="71679" Z="0"/>
					<Vertex X="38115" Y="71669" Z="0"/>
					<Vertex X="38045" Y="71669" Z="0"/>
					<Vertex X="37956" Y="71669" Z="0"/>
					<Vertex X="37837" Y="71669" Z="0"/>
					<Vertex X="37748" Y="71679" Z="0"/>
					<Vertex X="37659" Y="71699" Z="0"/>
					<Vertex X="37569" Y="71709" Z="0"/>
					<Vertex X="37421" Y="71739" Z="0"/>
					<Vertex X="37312" Y="71768" Z="0"/>
					<Vertex X="37183" Y="71818" Z="0"/>
					<Vertex X="37074" Y="71848" Z="0"/>
					<Vertex X="36985" Y="71887" Z="0"/>
					<Vertex X="36885" Y="71917" Z="0"/>
					<Vertex X="36747" Y="71996" Z="0"/>
					<Vertex X="36677" Y="72036" Z="0"/>
					<Vertex X="36588" Y="72086" Z="0"/>
					<Vertex X="36509" Y="72145" Z="0"/>
					<Vertex X="36439" Y="72185" Z="0"/>
					<Vertex X="36350" Y="72274" Z="0"/>
					<Vertex X="36271" Y="72333" Z="0"/>
					<Vertex X="36211" Y="72413" Z="0"/>
					<Vertex X="36152" Y="72472" Z="0"/>
					<Vertex X="36083" Y="72571" Z="0"/>
					<Vertex X="36033" Y="72651" Z="0"/>
					<Vertex X="35993" Y="72720" Z="0"/>
					<Vertex X="35944" Y="72799" Z="0"/>
					<Vertex X="35874" Y="72908" Z="0"/>
					<Vertex X="35825" Y="72998" Z="0"/>
					<Vertex X="35785" Y="73077" Z="0"/>
					<Vertex X="35726" Y="73166" Z="0"/>
					<Vertex X="35676" Y="73255" Z="0"/>
					<Vertex X="35636" Y="73345" Z="0"/>
					<Vertex X="35577" Y="73483" Z="0"/>
					<Vertex X="35547" Y="73582" Z="0"/>
					<Vertex X="35498" Y="73672" Z="0"/>
					<Vertex X="35468" Y="73781" Z="0"/>
					<Vertex X="35408" Y="73959" Z="0"/>
					<Vertex X="35379" Y="74078" Z="0"/>
					<Vertex X="35339" Y="74197" Z="0"/>
					<Vertex X="35309" Y="74375" Z="0"/>
					<Vertex X="35260" Y="74494" Z="0"/>
					<Vertex X="35250" Y="74594" Z="0"/>
					<Vertex X="35220" Y="74732" Z="0"/>
					<Vertex X="35171" Y="74891" Z="0"/>
					<Vertex X="35161" Y="75010" Z="0"/>
					<Vertex X="35131" Y="75119" Z="0"/>
					<Vertex X="35081" Y="75218" Z="0"/>
					<Vertex X="35022" Y="75387" Z="0"/>
					<Vertex X="34992" Y="75486" Z="0"/>
					<Vertex X="34952" Y="75595" Z="0"/>
					<Vertex X="34903" Y="75694" Z="0"/>
					<Vertex X="34814" Y="75833" Z="0"/>
					<Vertex X="34774" Y="75932" Z="0"/>
					<Vertex X="34695" Y="76041" Z="0"/>
					<Vertex X="34635" Y="76130" Z="0"/>
					<Vertex X="34566" Y="76219" Z="0"/>
					<Vertex X="34477" Y="76338" Z="0"/>
					<Vertex X="34397" Y="76398" Z="0"/>
					<Vertex X="34338" Y="76467" Z="0"/>
					<Vertex X="34278" Y="76546" Z="0"/>
					<Vertex X="34219" Y="76606" Z="0"/>
					<Vertex X="34100" Y="76725" Z="0"/>
					<Vertex X="34031" Y="76794" Z="0"/>
					<Vertex X="33912" Y="76933" Z="0"/>
					<Vertex X="33822" Y="77002" Z="0"/>
					<Vertex X="33743" Y="77111" Z="0"/>
					<Vertex X="33654" Y="77210" Z="0"/>
					<Vertex X="33535" Y="77389" Z="0"/>
					<Vertex X="33446" Y="77508" Z="0"/>
					<Vertex X="33376" Y="77617" Z="0"/>
					<Vertex X="33297" Y="77736" Z="0"/>
					<Vertex X="33228" Y="77855" Z="0"/>
					<Vertex X="33129" Y="78033" Z="0"/>
					<Vertex X="33059" Y="78142" Z="0"/>
					<Vertex X="33019" Y="78241" Z="0"/>
					<Vertex X="32940" Y="78390" Z="0"/>
					<Vertex X="32901" Y="78499" Z="0"/>
					<Vertex X="32861" Y="78588" Z="0"/>
					<Vertex X="32811" Y="78727" Z="0"/>
					<Vertex X="32762" Y="78816" Z="0"/>
					<Vertex X="32722" Y="78975" Z="0"/>
					<Vertex X="32673" Y="79054" Z="0"/>
					<Vertex X="32643" Y="79143" Z="0"/>
					<Vertex X="32603" Y="79243" Z="0"/>
					<Vertex X="32554" Y="79322" Z="0"/>
					<Vertex X="32494" Y="79461" Z="0"/>
					<Vertex X="32485" Y="79520" Z="0"/>
					<Vertex X="32177" Y="80164" Z="0"/>
					<Vertex X="32098" Y="80382" Z="0"/>
					<Vertex X="32038" Y="80561" Z="0"/>
					<Vertex X="32009" Y="80680" Z="0"/>
					<Vertex X="31969" Y="80799" Z="0"/>
					<Vertex X="31920" Y="80997" Z="0"/>
					<Vertex X="31910" Y="81116" Z="0"/>
					<Vertex X="31880" Y="81245" Z="0"/>
					<Vertex X="31850" Y="81393" Z="0"/>
					<Vertex X="31801" Y="81621" Z="0"/>
					<Vertex X="31791" Y="81750" Z="0"/>
					<Vertex X="31761" Y="81899" Z="0"/>
					<Vertex X="31741" Y="82038" Z="0"/>
					<Vertex X="31711" Y="82246" Z="0"/>
					<Vertex X="31701" Y="82375" Z="0"/>
					<Vertex X="31672" Y="82514" Z="0"/>
					<Vertex X="31642" Y="82702" Z="0"/>
					<Vertex X="31612" Y="82841" Z="0"/>
					<Vertex X="31592" Y="82970" Z="0"/>
					<Vertex X="31582" Y="83089" Z="0"/>
					<Vertex X="31563" Y="83287" Z="0"/>
					<Vertex X="31563" Y="83416" Z="0"/>
					<Vertex X="31553" Y="83554" Z="0"/>
					<Vertex X="31563" Y="83733" Z="0"/>
					<Vertex X="31592" Y="83832" Z="0"/>
					<Vertex X="31622" Y="83951" Z="0"/>
					<Vertex X="31672" Y="84100" Z="0"/>
					<Vertex X="31711" Y="84189" Z="0"/>
					<Vertex X="31771" Y="84278" Z="0"/>
					<Vertex X="31830" Y="84367" Z="0"/>
					<Vertex X="31890" Y="84457" Z="0"/>
					<Vertex X="31979" Y="84585" Z="0"/>
					<Vertex X="32038" Y="84655" Z="0"/>
					<Vertex X="32108" Y="84734" Z="0"/>
					<Vertex X="32157" Y="84803" Z="0"/>
					<Vertex X="32247" Y="84922" Z="0"/>
					<Vertex X="32296" Y="84982" Z="0"/>
					<Vertex X="32385" Y="85071" Z="0"/>
					<Vertex X="32445" Y="85131" Z="0"/>
					<Vertex X="32504" Y="85190" Z="0"/>
					<Vertex X="32574" Y="85230" Z="0"/>
					<Vertex X="32663" Y="85279" Z="0"/>
					<Vertex X="32742" Y="85309" Z="0"/>
					<Vertex X="32802" Y="85329" Z="0"/>
					<Vertex X="32871" Y="85339" Z="0"/>
					<Vertex X="32931" Y="85359" Z="0"/>
					<Vertex X="33050" Y="85359" Z="0"/>
					<Vertex X="33129" Y="85359" Z="0"/>
					<Vertex X="33188" Y="85359" Z="0"/>
					<Vertex X="33258" Y="85339" Z="0"/>
					<Vertex X="33337" Y="85329" Z="0"/>
					<Vertex X="33446" Y="85279" Z="0"/>
					<Vertex X="33515" Y="85250" Z="0"/>
					<Vertex X="33575" Y="85220" Z="0"/>
					<Vertex X="33674" Y="85180" Z="0"/>
					<Vertex X="33753" Y="85131" Z="0"/>
					<Vertex X="33833" Y="85081" Z="0"/>
					<Vertex X="33942" Y="85012" Z="0"/>
					<Vertex X="34021" Y="84962" Z="0"/>
					<Vertex X="34100" Y="84922" Z="0"/>
					<Vertex X="34170" Y="84883" Z="0"/>
					<Vertex X="34249" Y="84823" Z="0"/>
					<Vertex X="34328" Y="84764" Z="0"/>
					<Vertex X="34467" Y="84675" Z="0"/>
					<Vertex X="34556" Y="84595" Z="0"/>
					<Vertex X="34646" Y="84506" Z="0"/>
					<Vertex X="34735" Y="84437" Z="0"/>
					<Vertex X="34804" Y="84338" Z="0"/>
					<Vertex X="34913" Y="84189" Z="0"/>
					<Vertex X="34983" Y="84090" Z="0"/>
					<Vertex X="35052" Y="83981" Z="0"/>
					<Vertex X="35121" Y="83822" Z="0"/>
					<Vertex X="35161" Y="83703" Z="0"/>
					<Vertex X="35211" Y="83594" Z="0"/>
					<Vertex X="35250" Y="83436" Z="0"/>
					<Vertex X="35270" Y="83317" Z="0"/>
					<Vertex X="35300" Y="83198" Z="0"/>
					<Vertex X="35320" Y="83079" Z="0"/>
					<Vertex X="35330" Y="82910" Z="0"/>
					<Vertex X="35339" Y="82791" Z="0"/>
					<Vertex X="35339" Y="82692" Z="0"/>
					<Vertex X="35359" Y="82553" Z="0"/>
					<Vertex X="35369" Y="82484" Z="0"/>
					<Vertex X="35399" Y="82375" Z="0"/>
					<Vertex X="35429" Y="82315" Z="0"/>
					<Vertex X="35478" Y="82246" Z="0"/>
					<Vertex X="35508" Y="82167" Z="0"/>
					<Vertex X="35548" Y="82097" Z="0"/>
					<Vertex X="35637" Y="81978" Z="0"/>
					<Vertex X="35696" Y="81889" Z="0"/>
					<Vertex X="35786" Y="81750" Z="0"/>
					<Vertex X="35845" Y="81651" Z="0"/>
					<Vertex X="35904" Y="81562" Z="0"/>
					<Vertex X="35964" Y="81453" Z="0"/>
					<Vertex X="36023" Y="81354" Z="0"/>
					<Vertex X="36103" Y="81185" Z="0"/>
					<Vertex X="36162" Y="81096" Z="0"/>
					<Vertex X="36202" Y="80997" Z="0"/>
					<Vertex X="36281" Y="80888" Z="0"/>
					<Vertex X="36321" Y="80799" Z="0"/>
					<Vertex X="36410" Y="80640" Z="0"/>
					<Vertex X="36469" Y="80531" Z="0"/>
					<Vertex X="36529" Y="80432" Z="0"/>
					<Vertex X="36579" Y="80343" Z="0"/>
					<Vertex X="36648" Y="80194" Z="0"/>
					<Vertex X="36707" Y="80085" Z="0"/>
					<Vertex X="36757" Y="79986" Z="0"/>
					<Vertex X="36816" Y="79897" Z="0"/>
					<Vertex X="36876" Y="79788" Z="0"/>
					<Vertex X="36965" Y="79639" Z="0"/>
					<Vertex X="37035" Y="79540" Z="0"/>
					<Vertex X="37094" Y="79431" Z="0"/>
					<Vertex X="37173" Y="79342" Z="0"/>
					<Vertex X="37263" Y="79193" Z="0"/>
					<Vertex X="37322" Y="79094" Z="0"/>
					<Vertex X="37381" Y="79005" Z="0"/>
					<Vertex X="37471" Y="78866" Z="0"/>
					<Vertex X="37530" Y="78796" Z="0"/>
					<Vertex X="37570" Y="78717" Z="0"/>
					<Vertex X="37619" Y="78648" Z="0"/>
					<Vertex X="37629" Y="78618" Z="0"/>
					<Vertex X="37618" Y="78650" Z="0"/>
				</Vertices>
			</Region>
			<Region Id="3" Type="0" Zoom="0.100000" Selected="0" ImageLocation="" ImageFocus="-1" Length="9745.6" Area="4837802.5" LengthMicrons="2457.8" AreaMicrons="307707.7" Text="" NegativeROA="0" InputRegionId="0" Analyze="1" DisplayId="3">
				<Attributes/>
				<Vertices>
					<Vertex X="35835" Y="87926" Z="0"/>
					<Vertex X="35389" Y="87361" Z="0"/>
					<Vertex X="35330" Y="87301" Z="0"/>
					<Vertex X="35270" Y="87242" Z="0"/>
					<Vertex X="35181" Y="87153" Z="0"/>
					<Vertex X="35121" Y="87093" Z="0"/>
					<Vertex X="35062" Y="87044" Z="0"/>
					<Vertex X="34983" Y="86984" Z="0"/>
					<Vertex X="34933" Y="86945" Z="0"/>
					<Vertex X="34854" Y="86915" Z="0"/>
					<Vertex X="34784" Y="86865" Z="0"/>
					<Vertex X="34655" Y="86836" Z="0"/>
					<Vertex X="34586" Y="86816" Z="0"/>
					<Vertex X="34497" Y="86796" Z="0"/>
					<Vertex X="34408" Y="86776" Z="0"/>
					<Vertex X="34299" Y="86776" Z="0"/>
					<Vertex X="34150" Y="86776" Z="0"/>
					<Vertex X="34051" Y="86796" Z="0"/>
					<Vertex X="33942" Y="86816" Z="0"/>
					<Vertex X="33833" Y="86836" Z="0"/>
					<Vertex X="33724" Y="86865" Z="0"/>
					<Vertex X="33565" Y="86915" Z="0"/>
					<Vertex X="33446" Y="86974" Z="0"/>
					<Vertex X="33317" Y="87014" Z="0"/>
					<Vertex X="33198" Y="87073" Z="0"/>
					<Vertex X="33079" Y="87133" Z="0"/>
					<Vertex X="32960" Y="87192" Z="0"/>
					<Vertex X="32802" Y="87282" Z="0"/>
					<Vertex X="32693" Y="87361" Z="0"/>
					<Vertex X="32574" Y="87420" Z="0"/>
					<Vertex X="32494" Y="87480" Z="0"/>
					<Vertex X="32385" Y="87559" Z="0"/>
					<Vertex X="32266" Y="87639" Z="0"/>
					<Vertex X="32177" Y="87698" Z="0"/>
					<Vertex X="32108" Y="87757" Z="0"/>
					<Vertex X="31979" Y="87857" Z="0"/>
					<Vertex X="31920" Y="87906" Z="0"/>
					<Vertex X="31860" Y="87985" Z="0"/>
					<Vertex X="31801" Y="88025" Z="0"/>
					<Vertex X="31731" Y="88114" Z="0"/>
					<Vertex X="31701" Y="88164" Z="0"/>
					<Vertex X="31672" Y="88223" Z="0"/>
					<Vertex X="31652" Y="88253" Z="0"/>
					<Vertex X="31652" Y="88313" Z="0"/>
					<Vertex X="31672" Y="88342" Z="0"/>
					<Vertex X="31701" Y="88372" Z="0"/>
					<Vertex X="31731" Y="88402" Z="0"/>
					<Vertex X="31771" Y="88432" Z="0"/>
					<Vertex X="31860" Y="88461" Z="0"/>
					<Vertex X="31920" Y="88471" Z="0"/>
					<Vertex X="31999" Y="88491" Z="0"/>
					<Vertex X="32088" Y="88491" Z="0"/>
					<Vertex X="32217" Y="88501" Z="0"/>
					<Vertex X="32326" Y="88491" Z="0"/>
					<Vertex X="32425" Y="88471" Z="0"/>
					<Vertex X="32544" Y="88461" Z="0"/>
					<Vertex X="32653" Y="88441" Z="0"/>
					<Vertex X="32812" Y="88432" Z="0"/>
					<Vertex X="32931" Y="88432" Z="0"/>
					<Vertex X="33040" Y="88432" Z="0"/>
					<Vertex X="33159" Y="88432" Z="0"/>
					<Vertex X="33317" Y="88432" Z="0"/>
					<Vertex X="33426" Y="88432" Z="0"/>
					<Vertex X="33525" Y="88432" Z="0"/>
					<Vertex X="33634" Y="88441" Z="0"/>
					<Vertex X="33793" Y="88432" Z="0"/>
					<Vertex X="33902" Y="88432" Z="0"/>
					<Vertex X="34051" Y="88432" Z="0"/>
					<Vertex X="34140" Y="88412" Z="0"/>
					<Vertex X="34229" Y="88412" Z="0"/>
					<Vertex X="34318" Y="88412" Z="0"/>
					<Vertex X="34447" Y="88402" Z="0"/>
					<Vertex X="34536" Y="88382" Z="0"/>
					<Vertex X="34626" Y="88382" Z="0"/>
					<Vertex X="34764" Y="88372" Z="0"/>
					<Vertex X="34864" Y="88352" Z="0"/>
					<Vertex X="34953" Y="88342" Z="0"/>
					<Vertex X="35052" Y="88323" Z="0"/>
					<Vertex X="35181" Y="88313" Z="0"/>
					<Vertex X="35250" Y="88283" Z="0"/>
					<Vertex X="35330" Y="88263" Z="0"/>
					<Vertex X="35399" Y="88253" Z="0"/>
					<Vertex X="35508" Y="88223" Z="0"/>
					<Vertex X="35548" Y="88204" Z="0"/>
					<Vertex X="35607" Y="88204" Z="0"/>
					<Vertex X="35657" Y="88194" Z="0"/>
					<Vertex X="35686" Y="88174" Z="0"/>
					<Vertex X="35736" Y="88164" Z="0"/>
					<Vertex X="35746" Y="88144" Z="0"/>
					<Vertex X="35756" Y="88134" Z="0"/>
					<Vertex X="35756" Y="88114" Z="0"/>
					<Vertex X="35776" Y="88104" Z="0"/>
					<Vertex X="35776" Y="88085" Z="0"/>
					<Vertex X="35795" Y="88055" Z="0"/>
					<Vertex X="35805" Y="88045" Z="0"/>
					<Vertex X="35815" Y="88015" Z="0"/>
					<Vertex X="35835" Y="87985" Z="0"/>
					<Vertex X="35835" Y="87966" Z="0"/>
					<Vertex X="35835" Y="87956" Z="0"/>
					<Vertex X="35855" Y="87956" Z="0"/>
					<Vertex X="35855" Y="87936" Z="0"/>
					<Vertex X="35855" Y="87926" Z="0"/>
					<Vertex X="35855" Y="87926" Z="0"/>
					<Vertex X="35835" Y="87906" Z="0"/>
					<Vertex X="35855" Y="87906" Z="0"/>
					<Vertex X="35835" Y="87926" Z="0"/>
				</Vertices>
			</Region>
			<Region Id="4" Type="0" Zoom="0.050000" Selected="1" ImageLocation="" ImageFocus="-1" Length="88070.5" Area="297234161.5" LengthMicrons="22211.4" AreaMicrons="18905531.3" Text="" NegativeROA="0" InputRegionId="0" Analyze="1" DisplayId="4">
				<Attributes/>
				<Vertices>
					<Vertex X="86697" Y="90405" Z="0"/>
					<Vertex X="87410" Y="89235" Z="0"/>
					<Vertex X="87470" Y="89116" Z="0"/>
					<Vertex X="87490" Y="88997" Z="0"/>
					<Vertex X="87549" Y="88878" Z="0"/>
					<Vertex X="87589" Y="88759" Z="0"/>
					<Vertex X="87629" Y="88640" Z="0"/>
					<Vertex X="87648" Y="88541" Z="0"/>
					<Vertex X="87648" Y="88462" Z="0"/>
					<Vertex X="87648" Y="88363" Z="0"/>
					<Vertex X="87629" Y="88283" Z="0"/>
					<Vertex X="87629" Y="88204" Z="0"/>
					<Vertex X="87589" Y="88105" Z="0"/>
					<Vertex X="87549" Y="88006" Z="0"/>
					<Vertex X="87549" Y="87927" Z="0"/>
					<Vertex X="87529" Y="87847" Z="0"/>
					<Vertex X="87490" Y="87748" Z="0"/>
					<Vertex X="87470" Y="87649" Z="0"/>
					<Vertex X="87470" Y="87570" Z="0"/>
					<Vertex X="87470" Y="87451" Z="0"/>
					<Vertex X="87470" Y="87352" Z="0"/>
					<Vertex X="87430" Y="87272" Z="0"/>
					<Vertex X="87430" Y="87173" Z="0"/>
					<Vertex X="87430" Y="87094" Z="0"/>
					<Vertex X="87430" Y="86995" Z="0"/>
					<Vertex X="87430" Y="86876" Z="0"/>
					<Vertex X="87430" Y="86797" Z="0"/>
					<Vertex X="87430" Y="86697" Z="0"/>
					<Vertex X="87430" Y="86618" Z="0"/>
					<Vertex X="87430" Y="86499" Z="0"/>
					<Vertex X="87430" Y="86400" Z="0"/>
					<Vertex X="87430" Y="86321" Z="0"/>
					<Vertex X="87470" Y="86222" Z="0"/>
					<Vertex X="87470" Y="86142" Z="0"/>
					<Vertex X="87470" Y="86043" Z="0"/>
					<Vertex X="87470" Y="85964" Z="0"/>
					<Vertex X="87490" Y="85865" Z="0"/>
					<Vertex X="87490" Y="85805" Z="0"/>
					<Vertex X="87529" Y="85726" Z="0"/>
					<Vertex X="87549" Y="85627" Z="0"/>
					<Vertex X="87629" Y="85548" Z="0"/>
					<Vertex X="87648" Y="85488" Z="0"/>
					<Vertex X="87688" Y="85429" Z="0"/>
					<Vertex X="87747" Y="85369" Z="0"/>
					<Vertex X="87787" Y="85310" Z="0"/>
					<Vertex X="87866" Y="85270" Z="0"/>
					<Vertex X="87926" Y="85230" Z="0"/>
					<Vertex X="87946" Y="85131" Z="0"/>
					<Vertex X="88005" Y="85072" Z="0"/>
					<Vertex X="88065" Y="84992" Z="0"/>
					<Vertex X="88124" Y="84913" Z="0"/>
					<Vertex X="88184" Y="84834" Z="0"/>
					<Vertex X="88243" Y="84774" Z="0"/>
					<Vertex X="88283" Y="84695" Z="0"/>
					<Vertex X="88303" Y="84596" Z="0"/>
					<Vertex X="88362" Y="84497" Z="0"/>
					<Vertex X="88402" Y="84417" Z="0"/>
					<Vertex X="88422" Y="84299" Z="0"/>
					<Vertex X="88461" Y="84199" Z="0"/>
					<Vertex X="88481" Y="84100" Z="0"/>
					<Vertex X="88501" Y="84001" Z="0"/>
					<Vertex X="88501" Y="83882" Z="0"/>
					<Vertex X="88541" Y="83763" Z="0"/>
					<Vertex X="88541" Y="83684" Z="0"/>
					<Vertex X="88541" Y="83545" Z="0"/>
					<Vertex X="88560" Y="83406" Z="0"/>
					<Vertex X="88541" Y="83307" Z="0"/>
					<Vertex X="88541" Y="83228" Z="0"/>
					<Vertex X="88501" Y="83149" Z="0"/>
					<Vertex X="88461" Y="83050" Z="0"/>
					<Vertex X="88422" Y="82950" Z="0"/>
					<Vertex X="88362" Y="82871" Z="0"/>
					<Vertex X="88283" Y="82792" Z="0"/>
					<Vertex X="88223" Y="82693" Z="0"/>
					<Vertex X="88124" Y="82633" Z="0"/>
					<Vertex X="88065" Y="82574" Z="0"/>
					<Vertex X="87966" Y="82514" Z="0"/>
					<Vertex X="87926" Y="82455" Z="0"/>
					<Vertex X="87866" Y="82395" Z="0"/>
					<Vertex X="87787" Y="82336" Z="0"/>
					<Vertex X="87747" Y="82256" Z="0"/>
					<Vertex X="87688" Y="82177" Z="0"/>
					<Vertex X="87629" Y="82138" Z="0"/>
					<Vertex X="87549" Y="82058" Z="0"/>
					<Vertex X="87490" Y="81979" Z="0"/>
					<Vertex X="87470" Y="81900" Z="0"/>
					<Vertex X="87410" Y="81820" Z="0"/>
					<Vertex X="87391" Y="81741" Z="0"/>
					<Vertex X="87351" Y="81642" Z="0"/>
					<Vertex X="87331" Y="81602" Z="0"/>
					<Vertex X="87292" Y="81503" Z="0"/>
					<Vertex X="87292" Y="81424" Z="0"/>
					<Vertex X="87292" Y="81325" Z="0"/>
					<Vertex X="87252" Y="81245" Z="0"/>
					<Vertex X="87252" Y="81146" Z="0"/>
					<Vertex X="87252" Y="81067" Z="0"/>
					<Vertex X="87292" Y="80968" Z="0"/>
					<Vertex X="87292" Y="80889" Z="0"/>
					<Vertex X="87331" Y="80789" Z="0"/>
					<Vertex X="87331" Y="80710" Z="0"/>
					<Vertex X="87351" Y="80611" Z="0"/>
					<Vertex X="87351" Y="80532" Z="0"/>
					<Vertex X="87351" Y="80393" Z="0"/>
					<Vertex X="87391" Y="80314" Z="0"/>
					<Vertex X="87391" Y="80195" Z="0"/>
					<Vertex X="87391" Y="80115" Z="0"/>
					<Vertex X="87391" Y="80016" Z="0"/>
					<Vertex X="87351" Y="79937" Z="0"/>
					<Vertex X="87331" Y="79838" Z="0"/>
					<Vertex X="87331" Y="79758" Z="0"/>
					<Vertex X="87292" Y="79659" Z="0"/>
					<Vertex X="87252" Y="79540" Z="0"/>
					<Vertex X="87232" Y="79461" Z="0"/>
					<Vertex X="87173" Y="79362" Z="0"/>
					<Vertex X="87113" Y="79243" Z="0"/>
					<Vertex X="87073" Y="79164" Z="0"/>
					<Vertex X="87014" Y="79065" Z="0"/>
					<Vertex X="86954" Y="78965" Z="0"/>
					<Vertex X="86895" Y="78886" Z="0"/>
					<Vertex X="86836" Y="78787" Z="0"/>
					<Vertex X="86776" Y="78708" Z="0"/>
					<Vertex X="86717" Y="78609" Z="0"/>
					<Vertex X="86657" Y="78490" Z="0"/>
					<Vertex X="86578" Y="78430" Z="0"/>
					<Vertex X="86518" Y="78351" Z="0"/>
					<Vertex X="86459" Y="78291" Z="0"/>
					<Vertex X="86360" Y="78192" Z="0"/>
					<Vertex X="86300" Y="78133" Z="0"/>
					<Vertex X="86221" Y="78053" Z="0"/>
					<Vertex X="86161" Y="77954" Z="0"/>
					<Vertex X="86102" Y="77895" Z="0"/>
					<Vertex X="86003" Y="77835" Z="0"/>
					<Vertex X="85943" Y="77776" Z="0"/>
					<Vertex X="85864" Y="77756" Z="0"/>
					<Vertex X="85824" Y="77816" Z="0"/>
					<Vertex X="84694" Y="76824" Z="0"/>
					<Vertex X="84556" Y="76705" Z="0"/>
					<Vertex X="84456" Y="76626" Z="0"/>
					<Vertex X="84397" Y="76567" Z="0"/>
					<Vertex X="84357" Y="76467" Z="0"/>
					<Vertex X="84258" Y="76408" Z="0"/>
					<Vertex X="84199" Y="76348" Z="0"/>
					<Vertex X="84100" Y="76289" Z="0"/>
					<Vertex X="84020" Y="76230" Z="0"/>
					<Vertex X="83921" Y="76170" Z="0"/>
					<Vertex X="83862" Y="76091" Z="0"/>
					<Vertex X="83782" Y="76031" Z="0"/>
					<Vertex X="83683" Y="75992" Z="0"/>
					<Vertex X="83604" Y="75912" Z="0"/>
					<Vertex X="83564" Y="75912" Z="0"/>
					<Vertex X="83445" Y="75853" Z="0"/>
					<Vertex X="83366" Y="75813" Z="0"/>
					<Vertex X="83307" Y="75793" Z="0"/>
					<Vertex X="83207" Y="75793" Z="0"/>
					<Vertex X="83128" Y="75754" Z="0"/>
					<Vertex X="83069" Y="75754" Z="0"/>
					<Vertex X="82970" Y="75754" Z="0"/>
					<Vertex X="82890" Y="75754" Z="0"/>
					<Vertex X="82831" Y="75754" Z="0"/>
					<Vertex X="82712" Y="75793" Z="0"/>
					<Vertex X="82613" Y="75793" Z="0"/>
					<Vertex X="82553" Y="75813" Z="0"/>
					<Vertex X="82474" Y="75853" Z="0"/>
					<Vertex X="82375" Y="75853" Z="0"/>
					<Vertex X="82256" Y="75912" Z="0"/>
					<Vertex X="82236" Y="75912" Z="0"/>
					<Vertex X="82177" Y="75932" Z="0"/>
					<Vertex X="82018" Y="75992" Z="0"/>
					<Vertex X="81939" Y="76031" Z="0"/>
					<Vertex X="81839" Y="76091" Z="0"/>
					<Vertex X="81780" Y="76111" Z="0"/>
					<Vertex X="81701" Y="76170" Z="0"/>
					<Vertex X="81641" Y="76210" Z="0"/>
					<Vertex X="81542" Y="76269" Z="0"/>
					<Vertex X="81483" Y="76289" Z="0"/>
					<Vertex X="81423" Y="76348" Z="0"/>
					<Vertex X="81383" Y="76388" Z="0"/>
					<Vertex X="81304" Y="76448" Z="0"/>
					<Vertex X="81185" Y="76467" Z="0"/>
					<Vertex X="81126" Y="76507" Z="0"/>
					<Vertex X="81066" Y="76567" Z="0"/>
					<Vertex X="80987" Y="76586" Z="0"/>
					<Vertex X="80888" Y="76626" Z="0"/>
					<Vertex X="80848" Y="76646" Z="0"/>
					<Vertex X="80749" Y="76686" Z="0"/>
					<Vertex X="80630" Y="76705" Z="0"/>
					<Vertex X="80531" Y="76745" Z="0"/>
					<Vertex X="80452" Y="76765" Z="0"/>
					<Vertex X="80353" Y="76804" Z="0"/>
					<Vertex X="80273" Y="76804" Z="0"/>
					<Vertex X="80174" Y="76824" Z="0"/>
					<Vertex X="80095" Y="76824" Z="0"/>
					<Vertex X="79996" Y="76864" Z="0"/>
					<Vertex X="79916" Y="76884" Z="0"/>
					<Vertex X="79857" Y="76884" Z="0"/>
					<Vertex X="79778" Y="76884" Z="0"/>
					<Vertex X="79678" Y="76923" Z="0"/>
					<Vertex X="79579" Y="76943" Z="0"/>
					<Vertex X="79460" Y="76943" Z="0"/>
					<Vertex X="79341" Y="76983" Z="0"/>
					<Vertex X="79262" Y="77003" Z="0"/>
					<Vertex X="79143" Y="77003" Z="0"/>
					<Vertex X="78985" Y="77042" Z="0"/>
					<Vertex X="78866" Y="77062" Z="0"/>
					<Vertex X="78747" Y="77102" Z="0"/>
					<Vertex X="78628" Y="77122" Z="0"/>
					<Vertex X="78449" Y="77161" Z="0"/>
					<Vertex X="78330" Y="77181" Z="0"/>
					<Vertex X="78211" Y="77241" Z="0"/>
					<Vertex X="78073" Y="77280" Z="0"/>
					<Vertex X="77954" Y="77340" Z="0"/>
					<Vertex X="77835" Y="77360" Z="0"/>
					<Vertex X="77676" Y="77419" Z="0"/>
					<Vertex X="77557" Y="77479" Z="0"/>
					<Vertex X="77438" Y="77538" Z="0"/>
					<Vertex X="77319" Y="77597" Z="0"/>
					<Vertex X="77200" Y="77657" Z="0"/>
					<Vertex X="77081" Y="77716" Z="0"/>
					<Vertex X="76962" Y="77776" Z="0"/>
					<Vertex X="76883" Y="77816" Z="0"/>
					<Vertex X="76764" Y="77835" Z="0"/>
					<Vertex X="76665" Y="77875" Z="0"/>
					<Vertex X="76586" Y="77875" Z="0"/>
					<Vertex X="76487" Y="77875" Z="0"/>
					<Vertex X="76407" Y="77895" Z="0"/>
					<Vertex X="76308" Y="77895" Z="0"/>
					<Vertex X="76229" Y="77895" Z="0"/>
					<Vertex X="76130" Y="77895" Z="0"/>
					<Vertex X="76050" Y="77895" Z="0"/>
					<Vertex X="75892" Y="77875" Z="0"/>
					<Vertex X="75832" Y="77875" Z="0"/>
					<Vertex X="75654" Y="77875" Z="0"/>
					<Vertex X="75535" Y="77875" Z="0"/>
					<Vertex X="75416" Y="77875" Z="0"/>
					<Vertex X="75297" Y="77875" Z="0"/>
					<Vertex X="75178" Y="77875" Z="0"/>
					<Vertex X="75039" Y="77895" Z="0"/>
					<Vertex X="74920" Y="77895" Z="0"/>
					<Vertex X="74762" Y="77935" Z="0"/>
					<Vertex X="74564" Y="77994" Z="0"/>
					<Vertex X="74405" Y="78014" Z="0"/>
					<Vertex X="74266" Y="78053" Z="0"/>
					<Vertex X="74048" Y="78113" Z="0"/>
					<Vertex X="73909" Y="78172" Z="0"/>
					<Vertex X="73751" Y="78232" Z="0"/>
					<Vertex X="73632" Y="78291" Z="0"/>
					<Vertex X="73493" Y="78351" Z="0"/>
					<Vertex X="73374" Y="78410" Z="0"/>
					<Vertex X="73215" Y="78470" Z="0"/>
					<Vertex X="73096" Y="78549" Z="0"/>
					<Vertex X="72977" Y="78648" Z="0"/>
					<Vertex X="72859" Y="78728" Z="0"/>
					<Vertex X="72740" Y="78827" Z="0"/>
					<Vertex X="72621" Y="78906" Z="0"/>
					<Vertex X="72502" Y="79025" Z="0"/>
					<Vertex X="72323" Y="79164" Z="0"/>
					<Vertex X="72303" Y="79223" Z="0"/>
					<Vertex X="72145" Y="79362" Z="0"/>
					<Vertex X="72085" Y="79441" Z="0"/>
					<Vertex X="72006" Y="79560" Z="0"/>
					<Vertex X="71907" Y="79659" Z="0"/>
					<Vertex X="71828" Y="79778" Z="0"/>
					<Vertex X="71768" Y="79897" Z="0"/>
					<Vertex X="71669" Y="80016" Z="0"/>
					<Vertex X="71610" Y="80135" Z="0"/>
					<Vertex X="71530" Y="80274" Z="0"/>
					<Vertex X="71471" Y="80433" Z="0"/>
					<Vertex X="71411" Y="80571" Z="0"/>
					<Vertex X="71352" Y="80750" Z="0"/>
					<Vertex X="71292" Y="80908" Z="0"/>
					<Vertex X="71193" Y="81146" Z="0"/>
					<Vertex X="71134" Y="81325" Z="0"/>
					<Vertex X="71074" Y="81463" Z="0"/>
					<Vertex X="71015" Y="81642" Z="0"/>
					<Vertex X="70935" Y="81919" Z="0"/>
					<Vertex X="70876" Y="82098" Z="0"/>
					<Vertex X="70816" Y="82336" Z="0"/>
					<Vertex X="70757" Y="82514" Z="0"/>
					<Vertex X="70698" Y="82693" Z="0"/>
					<Vertex X="70598" Y="82950" Z="0"/>
					<Vertex X="70519" Y="83129" Z="0"/>
					<Vertex X="70460" Y="83287" Z="0"/>
					<Vertex X="70400" Y="83466" Z="0"/>
					<Vertex X="70341" Y="83605" Z="0"/>
					<Vertex X="70281" Y="83763" Z="0"/>
					<Vertex X="70222" Y="83902" Z="0"/>
					<Vertex X="70182" Y="84061" Z="0"/>
					<Vertex X="70123" Y="84199" Z="0"/>
					<Vertex X="70063" Y="84358" Z="0"/>
					<Vertex X="69984" Y="84536" Z="0"/>
					<Vertex X="69924" Y="84655" Z="0"/>
					<Vertex X="69885" Y="84735" Z="0"/>
					<Vertex X="69825" Y="84854" Z="0"/>
					<Vertex X="69746" Y="85032" Z="0"/>
					<Vertex X="69686" Y="85131" Z="0"/>
					<Vertex X="69627" Y="85250" Z="0"/>
					<Vertex X="69567" Y="85329" Z="0"/>
					<Vertex X="69468" Y="85429" Z="0"/>
					<Vertex X="69389" Y="85567" Z="0"/>
					<Vertex X="69290" Y="85666" Z="0"/>
					<Vertex X="69230" Y="85746" Z="0"/>
					<Vertex X="69151" Y="85825" Z="0"/>
					<Vertex X="69052" Y="85904" Z="0"/>
					<Vertex X="68973" Y="85984" Z="0"/>
					<Vertex X="68913" Y="86043" Z="0"/>
					<Vertex X="68755" Y="86142" Z="0"/>
					<Vertex X="68636" Y="86162" Z="0"/>
					<Vertex X="68556" Y="86202" Z="0"/>
					<Vertex X="68457" Y="86222" Z="0"/>
					<Vertex X="68378" Y="86261" Z="0"/>
					<Vertex X="68279" Y="86261" Z="0"/>
					<Vertex X="68100" Y="86281" Z="0"/>
					<Vertex X="67981" Y="86261" Z="0"/>
					<Vertex X="67862" Y="86261" Z="0"/>
					<Vertex X="67783" Y="86222" Z="0"/>
					<Vertex X="67664" Y="86202" Z="0"/>
					<Vertex X="67545" Y="86142" Z="0"/>
					<Vertex X="67426" Y="86103" Z="0"/>
					<Vertex X="67248" Y="86043" Z="0"/>
					<Vertex X="67149" Y="86023" Z="0"/>
					<Vertex X="67030" Y="85984" Z="0"/>
					<Vertex X="66911" Y="85984" Z="0"/>
					<Vertex X="66792" Y="85984" Z="0"/>
					<Vertex X="66653" Y="85984" Z="0"/>
					<Vertex X="66534" Y="85984" Z="0"/>
					<Vertex X="66376" Y="86023" Z="0"/>
					<Vertex X="66177" Y="86043" Z="0"/>
					<Vertex X="66058" Y="86103" Z="0"/>
					<Vertex X="65900" Y="86142" Z="0"/>
					<Vertex X="65761" Y="86202" Z="0"/>
					<Vertex X="65642" Y="86261" Z="0"/>
					<Vertex X="65483" Y="86321" Z="0"/>
					<Vertex X="65345" Y="86341" Z="0"/>
					<Vertex X="65226" Y="86440" Z="0"/>
					<Vertex X="65067" Y="86499" Z="0"/>
					<Vertex X="64948" Y="86559" Z="0"/>
					<Vertex X="64750" Y="86638" Z="0"/>
					<Vertex X="64631" Y="86717" Z="0"/>
					<Vertex X="64512" Y="86797" Z="0"/>
					<Vertex X="64393" Y="86856" Z="0"/>
					<Vertex X="64294" Y="86915" Z="0"/>
					<Vertex X="64175" Y="86995" Z="0"/>
					<Vertex X="64096" Y="87054" Z="0"/>
					<Vertex X="63996" Y="87114" Z="0"/>
					<Vertex X="63878" Y="87213" Z="0"/>
					<Vertex X="63818" Y="87272" Z="0"/>
					<Vertex X="63759" Y="87292" Z="0"/>
					<Vertex X="63679" Y="87352" Z="0"/>
					<Vertex X="63620" Y="87391" Z="0"/>
					<Vertex X="63521" Y="87451" Z="0"/>
					<Vertex X="63461" Y="87471" Z="0"/>
					<Vertex X="63402" Y="87510" Z="0"/>
					<Vertex X="63342" Y="87510" Z="0"/>
					<Vertex X="63263" Y="87530" Z="0"/>
					<Vertex X="63203" Y="87570" Z="0"/>
					<Vertex X="63104" Y="87570" Z="0"/>
					<Vertex X="63025" Y="87590" Z="0"/>
					<Vertex X="62906" Y="87590" Z="0"/>
					<Vertex X="62807" Y="87590" Z="0"/>
					<Vertex X="62629" Y="87629" Z="0"/>
					<Vertex X="62549" Y="87629" Z="0"/>
					<Vertex X="62430" Y="87629" Z="0"/>
					<Vertex X="62272" Y="87629" Z="0"/>
					<Vertex X="62192" Y="87629" Z="0"/>
					<Vertex X="62073" Y="87629" Z="0"/>
					<Vertex X="61974" Y="87590" Z="0"/>
					<Vertex X="61836" Y="87570" Z="0"/>
					<Vertex X="61736" Y="87510" Z="0"/>
					<Vertex X="61677" Y="87451" Z="0"/>
					<Vertex X="61617" Y="87391" Z="0"/>
					<Vertex X="61538" Y="87272" Z="0"/>
					<Vertex X="61498" Y="87173" Z="0"/>
					<Vertex X="61498" Y="87094" Z="0"/>
					<Vertex X="61479" Y="86995" Z="0"/>
					<Vertex X="61439" Y="86856" Z="0"/>
					<Vertex X="61419" Y="86797" Z="0"/>
					<Vertex X="61360" Y="86737" Z="0"/>
					<Vertex X="61320" Y="86678" Z="0"/>
					<Vertex X="61261" Y="86638" Z="0"/>
					<Vertex X="61201" Y="86578" Z="0"/>
					<Vertex X="61082" Y="86559" Z="0"/>
					<Vertex X="61003" Y="86519" Z="0"/>
					<Vertex X="60904" Y="86499" Z="0"/>
					<Vertex X="60785" Y="86499" Z="0"/>
					<Vertex X="60646" Y="86460" Z="0"/>
					<Vertex X="60527" Y="86460" Z="0"/>
					<Vertex X="60309" Y="86460" Z="0"/>
					<Vertex X="60170" Y="86440" Z="0"/>
					<Vertex X="60051" Y="86440" Z="0"/>
					<Vertex X="59833" Y="86460" Z="0"/>
					<Vertex X="59694" Y="86499" Z="0"/>
					<Vertex X="59536" Y="86499" Z="0"/>
					<Vertex X="59417" Y="86519" Z="0"/>
					<Vertex X="59278" Y="86559" Z="0"/>
					<Vertex X="59119" Y="86578" Z="0"/>
					<Vertex X="58981" Y="86618" Z="0"/>
					<Vertex X="58763" Y="86678" Z="0"/>
					<Vertex X="58624" Y="86717" Z="0"/>
					<Vertex X="58505" Y="86757" Z="0"/>
					<Vertex X="58346" Y="86816" Z="0"/>
					<Vertex X="58227" Y="86876" Z="0"/>
					<Vertex X="58108" Y="86935" Z="0"/>
					<Vertex X="57930" Y="87034" Z="0"/>
					<Vertex X="57811" Y="87094" Z="0"/>
					<Vertex X="57692" Y="87153" Z="0"/>
					<Vertex X="57613" Y="87233" Z="0"/>
					<Vertex X="57494" Y="87292" Z="0"/>
					<Vertex X="57395" Y="87391" Z="0"/>
					<Vertex X="57276" Y="87471" Z="0"/>
					<Vertex X="57196" Y="87570" Z="0"/>
					<Vertex X="57038" Y="87689" Z="0"/>
					<Vertex X="56958" Y="87768" Z="0"/>
					<Vertex X="56859" Y="87867" Z="0"/>
					<Vertex X="56740" Y="87946" Z="0"/>
					<Vertex X="56602" Y="88105" Z="0"/>
					<Vertex X="56502" Y="88184" Z="0"/>
					<Vertex X="56423" Y="88283" Z="0"/>
					<Vertex X="56324" Y="88343" Z="0"/>
					<Vertex X="56205" Y="88422" Z="0"/>
					<Vertex X="56126" Y="88482" Z="0"/>
					<Vertex X="56027" Y="88541" Z="0"/>
					<Vertex X="55967" Y="88581" Z="0"/>
					<Vertex X="55848" Y="88660" Z="0"/>
					<Vertex X="55789" Y="88720" Z="0"/>
					<Vertex X="55729" Y="88819" Z="0"/>
					<Vertex X="55650" Y="88898" Z="0"/>
					<Vertex X="55590" Y="88997" Z="0"/>
					<Vertex X="55531" Y="89057" Z="0"/>
					<Vertex X="55472" Y="89136" Z="0"/>
					<Vertex X="55412" Y="89215" Z="0"/>
					<Vertex X="55353" Y="89295" Z="0"/>
					<Vertex X="55293" Y="89374" Z="0"/>
					<Vertex X="55253" Y="89473" Z="0"/>
					<Vertex X="55194" Y="89552" Z="0"/>
					<Vertex X="55174" Y="89612" Z="0"/>
					<Vertex X="55115" Y="89711" Z="0"/>
					<Vertex X="55055" Y="89830" Z="0"/>
					<Vertex X="54996" Y="89889" Z="0"/>
					<Vertex X="54956" Y="89969" Z="0"/>
					<Vertex X="54877" Y="90127" Z="0"/>
					<Vertex X="54837" Y="90207" Z="0"/>
					<Vertex X="54778" Y="90306" Z="0"/>
					<Vertex X="54718" Y="90444" Z="0"/>
					<Vertex X="54698" Y="90544" Z="0"/>
					<Vertex X="54659" Y="90623" Z="0"/>
					<Vertex X="54599" Y="90742" Z="0"/>
					<Vertex X="54599" Y="90801" Z="0"/>
					<Vertex X="54599" Y="90861" Z="0"/>
					<Vertex X="54599" Y="90960" Z="0"/>
					<Vertex X="54599" Y="91019" Z="0"/>
					<Vertex X="54599" Y="91099" Z="0"/>
					<Vertex X="54639" Y="91158" Z="0"/>
					<Vertex X="54639" Y="91218" Z="0"/>
					<Vertex X="54639" Y="91317" Z="0"/>
					<Vertex X="54659" Y="91376" Z="0"/>
					<Vertex X="54659" Y="91396" Z="0"/>
					<Vertex X="54698" Y="91436" Z="0"/>
					<Vertex X="54758" Y="91456" Z="0"/>
					<Vertex X="54837" Y="91515" Z="0"/>
					<Vertex X="55115" Y="91674" Z="0"/>
					<Vertex X="55234" Y="91733" Z="0"/>
					<Vertex X="55313" Y="91753" Z="0"/>
					<Vertex X="55472" Y="91812" Z="0"/>
					<Vertex X="55610" Y="91812" Z="0"/>
					<Vertex X="55709" Y="91852" Z="0"/>
					<Vertex X="55828" Y="91852" Z="0"/>
					<Vertex X="56007" Y="91892" Z="0"/>
					<Vertex X="56205" Y="91892" Z="0"/>
					<Vertex X="56304" Y="91892" Z="0"/>
					<Vertex X="56483" Y="91892" Z="0"/>
					<Vertex X="56602" Y="91852" Z="0"/>
					<Vertex X="56780" Y="91852" Z="0"/>
					<Vertex X="56899" Y="91852" Z="0"/>
					<Vertex X="56978" Y="91852" Z="0"/>
					<Vertex X="57097" Y="91812" Z="0"/>
					<Vertex X="57276" Y="91793" Z="0"/>
					<Vertex X="57434" Y="91753" Z="0"/>
					<Vertex X="57553" Y="91733" Z="0"/>
					<Vertex X="57692" Y="91693" Z="0"/>
					<Vertex X="57811" Y="91674" Z="0"/>
					<Vertex X="58029" Y="91634" Z="0"/>
					<Vertex X="58148" Y="91614" Z="0"/>
					<Vertex X="58326" Y="91555" Z="0"/>
					<Vertex X="58465" Y="91555" Z="0"/>
					<Vertex X="58584" Y="91515" Z="0"/>
					<Vertex X="58802" Y="91495" Z="0"/>
					<Vertex X="58941" Y="91495" Z="0"/>
					<Vertex X="59060" Y="91495" Z="0"/>
					<Vertex X="59179" Y="91456" Z="0"/>
					<Vertex X="59298" Y="91456" Z="0"/>
					<Vertex X="59516" Y="91456" Z="0"/>
					<Vertex X="59635" Y="91436" Z="0"/>
					<Vertex X="59754" Y="91436" Z="0"/>
					<Vertex X="59873" Y="91436" Z="0"/>
					<Vertex X="60051" Y="91436" Z="0"/>
					<Vertex X="60170" Y="91396" Z="0"/>
					<Vertex X="60368" Y="91396" Z="0"/>
					<Vertex X="60487" Y="91396" Z="0"/>
					<Vertex X="60606" Y="91376" Z="0"/>
					<Vertex X="60785" Y="91337" Z="0"/>
					<Vertex X="60904" Y="91337" Z="0"/>
					<Vertex X="61062" Y="91317" Z="0"/>
					<Vertex X="61241" Y="91277" Z="0"/>
					<Vertex X="61380" Y="91277" Z="0"/>
					<Vertex X="61498" Y="91257" Z="0"/>
					<Vertex X="61617" Y="91257" Z="0"/>
					<Vertex X="61796" Y="91257" Z="0"/>
					<Vertex X="61895" Y="91257" Z="0"/>
					<Vertex X="62014" Y="91257" Z="0"/>
					<Vertex X="62153" Y="91257" Z="0"/>
					<Vertex X="62252" Y="91257" Z="0"/>
					<Vertex X="62430" Y="91277" Z="0"/>
					<Vertex X="62510" Y="91277" Z="0"/>
					<Vertex X="62609" Y="91277" Z="0"/>
					<Vertex X="62688" Y="91317" Z="0"/>
					<Vertex X="62787" Y="91317" Z="0"/>
					<Vertex X="62847" Y="91317" Z="0"/>
					<Vertex X="62985" Y="91337" Z="0"/>
					<Vertex X="63045" Y="91337" Z="0"/>
					<Vertex X="63144" Y="91337" Z="0"/>
					<Vertex X="63203" Y="91337" Z="0"/>
					<Vertex X="63322" Y="91337" Z="0"/>
					<Vertex X="63402" Y="91337" Z="0"/>
					<Vertex X="63580" Y="91337" Z="0"/>
					<Vertex X="63739" Y="91337" Z="0"/>
					<Vertex X="63818" Y="91337" Z="0"/>
					<Vertex X="63917" Y="91337" Z="0"/>
					<Vertex X="64036" Y="91317" Z="0"/>
					<Vertex X="64215" Y="91317" Z="0"/>
					<Vertex X="64334" Y="91317" Z="0"/>
					<Vertex X="64472" Y="91317" Z="0"/>
					<Vertex X="64651" Y="91277" Z="0"/>
					<Vertex X="64770" Y="91277" Z="0"/>
					<Vertex X="64928" Y="91277" Z="0"/>
					<Vertex X="65047" Y="91317" Z="0"/>
					<Vertex X="65166" Y="91317" Z="0"/>
					<Vertex X="65305" Y="91317" Z="0"/>
					<Vertex X="65483" Y="91317" Z="0"/>
					<Vertex X="65602" Y="91317" Z="0"/>
					<Vertex X="65721" Y="91337" Z="0"/>
					<Vertex X="65820" Y="91337" Z="0"/>
					<Vertex X="65959" Y="91337" Z="0"/>
					<Vertex X="66078" Y="91337" Z="0"/>
					<Vertex X="66197" Y="91337" Z="0"/>
					<Vertex X="66356" Y="91337" Z="0"/>
					<Vertex X="66475" Y="91337" Z="0"/>
					<Vertex X="66554" Y="91337" Z="0"/>
					<Vertex X="66713" Y="91337" Z="0"/>
					<Vertex X="66792" Y="91337" Z="0"/>
					<Vertex X="66891" Y="91317" Z="0"/>
					<Vertex X="67030" Y="91317" Z="0"/>
					<Vertex X="67129" Y="91317" Z="0"/>
					<Vertex X="67208" Y="91317" Z="0"/>
					<Vertex X="67327" Y="91317" Z="0"/>
					<Vertex X="67426" Y="91317" Z="0"/>
					<Vertex X="67486" Y="91317" Z="0"/>
					<Vertex X="67565" Y="91317" Z="0"/>
					<Vertex X="67684" Y="91317" Z="0"/>
					<Vertex X="67783" Y="91317" Z="0"/>
					<Vertex X="67843" Y="91317" Z="0"/>
					<Vertex X="67981" Y="91317" Z="0"/>
					<Vertex X="68081" Y="91317" Z="0"/>
					<Vertex X="68200" Y="91317" Z="0"/>
					<Vertex X="68279" Y="91297" Z="0"/>
					<Vertex X="68378" Y="91297" Z="0"/>
					<Vertex X="68517" Y="91297" Z="0"/>
					<Vertex X="68616" Y="91297" Z="0"/>
					<Vertex X="68695" Y="91297" Z="0"/>
					<Vertex X="68814" Y="91297" Z="0"/>
					<Vertex X="68933" Y="91297" Z="0"/>
					<Vertex X="69032" Y="91297" Z="0"/>
					<Vertex X="69111" Y="91257" Z="0"/>
					<Vertex X="69211" Y="91257" Z="0"/>
					<Vertex X="69330" Y="91297" Z="0"/>
					<Vertex X="69409" Y="91297" Z="0"/>
					<Vertex X="69508" Y="91297" Z="0"/>
					<Vertex X="69567" Y="91297" Z="0"/>
					<Vertex X="69706" Y="91297" Z="0"/>
					<Vertex X="69805" Y="91297" Z="0"/>
					<Vertex X="69885" Y="91257" Z="0"/>
					<Vertex X="69984" Y="91257" Z="0"/>
					<Vertex X="70123" Y="91257" Z="0"/>
					<Vertex X="70222" Y="91257" Z="0"/>
					<Vertex X="70341" Y="91257" Z="0"/>
					<Vertex X="70460" Y="91257" Z="0"/>
					<Vertex X="70618" Y="91237" Z="0"/>
					<Vertex X="70717" Y="91237" Z="0"/>
					<Vertex X="70836" Y="91237" Z="0"/>
					<Vertex X="71015" Y="91237" Z="0"/>
					<Vertex X="71154" Y="91237" Z="0"/>
					<Vertex X="71253" Y="91237" Z="0"/>
					<Vertex X="71372" Y="91237" Z="0"/>
					<Vertex X="71590" Y="91198" Z="0"/>
					<Vertex X="71709" Y="91198" Z="0"/>
					<Vertex X="71887" Y="91198" Z="0"/>
					<Vertex X="72026" Y="91198" Z="0"/>
					<Vertex X="72125" Y="91198" Z="0"/>
					<Vertex X="72303" Y="91198" Z="0"/>
					<Vertex X="72383" Y="91198" Z="0"/>
					<Vertex X="72521" Y="91198" Z="0"/>
					<Vertex X="72621" Y="91198" Z="0"/>
					<Vertex X="72779" Y="91158" Z="0"/>
					<Vertex X="72898" Y="91158" Z="0"/>
					<Vertex X="73017" Y="91158" Z="0"/>
					<Vertex X="73136" Y="91158" Z="0"/>
					<Vertex X="73315" Y="91158" Z="0"/>
					<Vertex X="73433" Y="91158" Z="0"/>
					<Vertex X="73592" Y="91138" Z="0"/>
					<Vertex X="73691" Y="91138" Z="0"/>
					<Vertex X="73929" Y="91138" Z="0"/>
					<Vertex X="74088" Y="91138" Z="0"/>
					<Vertex X="74226" Y="91099" Z="0"/>
					<Vertex X="74385" Y="91099" Z="0"/>
					<Vertex X="74623" Y="91099" Z="0"/>
					<Vertex X="74762" Y="91099" Z="0"/>
					<Vertex X="74980" Y="91099" Z="0"/>
					<Vertex X="75158" Y="91079" Z="0"/>
					<Vertex X="75297" Y="91079" Z="0"/>
					<Vertex X="75535" Y="91079" Z="0"/>
					<Vertex X="75694" Y="91079" Z="0"/>
					<Vertex X="75832" Y="91079" Z="0"/>
					<Vertex X="75951" Y="91079" Z="0"/>
					<Vertex X="76169" Y="91079" Z="0"/>
					<Vertex X="76308" Y="91039" Z="0"/>
					<Vertex X="76467" Y="91039" Z="0"/>
					<Vertex X="76685" Y="91039" Z="0"/>
					<Vertex X="76804" Y="91039" Z="0"/>
					<Vertex X="77002" Y="91039" Z="0"/>
					<Vertex X="77240" Y="91039" Z="0"/>
					<Vertex X="77359" Y="91019" Z="0"/>
					<Vertex X="77537" Y="91019" Z="0"/>
					<Vertex X="77775" Y="91019" Z="0"/>
					<Vertex X="77934" Y="90980" Z="0"/>
					<Vertex X="78073" Y="90980" Z="0"/>
					<Vertex X="78311" Y="90960" Z="0"/>
					<Vertex X="78469" Y="90940" Z="0"/>
					<Vertex X="78648" Y="90940" Z="0"/>
					<Vertex X="78786" Y="90940" Z="0"/>
					<Vertex X="79064" Y="90900" Z="0"/>
					<Vertex X="79203" Y="90861" Z="0"/>
					<Vertex X="79441" Y="90861" Z="0"/>
					<Vertex X="79560" Y="90841" Z="0"/>
					<Vertex X="79718" Y="90841" Z="0"/>
					<Vertex X="79837" Y="90841" Z="0"/>
					<Vertex X="80035" Y="90801" Z="0"/>
					<Vertex X="80154" Y="90801" Z="0"/>
					<Vertex X="80313" Y="90801" Z="0"/>
					<Vertex X="80452" Y="90781" Z="0"/>
					<Vertex X="80670" Y="90781" Z="0"/>
					<Vertex X="80809" Y="90742" Z="0"/>
					<Vertex X="80947" Y="90742" Z="0"/>
					<Vertex X="81066" Y="90742" Z="0"/>
					<Vertex X="81324" Y="90722" Z="0"/>
					<Vertex X="81463" Y="90722" Z="0"/>
					<Vertex X="81681" Y="90702" Z="0"/>
					<Vertex X="81820" Y="90702" Z="0"/>
					<Vertex X="81998" Y="90702" Z="0"/>
					<Vertex X="82137" Y="90663" Z="0"/>
					<Vertex X="82355" Y="90663" Z="0"/>
					<Vertex X="82514" Y="90663" Z="0"/>
					<Vertex X="82672" Y="90643" Z="0"/>
					<Vertex X="82930" Y="90643" Z="0"/>
					<Vertex X="83069" Y="90603" Z="0"/>
					<Vertex X="83247" Y="90603" Z="0"/>
					<Vertex X="83406" Y="90603" Z="0"/>
					<Vertex X="83624" Y="90563" Z="0"/>
					<Vertex X="83842" Y="90544" Z="0"/>
					<Vertex X="83961" Y="90544" Z="0"/>
					<Vertex X="84159" Y="90544" Z="0"/>
					<Vertex X="84278" Y="90544" Z="0"/>
					<Vertex X="84437" Y="90544" Z="0"/>
					<Vertex X="84556" Y="90544" Z="0"/>
					<Vertex X="84675" Y="90544" Z="0"/>
					<Vertex X="84793" Y="90544" Z="0"/>
					<Vertex X="84952" Y="90544" Z="0"/>
					<Vertex X="85071" Y="90544" Z="0"/>
					<Vertex X="85190" Y="90544" Z="0"/>
					<Vertex X="85349" Y="90544" Z="0"/>
					<Vertex X="85487" Y="90544" Z="0"/>
					<Vertex X="85626" Y="90544" Z="0"/>
					<Vertex X="85725" Y="90563" Z="0"/>
					<Vertex X="85824" Y="90563" Z="0"/>
					<Vertex X="85884" Y="90563" Z="0"/>
					<Vertex X="85943" Y="90563" Z="0"/>
					<Vertex X="85983" Y="90563" Z="0"/>
					<Vertex X="86023" Y="90563" Z="0"/>
					<Vertex X="86042" Y="90544" Z="0"/>
					<Vertex X="86082" Y="90544" Z="0"/>
					<Vertex X="86142" Y="90544" Z="0"/>
					<Vertex X="86181" Y="90544" Z="0"/>
					<Vertex X="86261" Y="90524" Z="0"/>
					<Vertex X="86280" Y="90524" Z="0"/>
					<Vertex X="86320" Y="90484" Z="0"/>
					<Vertex X="86340" Y="90484" Z="0"/>
					<Vertex X="86360" Y="90484" Z="0"/>
					<Vertex X="86360" Y="90444" Z="0"/>
					<Vertex X="86399" Y="90444" Z="0"/>
					<Vertex X="86419" Y="90444" Z="0"/>
					<Vertex X="86459" Y="90444" Z="0"/>
					<Vertex X="86479" Y="90444" Z="0"/>
					<Vertex X="86518" Y="90425" Z="0"/>
					<Vertex X="86558" Y="90425" Z="0"/>
					<Vertex X="86578" Y="90425" Z="0"/>
					<Vertex X="86578" Y="90405" Z="0"/>
					<Vertex X="86617" Y="90405" Z="0"/>
					<Vertex X="86637" Y="90405" Z="0"/>
					<Vertex X="86677" Y="90405" Z="0"/>
					<Vertex X="86677" Y="90365" Z="0"/>
					<Vertex X="86697" Y="90365" Z="0"/>
					<Vertex X="86717" Y="90365" Z="0"/>
					<Vertex X="86717" Y="90345" Z="0"/>
					<Vertex X="86697" Y="90345" Z="0"/>
					<Vertex X="86756" Y="90306" Z="0"/>
					<Vertex X="86697" Y="90405" Z="0"/>
				</Vertices>
			</Region>
		</Regions>
		<Plots/>
	</Annotation>
</Annotations>
