<Annotations MicronsPerPixel="0.252200">
	<Annotation Id="1" Name="" ReadOnly="0" NameReadOnly="0" LineColorReadOnly="0" Incremental="0" Type="4" LineColor="16776960" Visible="1" Selected="1" MarkupImagePath="" MacroName="">
		<Attributes/>
		<Regions>
			<RegionAttributeHeaders>
				<AttributeHeader Id="9999" Name="Region" ColumnWidth="-1"/>
				<AttributeHeader Id="9997" Name="Length" ColumnWidth="-1"/>
				<AttributeHeader Id="9996" Name="Area" ColumnWidth="-1"/>
				<AttributeHeader Id="9998" Name="Text" ColumnWidth="-1"/>
			</RegionAttributeHeaders>
			<Region Id="1" Type="0" Zoom="0.016714" Selected="1" ImageLocation="" ImageFocus="-1" Length="206956.1" Area="1899434291.5" LengthMicrons="52194.3" AreaMicrons="120813214.2" Text="" NegativeROA="0" InputRegionId="0" Analyze="1" DisplayId="1">
				<Attributes/>
				<Vertices>
					<Vertex X="51896" Y="72179" Z="0"/>
					<Vertex X="52133" Y="72239" Z="0"/>
					<Vertex X="52311" Y="72239" Z="0"/>
					<Vertex X="52667" Y="72298" Z="0"/>
					<Vertex X="52904" Y="72298" Z="0"/>
					<Vertex X="53378" Y="72417" Z="0"/>
					<Vertex X="53556" Y="72417" Z="0"/>
					<Vertex X="53853" Y="72417" Z="0"/>
					<Vertex X="54149" Y="72476" Z="0"/>
					<Vertex X="54505" Y="72595" Z="0"/>
					<Vertex X="54802" Y="72595" Z="0"/>
					<Vertex X="55276" Y="72654" Z="0"/>
					<Vertex X="55513" Y="72654" Z="0"/>
					<Vertex X="55988" Y="72773" Z="0"/>
					<Vertex X="56225" Y="72832" Z="0"/>
					<Vertex X="56462" Y="72832" Z="0"/>
					<Vertex X="56937" Y="73069" Z="0"/>
					<Vertex X="57233" Y="73069" Z="0"/>
					<Vertex X="57589" Y="73188" Z="0"/>
					<Vertex X="57827" Y="73188" Z="0"/>
					<Vertex X="58182" Y="73366" Z="0"/>
					<Vertex X="58479" Y="73484" Z="0"/>
					<Vertex X="58894" Y="73544" Z="0"/>
					<Vertex X="59250" Y="73662" Z="0"/>
					<Vertex X="59428" Y="73722" Z="0"/>
					<Vertex X="59784" Y="73840" Z="0"/>
					<Vertex X="59962" Y="73840" Z="0"/>
					<Vertex X="60258" Y="73959" Z="0"/>
					<Vertex X="60555" Y="74018" Z="0"/>
					<Vertex X="60851" Y="74018" Z="0"/>
					<Vertex X="61207" Y="74077" Z="0"/>
					<Vertex X="61504" Y="74077" Z="0"/>
					<Vertex X="61682" Y="74196" Z="0"/>
					<Vertex X="62038" Y="74196" Z="0"/>
					<Vertex X="62275" Y="74255" Z="0"/>
					<Vertex X="62631" Y="74255" Z="0"/>
					<Vertex X="62868" Y="74374" Z="0"/>
					<Vertex X="63283" Y="74374" Z="0"/>
					<Vertex X="63520" Y="74374" Z="0"/>
					<Vertex X="63876" Y="74374" Z="0"/>
					<Vertex X="64173" Y="74374" Z="0"/>
					<Vertex X="64410" Y="74433" Z="0"/>
					<Vertex X="64647" Y="74433" Z="0"/>
					<Vertex X="64884" Y="74433" Z="0"/>
					<Vertex X="65122" Y="74433" Z="0"/>
					<Vertex X="65359" Y="74552" Z="0"/>
					<Vertex X="65477" Y="74552" Z="0"/>
					<Vertex X="65774" Y="74433" Z="0"/>
					<Vertex X="66011" Y="74433" Z="0"/>
					<Vertex X="66248" Y="74433" Z="0"/>
					<Vertex X="66545" Y="74374" Z="0"/>
					<Vertex X="66901" Y="74255" Z="0"/>
					<Vertex X="67079" Y="74255" Z="0"/>
					<Vertex X="67375" Y="74077" Z="0"/>
					<Vertex X="67672" Y="74018" Z="0"/>
					<Vertex X="67968" Y="73959" Z="0"/>
					<Vertex X="68265" Y="73840" Z="0"/>
					<Vertex X="68443" Y="73722" Z="0"/>
					<Vertex X="68562" Y="73662" Z="0"/>
					<Vertex X="68858" Y="73484" Z="0"/>
					<Vertex X="68977" Y="73366" Z="0"/>
					<Vertex X="69095" Y="73188" Z="0"/>
					<Vertex X="69273" Y="73069" Z="0"/>
					<Vertex X="69451" Y="72950" Z="0"/>
					<Vertex X="69570" Y="72773" Z="0"/>
					<Vertex X="69688" Y="72654" Z="0"/>
					<Vertex X="69866" Y="72476" Z="0"/>
					<Vertex X="70044" Y="72239" Z="0"/>
					<Vertex X="70044" Y="72061" Z="0"/>
					<Vertex X="70163" Y="71883" Z="0"/>
					<Vertex X="70282" Y="71705" Z="0"/>
					<Vertex X="70459" Y="71408" Z="0"/>
					<Vertex X="70637" Y="71171" Z="0"/>
					<Vertex X="70697" Y="70815" Z="0"/>
					<Vertex X="70875" Y="70519" Z="0"/>
					<Vertex X="70993" Y="70282" Z="0"/>
					<Vertex X="71053" Y="69985" Z="0"/>
					<Vertex X="71290" Y="69629" Z="0"/>
					<Vertex X="71290" Y="69511" Z="0"/>
					<Vertex X="71468" Y="69214" Z="0"/>
					<Vertex X="71527" Y="68858" Z="0"/>
					<Vertex X="71527" Y="68621" Z="0"/>
					<Vertex X="71646" Y="68206" Z="0"/>
					<Vertex X="71646" Y="68028" Z="0"/>
					<Vertex X="71705" Y="67731" Z="0"/>
					<Vertex X="71705" Y="67494" Z="0"/>
					<Vertex X="71646" Y="67138" Z="0"/>
					<Vertex X="71646" Y="66901" Z="0"/>
					<Vertex X="71527" Y="66545" Z="0"/>
					<Vertex X="71468" Y="66249" Z="0"/>
					<Vertex X="71349" Y="66011" Z="0"/>
					<Vertex X="71290" Y="65715" Z="0"/>
					<Vertex X="71171" Y="65478" Z="0"/>
					<Vertex X="71053" Y="65240" Z="0"/>
					<Vertex X="70993" Y="64944" Z="0"/>
					<Vertex X="70875" Y="64588" Z="0"/>
					<Vertex X="70815" Y="64351" Z="0"/>
					<Vertex X="70637" Y="64054" Z="0"/>
					<Vertex X="70637" Y="63876" Z="0"/>
					<Vertex X="70578" Y="63520" Z="0"/>
					<Vertex X="70459" Y="63283" Z="0"/>
					<Vertex X="70400" Y="63046" Z="0"/>
					<Vertex X="70282" Y="62809" Z="0"/>
					<Vertex X="70282" Y="62631" Z="0"/>
					<Vertex X="70163" Y="62393" Z="0"/>
					<Vertex X="70163" Y="62156" Z="0"/>
					<Vertex X="70282" Y="62097" Z="0"/>
					<Vertex X="70400" Y="61919" Z="0"/>
					<Vertex X="70578" Y="61741" Z="0"/>
					<Vertex X="70697" Y="61741" Z="0"/>
					<Vertex X="70875" Y="61622" Z="0"/>
					<Vertex X="71053" Y="61622" Z="0"/>
					<Vertex X="71349" Y="61741" Z="0"/>
					<Vertex X="71527" Y="61741" Z="0"/>
					<Vertex X="71705" Y="61919" Z="0"/>
					<Vertex X="71883" Y="62097" Z="0"/>
					<Vertex X="72061" Y="62275" Z="0"/>
					<Vertex X="72179" Y="62393" Z="0"/>
					<Vertex X="72239" Y="62571" Z="0"/>
					<Vertex X="72298" Y="62690" Z="0"/>
					<Vertex X="72298" Y="62987" Z="0"/>
					<Vertex X="72417" Y="63046" Z="0"/>
					<Vertex X="72417" Y="63342" Z="0"/>
					<Vertex X="72476" Y="63520" Z="0"/>
					<Vertex X="72595" Y="63580" Z="0"/>
					<Vertex X="72654" Y="63698" Z="0"/>
					<Vertex X="72891" Y="63817" Z="0"/>
					<Vertex X="73069" Y="63817" Z="0"/>
					<Vertex X="73247" Y="63876" Z="0"/>
					<Vertex X="73425" Y="63876" Z="0"/>
					<Vertex X="73603" Y="63876" Z="0"/>
					<Vertex X="73840" Y="63817" Z="0"/>
					<Vertex X="74077" Y="63698" Z="0"/>
					<Vertex X="74374" Y="63580" Z="0"/>
					<Vertex X="74730" Y="63461" Z="0"/>
					<Vertex X="75026" Y="63342" Z="0"/>
					<Vertex X="75264" Y="63283" Z="0"/>
					<Vertex X="75619" Y="63046" Z="0"/>
					<Vertex X="76094" Y="62927" Z="0"/>
					<Vertex X="76272" Y="62809" Z="0"/>
					<Vertex X="76509" Y="62631" Z="0"/>
					<Vertex X="76746" Y="62453" Z="0"/>
					<Vertex X="77043" Y="62393" Z="0"/>
					<Vertex X="77280" Y="62156" Z="0"/>
					<Vertex X="77577" Y="61978" Z="0"/>
					<Vertex X="77755" Y="61800" Z="0"/>
					<Vertex X="77932" Y="61741" Z="0"/>
					<Vertex X="78229" Y="61504" Z="0"/>
					<Vertex X="78348" Y="61267" Z="0"/>
					<Vertex X="78526" Y="61029" Z="0"/>
					<Vertex X="78703" Y="60851" Z="0"/>
					<Vertex X="79000" Y="60614" Z="0"/>
					<Vertex X="79178" Y="60318" Z="0"/>
					<Vertex X="79356" Y="60021" Z="0"/>
					<Vertex X="79652" Y="59784" Z="0"/>
					<Vertex X="79830" Y="59487" Z="0"/>
					<Vertex X="79949" Y="59369" Z="0"/>
					<Vertex X="80127" Y="58953" Z="0"/>
					<Vertex X="80423" Y="58598" Z="0"/>
					<Vertex X="80483" Y="58420" Z="0"/>
					<Vertex X="80779" Y="58182" Z="0"/>
					<Vertex X="80957" Y="57945" Z="0"/>
					<Vertex X="81135" Y="57649" Z="0"/>
					<Vertex X="81432" Y="57293" Z="0"/>
					<Vertex X="81550" Y="56937" Z="0"/>
					<Vertex X="81728" Y="56581" Z="0"/>
					<Vertex X="81847" Y="56403" Z="0"/>
					<Vertex X="82025" Y="56047" Z="0"/>
					<Vertex X="82203" Y="55691" Z="0"/>
					<Vertex X="82381" Y="55276" Z="0"/>
					<Vertex X="82440" Y="54980" Z="0"/>
					<Vertex X="82618" Y="54624" Z="0"/>
					<Vertex X="82855" Y="54268" Z="0"/>
					<Vertex X="82914" Y="54090" Z="0"/>
					<Vertex X="83092" Y="53734" Z="0"/>
					<Vertex X="83152" Y="53378" Z="0"/>
					<Vertex X="83330" Y="53023" Z="0"/>
					<Vertex X="83448" Y="52726" Z="0"/>
					<Vertex X="83508" Y="52489" Z="0"/>
					<Vertex X="83626" Y="52311" Z="0"/>
					<Vertex X="83685" Y="52014" Z="0"/>
					<Vertex X="83804" Y="51777" Z="0"/>
					<Vertex X="83804" Y="51481" Z="0"/>
					<Vertex X="83863" Y="51421" Z="0"/>
					<Vertex X="83982" Y="51125" Z="0"/>
					<Vertex X="84041" Y="50947" Z="0"/>
					<Vertex X="84041" Y="50769" Z="0"/>
					<Vertex X="84160" Y="50532" Z="0"/>
					<Vertex X="84219" Y="50354" Z="0"/>
					<Vertex X="84219" Y="50057" Z="0"/>
					<Vertex X="84338" Y="49820" Z="0"/>
					<Vertex X="84456" Y="49583" Z="0"/>
					<Vertex X="84516" Y="49286" Z="0"/>
					<Vertex X="84575" Y="48930" Z="0"/>
					<Vertex X="84694" Y="48693" Z="0"/>
					<Vertex X="84753" Y="48278" Z="0"/>
					<Vertex X="84753" Y="47922" Z="0"/>
					<Vertex X="84872" Y="47566" Z="0"/>
					<Vertex X="84872" Y="47329" Z="0"/>
					<Vertex X="84931" Y="46973" Z="0"/>
					<Vertex X="85050" Y="46676" Z="0"/>
					<Vertex X="85050" Y="46321" Z="0"/>
					<Vertex X="85109" Y="46083" Z="0"/>
					<Vertex X="85227" Y="45787" Z="0"/>
					<Vertex X="85227" Y="45609" Z="0"/>
					<Vertex X="85227" Y="45431" Z="0"/>
					<Vertex X="85287" Y="45194" Z="0"/>
					<Vertex X="85287" Y="45016" Z="0"/>
					<Vertex X="85405" Y="44719" Z="0"/>
					<Vertex X="85405" Y="44541" Z="0"/>
					<Vertex X="85465" Y="44423" Z="0"/>
					<Vertex X="85465" Y="44126" Z="0"/>
					<Vertex X="85583" Y="43830" Z="0"/>
					<Vertex X="85643" Y="43592" Z="0"/>
					<Vertex X="85643" Y="43355" Z="0"/>
					<Vertex X="85761" Y="43118" Z="0"/>
					<Vertex X="85761" Y="42940" Z="0"/>
					<Vertex X="85761" Y="42821" Z="0"/>
					<Vertex X="85821" Y="42525" Z="0"/>
					<Vertex X="85821" Y="42228" Z="0"/>
					<Vertex X="85821" Y="42050" Z="0"/>
					<Vertex X="85939" Y="41932" Z="0"/>
					<Vertex X="85939" Y="41635" Z="0"/>
					<Vertex X="85939" Y="41339" Z="0"/>
					<Vertex X="85939" Y="41101" Z="0"/>
					<Vertex X="85999" Y="40864" Z="0"/>
					<Vertex X="85999" Y="40568" Z="0"/>
					<Vertex X="85999" Y="40271" Z="0"/>
					<Vertex X="85999" Y="40034" Z="0"/>
					<Vertex X="85999" Y="39797" Z="0"/>
					<Vertex X="85999" Y="39559" Z="0"/>
					<Vertex X="85999" Y="39322" Z="0"/>
					<Vertex X="86117" Y="38966" Z="0"/>
					<Vertex X="86117" Y="38788" Z="0"/>
					<Vertex X="86117" Y="38492" Z="0"/>
					<Vertex X="86117" Y="38373" Z="0"/>
					<Vertex X="86117" Y="38077" Z="0"/>
					<Vertex X="86117" Y="37839" Z="0"/>
					<Vertex X="85999" Y="37543" Z="0"/>
					<Vertex X="85999" Y="37365" Z="0"/>
					<Vertex X="85999" Y="37128" Z="0"/>
					<Vertex X="85999" Y="36890" Z="0"/>
					<Vertex X="85999" Y="36653" Z="0"/>
					<Vertex X="85999" Y="36475" Z="0"/>
					<Vertex X="85999" Y="36297" Z="0"/>
					<Vertex X="85999" Y="36119" Z="0"/>
					<Vertex X="85939" Y="35823" Z="0"/>
					<Vertex X="85939" Y="35764" Z="0"/>
					<Vertex X="85939" Y="35586" Z="0"/>
					<Vertex X="85999" Y="35408" Z="0"/>
					<Vertex X="85999" Y="35230" Z="0"/>
					<Vertex X="85999" Y="35052" Z="0"/>
					<Vertex X="85999" Y="34933" Z="0"/>
					<Vertex X="85999" Y="34815" Z="0"/>
					<Vertex X="85999" Y="34696" Z="0"/>
					<Vertex X="85999" Y="34518" Z="0"/>
					<Vertex X="85939" Y="34459" Z="0"/>
					<Vertex X="85939" Y="34221" Z="0"/>
					<Vertex X="85939" Y="34162" Z="0"/>
					<Vertex X="85939" Y="33984" Z="0"/>
					<Vertex X="85939" Y="33806" Z="0"/>
					<Vertex X="85939" Y="33628" Z="0"/>
					<Vertex X="85821" Y="33332" Z="0"/>
					<Vertex X="85821" Y="33154" Z="0"/>
					<Vertex X="85821" Y="33035" Z="0"/>
					<Vertex X="85821" Y="32857" Z="0"/>
					<Vertex X="85821" Y="32561" Z="0"/>
					<Vertex X="85821" Y="32264" Z="0"/>
					<Vertex X="85821" Y="32027" Z="0"/>
					<Vertex X="85821" Y="31790" Z="0"/>
					<Vertex X="85821" Y="31493" Z="0"/>
					<Vertex X="85821" Y="31315" Z="0"/>
					<Vertex X="85821" Y="31078" Z="0"/>
					<Vertex X="85821" Y="30900" Z="0"/>
					<Vertex X="85626" Y="30651" Z="0"/>
					<Vertex X="85348" Y="29422" Z="0"/>
					<Vertex X="85210" Y="29144" Z="0"/>
					<Vertex X="85130" Y="29025" Z="0"/>
					<Vertex X="85071" Y="28906" Z="0"/>
					<Vertex X="85011" Y="28827" Z="0"/>
					<Vertex X="84892" Y="28688" Z="0"/>
					<Vertex X="84773" Y="28549" Z="0"/>
					<Vertex X="84674" Y="28490" Z="0"/>
					<Vertex X="84555" Y="28391" Z="0"/>
					<Vertex X="84417" Y="28311" Z="0"/>
					<Vertex X="84278" Y="28212" Z="0"/>
					<Vertex X="84119" Y="28133" Z="0"/>
					<Vertex X="84000" Y="28093" Z="0"/>
					<Vertex X="83842" Y="28014" Z="0"/>
					<Vertex X="83683" Y="27954" Z="0"/>
					<Vertex X="83485" Y="27895" Z="0"/>
					<Vertex X="83306" Y="27835" Z="0"/>
					<Vertex X="83148" Y="27736" Z="0"/>
					<Vertex X="83009" Y="27677" Z="0"/>
					<Vertex X="82870" Y="27598" Z="0"/>
					<Vertex X="82692" Y="27538" Z="0"/>
					<Vertex X="82573" Y="27479" Z="0"/>
					<Vertex X="82355" Y="27439" Z="0"/>
					<Vertex X="82157" Y="27399" Z="0"/>
					<Vertex X="81919" Y="27360" Z="0"/>
					<Vertex X="81740" Y="27360" Z="0"/>
					<Vertex X="81443" Y="27360" Z="0"/>
					<Vertex X="81145" Y="27399" Z="0"/>
					<Vertex X="80947" Y="27399" Z="0"/>
					<Vertex X="80630" Y="27419" Z="0"/>
					<Vertex X="80333" Y="27439" Z="0"/>
					<Vertex X="80134" Y="27479" Z="0"/>
					<Vertex X="79797" Y="27498" Z="0"/>
					<Vertex X="79460" Y="27558" Z="0"/>
					<Vertex X="79203" Y="27598" Z="0"/>
					<Vertex X="78885" Y="27657" Z="0"/>
					<Vertex X="78528" Y="27736" Z="0"/>
					<Vertex X="78191" Y="27835" Z="0"/>
					<Vertex X="77874" Y="27935" Z="0"/>
					<Vertex X="77577" Y="28014" Z="0"/>
					<Vertex X="77319" Y="28093" Z="0"/>
					<Vertex X="77121" Y="28153" Z="0"/>
					<Vertex X="76863" Y="28272" Z="0"/>
					<Vertex X="76586" Y="28430" Z="0"/>
					<Vertex X="76367" Y="28569" Z="0"/>
					<Vertex X="76189" Y="28668" Z="0"/>
					<Vertex X="75971" Y="28827" Z="0"/>
					<Vertex X="75793" Y="28985" Z="0"/>
					<Vertex X="75614" Y="29164" Z="0"/>
					<Vertex X="75455" Y="29342" Z="0"/>
					<Vertex X="75337" Y="29501" Z="0"/>
					<Vertex X="75297" Y="29640" Z="0"/>
					<Vertex X="75198" Y="29878" Z="0"/>
					<Vertex X="75099" Y="30115" Z="0"/>
					<Vertex X="75039" Y="30373" Z="0"/>
					<Vertex X="75000" Y="30571" Z="0"/>
					<Vertex X="74960" Y="30710" Z="0"/>
					<Vertex X="74920" Y="30948" Z="0"/>
					<Vertex X="74861" Y="31166" Z="0"/>
					<Vertex X="74841" Y="31285" Z="0"/>
					<Vertex X="74762" Y="31464" Z="0"/>
					<Vertex X="74682" Y="31642" Z="0"/>
					<Vertex X="74623" Y="31801" Z="0"/>
					<Vertex X="74563" Y="31880" Z="0"/>
					<Vertex X="74484" Y="31979" Z="0"/>
					<Vertex X="74365" Y="32019" Z="0"/>
					<Vertex X="74266" Y="32118" Z="0"/>
					<Vertex X="74147" Y="32177" Z="0"/>
					<Vertex X="74068" Y="32237" Z="0"/>
					<Vertex X="73949" Y="32316" Z="0"/>
					<Vertex X="73790" Y="32395" Z="0"/>
					<Vertex X="73711" Y="32435" Z="0"/>
					<Vertex X="73612" Y="32534" Z="0"/>
					<Vertex X="73552" Y="32594" Z="0"/>
					<Vertex X="73532" Y="32613" Z="0"/>
					<Vertex X="73493" Y="32653" Z="0"/>
					<Vertex X="73592" Y="32831" Z="0"/>
					<Vertex X="73493" Y="32871" Z="0"/>
					<Vertex X="73414" Y="32930" Z="0"/>
					<Vertex X="73354" Y="32970" Z="0"/>
					<Vertex X="73255" Y="33029" Z="0"/>
					<Vertex X="73176" Y="33049" Z="0"/>
					<Vertex X="73116" Y="33089" Z="0"/>
					<Vertex X="72997" Y="33148" Z="0"/>
					<Vertex X="72879" Y="33168" Z="0"/>
					<Vertex X="72720" Y="33168" Z="0"/>
					<Vertex X="72641" Y="33168" Z="0"/>
					<Vertex X="72522" Y="33148" Z="0"/>
					<Vertex X="72403" Y="33089" Z="0"/>
					<Vertex X="72363" Y="32990" Z="0"/>
					<Vertex X="72304" Y="32871" Z="0"/>
					<Vertex X="72284" Y="32732" Z="0"/>
					<Vertex X="72284" Y="32633" Z="0"/>
					<Vertex X="72284" Y="32534" Z="0"/>
					<Vertex X="72304" Y="32435" Z="0"/>
					<Vertex X="72363" Y="32316" Z="0"/>
					<Vertex X="72423" Y="32256" Z="0"/>
					<Vertex X="72462" Y="32157" Z="0"/>
					<Vertex X="72542" Y="32098" Z="0"/>
					<Vertex X="72601" Y="32038" Z="0"/>
					<Vertex X="72700" Y="31959" Z="0"/>
					<Vertex X="72760" Y="31939" Z="0"/>
					<Vertex X="72819" Y="31840" Z="0"/>
					<Vertex X="72839" Y="31780" Z="0"/>
					<Vertex X="72879" Y="31701" Z="0"/>
					<Vertex X="72898" Y="31602" Z="0"/>
					<Vertex X="72938" Y="31483" Z="0"/>
					<Vertex X="72938" Y="31344" Z="0"/>
					<Vertex X="72938" Y="31245" Z="0"/>
					<Vertex X="72898" Y="31126" Z="0"/>
					<Vertex X="72879" Y="31047" Z="0"/>
					<Vertex X="72839" Y="30888" Z="0"/>
					<Vertex X="72819" Y="30809" Z="0"/>
					<Vertex X="72760" Y="30650" Z="0"/>
					<Vertex X="72660" Y="30531" Z="0"/>
					<Vertex X="72601" Y="30452" Z="0"/>
					<Vertex X="72522" Y="30313" Z="0"/>
					<Vertex X="72423" Y="30214" Z="0"/>
					<Vertex X="72363" Y="30115" Z="0"/>
					<Vertex X="72244" Y="29956" Z="0"/>
					<Vertex X="72165" Y="29917" Z="0"/>
					<Vertex X="72066" Y="29818" Z="0"/>
					<Vertex X="71927" Y="29699" Z="0"/>
					<Vertex X="71828" Y="29600" Z="0"/>
					<Vertex X="71709" Y="29481" Z="0"/>
					<Vertex X="71630" Y="29401" Z="0"/>
					<Vertex X="71471" Y="29322" Z="0"/>
					<Vertex X="71392" Y="29263" Z="0"/>
					<Vertex X="71233" Y="29144" Z="0"/>
					<Vertex X="71174" Y="29064" Z="0"/>
					<Vertex X="71035" Y="28985" Z="0"/>
					<Vertex X="70975" Y="28926" Z="0"/>
					<Vertex X="70837" Y="28866" Z="0"/>
					<Vertex X="70757" Y="28807" Z="0"/>
					<Vertex X="70638" Y="28767" Z="0"/>
					<Vertex X="70559" Y="28747" Z="0"/>
					<Vertex X="70460" Y="28727" Z="0"/>
					<Vertex X="70361" Y="28727" Z="0"/>
					<Vertex X="70262" Y="28688" Z="0"/>
					<Vertex X="70103" Y="28688" Z="0"/>
					<Vertex X="69964" Y="28688" Z="0"/>
					<Vertex X="69865" Y="28688" Z="0"/>
					<Vertex X="69726" Y="28727" Z="0"/>
					<Vertex X="69568" Y="28747" Z="0"/>
					<Vertex X="69449" Y="28747" Z="0"/>
					<Vertex X="69330" Y="28767" Z="0"/>
					<Vertex X="69250" Y="28767" Z="0"/>
					<Vertex X="69132" Y="28807" Z="0"/>
					<Vertex X="68973" Y="28846" Z="0"/>
					<Vertex X="68874" Y="28866" Z="0"/>
					<Vertex X="68715" Y="28926" Z="0"/>
					<Vertex X="68636" Y="28965" Z="0"/>
					<Vertex X="68497" Y="28985" Z="0"/>
					<Vertex X="68418" Y="29025" Z="0"/>
					<Vertex X="68279" Y="29044" Z="0"/>
					<Vertex X="68160" Y="29064" Z="0"/>
					<Vertex X="68061" Y="29064" Z="0"/>
					<Vertex X="67962" Y="29104" Z="0"/>
					<Vertex X="67902" Y="29104" Z="0"/>
					<Vertex X="67823" Y="29144" Z="0"/>
					<Vertex X="67764" Y="29144" Z="0"/>
					<Vertex X="67645" Y="29144" Z="0"/>
					<Vertex X="67565" Y="29163" Z="0"/>
					<Vertex X="67466" Y="29163" Z="0"/>
					<Vertex X="67367" Y="29163" Z="0"/>
					<Vertex X="67288" Y="29163" Z="0"/>
					<Vertex X="67169" Y="29163" Z="0"/>
					<Vertex X="67030" Y="29183" Z="0"/>
					<Vertex X="66931" Y="29183" Z="0"/>
					<Vertex X="66812" Y="29183" Z="0"/>
					<Vertex X="66693" Y="29183" Z="0"/>
					<Vertex X="66594" Y="29183" Z="0"/>
					<Vertex X="66455" Y="29183" Z="0"/>
					<Vertex X="66296" Y="29183" Z="0"/>
					<Vertex X="66158" Y="29183" Z="0"/>
					<Vertex X="66059" Y="29223" Z="0"/>
					<Vertex X="65920" Y="29223" Z="0"/>
					<Vertex X="65801" Y="29183" Z="0"/>
					<Vertex X="65682" Y="29183" Z="0"/>
					<Vertex X="65603" Y="29163" Z="0"/>
					<Vertex X="65503" Y="29163" Z="0"/>
					<Vertex X="65444" Y="29104" Z="0"/>
					<Vertex X="65384" Y="29064" Z="0"/>
					<Vertex X="65365" Y="29025" Z="0"/>
					<Vertex X="65285" Y="28926" Z="0"/>
					<Vertex X="65226" Y="28866" Z="0"/>
					<Vertex X="65166" Y="28807" Z="0"/>
					<Vertex X="65087" Y="28688" Z="0"/>
					<Vertex X="65028" Y="28628" Z="0"/>
					<Vertex X="64948" Y="28529" Z="0"/>
					<Vertex X="64849" Y="28450" Z="0"/>
					<Vertex X="64770" Y="28331" Z="0"/>
					<Vertex X="64631" Y="28251" Z="0"/>
					<Vertex X="64552" Y="28152" Z="0"/>
					<Vertex X="64492" Y="28093" Z="0"/>
					<Vertex X="64413" Y="27994" Z="0"/>
					<Vertex X="64354" Y="27875" Z="0"/>
					<Vertex X="64254" Y="27795" Z="0"/>
					<Vertex X="64195" Y="27716" Z="0"/>
					<Vertex X="64096" Y="27577" Z="0"/>
					<Vertex X="64076" Y="27518" Z="0"/>
					<Vertex X="63997" Y="27439" Z="0"/>
					<Vertex X="63878" Y="27320" Z="0"/>
					<Vertex X="63779" Y="27201" Z="0"/>
					<Vertex X="63620" Y="27082" Z="0"/>
					<Vertex X="63481" Y="26983" Z="0"/>
					<Vertex X="63342" Y="26923" Z="0"/>
					<Vertex X="63184" Y="26864" Z="0"/>
					<Vertex X="63025" Y="26844" Z="0"/>
					<Vertex X="62926" Y="26824" Z="0"/>
					<Vertex X="62807" Y="26824" Z="0"/>
					<Vertex X="62748" Y="26824" Z="0"/>
					<Vertex X="62589" Y="26784" Z="0"/>
					<Vertex X="62470" Y="26784" Z="0"/>
					<Vertex X="62351" Y="26784" Z="0"/>
					<Vertex X="62232" Y="26784" Z="0"/>
					<Vertex X="62153" Y="26784" Z="0"/>
					<Vertex X="61994" Y="26784" Z="0"/>
					<Vertex X="61816" Y="26784" Z="0"/>
					<Vertex X="61737" Y="26784" Z="0"/>
					<Vertex X="61578" Y="26784" Z="0"/>
					<Vertex X="61459" Y="26824" Z="0"/>
					<Vertex X="61340" Y="26824" Z="0"/>
					<Vertex X="61201" Y="26824" Z="0"/>
					<Vertex X="61043" Y="26844" Z="0"/>
					<Vertex X="60924" Y="26864" Z="0"/>
					<Vertex X="60805" Y="26903" Z="0"/>
					<Vertex X="60725" Y="26923" Z="0"/>
					<Vertex X="60607" Y="26983" Z="0"/>
					<Vertex X="60488" Y="27062" Z="0"/>
					<Vertex X="60388" Y="27102" Z="0"/>
					<Vertex X="60289" Y="27201" Z="0"/>
					<Vertex X="60190" Y="27260" Z="0"/>
					<Vertex X="60091" Y="27320" Z="0"/>
					<Vertex X="59952" Y="27399" Z="0"/>
					<Vertex X="59794" Y="27498" Z="0"/>
					<Vertex X="59655" Y="27577" Z="0"/>
					<Vertex X="59496" Y="27716" Z="0"/>
					<Vertex X="59377" Y="27756" Z="0"/>
					<Vertex X="59219" Y="27875" Z="0"/>
					<Vertex X="59080" Y="27974" Z="0"/>
					<Vertex X="58941" Y="28053" Z="0"/>
					<Vertex X="58802" Y="28152" Z="0"/>
					<Vertex X="58644" Y="28271" Z="0"/>
					<Vertex X="58485" Y="28370" Z="0"/>
					<Vertex X="58406" Y="28450" Z="0"/>
					<Vertex X="58267" Y="28529" Z="0"/>
					<Vertex X="58128" Y="28668" Z="0"/>
					<Vertex X="58009" Y="28767" Z="0"/>
					<Vertex X="57871" Y="28866" Z="0"/>
					<Vertex X="57732" Y="28965" Z="0"/>
					<Vertex X="57633" Y="29044" Z="0"/>
					<Vertex X="57474" Y="29163" Z="0"/>
					<Vertex X="57335" Y="29263" Z="0"/>
					<Vertex X="57177" Y="29322" Z="0"/>
					<Vertex X="57097" Y="29362" Z="0"/>
					<Vertex X="56939" Y="29421" Z="0"/>
					<Vertex X="56800" Y="29481" Z="0"/>
					<Vertex X="56701" Y="29560" Z="0"/>
					<Vertex X="56582" Y="29580" Z="0"/>
					<Vertex X="56463" Y="29639" Z="0"/>
					<Vertex X="56344" Y="29659" Z="0"/>
					<Vertex X="56225" Y="29699" Z="0"/>
					<Vertex X="56146" Y="29699" Z="0"/>
					<Vertex X="56047" Y="29738" Z="0"/>
					<Vertex X="55948" Y="29738" Z="0"/>
					<Vertex X="55868" Y="29738" Z="0"/>
					<Vertex X="55749" Y="29738" Z="0"/>
					<Vertex X="55650" Y="29738" Z="0"/>
					<Vertex X="55611" Y="29758" Z="0"/>
					<Vertex X="55472" Y="29758" Z="0"/>
					<Vertex X="55392" Y="29758" Z="0"/>
					<Vertex X="55273" Y="29778" Z="0"/>
					<Vertex X="55174" Y="29818" Z="0"/>
					<Vertex X="55095" Y="29818" Z="0"/>
					<Vertex X="54976" Y="29818" Z="0"/>
					<Vertex X="54877" Y="29857" Z="0"/>
					<Vertex X="54798" Y="29877" Z="0"/>
					<Vertex X="54699" Y="29877" Z="0"/>
					<Vertex X="54619" Y="29917" Z="0"/>
					<Vertex X="54540" Y="29917" Z="0"/>
					<Vertex X="54441" Y="29917" Z="0"/>
					<Vertex X="54381" Y="29937" Z="0"/>
					<Vertex X="54302" Y="29956" Z="0"/>
					<Vertex X="54163" Y="29956" Z="0"/>
					<Vertex X="54084" Y="29996" Z="0"/>
					<Vertex X="54024" Y="30036" Z="0"/>
					<Vertex X="53965" Y="30056" Z="0"/>
					<Vertex X="53906" Y="30075" Z="0"/>
					<Vertex X="53866" Y="30075" Z="0"/>
					<Vertex X="53806" Y="30115" Z="0"/>
					<Vertex X="53747" Y="30155" Z="0"/>
					<Vertex X="53687" Y="30175" Z="0"/>
					<Vertex X="53668" Y="30214" Z="0"/>
					<Vertex X="53568" Y="30234" Z="0"/>
					<Vertex X="53509" Y="30254" Z="0"/>
					<Vertex X="53430" Y="30313" Z="0"/>
					<Vertex X="53370" Y="30353" Z="0"/>
					<Vertex X="53331" Y="30373" Z="0"/>
					<Vertex X="53271" Y="30412" Z="0"/>
					<Vertex X="53212" Y="30412" Z="0"/>
					<Vertex X="53192" Y="30452" Z="0"/>
					<Vertex X="53152" Y="30452" Z="0"/>
					<Vertex X="53132" Y="30452" Z="0"/>
					<Vertex X="53093" Y="30452" Z="0"/>
					<Vertex X="53073" Y="30452" Z="0"/>
					<Vertex X="53033" Y="30452" Z="0"/>
					<Vertex X="52974" Y="30452" Z="0"/>
					<Vertex X="52934" Y="30452" Z="0"/>
					<Vertex X="52894" Y="30452" Z="0"/>
					<Vertex X="52795" Y="30472" Z="0"/>
					<Vertex X="52736" Y="30472" Z="0"/>
					<Vertex X="52676" Y="30492" Z="0"/>
					<Vertex X="52597" Y="30492" Z="0"/>
					<Vertex X="52498" Y="30531" Z="0"/>
					<Vertex X="52399" Y="30551" Z="0"/>
					<Vertex X="52319" Y="30591" Z="0"/>
					<Vertex X="52240" Y="30611" Z="0"/>
					<Vertex X="52181" Y="30650" Z="0"/>
					<Vertex X="52101" Y="30670" Z="0"/>
					<Vertex X="52002" Y="30710" Z="0"/>
					<Vertex X="51963" Y="30749" Z="0"/>
					<Vertex X="51883" Y="30809" Z="0"/>
					<Vertex X="51784" Y="30829" Z="0"/>
					<Vertex X="51705" Y="30888" Z="0"/>
					<Vertex X="51645" Y="30928" Z="0"/>
					<Vertex X="51586" Y="30948" Z="0"/>
					<Vertex X="51487" Y="31007" Z="0"/>
					<Vertex X="51467" Y="31007" Z="0"/>
					<Vertex X="51407" Y="31067" Z="0"/>
					<Vertex X="51348" Y="31106" Z="0"/>
					<Vertex X="51289" Y="31126" Z="0"/>
					<Vertex X="51229" Y="31146" Z="0"/>
					<Vertex X="51189" Y="31186" Z="0"/>
					<Vertex X="51130" Y="31186" Z="0"/>
					<Vertex X="51130" Y="31225" Z="0"/>
					<Vertex X="51130" Y="31245" Z="0"/>
					<Vertex X="51110" Y="31265" Z="0"/>
					<Vertex X="51110" Y="31305" Z="0"/>
					<Vertex X="51110" Y="31364" Z="0"/>
					<Vertex X="51110" Y="31424" Z="0"/>
					<Vertex X="51070" Y="31483" Z="0"/>
					<Vertex X="51051" Y="31542" Z="0"/>
					<Vertex X="51031" Y="31642" Z="0"/>
					<Vertex X="50991" Y="31701" Z="0"/>
					<Vertex X="50932" Y="31780" Z="0"/>
					<Vertex X="50872" Y="31860" Z="0"/>
					<Vertex X="50813" Y="31939" Z="0"/>
					<Vertex X="50714" Y="32018" Z="0"/>
					<Vertex X="50634" Y="32098" Z="0"/>
					<Vertex X="50515" Y="32197" Z="0"/>
					<Vertex X="50416" Y="32276" Z="0"/>
					<Vertex X="50337" Y="32336" Z="0"/>
					<Vertex X="50277" Y="32375" Z="0"/>
					<Vertex X="50158" Y="32435" Z="0"/>
					<Vertex X="50059" Y="32494" Z="0"/>
					<Vertex X="49980" Y="32534" Z="0"/>
					<Vertex X="49921" Y="32554" Z="0"/>
					<Vertex X="49802" Y="32613" Z="0"/>
					<Vertex X="49742" Y="32673" Z="0"/>
					<Vertex X="49643" Y="32732" Z="0"/>
					<Vertex X="49564" Y="32791" Z="0"/>
					<Vertex X="49465" Y="32831" Z="0"/>
					<Vertex X="49385" Y="32871" Z="0"/>
					<Vertex X="49326" Y="32930" Z="0"/>
					<Vertex X="49227" Y="33029" Z="0"/>
					<Vertex X="49187" Y="33089" Z="0"/>
					<Vertex X="49088" Y="33129" Z="0"/>
					<Vertex X="49028" Y="33168" Z="0"/>
					<Vertex X="48969" Y="33208" Z="0"/>
					<Vertex X="48870" Y="33228" Z="0"/>
					<Vertex X="48810" Y="33267" Z="0"/>
					<Vertex X="48731" Y="33287" Z="0"/>
					<Vertex X="48672" Y="33287" Z="0"/>
					<Vertex X="48572" Y="33287" Z="0"/>
					<Vertex X="48493" Y="33327" Z="0"/>
					<Vertex X="48394" Y="33327" Z="0"/>
					<Vertex X="48374" Y="33327" Z="0"/>
					<Vertex X="48275" Y="33327" Z="0"/>
					<Vertex X="48216" Y="33327" Z="0"/>
					<Vertex X="48156" Y="33327" Z="0"/>
					<Vertex X="48077" Y="33327" Z="0"/>
					<Vertex X="48017" Y="33327" Z="0"/>
					<Vertex X="47918" Y="33347" Z="0"/>
					<Vertex X="47799" Y="33386" Z="0"/>
					<Vertex X="47740" Y="33386" Z="0"/>
					<Vertex X="47660" Y="33426" Z="0"/>
					<Vertex X="47542" Y="33446" Z="0"/>
					<Vertex X="47482" Y="33466" Z="0"/>
					<Vertex X="47363" Y="33525" Z="0"/>
					<Vertex X="47264" Y="33585" Z="0"/>
					<Vertex X="47145" Y="33624" Z="0"/>
					<Vertex X="47086" Y="33644" Z="0"/>
					<Vertex X="46967" Y="33723" Z="0"/>
					<Vertex X="46848" Y="33763" Z="0"/>
					<Vertex X="46768" Y="33803" Z="0"/>
					<Vertex X="46649" Y="33882" Z="0"/>
					<Vertex X="46530" Y="33941" Z="0"/>
					<Vertex X="46411" Y="34041" Z="0"/>
					<Vertex X="46352" Y="34100" Z="0"/>
					<Vertex X="46213" Y="34159" Z="0"/>
					<Vertex X="46074" Y="34239" Z="0"/>
					<Vertex X="45955" Y="34338" Z="0"/>
					<Vertex X="45876" Y="34417" Z="0"/>
					<Vertex X="45757" Y="34477" Z="0"/>
					<Vertex X="45698" Y="34536" Z="0"/>
					<Vertex X="45638" Y="34635" Z="0"/>
					<Vertex X="45539" Y="34695" Z="0"/>
					<Vertex X="45519" Y="34754" Z="0"/>
					<Vertex X="45460" Y="34774" Z="0"/>
					<Vertex X="45420" Y="34834" Z="0"/>
					<Vertex X="45400" Y="34873" Z="0"/>
					<Vertex X="45341" Y="34893" Z="0"/>
					<Vertex X="45281" Y="34893" Z="0"/>
					<Vertex X="45222" Y="34893" Z="0"/>
					<Vertex X="45162" Y="34873" Z="0"/>
					<Vertex X="45103" Y="34834" Z="0"/>
					<Vertex X="45043" Y="34774" Z="0"/>
					<Vertex X="45004" Y="34715" Z="0"/>
					<Vertex X="44944" Y="34635" Z="0"/>
					<Vertex X="44925" Y="34576" Z="0"/>
					<Vertex X="44885" Y="34516" Z="0"/>
					<Vertex X="44825" Y="34457" Z="0"/>
					<Vertex X="44806" Y="34397" Z="0"/>
					<Vertex X="44766" Y="34358" Z="0"/>
					<Vertex X="44746" Y="34338" Z="0"/>
					<Vertex X="44687" Y="34318" Z="0"/>
					<Vertex X="44627" Y="34239" Z="0"/>
					<Vertex X="44568" Y="34219" Z="0"/>
					<Vertex X="44508" Y="34179" Z="0"/>
					<Vertex X="44469" Y="34159" Z="0"/>
					<Vertex X="44389" Y="34120" Z="0"/>
					<Vertex X="44290" Y="34060" Z="0"/>
					<Vertex X="44231" Y="34021" Z="0"/>
					<Vertex X="44151" Y="33941" Z="0"/>
					<Vertex X="44092" Y="33922" Z="0"/>
					<Vertex X="43993" Y="33822" Z="0"/>
					<Vertex X="43933" Y="33763" Z="0"/>
					<Vertex X="43874" Y="33723" Z="0"/>
					<Vertex X="43814" Y="33684" Z="0"/>
					<Vertex X="43735" Y="33624" Z="0"/>
					<Vertex X="43676" Y="33624" Z="0"/>
					<Vertex X="43616" Y="33565" Z="0"/>
					<Vertex X="43517" Y="33505" Z="0"/>
					<Vertex X="43497" Y="33466" Z="0"/>
					<Vertex X="43398" Y="33446" Z="0"/>
					<Vertex X="43319" Y="33386" Z="0"/>
					<Vertex X="43259" Y="33327" Z="0"/>
					<Vertex X="43160" Y="33287" Z="0"/>
					<Vertex X="43041" Y="33267" Z="0"/>
					<Vertex X="42982" Y="33228" Z="0"/>
					<Vertex X="42902" Y="33168" Z="0"/>
					<Vertex X="42803" Y="33148" Z="0"/>
					<Vertex X="42724" Y="33129" Z="0"/>
					<Vertex X="42625" Y="33089" Z="0"/>
					<Vertex X="42545" Y="33049" Z="0"/>
					<Vertex X="42446" Y="33029" Z="0"/>
					<Vertex X="42387" Y="32990" Z="0"/>
					<Vertex X="42308" Y="32990" Z="0"/>
					<Vertex X="42189" Y="32970" Z="0"/>
					<Vertex X="42089" Y="32970" Z="0"/>
					<Vertex X="42030" Y="32970" Z="0"/>
					<Vertex X="41951" Y="32930" Z="0"/>
					<Vertex X="41891" Y="32930" Z="0"/>
					<Vertex X="41792" Y="32930" Z="0"/>
					<Vertex X="41713" Y="32930" Z="0"/>
					<Vertex X="41614" Y="32930" Z="0"/>
					<Vertex X="41534" Y="32930" Z="0"/>
					<Vertex X="41435" Y="32970" Z="0"/>
					<Vertex X="41356" Y="32990" Z="0"/>
					<Vertex X="41257" Y="33049" Z="0"/>
					<Vertex X="41178" Y="33129" Z="0"/>
					<Vertex X="41078" Y="33148" Z="0"/>
					<Vertex X="40959" Y="33267" Z="0"/>
					<Vertex X="40880" Y="33287" Z="0"/>
					<Vertex X="40781" Y="33386" Z="0"/>
					<Vertex X="40702" Y="33446" Z="0"/>
					<Vertex X="40603" Y="33505" Z="0"/>
					<Vertex X="40523" Y="33585" Z="0"/>
					<Vertex X="40424" Y="33644" Z="0"/>
					<Vertex X="40365" Y="33743" Z="0"/>
					<Vertex X="40285" Y="33822" Z="0"/>
					<Vertex X="40226" Y="33922" Z="0"/>
					<Vertex X="40127" Y="34041" Z="0"/>
					<Vertex X="40067" Y="34021" Z="0"/>
					<Vertex X="39036" Y="35091" Z="0"/>
					<Vertex X="38620" Y="35627" Z="0"/>
					<Vertex X="38382" Y="35964" Z="0"/>
					<Vertex X="38223" Y="36202" Z="0"/>
					<Vertex X="38104" Y="36440" Z="0"/>
					<Vertex X="37985" Y="36678" Z="0"/>
					<Vertex X="37906" Y="36935" Z="0"/>
					<Vertex X="37787" Y="37292" Z="0"/>
					<Vertex X="37688" Y="37570" Z="0"/>
					<Vertex X="37609" Y="37867" Z="0"/>
					<Vertex X="37510" Y="38125" Z="0"/>
					<Vertex X="37430" Y="38422" Z="0"/>
					<Vertex X="37331" Y="38759" Z="0"/>
					<Vertex X="37252" Y="38997" Z="0"/>
					<Vertex X="37153" Y="39195" Z="0"/>
					<Vertex X="37034" Y="39413" Z="0"/>
					<Vertex X="36915" Y="39651" Z="0"/>
					<Vertex X="36776" Y="39850" Z="0"/>
					<Vertex X="36618" Y="40088" Z="0"/>
					<Vertex X="36380" Y="40425" Z="0"/>
					<Vertex X="36241" Y="40662" Z="0"/>
					<Vertex X="36062" Y="40900" Z="0"/>
					<Vertex X="35943" Y="41138" Z="0"/>
					<Vertex X="35785" Y="41376" Z="0"/>
					<Vertex X="35646" Y="41614" Z="0"/>
					<Vertex X="35487" Y="41872" Z="0"/>
					<Vertex X="35289" Y="42209" Z="0"/>
					<Vertex X="35131" Y="42407" Z="0"/>
					<Vertex X="34992" Y="42645" Z="0"/>
					<Vertex X="34833" Y="42923" Z="0"/>
					<Vertex X="34694" Y="43121" Z="0"/>
					<Vertex X="34536" Y="43339" Z="0"/>
					<Vertex X="34397" Y="43537" Z="0"/>
					<Vertex X="34278" Y="43755" Z="0"/>
					<Vertex X="34120" Y="43953" Z="0"/>
					<Vertex X="33981" Y="44132" Z="0"/>
					<Vertex X="33802" Y="44310" Z="0"/>
					<Vertex X="33683" Y="44409" Z="0"/>
					<Vertex X="33525" Y="44528" Z="0"/>
					<Vertex X="33406" Y="44588" Z="0"/>
					<Vertex X="33227" Y="44707" Z="0"/>
					<Vertex X="33148" Y="44766" Z="0"/>
					<Vertex X="32989" Y="44846" Z="0"/>
					<Vertex X="32851" Y="45004" Z="0"/>
					<Vertex X="32692" Y="45183" Z="0"/>
					<Vertex X="32514" Y="45440" Z="0"/>
					<Vertex X="32395" Y="45559" Z="0"/>
					<Vertex X="32276" Y="45777" Z="0"/>
					<Vertex X="32137" Y="46095" Z="0"/>
					<Vertex X="31978" Y="46352" Z="0"/>
					<Vertex X="31859" Y="46610" Z="0"/>
					<Vertex X="31721" Y="46967" Z="0"/>
					<Vertex X="31621" Y="47205" Z="0"/>
					<Vertex X="31562" Y="47463" Z="0"/>
					<Vertex X="31483" Y="47800" Z="0"/>
					<Vertex X="31423" Y="47998" Z="0"/>
					<Vertex X="31384" Y="48216" Z="0"/>
					<Vertex X="31364" Y="48434" Z="0"/>
					<Vertex X="31364" Y="48652" Z="0"/>
					<Vertex X="31364" Y="48870" Z="0"/>
					<Vertex X="31364" Y="49108" Z="0"/>
					<Vertex X="31364" Y="49346" Z="0"/>
					<Vertex X="31364" Y="49584" Z="0"/>
					<Vertex X="31324" Y="49782" Z="0"/>
					<Vertex X="31324" Y="50000" Z="0"/>
					<Vertex X="31324" Y="50218" Z="0"/>
					<Vertex X="31384" Y="50337" Z="0"/>
					<Vertex X="31661" Y="51685" Z="0"/>
					<Vertex X="31800" Y="52240" Z="0"/>
					<Vertex X="31919" Y="52597" Z="0"/>
					<Vertex X="31959" Y="52815" Z="0"/>
					<Vertex X="32038" Y="53192" Z="0"/>
					<Vertex X="32097" Y="53370" Z="0"/>
					<Vertex X="32196" Y="53707" Z="0"/>
					<Vertex X="32256" Y="53945" Z="0"/>
					<Vertex X="32315" Y="54144" Z="0"/>
					<Vertex X="32395" Y="54381" Z="0"/>
					<Vertex X="32514" Y="54600" Z="0"/>
					<Vertex X="32672" Y="54897" Z="0"/>
					<Vertex X="32791" Y="55095" Z="0"/>
					<Vertex X="32930" Y="55274" Z="0"/>
					<Vertex X="33049" Y="55452" Z="0"/>
					<Vertex X="33168" Y="55631" Z="0"/>
					<Vertex X="33287" Y="55809" Z="0"/>
					<Vertex X="33386" Y="55908" Z="0"/>
					<Vertex X="33525" Y="56086" Z="0"/>
					<Vertex X="33644" Y="56205" Z="0"/>
					<Vertex X="33703" Y="56324" Z="0"/>
					<Vertex X="33822" Y="56463" Z="0"/>
					<Vertex X="33941" Y="56582" Z="0"/>
					<Vertex X="34060" Y="56741" Z="0"/>
					<Vertex X="34179" Y="56860" Z="0"/>
					<Vertex X="34298" Y="56998" Z="0"/>
					<Vertex X="34357" Y="57098" Z="0"/>
					<Vertex X="34457" Y="57177" Z="0"/>
					<Vertex X="34576" Y="57276" Z="0"/>
					<Vertex X="34635" Y="57395" Z="0"/>
					<Vertex X="34714" Y="57474" Z="0"/>
					<Vertex X="34754" Y="57534" Z="0"/>
					<Vertex X="34813" Y="57653" Z="0"/>
					<Vertex X="34833" Y="57752" Z="0"/>
					<Vertex X="34833" Y="57811" Z="0"/>
					<Vertex X="34873" Y="57891" Z="0"/>
					<Vertex X="34893" Y="58029" Z="0"/>
					<Vertex X="34893" Y="58069" Z="0"/>
					<Vertex X="34932" Y="58129" Z="0"/>
					<Vertex X="34952" Y="58228" Z="0"/>
					<Vertex X="34992" Y="58307" Z="0"/>
					<Vertex X="34933" Y="58446" Z="0"/>
					<Vertex X="35032" Y="59754" Z="0"/>
					<Vertex X="34874" Y="60230" Z="0"/>
					<Vertex X="34854" Y="60468" Z="0"/>
					<Vertex X="34794" Y="60587" Z="0"/>
					<Vertex X="34755" Y="60805" Z="0"/>
					<Vertex X="34735" Y="61003" Z="0"/>
					<Vertex X="34735" Y="61083" Z="0"/>
					<Vertex X="34755" Y="61241" Z="0"/>
					<Vertex X="34794" Y="61321" Z="0"/>
					<Vertex X="34854" Y="61440" Z="0"/>
					<Vertex X="34933" Y="61499" Z="0"/>
					<Vertex X="35052" Y="61559" Z="0"/>
					<Vertex X="35171" Y="61598" Z="0"/>
					<Vertex X="35270" Y="61598" Z="0"/>
					<Vertex X="35409" Y="61559" Z="0"/>
					<Vertex X="35528" Y="61499" Z="0"/>
					<Vertex X="35627" Y="61479" Z="0"/>
					<Vertex X="35746" Y="61420" Z="0"/>
					<Vertex X="35885" Y="61301" Z="0"/>
					<Vertex X="36004" Y="61202" Z="0"/>
					<Vertex X="36123" Y="61083" Z="0"/>
					<Vertex X="36222" Y="60964" Z="0"/>
					<Vertex X="36281" Y="60825" Z="0"/>
					<Vertex X="36341" Y="60706" Z="0"/>
					<Vertex X="36400" Y="60547" Z="0"/>
					<Vertex X="36420" Y="60409" Z="0"/>
					<Vertex X="36460" Y="60191" Z="0"/>
					<Vertex X="36479" Y="60111" Z="0"/>
					<Vertex X="36479" Y="59933" Z="0"/>
					<Vertex X="36519" Y="59774" Z="0"/>
					<Vertex X="36539" Y="59655" Z="0"/>
					<Vertex X="36598" Y="59516" Z="0"/>
					<Vertex X="36638" Y="59417" Z="0"/>
					<Vertex X="36698" Y="59358" Z="0"/>
					<Vertex X="36757" Y="59338" Z="0"/>
					<Vertex X="36777" Y="59298" Z="0"/>
					<Vertex X="36836" Y="59239" Z="0"/>
					<Vertex X="36896" Y="59219" Z="0"/>
					<Vertex X="36995" Y="59219" Z="0"/>
					<Vertex X="37015" Y="59219" Z="0"/>
					<Vertex X="37054" Y="59219" Z="0"/>
					<Vertex X="37114" Y="59219" Z="0"/>
					<Vertex X="37134" Y="59219" Z="0"/>
					<Vertex X="37173" Y="59219" Z="0"/>
					<Vertex X="37193" Y="59239" Z="0"/>
					<Vertex X="37193" Y="59279" Z="0"/>
					<Vertex X="37193" Y="59298" Z="0"/>
					<Vertex X="37233" Y="59298" Z="0"/>
					<Vertex X="37193" Y="59338" Z="0"/>
					<Vertex X="37847" Y="59873" Z="0"/>
					<Vertex X="37946" Y="59952" Z="0"/>
					<Vertex X="38045" Y="60071" Z="0"/>
					<Vertex X="38105" Y="60151" Z="0"/>
					<Vertex X="38263" Y="60270" Z="0"/>
					<Vertex X="38342" Y="60329" Z="0"/>
					<Vertex X="38481" Y="60428" Z="0"/>
					<Vertex X="38580" Y="60508" Z="0"/>
					<Vertex X="38719" Y="60587" Z="0"/>
					<Vertex X="38798" Y="60607" Z="0"/>
					<Vertex X="38937" Y="60666" Z="0"/>
					<Vertex X="39056" Y="60726" Z="0"/>
					<Vertex X="39215" Y="60726" Z="0"/>
					<Vertex X="39354" Y="60765" Z="0"/>
					<Vertex X="39552" Y="60706" Z="0"/>
					<Vertex X="39691" Y="60627" Z="0"/>
					<Vertex X="39790" Y="60587" Z="0"/>
					<Vertex X="39889" Y="60508" Z="0"/>
					<Vertex X="39988" Y="60408" Z="0"/>
					<Vertex X="40087" Y="60329" Z="0"/>
					<Vertex X="40186" Y="60210" Z="0"/>
					<Vertex X="40246" Y="60151" Z="0"/>
					<Vertex X="40345" Y="60071" Z="0"/>
					<Vertex X="40404" Y="60032" Z="0"/>
					<Vertex X="40484" Y="60012" Z="0"/>
					<Vertex X="40622" Y="59972" Z="0"/>
					<Vertex X="40662" Y="60012" Z="0"/>
					<Vertex X="40761" Y="60032" Z="0"/>
					<Vertex X="40840" Y="60111" Z="0"/>
					<Vertex X="40959" Y="60190" Z="0"/>
					<Vertex X="41019" Y="60250" Z="0"/>
					<Vertex X="41118" Y="60329" Z="0"/>
					<Vertex X="41177" Y="60428" Z="0"/>
					<Vertex X="41296" Y="60547" Z="0"/>
					<Vertex X="41376" Y="60706" Z="0"/>
					<Vertex X="41475" Y="60785" Z="0"/>
					<Vertex X="41594" Y="60904" Z="0"/>
					<Vertex X="41713" Y="61023" Z="0"/>
					<Vertex X="41772" Y="61102" Z="0"/>
					<Vertex X="41852" Y="61201" Z="0"/>
					<Vertex X="41990" Y="61360" Z="0"/>
					<Vertex X="42149" Y="61519" Z="0"/>
					<Vertex X="42248" Y="61598" Z="0"/>
					<Vertex X="42387" Y="61697" Z="0"/>
					<Vertex X="42545" Y="61816" Z="0"/>
					<Vertex X="42684" Y="61935" Z="0"/>
					<Vertex X="42803" Y="62054" Z="0"/>
					<Vertex X="42902" Y="62113" Z="0"/>
					<Vertex X="43021" Y="62272" Z="0"/>
					<Vertex X="43140" Y="62450" Z="0"/>
					<Vertex X="43180" Y="62530" Z="0"/>
					<Vertex X="43219" Y="62708" Z="0"/>
					<Vertex X="43259" Y="62867" Z="0"/>
					<Vertex X="43299" Y="63045" Z="0"/>
					<Vertex X="43319" Y="63224" Z="0"/>
					<Vertex X="43319" Y="63343" Z="0"/>
					<Vertex X="43299" Y="63521" Z="0"/>
					<Vertex X="43259" Y="63640" Z="0"/>
					<Vertex X="43200" Y="63818" Z="0"/>
					<Vertex X="43180" Y="64017" Z="0"/>
					<Vertex X="43101" Y="64175" Z="0"/>
					<Vertex X="43061" Y="64413" Z="0"/>
					<Vertex X="42982" Y="64651" Z="0"/>
					<Vertex X="42962" Y="64869" Z="0"/>
					<Vertex X="42902" Y="65067" Z="0"/>
					<Vertex X="42903" Y="65167" Z="0"/>
					<Vertex X="42923" Y="66455" Z="0"/>
					<Vertex X="42923" Y="66931" Z="0"/>
					<Vertex X="42923" Y="67248" Z="0"/>
					<Vertex X="42923" Y="67506" Z="0"/>
					<Vertex X="42883" Y="67744" Z="0"/>
					<Vertex X="42843" Y="67962" Z="0"/>
					<Vertex X="42804" Y="68160" Z="0"/>
					<Vertex X="42744" Y="68378" Z="0"/>
					<Vertex X="42685" Y="68458" Z="0"/>
					<Vertex X="42606" Y="68497" Z="0"/>
					<Vertex X="42546" Y="68497" Z="0"/>
					<Vertex X="42506" Y="68458" Z="0"/>
					<Vertex X="42387" Y="68378" Z="0"/>
					<Vertex X="42269" Y="68279" Z="0"/>
					<Vertex X="42150" Y="68200" Z="0"/>
					<Vertex X="42090" Y="68121" Z="0"/>
					<Vertex X="41991" Y="67982" Z="0"/>
					<Vertex X="41912" Y="67823" Z="0"/>
					<Vertex X="41852" Y="67665" Z="0"/>
					<Vertex X="41773" Y="67566" Z="0"/>
					<Vertex X="41733" Y="67427" Z="0"/>
					<Vertex X="41634" Y="67248" Z="0"/>
					<Vertex X="41555" Y="67090" Z="0"/>
					<Vertex X="41475" Y="67030" Z="0"/>
					<Vertex X="41357" Y="66931" Z="0"/>
					<Vertex X="41238" Y="66852" Z="0"/>
					<Vertex X="41158" Y="66792" Z="0"/>
					<Vertex X="41020" Y="66733" Z="0"/>
					<Vertex X="40861" Y="66654" Z="0"/>
					<Vertex X="40702" Y="66614" Z="0"/>
					<Vertex X="40583" Y="66555" Z="0"/>
					<Vertex X="40405" Y="66535" Z="0"/>
					<Vertex X="40226" Y="66535" Z="0"/>
					<Vertex X="40048" Y="66535" Z="0"/>
					<Vertex X="39870" Y="66535" Z="0"/>
					<Vertex X="39691" Y="66535" Z="0"/>
					<Vertex X="39493" Y="66614" Z="0"/>
					<Vertex X="39275" Y="66713" Z="0"/>
					<Vertex X="39077" Y="66832" Z="0"/>
					<Vertex X="38898" Y="66951" Z="0"/>
					<Vertex X="38720" Y="67129" Z="0"/>
					<Vertex X="38621" Y="67288" Z="0"/>
					<Vertex X="38482" Y="67506" Z="0"/>
					<Vertex X="38383" Y="67724" Z="0"/>
					<Vertex X="38323" Y="67982" Z="0"/>
					<Vertex X="38264" Y="68279" Z="0"/>
					<Vertex X="38264" Y="68577" Z="0"/>
					<Vertex X="38244" Y="68874" Z="0"/>
					<Vertex X="38303" Y="69211" Z="0"/>
					<Vertex X="38363" Y="69509" Z="0"/>
					<Vertex X="38422" Y="69826" Z="0"/>
					<Vertex X="38541" Y="70123" Z="0"/>
					<Vertex X="38660" Y="70460" Z="0"/>
					<Vertex X="38740" Y="70678" Z="0"/>
					<Vertex X="38878" Y="70995" Z="0"/>
					<Vertex X="38977" Y="71313" Z="0"/>
					<Vertex X="39136" Y="71610" Z="0"/>
					<Vertex X="39275" Y="71888" Z="0"/>
					<Vertex X="39414" Y="72126" Z="0"/>
					<Vertex X="39552" Y="72324" Z="0"/>
					<Vertex X="39711" Y="72502" Z="0"/>
					<Vertex X="39870" Y="72661" Z="0"/>
					<Vertex X="40028" Y="72800" Z="0"/>
					<Vertex X="40167" Y="72919" Z="0"/>
					<Vertex X="40345" Y="73018" Z="0"/>
					<Vertex X="40524" Y="73097" Z="0"/>
					<Vertex X="40702" Y="73176" Z="0"/>
					<Vertex X="40801" Y="73196" Z="0"/>
					<Vertex X="41020" Y="73295" Z="0"/>
					<Vertex X="41178" Y="73315" Z="0"/>
					<Vertex X="41317" Y="73375" Z="0"/>
					<Vertex X="41456" Y="73434" Z="0"/>
					<Vertex X="41634" Y="73493" Z="0"/>
					<Vertex X="41813" Y="73513" Z="0"/>
					<Vertex X="41931" Y="73553" Z="0"/>
					<Vertex X="42090" Y="73593" Z="0"/>
					<Vertex X="42269" Y="73612" Z="0"/>
					<Vertex X="42447" Y="73652" Z="0"/>
					<Vertex X="42606" Y="73652" Z="0"/>
					<Vertex X="42705" Y="73652" Z="0"/>
					<Vertex X="42843" Y="73672" Z="0"/>
					<Vertex X="43002" Y="73672" Z="0"/>
					<Vertex X="43121" Y="73672" Z="0"/>
					<Vertex X="43220" Y="73652" Z="0"/>
					<Vertex X="43359" Y="73612" Z="0"/>
					<Vertex X="43537" Y="73553" Z="0"/>
					<Vertex X="43676" Y="73493" Z="0"/>
					<Vertex X="43815" Y="73434" Z="0"/>
					<Vertex X="43954" Y="73375" Z="0"/>
					<Vertex X="44092" Y="73295" Z="0"/>
					<Vertex X="44291" Y="73196" Z="0"/>
					<Vertex X="44410" Y="73137" Z="0"/>
					<Vertex X="44588" Y="73018" Z="0"/>
					<Vertex X="44786" Y="72899" Z="0"/>
					<Vertex X="44965" Y="72780" Z="0"/>
					<Vertex X="45123" Y="72700" Z="0"/>
					<Vertex X="45322" Y="72562" Z="0"/>
					<Vertex X="45540" Y="72423" Z="0"/>
					<Vertex X="45698" Y="72244" Z="0"/>
					<Vertex X="45797" Y="72165" Z="0"/>
					<Vertex X="45976" Y="71987" Z="0"/>
					<Vertex X="46154" Y="71828" Z="0"/>
					<Vertex X="46273" Y="71729" Z="0"/>
					<Vertex X="46452" Y="71590" Z="0"/>
					<Vertex X="46630" Y="71432" Z="0"/>
					<Vertex X="46749" Y="71352" Z="0"/>
					<Vertex X="46928" Y="71273" Z="0"/>
					<Vertex X="47086" Y="71214" Z="0"/>
					<Vertex X="47185" Y="71174" Z="0"/>
					<Vertex X="47403" Y="71134" Z="0"/>
					<Vertex X="47641" Y="71114" Z="0"/>
					<Vertex X="47800" Y="71114" Z="0"/>
					<Vertex X="48058" Y="71134" Z="0"/>
					<Vertex X="48295" Y="71174" Z="0"/>
					<Vertex X="48573" Y="71233" Z="0"/>
					<Vertex X="48831" Y="71273" Z="0"/>
					<Vertex X="49108" Y="71293" Z="0"/>
					<Vertex X="49366" Y="71352" Z="0"/>
					<Vertex X="49564" Y="71432" Z="0"/>
					<Vertex X="49822" Y="71471" Z="0"/>
					<Vertex X="49961" Y="71531" Z="0"/>
					<Vertex X="50199" Y="71551" Z="0"/>
					<Vertex X="50437" Y="71610" Z="0"/>
					<Vertex X="50675" Y="71689" Z="0"/>
					<Vertex X="50932" Y="71709" Z="0"/>
					<Vertex X="51230" Y="71709" Z="0"/>
					<Vertex X="51448" Y="71709" Z="0"/>
					<Vertex X="51765" Y="71709" Z="0"/>
					<Vertex X="52003" Y="71689" Z="0"/>
					<Vertex X="52082" Y="71709" Z="0"/>
					<Vertex X="52102" Y="71709" Z="0"/>
					<Vertex X="51896" Y="72179" Z="0"/>
				</Vertices>
			</Region>
			<Region Id="2" Type="0" Zoom="0.050000" Selected="0" ImageLocation="" ImageFocus="-1" Length="17637.1" Area="14013635.0" LengthMicrons="4448.1" AreaMicrons="891335.0" Text="" NegativeROA="0" InputRegionId="0" Analyze="1" DisplayId="2">
				<Attributes/>
				<Vertices>
					<Vertex X="40286" Y="61658" Z="0"/>
					<Vertex X="39136" Y="62510" Z="0"/>
					<Vertex X="38898" Y="62748" Z="0"/>
					<Vertex X="38740" Y="62926" Z="0"/>
					<Vertex X="38541" Y="63145" Z="0"/>
					<Vertex X="38422" Y="63264" Z="0"/>
					<Vertex X="38264" Y="63402" Z="0"/>
					<Vertex X="38184" Y="63501" Z="0"/>
					<Vertex X="38085" Y="63581" Z="0"/>
					<Vertex X="37907" Y="63680" Z="0"/>
					<Vertex X="37788" Y="63739" Z="0"/>
					<Vertex X="37649" Y="63759" Z="0"/>
					<Vertex X="37530" Y="63819" Z="0"/>
					<Vertex X="37352" Y="63878" Z="0"/>
					<Vertex X="37134" Y="63938" Z="0"/>
					<Vertex X="37015" Y="63977" Z="0"/>
					<Vertex X="36876" Y="64037" Z="0"/>
					<Vertex X="36757" Y="64096" Z="0"/>
					<Vertex X="36658" Y="64156" Z="0"/>
					<Vertex X="36479" Y="64294" Z="0"/>
					<Vertex X="36400" Y="64394" Z="0"/>
					<Vertex X="36341" Y="64453" Z="0"/>
					<Vertex X="36242" Y="64592" Z="0"/>
					<Vertex X="36182" Y="64691" Z="0"/>
					<Vertex X="36103" Y="64830" Z="0"/>
					<Vertex X="36043" Y="64929" Z="0"/>
					<Vertex X="35984" Y="65068" Z="0"/>
					<Vertex X="35924" Y="65167" Z="0"/>
					<Vertex X="35885" Y="65286" Z="0"/>
					<Vertex X="35825" Y="65424" Z="0"/>
					<Vertex X="35766" Y="65583" Z="0"/>
					<Vertex X="35746" Y="65662" Z="0"/>
					<Vertex X="35706" Y="65880" Z="0"/>
					<Vertex X="35706" Y="65999" Z="0"/>
					<Vertex X="35706" Y="66118" Z="0"/>
					<Vertex X="35746" Y="66257" Z="0"/>
					<Vertex X="35766" Y="66396" Z="0"/>
					<Vertex X="35825" Y="66495" Z="0"/>
					<Vertex X="35944" Y="66673" Z="0"/>
					<Vertex X="36043" Y="66773" Z="0"/>
					<Vertex X="36182" Y="66911" Z="0"/>
					<Vertex X="36281" Y="67030" Z="0"/>
					<Vertex X="36361" Y="67129" Z="0"/>
					<Vertex X="36519" Y="67248" Z="0"/>
					<Vertex X="36598" Y="67328" Z="0"/>
					<Vertex X="36757" Y="67427" Z="0"/>
					<Vertex X="36836" Y="67506" Z="0"/>
					<Vertex X="36935" Y="67566" Z="0"/>
					<Vertex X="37054" Y="67625" Z="0"/>
					<Vertex X="37134" Y="67665" Z="0"/>
					<Vertex X="37233" Y="67685" Z="0"/>
					<Vertex X="37372" Y="67724" Z="0"/>
					<Vertex X="37431" Y="67724" Z="0"/>
					<Vertex X="37550" Y="67724" Z="0"/>
					<Vertex X="37610" Y="67685" Z="0"/>
					<Vertex X="37649" Y="67685" Z="0"/>
					<Vertex X="37728" Y="67665" Z="0"/>
					<Vertex X="37768" Y="67665" Z="0"/>
					<Vertex X="37828" Y="67625" Z="0"/>
					<Vertex X="37887" Y="67605" Z="0"/>
					<Vertex X="37947" Y="67566" Z="0"/>
					<Vertex X="38026" Y="67546" Z="0"/>
					<Vertex X="38066" Y="67506" Z="0"/>
					<Vertex X="38085" Y="67506" Z="0"/>
					<Vertex X="38184" Y="67447" Z="0"/>
					<Vertex X="38204" Y="67427" Z="0"/>
					<Vertex X="38264" Y="67387" Z="0"/>
					<Vertex X="38303" Y="67367" Z="0"/>
					<Vertex X="38323" Y="67367" Z="0"/>
					<Vertex X="38383" Y="67328" Z="0"/>
					<Vertex X="38442" Y="67308" Z="0"/>
					<Vertex X="38482" Y="67288" Z="0"/>
					<Vertex X="38541" Y="67189" Z="0"/>
					<Vertex X="38561" Y="67149" Z="0"/>
					<Vertex X="38601" Y="67090" Z="0"/>
					<Vertex X="38660" Y="67011" Z="0"/>
					<Vertex X="38660" Y="66951" Z="0"/>
					<Vertex X="38660" Y="66792" Z="0"/>
					<Vertex X="38660" Y="66713" Z="0"/>
					<Vertex X="38621" Y="66555" Z="0"/>
					<Vertex X="38601" Y="66495" Z="0"/>
					<Vertex X="38561" Y="66416" Z="0"/>
					<Vertex X="38541" Y="66297" Z="0"/>
					<Vertex X="38502" Y="66198" Z="0"/>
					<Vertex X="38482" Y="66059" Z="0"/>
					<Vertex X="38482" Y="65960" Z="0"/>
					<Vertex X="38482" Y="65880" Z="0"/>
					<Vertex X="38482" Y="65762" Z="0"/>
					<Vertex X="38482" Y="65662" Z="0"/>
					<Vertex X="38502" Y="65583" Z="0"/>
					<Vertex X="38561" Y="65464" Z="0"/>
					<Vertex X="38601" Y="65365" Z="0"/>
					<Vertex X="38680" Y="65246" Z="0"/>
					<Vertex X="38740" Y="65187" Z="0"/>
					<Vertex X="38799" Y="65127" Z="0"/>
					<Vertex X="38958" Y="65068" Z="0"/>
					<Vertex X="39037" Y="65008" Z="0"/>
					<Vertex X="39215" Y="64949" Z="0"/>
					<Vertex X="39315" Y="64949" Z="0"/>
					<Vertex X="39394" Y="64929" Z="0"/>
					<Vertex X="39513" Y="64889" Z="0"/>
					<Vertex X="39572" Y="64869" Z="0"/>
					<Vertex X="39671" Y="64810" Z="0"/>
					<Vertex X="39790" Y="64691" Z="0"/>
					<Vertex X="39870" Y="64592" Z="0"/>
					<Vertex X="39969" Y="64453" Z="0"/>
					<Vertex X="40028" Y="64354" Z="0"/>
					<Vertex X="40088" Y="64235" Z="0"/>
					<Vertex X="40147" Y="64096" Z="0"/>
					<Vertex X="40207" Y="63977" Z="0"/>
					<Vertex X="40226" Y="63878" Z="0"/>
					<Vertex X="40286" Y="63739" Z="0"/>
					<Vertex X="40345" Y="63640" Z="0"/>
					<Vertex X="40405" Y="63501" Z="0"/>
					<Vertex X="40445" Y="63382" Z="0"/>
					<Vertex X="40504" Y="63224" Z="0"/>
					<Vertex X="40524" Y="63145" Z="0"/>
					<Vertex X="40564" Y="63045" Z="0"/>
					<Vertex X="40583" Y="62926" Z="0"/>
					<Vertex X="40623" Y="62847" Z="0"/>
					<Vertex X="40623" Y="62728" Z="0"/>
					<Vertex X="40623" Y="62669" Z="0"/>
					<Vertex X="40643" Y="62550" Z="0"/>
					<Vertex X="40643" Y="62451" Z="0"/>
					<Vertex X="40643" Y="62391" Z="0"/>
					<Vertex X="40623" Y="62312" Z="0"/>
					<Vertex X="40583" Y="62252" Z="0"/>
					<Vertex X="40583" Y="62193" Z="0"/>
					<Vertex X="40564" Y="62133" Z="0"/>
					<Vertex X="40564" Y="62074" Z="0"/>
					<Vertex X="40524" Y="62034" Z="0"/>
					<Vertex X="40464" Y="61955" Z="0"/>
					<Vertex X="40445" Y="61915" Z="0"/>
					<Vertex X="40445" Y="61856" Z="0"/>
					<Vertex X="40405" Y="61796" Z="0"/>
					<Vertex X="40385" Y="61737" Z="0"/>
					<Vertex X="40345" Y="61717" Z="0"/>
					<Vertex X="40326" Y="61697" Z="0"/>
					<Vertex X="40286" Y="61658" Z="0"/>
					<Vertex X="40266" Y="61658" Z="0"/>
					<Vertex X="40226" Y="61618" Z="0"/>
					<Vertex X="40207" Y="61618" Z="0"/>
					<Vertex X="40147" Y="61598" Z="0"/>
					<Vertex X="40147" Y="61559" Z="0"/>
					<Vertex X="40108" Y="61559" Z="0"/>
					<Vertex X="40286" Y="61658" Z="0"/>
				</Vertices>
			</Region>
			<Region Id="3" Type="0" Zoom="0.050000" Selected="0" ImageLocation="" ImageFocus="-1" Length="14456.9" Area="14429267.5" LengthMicrons="3646.0" AreaMicrons="917771.3" Text="" NegativeROA="0" InputRegionId="0" Analyze="1" DisplayId="3">
				<Attributes/>
				<Vertices>
					<Vertex X="33744" Y="63581" Z="0"/>
					<Vertex X="32534" Y="62728" Z="0"/>
					<Vertex X="32296" Y="62728" Z="0"/>
					<Vertex X="32118" Y="62748" Z="0"/>
					<Vertex X="31840" Y="62847" Z="0"/>
					<Vertex X="31662" Y="62926" Z="0"/>
					<Vertex X="31464" Y="63026" Z="0"/>
					<Vertex X="31186" Y="63264" Z="0"/>
					<Vertex X="31047" Y="63442" Z="0"/>
					<Vertex X="30809" Y="63700" Z="0"/>
					<Vertex X="30690" Y="63878" Z="0"/>
					<Vertex X="30591" Y="64175" Z="0"/>
					<Vertex X="30571" Y="64394" Z="0"/>
					<Vertex X="30571" Y="64592" Z="0"/>
					<Vertex X="30591" Y="64949" Z="0"/>
					<Vertex X="30631" Y="65167" Z="0"/>
					<Vertex X="30710" Y="65543" Z="0"/>
					<Vertex X="30809" Y="65821" Z="0"/>
					<Vertex X="30889" Y="66059" Z="0"/>
					<Vertex X="31067" Y="66396" Z="0"/>
					<Vertex X="31186" Y="66555" Z="0"/>
					<Vertex X="31364" Y="66852" Z="0"/>
					<Vertex X="31464" Y="67011" Z="0"/>
					<Vertex X="31662" Y="67209" Z="0"/>
					<Vertex X="31781" Y="67328" Z="0"/>
					<Vertex X="31939" Y="67427" Z="0"/>
					<Vertex X="32118" Y="67506" Z="0"/>
					<Vertex X="32257" Y="67566" Z="0"/>
					<Vertex X="32475" Y="67625" Z="0"/>
					<Vertex X="32613" Y="67665" Z="0"/>
					<Vertex X="32832" Y="67665" Z="0"/>
					<Vertex X="32970" Y="67665" Z="0"/>
					<Vertex X="33089" Y="67625" Z="0"/>
					<Vertex X="33268" Y="67566" Z="0"/>
					<Vertex X="33387" Y="67546" Z="0"/>
					<Vertex X="33506" Y="67506" Z="0"/>
					<Vertex X="33664" Y="67427" Z="0"/>
					<Vertex X="33744" Y="67328" Z="0"/>
					<Vertex X="33862" Y="67189" Z="0"/>
					<Vertex X="33962" Y="67030" Z="0"/>
					<Vertex X="34041" Y="66792" Z="0"/>
					<Vertex X="34100" Y="66654" Z="0"/>
					<Vertex X="34160" Y="66495" Z="0"/>
					<Vertex X="34259" Y="66317" Z="0"/>
					<Vertex X="34279" Y="66118" Z="0"/>
					<Vertex X="34318" Y="65960" Z="0"/>
					<Vertex X="34338" Y="65821" Z="0"/>
					<Vertex X="34378" Y="65603" Z="0"/>
					<Vertex X="34378" Y="65484" Z="0"/>
					<Vertex X="34378" Y="65365" Z="0"/>
					<Vertex X="34398" Y="65187" Z="0"/>
					<Vertex X="34398" Y="65068" Z="0"/>
					<Vertex X="34378" Y="64889" Z="0"/>
					<Vertex X="34378" Y="64770" Z="0"/>
					<Vertex X="34378" Y="64691" Z="0"/>
					<Vertex X="34338" Y="64572" Z="0"/>
					<Vertex X="34318" Y="64473" Z="0"/>
					<Vertex X="34279" Y="64394" Z="0"/>
					<Vertex X="34259" Y="64235" Z="0"/>
					<Vertex X="34219" Y="64156" Z="0"/>
					<Vertex X="34200" Y="64096" Z="0"/>
					<Vertex X="34140" Y="63977" Z="0"/>
					<Vertex X="34100" Y="63918" Z="0"/>
					<Vertex X="34041" Y="63858" Z="0"/>
					<Vertex X="34021" Y="63799" Z="0"/>
					<Vertex X="33962" Y="63700" Z="0"/>
					<Vertex X="33902" Y="63680" Z="0"/>
					<Vertex X="33843" Y="63620" Z="0"/>
					<Vertex X="33803" Y="63581" Z="0"/>
					<Vertex X="33783" Y="63521" Z="0"/>
					<Vertex X="33744" Y="63501" Z="0"/>
					<Vertex X="33684" Y="63462" Z="0"/>
					<Vertex X="33664" Y="63442" Z="0"/>
					<Vertex X="33605" Y="63402" Z="0"/>
					<Vertex X="33605" Y="63382" Z="0"/>
					<Vertex X="33565" Y="63343" Z="0"/>
					<Vertex X="33545" Y="63343" Z="0"/>
					<Vertex X="33744" Y="63581" Z="0"/>
				</Vertices>
			</Region>
			<Region Id="4" Type="0" Zoom="0.050000" Selected="0" ImageLocation="" ImageFocus="-1" Length="11797.5" Area="7230145.0" LengthMicrons="2975.3" AreaMicrons="459872.2" Text="" NegativeROA="0" InputRegionId="0" Analyze="1" DisplayId="4">
				<Attributes/>
				<Vertices>
					<Vertex X="86597" Y="22066" Z="0"/>
					<Vertex X="85388" Y="21134" Z="0"/>
					<Vertex X="85269" Y="21075" Z="0"/>
					<Vertex X="85071" Y="20996" Z="0"/>
					<Vertex X="84892" Y="20897" Z="0"/>
					<Vertex X="84773" Y="20877" Z="0"/>
					<Vertex X="84615" Y="20778" Z="0"/>
					<Vertex X="84476" Y="20718" Z="0"/>
					<Vertex X="84238" Y="20659" Z="0"/>
					<Vertex X="84080" Y="20659" Z="0"/>
					<Vertex X="83842" Y="20639" Z="0"/>
					<Vertex X="83703" Y="20599" Z="0"/>
					<Vertex X="83544" Y="20599" Z="0"/>
					<Vertex X="83346" Y="20579" Z="0"/>
					<Vertex X="83187" Y="20579" Z="0"/>
					<Vertex X="83049" Y="20579" Z="0"/>
					<Vertex X="82831" Y="20579" Z="0"/>
					<Vertex X="82652" Y="20599" Z="0"/>
					<Vertex X="82573" Y="20599" Z="0"/>
					<Vertex X="82513" Y="20639" Z="0"/>
					<Vertex X="82394" Y="20698" Z="0"/>
					<Vertex X="82335" Y="20718" Z="0"/>
					<Vertex X="82275" Y="20817" Z="0"/>
					<Vertex X="82176" Y="20936" Z="0"/>
					<Vertex X="82117" Y="21075" Z="0"/>
					<Vertex X="82057" Y="21174" Z="0"/>
					<Vertex X="82038" Y="21293" Z="0"/>
					<Vertex X="81978" Y="21511" Z="0"/>
					<Vertex X="81978" Y="21650" Z="0"/>
					<Vertex X="82018" Y="21789" Z="0"/>
					<Vertex X="82097" Y="21947" Z="0"/>
					<Vertex X="82176" Y="22066" Z="0"/>
					<Vertex X="82236" Y="22146" Z="0"/>
					<Vertex X="82335" Y="22245" Z="0"/>
					<Vertex X="82553" Y="22304" Z="0"/>
					<Vertex X="82712" Y="22304" Z="0"/>
					<Vertex X="83009" Y="22245" Z="0"/>
					<Vertex X="83187" Y="22205" Z="0"/>
					<Vertex X="83366" Y="22185" Z="0"/>
					<Vertex X="83584" Y="22146" Z="0"/>
					<Vertex X="83723" Y="22146" Z="0"/>
					<Vertex X="83901" Y="22185" Z="0"/>
					<Vertex X="84060" Y="22265" Z="0"/>
					<Vertex X="84119" Y="22364" Z="0"/>
					<Vertex X="84218" Y="22423" Z="0"/>
					<Vertex X="84298" Y="22562" Z="0"/>
					<Vertex X="84357" Y="22661" Z="0"/>
					<Vertex X="84476" Y="22780" Z="0"/>
					<Vertex X="84555" Y="22879" Z="0"/>
					<Vertex X="84714" Y="22939" Z="0"/>
					<Vertex X="84773" Y="22958" Z="0"/>
					<Vertex X="84873" Y="22998" Z="0"/>
					<Vertex X="85011" Y="23018" Z="0"/>
					<Vertex X="85091" Y="23018" Z="0"/>
					<Vertex X="85289" Y="23018" Z="0"/>
					<Vertex X="85368" Y="22998" Z="0"/>
					<Vertex X="85527" Y="22998" Z="0"/>
					<Vertex X="85586" Y="22958" Z="0"/>
					<Vertex X="85685" Y="22958" Z="0"/>
					<Vertex X="85844" Y="22899" Z="0"/>
					<Vertex X="85943" Y="22879" Z="0"/>
					<Vertex X="85983" Y="22839" Z="0"/>
					<Vertex X="86062" Y="22820" Z="0"/>
					<Vertex X="86122" Y="22780" Z="0"/>
					<Vertex X="86161" Y="22740" Z="0"/>
					<Vertex X="86260" Y="22701" Z="0"/>
					<Vertex X="86280" Y="22661" Z="0"/>
					<Vertex X="86360" Y="22602" Z="0"/>
					<Vertex X="86379" Y="22562" Z="0"/>
					<Vertex X="86419" Y="22542" Z="0"/>
					<Vertex X="86478" Y="22483" Z="0"/>
					<Vertex X="86518" Y="22443" Z="0"/>
					<Vertex X="86558" Y="22403" Z="0"/>
					<Vertex X="86597" Y="22364" Z="0"/>
					<Vertex X="86617" Y="22364" Z="0"/>
					<Vertex X="86617" Y="22304" Z="0"/>
					<Vertex X="86617" Y="22284" Z="0"/>
					<Vertex X="86677" Y="22245" Z="0"/>
					<Vertex X="86677" Y="22205" Z="0"/>
					<Vertex X="86677" Y="22185" Z="0"/>
					<Vertex X="86697" Y="22165" Z="0"/>
					<Vertex X="86697" Y="22126" Z="0"/>
					<Vertex X="86697" Y="22106" Z="0"/>
					<Vertex X="86697" Y="22066" Z="0"/>
					<Vertex X="86677" Y="22066" Z="0"/>
					<Vertex X="86677" Y="22066" Z="0"/>
					<Vertex X="86677" Y="22046" Z="0"/>
					<Vertex X="86597" Y="22066" Z="0"/>
				</Vertices>
			</Region>
		</Regions>
		<Plots/>
	</Annotation>
</Annotations>
