<Annotations MicronsPerPixel="0.252200">
	<Annotation Id="1" Name="" ReadOnly="0" NameReadOnly="0" LineColorReadOnly="0" Incremental="0" Type="4" LineColor="65280" Visible="1" Selected="1" MarkupImagePath="" MacroName="">
		<Attributes/>
		<Regions>
			<RegionAttributeHeaders>
				<AttributeHeader Id="9999" Name="Region" ColumnWidth="-1"/>
				<AttributeHeader Id="9997" Name="Length" ColumnWidth="-1"/>
				<AttributeHeader Id="9996" Name="Area" ColumnWidth="-1"/>
				<AttributeHeader Id="9998" Name="Text" ColumnWidth="-1"/>
			</RegionAttributeHeaders>
			<Region Id="1" Type="0" Zoom="0.015394" Selected="1" ImageLocation="" ImageFocus="-1" Length="103152.6" Area="490551127.0" LengthMicrons="26015.1" AreaMicrons="31201425.9" Text="" NegativeROA="0" InputRegionId="0" Analyze="1" DisplayId="1">
				<Attributes/>
				<Vertices>
					<Vertex X="33723" Y="92070" Z="0"/>
					<Vertex X="33723" Y="91951" Z="0"/>
					<Vertex X="33743" Y="91832" Z="0"/>
					<Vertex X="33782" Y="91673" Z="0"/>
					<Vertex X="33822" Y="91594" Z="0"/>
					<Vertex X="33842" Y="91495" Z="0"/>
					<Vertex X="33842" Y="91415" Z="0"/>
					<Vertex X="33882" Y="91316" Z="0"/>
					<Vertex X="33901" Y="91177" Z="0"/>
					<Vertex X="33941" Y="91059" Z="0"/>
					<Vertex X="33941" Y="90900" Z="0"/>
					<Vertex X="33941" Y="90821" Z="0"/>
					<Vertex X="33961" Y="90721" Z="0"/>
					<Vertex X="34001" Y="90583" Z="0"/>
					<Vertex X="34001" Y="90484" Z="0"/>
					<Vertex X="34020" Y="90345" Z="0"/>
					<Vertex X="34060" Y="90246" Z="0"/>
					<Vertex X="34060" Y="90186" Z="0"/>
					<Vertex X="34120" Y="90087" Z="0"/>
					<Vertex X="34139" Y="89988" Z="0"/>
					<Vertex X="34159" Y="89889" Z="0"/>
					<Vertex X="34219" Y="89829" Z="0"/>
					<Vertex X="34258" Y="89750" Z="0"/>
					<Vertex X="34357" Y="89651" Z="0"/>
					<Vertex X="34417" Y="89572" Z="0"/>
					<Vertex X="34496" Y="89492" Z="0"/>
					<Vertex X="34595" Y="89393" Z="0"/>
					<Vertex X="34675" Y="89274" Z="0"/>
					<Vertex X="34754" Y="89195" Z="0"/>
					<Vertex X="34893" Y="89036" Z="0"/>
					<Vertex X="34972" Y="88937" Z="0"/>
					<Vertex X="35071" Y="88858" Z="0"/>
					<Vertex X="35190" Y="88640" Z="0"/>
					<Vertex X="35289" Y="88461" Z="0"/>
					<Vertex X="35428" Y="88323" Z="0"/>
					<Vertex X="35507" Y="88204" Z="0"/>
					<Vertex X="35626" Y="88025" Z="0"/>
					<Vertex X="35725" Y="87926" Z="0"/>
					<Vertex X="35805" Y="87807" Z="0"/>
					<Vertex X="35924" Y="87668" Z="0"/>
					<Vertex X="36023" Y="87609" Z="0"/>
					<Vertex X="36142" Y="87490" Z="0"/>
					<Vertex X="36221" Y="87411" Z="0"/>
					<Vertex X="36340" Y="87311" Z="0"/>
					<Vertex X="36419" Y="87252" Z="0"/>
					<Vertex X="36558" Y="87193" Z="0"/>
					<Vertex X="36618" Y="87133" Z="0"/>
					<Vertex X="36736" Y="87113" Z="0"/>
					<Vertex X="36796" Y="87074" Z="0"/>
					<Vertex X="36895" Y="87034" Z="0"/>
					<Vertex X="36994" Y="86994" Z="0"/>
					<Vertex X="37093" Y="86955" Z="0"/>
					<Vertex X="37173" Y="86915" Z="0"/>
					<Vertex X="37232" Y="86875" Z="0"/>
					<Vertex X="37351" Y="86776" Z="0"/>
					<Vertex X="37411" Y="86737" Z="0"/>
					<Vertex X="37490" Y="86697" Z="0"/>
					<Vertex X="37569" Y="86578" Z="0"/>
					<Vertex X="37629" Y="86518" Z="0"/>
					<Vertex X="37688" Y="86419" Z="0"/>
					<Vertex X="37748" Y="86360" Z="0"/>
					<Vertex X="37767" Y="86241" Z="0"/>
					<Vertex X="37827" Y="86142" Z="0"/>
					<Vertex X="37886" Y="86003" Z="0"/>
					<Vertex X="37946" Y="85924" Z="0"/>
					<Vertex X="37966" Y="85825" Z="0"/>
					<Vertex X="38025" Y="85686" Z="0"/>
					<Vertex X="38104" Y="85527" Z="0"/>
					<Vertex X="38104" Y="85408" Z="0"/>
					<Vertex X="38164" Y="85250" Z="0"/>
					<Vertex X="38184" Y="85111" Z="0"/>
					<Vertex X="38184" Y="85032" Z="0"/>
					<Vertex X="38184" Y="84913" Z="0"/>
					<Vertex X="38223" Y="84813" Z="0"/>
					<Vertex X="38223" Y="84655" Z="0"/>
					<Vertex X="38223" Y="84576" Z="0"/>
					<Vertex X="38243" Y="84437" Z="0"/>
					<Vertex X="38243" Y="84357" Z="0"/>
					<Vertex X="38243" Y="84278" Z="0"/>
					<Vertex X="38243" Y="84159" Z="0"/>
					<Vertex X="38223" Y="84100" Z="0"/>
					<Vertex X="38184" Y="83981" Z="0"/>
					<Vertex X="38184" Y="83921" Z="0"/>
					<Vertex X="38164" Y="83822" Z="0"/>
					<Vertex X="38104" Y="83763" Z="0"/>
					<Vertex X="38065" Y="83644" Z="0"/>
					<Vertex X="38005" Y="83584" Z="0"/>
					<Vertex X="37906" Y="83446" Z="0"/>
					<Vertex X="37867" Y="83386" Z="0"/>
					<Vertex X="37748" Y="83267" Z="0"/>
					<Vertex X="37688" Y="83208" Z="0"/>
					<Vertex X="37569" Y="83128" Z="0"/>
					<Vertex X="37470" Y="83029" Z="0"/>
					<Vertex X="37371" Y="82970" Z="0"/>
					<Vertex X="37292" Y="82930" Z="0"/>
					<Vertex X="37173" Y="82851" Z="0"/>
					<Vertex X="37093" Y="82831" Z="0"/>
					<Vertex X="36955" Y="82732" Z="0"/>
					<Vertex X="36875" Y="82672" Z="0"/>
					<Vertex X="36756" Y="82613" Z="0"/>
					<Vertex X="36697" Y="82593" Z="0"/>
					<Vertex X="36558" Y="82534" Z="0"/>
					<Vertex X="36459" Y="82454" Z="0"/>
					<Vertex X="36340" Y="82395" Z="0"/>
					<Vertex X="36261" Y="82335" Z="0"/>
					<Vertex X="36102" Y="82276" Z="0"/>
					<Vertex X="36023" Y="82236" Z="0"/>
					<Vertex X="35825" Y="82157" Z="0"/>
					<Vertex X="35745" Y="82137" Z="0"/>
					<Vertex X="35606" Y="82078" Z="0"/>
					<Vertex X="35507" Y="82018" Z="0"/>
					<Vertex X="35349" Y="81978" Z="0"/>
					<Vertex X="35230" Y="81959" Z="0"/>
					<Vertex X="35131" Y="81899" Z="0"/>
					<Vertex X="35012" Y="81859" Z="0"/>
					<Vertex X="34853" Y="81840" Z="0"/>
					<Vertex X="34694" Y="81800" Z="0"/>
					<Vertex X="34615" Y="81780" Z="0"/>
					<Vertex X="34496" Y="81741" Z="0"/>
					<Vertex X="34377" Y="81721" Z="0"/>
					<Vertex X="34258" Y="81661" Z="0"/>
					<Vertex X="34139" Y="81641" Z="0"/>
					<Vertex X="34001" Y="81562" Z="0"/>
					<Vertex X="33901" Y="81542" Z="0"/>
					<Vertex X="33782" Y="81503" Z="0"/>
					<Vertex X="33683" Y="81483" Z="0"/>
					<Vertex X="33584" Y="81423" Z="0"/>
					<Vertex X="33485" Y="81384" Z="0"/>
					<Vertex X="33406" Y="81324" Z="0"/>
					<Vertex X="33287" Y="81304" Z="0"/>
					<Vertex X="33148" Y="81245" Z="0"/>
					<Vertex X="33069" Y="81205" Z="0"/>
					<Vertex X="32950" Y="81146" Z="0"/>
					<Vertex X="32890" Y="81126" Z="0"/>
					<Vertex X="32771" Y="81086" Z="0"/>
					<Vertex X="32652" Y="81047" Z="0"/>
					<Vertex X="32593" Y="81007" Z="0"/>
					<Vertex X="32474" Y="80947" Z="0"/>
					<Vertex X="32375" Y="80908" Z="0"/>
					<Vertex X="32296" Y="80888" Z="0"/>
					<Vertex X="32157" Y="80829" Z="0"/>
					<Vertex X="32058" Y="80789" Z="0"/>
					<Vertex X="31919" Y="80749" Z="0"/>
					<Vertex X="31820" Y="80710" Z="0"/>
					<Vertex X="31641" Y="80650" Z="0"/>
					<Vertex X="31542" Y="80591" Z="0"/>
					<Vertex X="31423" Y="80551" Z="0"/>
					<Vertex X="31284" Y="80491" Z="0"/>
					<Vertex X="31126" Y="80412" Z="0"/>
					<Vertex X="31047" Y="80353" Z="0"/>
					<Vertex X="30888" Y="80254" Z="0"/>
					<Vertex X="30809" Y="80214" Z="0"/>
					<Vertex X="30690" Y="80115" Z="0"/>
					<Vertex X="30591" Y="80055" Z="0"/>
					<Vertex X="30511" Y="79996" Z="0"/>
					<Vertex X="30353" Y="79897" Z="0"/>
					<Vertex X="30293" Y="79837" Z="0"/>
					<Vertex X="30214" Y="79778" Z="0"/>
					<Vertex X="30095" Y="79698" Z="0"/>
					<Vertex X="29976" Y="79599" Z="0"/>
					<Vertex X="29917" Y="79540" Z="0"/>
					<Vertex X="29758" Y="79421" Z="0"/>
					<Vertex X="29679" Y="79361" Z="0"/>
					<Vertex X="29560" Y="79302" Z="0"/>
					<Vertex X="29460" Y="79282" Z="0"/>
					<Vertex X="28033" Y="78687" Z="0"/>
					<Vertex X="27597" Y="78588" Z="0"/>
					<Vertex X="27319" Y="78528" Z="0"/>
					<Vertex X="27141" Y="78528" Z="0"/>
					<Vertex X="26804" Y="78489" Z="0"/>
					<Vertex X="26625" Y="78489" Z="0"/>
					<Vertex X="26387" Y="78528" Z="0"/>
					<Vertex X="26189" Y="78548" Z="0"/>
					<Vertex X="26070" Y="78608" Z="0"/>
					<Vertex X="25892" Y="78667" Z="0"/>
					<Vertex X="25773" Y="78727" Z="0"/>
					<Vertex X="25594" Y="78826" Z="0"/>
					<Vertex X="25475" Y="78885" Z="0"/>
					<Vertex X="25356" Y="78965" Z="0"/>
					<Vertex X="25257" Y="79024" Z="0"/>
					<Vertex X="25119" Y="79143" Z="0"/>
					<Vertex X="25019" Y="79203" Z="0"/>
					<Vertex X="24881" Y="79302" Z="0"/>
					<Vertex X="24781" Y="79361" Z="0"/>
					<Vertex X="24702" Y="79421" Z="0"/>
					<Vertex X="24663" Y="79440" Z="0"/>
					<Vertex X="24603" Y="79500" Z="0"/>
					<Vertex X="24544" Y="79559" Z="0"/>
					<Vertex X="24524" Y="79659" Z="0"/>
					<Vertex X="24484" Y="79718" Z="0"/>
					<Vertex X="24425" Y="79777" Z="0"/>
					<Vertex X="24405" Y="79797" Z="0"/>
					<Vertex X="24365" Y="79837" Z="0"/>
					<Vertex X="24345" Y="79837" Z="0"/>
					<Vertex X="24325" Y="79837" Z="0"/>
					<Vertex X="24246" Y="79837" Z="0"/>
					<Vertex X="24226" Y="79837" Z="0"/>
					<Vertex X="24187" Y="79797" Z="0"/>
					<Vertex X="24167" Y="79777" Z="0"/>
					<Vertex X="24127" Y="79738" Z="0"/>
					<Vertex X="24107" Y="79678" Z="0"/>
					<Vertex X="24068" Y="79659" Z="0"/>
					<Vertex X="24048" Y="79599" Z="0"/>
					<Vertex X="23988" Y="79540" Z="0"/>
					<Vertex X="23929" Y="79480" Z="0"/>
					<Vertex X="23889" Y="79421" Z="0"/>
					<Vertex X="23830" Y="79321" Z="0"/>
					<Vertex X="23810" Y="79262" Z="0"/>
					<Vertex X="23751" Y="79143" Z="0"/>
					<Vertex X="23711" Y="79084" Z="0"/>
					<Vertex X="23691" Y="79004" Z="0"/>
					<Vertex X="23691" Y="78885" Z="0"/>
					<Vertex X="23691" Y="78826" Z="0"/>
					<Vertex X="23691" Y="78727" Z="0"/>
					<Vertex X="23691" Y="78647" Z="0"/>
					<Vertex X="23691" Y="78548" Z="0"/>
					<Vertex X="23691" Y="78489" Z="0"/>
					<Vertex X="23691" Y="78409" Z="0"/>
					<Vertex X="23651" Y="78350" Z="0"/>
					<Vertex X="23632" Y="78251" Z="0"/>
					<Vertex X="23632" Y="78231" Z="0"/>
					<Vertex X="23592" Y="78172" Z="0"/>
					<Vertex X="23572" Y="78112" Z="0"/>
					<Vertex X="23532" Y="78053" Z="0"/>
					<Vertex X="23532" Y="78013" Z="0"/>
					<Vertex X="23513" Y="77954" Z="0"/>
					<Vertex X="23473" Y="77894" Z="0"/>
					<Vertex X="23473" Y="77815" Z="0"/>
					<Vertex X="23453" Y="77716" Z="0"/>
					<Vertex X="23453" Y="77656" Z="0"/>
					<Vertex X="23414" Y="77577" Z="0"/>
					<Vertex X="23394" Y="77517" Z="0"/>
					<Vertex X="23394" Y="77458" Z="0"/>
					<Vertex X="23354" Y="77398" Z="0"/>
					<Vertex X="23354" Y="77299" Z="0"/>
					<Vertex X="23334" Y="77279" Z="0"/>
					<Vertex X="23334" Y="77200" Z="0"/>
					<Vertex X="23334" Y="77160" Z="0"/>
					<Vertex X="23295" Y="77101" Z="0"/>
					<Vertex X="23295" Y="77081" Z="0"/>
					<Vertex X="23334" Y="77022" Z="0"/>
					<Vertex X="23334" Y="76903" Z="0"/>
					<Vertex X="23315" Y="76784" Z="0"/>
					<Vertex X="23215" Y="76606" Z="0"/>
					<Vertex X="23196" Y="76447" Z="0"/>
					<Vertex X="23136" Y="76328" Z="0"/>
					<Vertex X="23077" Y="76150" Z="0"/>
					<Vertex X="22978" Y="76031" Z="0"/>
					<Vertex X="22918" Y="75912" Z="0"/>
					<Vertex X="22839" Y="75733" Z="0"/>
					<Vertex X="22740" Y="75614" Z="0"/>
					<Vertex X="22621" Y="75436" Z="0"/>
					<Vertex X="22541" Y="75317" Z="0"/>
					<Vertex X="22383" Y="75178" Z="0"/>
					<Vertex X="22264" Y="75059" Z="0"/>
					<Vertex X="22125" Y="74901" Z="0"/>
					<Vertex X="21966" Y="74762" Z="0"/>
					<Vertex X="21788" Y="74623" Z="0"/>
					<Vertex X="21649" Y="74465" Z="0"/>
					<Vertex X="21491" Y="74306" Z="0"/>
					<Vertex X="21372" Y="74187" Z="0"/>
					<Vertex X="21233" Y="74048" Z="0"/>
					<Vertex X="21134" Y="73949" Z="0"/>
					<Vertex X="21015" Y="73870" Z="0"/>
					<Vertex X="20876" Y="73711" Z="0"/>
					<Vertex X="20777" Y="73632" Z="0"/>
					<Vertex X="20658" Y="73513" Z="0"/>
					<Vertex X="20599" Y="73414" Z="0"/>
					<Vertex X="20519" Y="73295" Z="0"/>
					<Vertex X="20420" Y="73156" Z="0"/>
					<Vertex X="20441" Y="73018" Z="0"/>
					<Vertex X="20084" Y="71769" Z="0"/>
					<Vertex X="20044" Y="71531" Z="0"/>
					<Vertex X="20004" Y="71353" Z="0"/>
					<Vertex X="19945" Y="71234" Z="0"/>
					<Vertex X="19905" Y="71016" Z="0"/>
					<Vertex X="19846" Y="70877" Z="0"/>
					<Vertex X="19826" Y="70758" Z="0"/>
					<Vertex X="19786" Y="70639" Z="0"/>
					<Vertex X="19766" Y="70520" Z="0"/>
					<Vertex X="19667" Y="70341" Z="0"/>
					<Vertex X="19608" Y="70222" Z="0"/>
					<Vertex X="19548" Y="70104" Z="0"/>
					<Vertex X="19529" Y="69965" Z="0"/>
					<Vertex X="19429" Y="69767" Z="0"/>
					<Vertex X="19410" Y="69628" Z="0"/>
					<Vertex X="19350" Y="69509" Z="0"/>
					<Vertex X="19291" Y="69350" Z="0"/>
					<Vertex X="19251" Y="69172" Z="0"/>
					<Vertex X="19231" Y="69033" Z="0"/>
					<Vertex X="19192" Y="68914" Z="0"/>
					<Vertex X="19132" Y="68696" Z="0"/>
					<Vertex X="19112" Y="68577" Z="0"/>
					<Vertex X="19073" Y="68458" Z="0"/>
					<Vertex X="19013" Y="68339" Z="0"/>
					<Vertex X="18954" Y="68240" Z="0"/>
					<Vertex X="18894" Y="68101" Z="0"/>
					<Vertex X="18815" Y="67962" Z="0"/>
					<Vertex X="18716" Y="67863" Z="0"/>
					<Vertex X="18656" Y="67744" Z="0"/>
					<Vertex X="18597" Y="67625" Z="0"/>
					<Vertex X="18517" Y="67506" Z="0"/>
					<Vertex X="18399" Y="67368" Z="0"/>
					<Vertex X="18299" Y="67249" Z="0"/>
					<Vertex X="18220" Y="67130" Z="0"/>
					<Vertex X="18121" Y="67011" Z="0"/>
					<Vertex X="17982" Y="66832" Z="0"/>
					<Vertex X="17863" Y="66733" Z="0"/>
					<Vertex X="17744" Y="66654" Z="0"/>
					<Vertex X="17625" Y="66535" Z="0"/>
					<Vertex X="17506" Y="66416" Z="0"/>
					<Vertex X="17328" Y="66257" Z="0"/>
					<Vertex X="17229" Y="66119" Z="0"/>
					<Vertex X="17110" Y="66000" Z="0"/>
					<Vertex X="16912" Y="65841" Z="0"/>
					<Vertex X="16753" Y="65722" Z="0"/>
					<Vertex X="16634" Y="65643" Z="0"/>
					<Vertex X="16495" Y="65524" Z="0"/>
					<Vertex X="16317" Y="65365" Z="0"/>
					<Vertex X="16158" Y="65246" Z="0"/>
					<Vertex X="16039" Y="65167" Z="0"/>
					<Vertex X="15920" Y="65048" Z="0"/>
					<Vertex X="15782" Y="64949" Z="0"/>
					<Vertex X="15603" Y="64810" Z="0"/>
					<Vertex X="15444" Y="64711" Z="0"/>
					<Vertex X="15326" Y="64632" Z="0"/>
					<Vertex X="15187" Y="64533" Z="0"/>
					<Vertex X="14969" Y="64394" Z="0"/>
					<Vertex X="14850" Y="64295" Z="0"/>
					<Vertex X="14731" Y="64235" Z="0"/>
					<Vertex X="14533" Y="64096" Z="0"/>
					<Vertex X="14433" Y="64037" Z="0"/>
					<Vertex X="14295" Y="63938" Z="0"/>
					<Vertex X="14195" Y="63858" Z="0"/>
					<Vertex X="14017" Y="63740" Z="0"/>
					<Vertex X="13898" Y="63640" Z="0"/>
					<Vertex X="13779" Y="63581" Z="0"/>
					<Vertex X="13660" Y="63541" Z="0"/>
					<Vertex X="13541" Y="63502" Z="0"/>
					<Vertex X="13402" Y="63403" Z="0"/>
					<Vertex X="13303" Y="63343" Z="0"/>
					<Vertex X="13125" Y="63284" Z="0"/>
					<Vertex X="13006" Y="63264" Z="0"/>
					<Vertex X="12927" Y="63224" Z="0"/>
					<Vertex X="12808" Y="63204" Z="0"/>
					<Vertex X="12649" Y="63145" Z="0"/>
					<Vertex X="12530" Y="63105" Z="0"/>
					<Vertex X="12451" Y="63085" Z="0"/>
					<Vertex X="12332" Y="63085" Z="0"/>
					<Vertex X="12173" Y="63046" Z="0"/>
					<Vertex X="12094" Y="63026" Z="0"/>
					<Vertex X="11995" Y="62986" Z="0"/>
					<Vertex X="11916" Y="62986" Z="0"/>
					<Vertex X="11797" Y="62966" Z="0"/>
					<Vertex X="11638" Y="62966" Z="0"/>
					<Vertex X="11559" Y="62927" Z="0"/>
					<Vertex X="11460" Y="62927" Z="0"/>
					<Vertex X="11380" Y="62927" Z="0"/>
					<Vertex X="11222" Y="62927" Z="0"/>
					<Vertex X="11103" Y="62927" Z="0"/>
					<Vertex X="11023" Y="62927" Z="0"/>
					<Vertex X="10924" Y="62927" Z="0"/>
					<Vertex X="10805" Y="62927" Z="0"/>
					<Vertex X="10686" Y="62966" Z="0"/>
					<Vertex X="10607" Y="62966" Z="0"/>
					<Vertex X="10508" Y="62986" Z="0"/>
					<Vertex X="10389" Y="63046" Z="0"/>
					<Vertex X="10310" Y="63085" Z="0"/>
					<Vertex X="10250" Y="63145" Z="0"/>
					<Vertex X="10191" Y="63165" Z="0"/>
					<Vertex X="10092" Y="63224" Z="0"/>
					<Vertex X="10012" Y="63323" Z="0"/>
					<Vertex X="9953" Y="63403" Z="0"/>
					<Vertex X="9893" Y="63502" Z="0"/>
					<Vertex X="9834" Y="63621" Z="0"/>
					<Vertex X="9774" Y="63740" Z="0"/>
					<Vertex X="9735" Y="63819" Z="0"/>
					<Vertex X="9715" Y="63938" Z="0"/>
					<Vertex X="9675" Y="64096" Z="0"/>
					<Vertex X="9616" Y="64295" Z="0"/>
					<Vertex X="9556" Y="64473" Z="0"/>
					<Vertex X="9536" Y="64652" Z="0"/>
					<Vertex X="9477" Y="64949" Z="0"/>
					<Vertex X="9437" Y="65127" Z="0"/>
					<Vertex X="9418" Y="65306" Z="0"/>
					<Vertex X="9378" Y="65484" Z="0"/>
					<Vertex X="9378" Y="65762" Z="0"/>
					<Vertex X="9378" Y="65940" Z="0"/>
					<Vertex X="9378" Y="66138" Z="0"/>
					<Vertex X="9378" Y="66357" Z="0"/>
					<Vertex X="9378" Y="66654" Z="0"/>
					<Vertex X="9418" Y="66852" Z="0"/>
					<Vertex X="9418" Y="67070" Z="0"/>
					<Vertex X="9418" Y="67268" Z="0"/>
					<Vertex X="9418" Y="67566" Z="0"/>
					<Vertex X="9418" Y="67784" Z="0"/>
					<Vertex X="9418" Y="68002" Z="0"/>
					<Vertex X="9418" Y="68161" Z="0"/>
					<Vertex X="9437" Y="68438" Z="0"/>
					<Vertex X="9437" Y="68617" Z="0"/>
					<Vertex X="9477" Y="68795" Z="0"/>
					<Vertex X="9477" Y="68973" Z="0"/>
					<Vertex X="9477" Y="69231" Z="0"/>
					<Vertex X="9477" Y="69449" Z="0"/>
					<Vertex X="9477" Y="69628" Z="0"/>
					<Vertex X="9437" Y="69826" Z="0"/>
					<Vertex X="9437" Y="70044" Z="0"/>
					<Vertex X="9418" Y="70361" Z="0"/>
					<Vertex X="9358" Y="70698" Z="0"/>
					<Vertex X="9318" Y="71055" Z="0"/>
					<Vertex X="9299" Y="71253" Z="0"/>
					<Vertex X="9259" Y="71551" Z="0"/>
					<Vertex X="9239" Y="71769" Z="0"/>
					<Vertex X="9199" Y="72066" Z="0"/>
					<Vertex X="9140" Y="72383" Z="0"/>
					<Vertex X="9120" Y="72602" Z="0"/>
					<Vertex X="9061" Y="72899" Z="0"/>
					<Vertex X="9021" Y="73077" Z="0"/>
					<Vertex X="9001" Y="73276" Z="0"/>
					<Vertex X="8962" Y="73573" Z="0"/>
					<Vertex X="8902" Y="73751" Z="0"/>
					<Vertex X="8902" Y="73930" Z="0"/>
					<Vertex X="8843" Y="74207" Z="0"/>
					<Vertex X="8783" Y="74346" Z="0"/>
					<Vertex X="8763" Y="74525" Z="0"/>
					<Vertex X="8704" Y="74802" Z="0"/>
					<Vertex X="8664" Y="74981" Z="0"/>
					<Vertex X="8605" Y="75159" Z="0"/>
					<Vertex X="8545" Y="75337" Z="0"/>
					<Vertex X="8486" Y="75575" Z="0"/>
					<Vertex X="8466" Y="75754" Z="0"/>
					<Vertex X="8406" Y="75893" Z="0"/>
					<Vertex X="8347" Y="76131" Z="0"/>
					<Vertex X="8287" Y="76408" Z="0"/>
					<Vertex X="8248" Y="76586" Z="0"/>
					<Vertex X="8188" Y="76785" Z="0"/>
					<Vertex X="8169" Y="77082" Z="0"/>
					<Vertex X="8129" Y="77300" Z="0"/>
					<Vertex X="8129" Y="77518" Z="0"/>
					<Vertex X="8109" Y="77776" Z="0"/>
					<Vertex X="7989" Y="77835" Z="0"/>
					<Vertex X="7989" Y="79183" Z="0"/>
					<Vertex X="8049" Y="79678" Z="0"/>
					<Vertex X="8049" Y="79857" Z="0"/>
					<Vertex X="8049" Y="80075" Z="0"/>
					<Vertex X="8049" Y="80333" Z="0"/>
					<Vertex X="8049" Y="80511" Z="0"/>
					<Vertex X="8069" Y="80729" Z="0"/>
					<Vertex X="8069" Y="81026" Z="0"/>
					<Vertex X="8069" Y="81225" Z="0"/>
					<Vertex X="8069" Y="81502" Z="0"/>
					<Vertex X="8069" Y="81681" Z="0"/>
					<Vertex X="8069" Y="81859" Z="0"/>
					<Vertex X="8108" Y="82117" Z="0"/>
					<Vertex X="8108" Y="82275" Z="0"/>
					<Vertex X="8108" Y="82513" Z="0"/>
					<Vertex X="8108" Y="82652" Z="0"/>
					<Vertex X="8128" Y="82870" Z="0"/>
					<Vertex X="8128" Y="83009" Z="0"/>
					<Vertex X="8128" Y="83247" Z="0"/>
					<Vertex X="8128" Y="83465" Z="0"/>
					<Vertex X="8128" Y="83604" Z="0"/>
					<Vertex X="8168" Y="83782" Z="0"/>
					<Vertex X="8168" Y="83901" Z="0"/>
					<Vertex X="8168" Y="84139" Z="0"/>
					<Vertex X="8168" Y="84298" Z="0"/>
					<Vertex X="8168" Y="84417" Z="0"/>
					<Vertex X="8188" Y="84595" Z="0"/>
					<Vertex X="8188" Y="84714" Z="0"/>
					<Vertex X="8188" Y="84793" Z="0"/>
					<Vertex X="8188" Y="84952" Z="0"/>
					<Vertex X="8188" Y="85031" Z="0"/>
					<Vertex X="8188" Y="85130" Z="0"/>
					<Vertex X="8188" Y="85210" Z="0"/>
					<Vertex X="8188" Y="85269" Z="0"/>
					<Vertex X="8188" Y="85329" Z="0"/>
					<Vertex X="8188" Y="85448" Z="0"/>
					<Vertex X="8188" Y="85507" Z="0"/>
					<Vertex X="8188" Y="85567" Z="0"/>
					<Vertex X="8188" Y="85666" Z="0"/>
					<Vertex X="8188" Y="85725" Z="0"/>
					<Vertex X="8188" Y="85785" Z="0"/>
					<Vertex X="8188" Y="85904" Z="0"/>
					<Vertex X="8188" Y="85963" Z="0"/>
					<Vertex X="8188" Y="86042" Z="0"/>
					<Vertex X="8227" Y="86141" Z="0"/>
					<Vertex X="8227" Y="86201" Z="0"/>
					<Vertex X="8287" Y="86260" Z="0"/>
					<Vertex X="8306" Y="86320" Z="0"/>
					<Vertex X="8346" Y="86340" Z="0"/>
					<Vertex X="8406" Y="86379" Z="0"/>
					<Vertex X="8465" Y="86399" Z="0"/>
					<Vertex X="8544" Y="86399" Z="0"/>
					<Vertex X="8584" Y="86399" Z="0"/>
					<Vertex X="8643" Y="86439" Z="0"/>
					<Vertex X="8663" Y="86439" Z="0"/>
					<Vertex X="8703" Y="86399" Z="0"/>
					<Vertex X="8762" Y="86379" Z="0"/>
					<Vertex X="8782" Y="86340" Z="0"/>
					<Vertex X="8842" Y="86340" Z="0"/>
					<Vertex X="8881" Y="86280" Z="0"/>
					<Vertex X="8901" Y="86260" Z="0"/>
					<Vertex X="8941" Y="86201" Z="0"/>
					<Vertex X="9000" Y="86141" Z="0"/>
					<Vertex X="9020" Y="86102" Z="0"/>
					<Vertex X="9060" Y="86082" Z="0"/>
					<Vertex X="9080" Y="86042" Z="0"/>
					<Vertex X="9139" Y="86023" Z="0"/>
					<Vertex X="9199" Y="86023" Z="0"/>
					<Vertex X="9258" Y="86023" Z="0"/>
					<Vertex X="9318" Y="86023" Z="0"/>
					<Vertex X="9377" Y="86023" Z="0"/>
					<Vertex X="9437" Y="86042" Z="0"/>
					<Vertex X="9496" Y="86082" Z="0"/>
					<Vertex X="9595" Y="86102" Z="0"/>
					<Vertex X="9674" Y="86141" Z="0"/>
					<Vertex X="9734" Y="86161" Z="0"/>
					<Vertex X="9853" Y="86221" Z="0"/>
					<Vertex X="9952" Y="86260" Z="0"/>
					<Vertex X="10011" Y="86280" Z="0"/>
					<Vertex X="10091" Y="86340" Z="0"/>
					<Vertex X="10190" Y="86340" Z="0"/>
					<Vertex X="10309" Y="86379" Z="0"/>
					<Vertex X="10368" Y="86399" Z="0"/>
					<Vertex X="10448" Y="86399" Z="0"/>
					<Vertex X="10547" Y="86439" Z="0"/>
					<Vertex X="10626" Y="86439" Z="0"/>
					<Vertex X="10686" Y="86439" Z="0"/>
					<Vertex X="10785" Y="86439" Z="0"/>
					<Vertex X="10864" Y="86439" Z="0"/>
					<Vertex X="10963" Y="86439" Z="0"/>
					<Vertex X="11042" Y="86399" Z="0"/>
					<Vertex X="11142" Y="86379" Z="0"/>
					<Vertex X="11201" Y="86379" Z="0"/>
					<Vertex X="11260" Y="86379" Z="0"/>
					<Vertex X="11340" Y="86340" Z="0"/>
					<Vertex X="11399" Y="86340" Z="0"/>
					<Vertex X="11498" Y="86340" Z="0"/>
					<Vertex X="11558" Y="86379" Z="0"/>
					<Vertex X="11578" Y="86399" Z="0"/>
					<Vertex X="11677" Y="86439" Z="0"/>
					<Vertex X="11736" Y="86459" Z="0"/>
					<Vertex X="11816" Y="86498" Z="0"/>
					<Vertex X="11915" Y="86558" Z="0"/>
					<Vertex X="11974" Y="86578" Z="0"/>
					<Vertex X="12034" Y="86637" Z="0"/>
					<Vertex X="12113" Y="86677" Z="0"/>
					<Vertex X="12212" Y="86736" Z="0"/>
					<Vertex X="12291" Y="86796" Z="0"/>
					<Vertex X="12351" Y="86855" Z="0"/>
					<Vertex X="12450" Y="86915" Z="0"/>
					<Vertex X="12509" Y="86934" Z="0"/>
					<Vertex X="12589" Y="87014" Z="0"/>
					<Vertex X="12648" Y="87034" Z="0"/>
					<Vertex X="12747" Y="87073" Z="0"/>
					<Vertex X="12827" Y="87093" Z="0"/>
					<Vertex X="12886" Y="87113" Z="0"/>
					<Vertex X="12985" Y="87153" Z="0"/>
					<Vertex X="13065" Y="87153" Z="0"/>
					<Vertex X="13104" Y="87192" Z="0"/>
					<Vertex X="13184" Y="87192" Z="0"/>
					<Vertex X="13243" Y="87212" Z="0"/>
					<Vertex X="13322" Y="87212" Z="0"/>
					<Vertex X="13342" Y="87212" Z="0"/>
					<Vertex X="13402" Y="87212" Z="0"/>
					<Vertex X="13461" Y="87212" Z="0"/>
					<Vertex X="13521" Y="87212" Z="0"/>
					<Vertex X="13560" Y="87212" Z="0"/>
					<Vertex X="13640" Y="87212" Z="0"/>
					<Vertex X="13659" Y="87212" Z="0"/>
					<Vertex X="13719" Y="87232" Z="0"/>
					<Vertex X="13778" Y="87232" Z="0"/>
					<Vertex X="13877" Y="87311" Z="0"/>
					<Vertex X="13937" Y="87331" Z="0"/>
					<Vertex X="13957" Y="87371" Z="0"/>
					<Vertex X="14056" Y="87410" Z="0"/>
					<Vertex X="14135" Y="87490" Z="0"/>
					<Vertex X="14234" Y="87569" Z="0"/>
					<Vertex X="14314" Y="87668" Z="0"/>
					<Vertex X="14393" Y="87708" Z="0"/>
					<Vertex X="14433" Y="87767" Z="0"/>
					<Vertex X="14532" Y="87866" Z="0"/>
					<Vertex X="14591" Y="87946" Z="0"/>
					<Vertex X="14670" Y="88045" Z="0"/>
					<Vertex X="14710" Y="88124" Z="0"/>
					<Vertex X="14730" Y="88203" Z="0"/>
					<Vertex X="14829" Y="88283" Z="0"/>
					<Vertex X="14849" Y="88382" Z="0"/>
					<Vertex X="14928" Y="88461" Z="0"/>
					<Vertex X="14948" Y="88521" Z="0"/>
					<Vertex X="15007" Y="88580" Z="0"/>
					<Vertex X="15067" Y="88699" Z="0"/>
					<Vertex X="15126" Y="88798" Z="0"/>
					<Vertex X="15166" Y="88877" Z="0"/>
					<Vertex X="15186" Y="88937" Z="0"/>
					<Vertex X="15245" Y="89056" Z="0"/>
					<Vertex X="15265" Y="89115" Z="0"/>
					<Vertex X="15325" Y="89234" Z="0"/>
					<Vertex X="15364" Y="89314" Z="0"/>
					<Vertex X="15384" Y="89452" Z="0"/>
					<Vertex X="15424" Y="89532" Z="0"/>
					<Vertex X="15463" Y="89611" Z="0"/>
					<Vertex X="15483" Y="89710" Z="0"/>
					<Vertex X="15503" Y="89829" Z="0"/>
					<Vertex X="15543" Y="89888" Z="0"/>
					<Vertex X="15563" Y="89988" Z="0"/>
					<Vertex X="15602" Y="90067" Z="0"/>
					<Vertex X="15602" Y="90126" Z="0"/>
					<Vertex X="15622" Y="90206" Z="0"/>
					<Vertex X="15662" Y="90285" Z="0"/>
					<Vertex X="15701" Y="90364" Z="0"/>
					<Vertex X="15721" Y="90424" Z="0"/>
					<Vertex X="15741" Y="90483" Z="0"/>
					<Vertex X="15801" Y="90582" Z="0"/>
					<Vertex X="15840" Y="90602" Z="0"/>
					<Vertex X="15860" Y="90721" Z="0"/>
					<Vertex X="15900" Y="90781" Z="0"/>
					<Vertex X="15959" Y="90880" Z="0"/>
					<Vertex X="15999" Y="90959" Z="0"/>
					<Vertex X="16019" Y="91038" Z="0"/>
					<Vertex X="16078" Y="91137" Z="0"/>
					<Vertex X="16098" Y="91197" Z="0"/>
					<Vertex X="16138" Y="91256" Z="0"/>
					<Vertex X="16157" Y="91336" Z="0"/>
					<Vertex X="16237" Y="91395" Z="0"/>
					<Vertex X="16257" Y="91494" Z="0"/>
					<Vertex X="16276" Y="91554" Z="0"/>
					<Vertex X="16336" Y="91633" Z="0"/>
					<Vertex X="16375" Y="91673" Z="0"/>
					<Vertex X="16435" Y="91772" Z="0"/>
					<Vertex X="16435" Y="91812" Z="0"/>
					<Vertex X="16494" Y="91871" Z="0"/>
					<Vertex X="16554" Y="91970" Z="0"/>
					<Vertex X="16574" Y="92069" Z="0"/>
					<Vertex X="16633" Y="92109" Z="0"/>
					<Vertex X="16693" Y="92168" Z="0"/>
					<Vertex X="16752" Y="92208" Z="0"/>
					<Vertex X="16851" Y="92268" Z="0"/>
					<Vertex X="16911" Y="92268" Z="0"/>
					<Vertex X="16990" Y="92287" Z="0"/>
					<Vertex X="17069" Y="92287" Z="0"/>
					<Vertex X="17149" Y="92327" Z="0"/>
					<Vertex X="17208" Y="92327" Z="0"/>
					<Vertex X="17287" Y="92287" Z="0"/>
					<Vertex X="17387" Y="92387" Z="0"/>
					<Vertex X="18992" Y="92565" Z="0"/>
					<Vertex X="19409" Y="92565" Z="0"/>
					<Vertex X="19746" Y="92565" Z="0"/>
					<Vertex X="19944" Y="92565" Z="0"/>
					<Vertex X="20281" Y="92585" Z="0"/>
					<Vertex X="20598" Y="92585" Z="0"/>
					<Vertex X="20797" Y="92585" Z="0"/>
					<Vertex X="21015" Y="92585" Z="0"/>
					<Vertex X="21312" Y="92585" Z="0"/>
					<Vertex X="21530" Y="92585" Z="0"/>
					<Vertex X="21788" Y="92585" Z="0"/>
					<Vertex X="22085" Y="92585" Z="0"/>
					<Vertex X="22264" Y="92565" Z="0"/>
					<Vertex X="22442" Y="92565" Z="0"/>
					<Vertex X="22660" Y="92565" Z="0"/>
					<Vertex X="22858" Y="92525" Z="0"/>
					<Vertex X="23017" Y="92525" Z="0"/>
					<Vertex X="23195" Y="92525" Z="0"/>
					<Vertex X="23314" Y="92505" Z="0"/>
					<Vertex X="23473" Y="92505" Z="0"/>
					<Vertex X="23572" Y="92505" Z="0"/>
					<Vertex X="23751" Y="92505" Z="0"/>
					<Vertex X="23870" Y="92505" Z="0"/>
					<Vertex X="24048" Y="92505" Z="0"/>
					<Vertex X="24207" Y="92505" Z="0"/>
					<Vertex X="24464" Y="92505" Z="0"/>
					<Vertex X="24623" Y="92505" Z="0"/>
					<Vertex X="24881" Y="92505" Z="0"/>
					<Vertex X="25059" Y="92466" Z="0"/>
					<Vertex X="25337" Y="92446" Z="0"/>
					<Vertex X="25535" Y="92446" Z="0"/>
					<Vertex X="25753" Y="92406" Z="0"/>
					<Vertex X="26070" Y="92387" Z="0"/>
					<Vertex X="26368" Y="92367" Z="0"/>
					<Vertex X="26546" Y="92367" Z="0"/>
					<Vertex X="26824" Y="92327" Z="0"/>
					<Vertex X="26982" Y="92287" Z="0"/>
					<Vertex X="27260" Y="92287" Z="0"/>
					<Vertex X="27418" Y="92268" Z="0"/>
					<Vertex X="27617" Y="92268" Z="0"/>
					<Vertex X="27735" Y="92268" Z="0"/>
					<Vertex X="27914" Y="92268" Z="0"/>
					<Vertex X="28092" Y="92268" Z="0"/>
					<Vertex X="28211" Y="92268" Z="0"/>
					<Vertex X="28390" Y="92268" Z="0"/>
					<Vertex X="28509" Y="92228" Z="0"/>
					<Vertex X="28727" Y="92228" Z="0"/>
					<Vertex X="28866" Y="92228" Z="0"/>
					<Vertex X="29044" Y="92228" Z="0"/>
					<Vertex X="29163" Y="92228" Z="0"/>
					<Vertex X="29361" Y="92228" Z="0"/>
					<Vertex X="29520" Y="92228" Z="0"/>
					<Vertex X="29698" Y="92228" Z="0"/>
					<Vertex X="29837" Y="92228" Z="0"/>
					<Vertex X="30035" Y="92268" Z="0"/>
					<Vertex X="30154" Y="92268" Z="0"/>
					<Vertex X="30333" Y="92268" Z="0"/>
					<Vertex X="30491" Y="92268" Z="0"/>
					<Vertex X="30650" Y="92268" Z="0"/>
					<Vertex X="30888" Y="92228" Z="0"/>
					<Vertex X="31027" Y="92228" Z="0"/>
					<Vertex X="31245" Y="92268" Z="0"/>
					<Vertex X="31403" Y="92268" Z="0"/>
					<Vertex X="31562" Y="92268" Z="0"/>
					<Vertex X="31720" Y="92287" Z="0"/>
					<Vertex X="31839" Y="92327" Z="0"/>
					<Vertex X="32018" Y="92367" Z="0"/>
					<Vertex X="32137" Y="92367" Z="0"/>
					<Vertex X="32256" Y="92387" Z="0"/>
					<Vertex X="32355" Y="92387" Z="0"/>
					<Vertex X="32394" Y="92387" Z="0"/>
					<Vertex X="32494" Y="92406" Z="0"/>
					<Vertex X="32513" Y="92406" Z="0"/>
					<Vertex X="32613" Y="92406" Z="0"/>
					<Vertex X="32672" Y="92406" Z="0"/>
					<Vertex X="32732" Y="92446" Z="0"/>
					<Vertex X="32791" Y="92446" Z="0"/>
					<Vertex X="32890" Y="92446" Z="0"/>
					<Vertex X="32930" Y="92446" Z="0"/>
					<Vertex X="33009" Y="92406" Z="0"/>
					<Vertex X="33049" Y="92406" Z="0"/>
					<Vertex X="33148" Y="92406" Z="0"/>
					<Vertex X="33168" Y="92406" Z="0"/>
					<Vertex X="33227" Y="92387" Z="0"/>
					<Vertex X="33267" Y="92387" Z="0"/>
					<Vertex X="33287" Y="92387" Z="0"/>
					<Vertex X="33326" Y="92387" Z="0"/>
					<Vertex X="33386" Y="92387" Z="0"/>
					<Vertex X="33425" Y="92367" Z="0"/>
					<Vertex X="33445" Y="92367" Z="0"/>
					<Vertex X="33465" Y="92367" Z="0"/>
					<Vertex X="33505" Y="92327" Z="0"/>
					<Vertex X="33525" Y="92327" Z="0"/>
					<Vertex X="33525" Y="92287" Z="0"/>
					<Vertex X="33564" Y="92287" Z="0"/>
					<Vertex X="33584" Y="92268" Z="0"/>
					<Vertex X="33624" Y="92268" Z="0"/>
					<Vertex X="33624" Y="92228" Z="0"/>
					<Vertex X="33643" Y="92228" Z="0"/>
					<Vertex X="33643" Y="92208" Z="0"/>
					<Vertex X="33683" Y="92208" Z="0"/>
					<Vertex X="33683" Y="92168" Z="0"/>
					<Vertex X="33703" Y="92168" Z="0"/>
					<Vertex X="33703" Y="92149" Z="0"/>
					<Vertex X="33703" Y="92109" Z="0"/>
					<Vertex X="33703" Y="92089" Z="0"/>
					<Vertex X="33723" Y="92070" Z="0"/>
				</Vertices>
			</Region>
		</Regions>
		<Plots/>
	</Annotation>
</Annotations>
