<Annotations MicronsPerPixel="0.252200">
	<Annotation Id="1" Name="" ReadOnly="0" NameReadOnly="0" LineColorReadOnly="0" Incremental="0" Type="4" LineColor="16711935" Visible="1" Selected="1" MarkupImagePath="" MacroName="">
		<Attributes/>
		<Regions>
			<RegionAttributeHeaders>
				<AttributeHeader Id="9999" Name="Region" ColumnWidth="-1"/>
				<AttributeHeader Id="9997" Name="Length" ColumnWidth="-1"/>
				<AttributeHeader Id="9996" Name="Area" ColumnWidth="-1"/>
				<AttributeHeader Id="9998" Name="Text" ColumnWidth="-1"/>
			</RegionAttributeHeaders>
			<Region Id="1" Type="0" Zoom="0.018648" Selected="1" ImageLocation="" ImageFocus="-1" Length="195554.8" Area="949010348.5" LengthMicrons="49318.9" AreaMicrons="60361651.4" Text="" NegativeROA="0" InputRegionId="0" Analyze="1" DisplayId="1">
				<Attributes/>
				<Vertices>
					<Vertex X="22485" Y="51190" Z="0"/>
					<Vertex X="22751" Y="51349" Z="0"/>
					<Vertex X="22963" Y="51509" Z="0"/>
					<Vertex X="23229" Y="51615" Z="0"/>
					<Vertex X="23442" Y="51668" Z="0"/>
					<Vertex X="23601" Y="51721" Z="0"/>
					<Vertex X="23920" Y="51934" Z="0"/>
					<Vertex X="24186" Y="51987" Z="0"/>
					<Vertex X="24345" Y="52093" Z="0"/>
					<Vertex X="24505" Y="52146" Z="0"/>
					<Vertex X="24824" Y="52306" Z="0"/>
					<Vertex X="24983" Y="52359" Z="0"/>
					<Vertex X="25196" Y="52519" Z="0"/>
					<Vertex X="25355" Y="52731" Z="0"/>
					<Vertex X="25568" Y="52837" Z="0"/>
					<Vertex X="25674" Y="52997" Z="0"/>
					<Vertex X="25834" Y="53210" Z="0"/>
					<Vertex X="25993" Y="53422" Z="0"/>
					<Vertex X="26206" Y="53688" Z="0"/>
					<Vertex X="26259" Y="53901" Z="0"/>
					<Vertex X="26418" Y="54113" Z="0"/>
					<Vertex X="26578" Y="54379" Z="0"/>
					<Vertex X="26737" Y="54592" Z="0"/>
					<Vertex X="26790" Y="54857" Z="0"/>
					<Vertex X="27056" Y="55123" Z="0"/>
					<Vertex X="27216" Y="55336" Z="0"/>
					<Vertex X="27375" Y="55495" Z="0"/>
					<Vertex X="27641" Y="55655" Z="0"/>
					<Vertex X="27747" Y="55921" Z="0"/>
					<Vertex X="28013" Y="55974" Z="0"/>
					<Vertex X="28226" Y="56133" Z="0"/>
					<Vertex X="28491" Y="56186" Z="0"/>
					<Vertex X="28704" Y="56186" Z="0"/>
					<Vertex X="29076" Y="56293" Z="0"/>
					<Vertex X="29289" Y="56293" Z="0"/>
					<Vertex X="29767" Y="56293" Z="0"/>
					<Vertex X="30086" Y="56186" Z="0"/>
					<Vertex X="30405" Y="56133" Z="0"/>
					<Vertex X="30777" Y="56080" Z="0"/>
					<Vertex X="31096" Y="55921" Z="0"/>
					<Vertex X="31574" Y="55814" Z="0"/>
					<Vertex X="31947" Y="55708" Z="0"/>
					<Vertex X="32212" Y="55655" Z="0"/>
					<Vertex X="32531" Y="55548" Z="0"/>
					<Vertex X="32850" Y="55495" Z="0"/>
					<Vertex X="33169" Y="55389" Z="0"/>
					<Vertex X="33648" Y="55336" Z="0"/>
					<Vertex X="33967" Y="55336" Z="0"/>
					<Vertex X="34232" Y="55229" Z="0"/>
					<Vertex X="34551" Y="55229" Z="0"/>
					<Vertex X="34764" Y="55229" Z="0"/>
					<Vertex X="35030" Y="55229" Z="0"/>
					<Vertex X="35349" Y="55336" Z="0"/>
					<Vertex X="35614" Y="55336" Z="0"/>
					<Vertex X="35880" Y="55336" Z="0"/>
					<Vertex X="36146" Y="55389" Z="0"/>
					<Vertex X="36412" Y="55389" Z="0"/>
					<Vertex X="36678" Y="55495" Z="0"/>
					<Vertex X="37103" Y="55495" Z="0"/>
					<Vertex X="37422" Y="55548" Z="0"/>
					<Vertex X="37634" Y="55548" Z="0"/>
					<Vertex X="37953" Y="55548" Z="0"/>
					<Vertex X="38219" Y="55548" Z="0"/>
					<Vertex X="38485" Y="55548" Z="0"/>
					<Vertex X="38697" Y="55548" Z="0"/>
					<Vertex X="38910" Y="55548" Z="0"/>
					<Vertex X="39176" Y="55548" Z="0"/>
					<Vertex X="39495" Y="55655" Z="0"/>
					<Vertex X="39707" Y="55655" Z="0"/>
					<Vertex X="39920" Y="55655" Z="0"/>
					<Vertex X="40133" Y="55655" Z="0"/>
					<Vertex X="40292" Y="55708" Z="0"/>
					<Vertex X="40505" Y="55708" Z="0"/>
					<Vertex X="40717" Y="55708" Z="0"/>
					<Vertex X="40930" Y="55814" Z="0"/>
					<Vertex X="41089" Y="55814" Z="0"/>
					<Vertex X="41408" Y="55921" Z="0"/>
					<Vertex X="41674" Y="55921" Z="0"/>
					<Vertex X="41887" Y="55974" Z="0"/>
					<Vertex X="42153" Y="55974" Z="0"/>
					<Vertex X="42365" Y="56080" Z="0"/>
					<Vertex X="42578" Y="56133" Z="0"/>
					<Vertex X="43003" Y="56293" Z="0"/>
					<Vertex X="43322" Y="56399" Z="0"/>
					<Vertex X="43641" Y="56452" Z="0"/>
					<Vertex X="43907" Y="56505" Z="0"/>
					<Vertex X="44173" Y="56612" Z="0"/>
					<Vertex X="44545" Y="56771" Z="0"/>
					<Vertex X="44810" Y="56931" Z="0"/>
					<Vertex X="45183" Y="57090" Z="0"/>
					<Vertex X="45395" Y="57196" Z="0"/>
					<Vertex X="45874" Y="57409" Z="0"/>
					<Vertex X="46192" Y="57515" Z="0"/>
					<Vertex X="46511" Y="57675" Z="0"/>
					<Vertex X="46724" Y="57781" Z="0"/>
					<Vertex X="47043" Y="57940" Z="0"/>
					<Vertex X="47468" Y="58313" Z="0"/>
					<Vertex X="47628" Y="58472" Z="0"/>
					<Vertex X="47894" Y="58685" Z="0"/>
					<Vertex X="48053" Y="58844" Z="0"/>
					<Vertex X="48266" Y="59004" Z="0"/>
					<Vertex X="48425" Y="59163" Z="0"/>
					<Vertex X="48585" Y="59376" Z="0"/>
					<Vertex X="48691" Y="59535" Z="0"/>
					<Vertex X="48903" Y="59907" Z="0"/>
					<Vertex X="49063" Y="60120" Z="0"/>
					<Vertex X="49169" Y="60439" Z="0"/>
					<Vertex X="49329" Y="60598" Z="0"/>
					<Vertex X="49382" Y="60811" Z="0"/>
					<Vertex X="49541" Y="61130" Z="0"/>
					<Vertex X="49595" Y="61289" Z="0"/>
					<Vertex X="49754" Y="61502" Z="0"/>
					<Vertex X="49913" Y="61608" Z="0"/>
					<Vertex X="50126" Y="61768" Z="0"/>
					<Vertex X="50286" Y="61927" Z="0"/>
					<Vertex X="50445" Y="62087" Z="0"/>
					<Vertex X="50658" Y="62193" Z="0"/>
					<Vertex X="50817" Y="62352" Z="0"/>
					<Vertex X="50977" Y="62406" Z="0"/>
					<Vertex X="51189" Y="62512" Z="0"/>
					<Vertex X="51349" Y="62671" Z="0"/>
					<Vertex X="51561" Y="62725" Z="0"/>
					<Vertex X="51721" Y="62990" Z="0"/>
					<Vertex X="51880" Y="63150" Z="0"/>
					<Vertex X="52040" Y="63362" Z="0"/>
					<Vertex X="52199" Y="63628" Z="0"/>
					<Vertex X="52465" Y="64000" Z="0"/>
					<Vertex X="52571" Y="64319" Z="0"/>
					<Vertex X="52731" Y="64691" Z="0"/>
					<Vertex X="52890" Y="64957" Z="0"/>
					<Vertex X="53050" Y="65223" Z="0"/>
					<Vertex X="53209" Y="65595" Z="0"/>
					<Vertex X="53315" Y="65861" Z="0"/>
					<Vertex X="53475" Y="66180" Z="0"/>
					<Vertex X="53688" Y="66499" Z="0"/>
					<Vertex X="53847" Y="66711" Z="0"/>
					<Vertex X="53900" Y="67030" Z="0"/>
					<Vertex X="54006" Y="67349" Z="0"/>
					<Vertex X="54166" Y="67668" Z="0"/>
					<Vertex X="54432" Y="68093" Z="0"/>
					<Vertex X="54485" Y="68306" Z="0"/>
					<Vertex X="54644" Y="68625" Z="0"/>
					<Vertex X="54804" Y="68572" Z="0"/>
					<Vertex X="57515" Y="71283" Z="0"/>
					<Vertex X="57781" Y="71655" Z="0"/>
					<Vertex X="57887" Y="71814" Z="0"/>
					<Vertex X="58100" Y="72133" Z="0"/>
					<Vertex X="58206" Y="72240" Z="0"/>
					<Vertex X="58365" Y="72399" Z="0"/>
					<Vertex X="58525" Y="72558" Z="0"/>
					<Vertex X="58737" Y="72612" Z="0"/>
					<Vertex X="59056" Y="72877" Z="0"/>
					<Vertex X="59216" Y="72931" Z="0"/>
					<Vertex X="59322" Y="73090" Z="0"/>
					<Vertex X="59588" Y="73196" Z="0"/>
					<Vertex X="59747" Y="73250" Z="0"/>
					<Vertex X="59960" Y="73356" Z="0"/>
					<Vertex X="60332" Y="73409" Z="0"/>
					<Vertex X="60389" Y="73513" Z="0"/>
					<Vertex X="62074" Y="73751" Z="0"/>
					<Vertex X="62530" Y="73830" Z="0"/>
					<Vertex X="62788" Y="73929" Z="0"/>
					<Vertex X="63026" Y="74008" Z="0"/>
					<Vertex X="63184" Y="74068" Z="0"/>
					<Vertex X="63422" Y="74167" Z="0"/>
					<Vertex X="63660" Y="74246" Z="0"/>
					<Vertex X="63799" Y="74306" Z="0"/>
					<Vertex X="64037" Y="74405" Z="0"/>
					<Vertex X="64196" Y="74425" Z="0"/>
					<Vertex X="64433" Y="74524" Z="0"/>
					<Vertex X="64612" Y="74544" Z="0"/>
					<Vertex X="64889" Y="74583" Z="0"/>
					<Vertex X="65207" Y="74643" Z="0"/>
					<Vertex X="65365" Y="74663" Z="0"/>
					<Vertex X="65643" Y="74722" Z="0"/>
					<Vertex X="65821" Y="74762" Z="0"/>
					<Vertex X="66099" Y="74821" Z="0"/>
					<Vertex X="66337" Y="74841" Z="0"/>
					<Vertex X="66495" Y="74881" Z="0"/>
					<Vertex X="66773" Y="74900" Z="0"/>
					<Vertex X="66912" Y="74940" Z="0"/>
					<Vertex X="67169" Y="74940" Z="0"/>
					<Vertex X="67368" Y="74940" Z="0"/>
					<Vertex X="67487" Y="74940" Z="0"/>
					<Vertex X="67645" Y="74900" Z="0"/>
					<Vertex X="67764" Y="74900" Z="0"/>
					<Vertex X="67843" Y="74900" Z="0"/>
					<Vertex X="67943" Y="74881" Z="0"/>
					<Vertex X="68042" Y="74841" Z="0"/>
					<Vertex X="68180" Y="74801" Z="0"/>
					<Vertex X="68299" Y="74722" Z="0"/>
					<Vertex X="68359" Y="74663" Z="0"/>
					<Vertex X="68438" Y="74583" Z="0"/>
					<Vertex X="68498" Y="74524" Z="0"/>
					<Vertex X="68517" Y="74405" Z="0"/>
					<Vertex X="68557" Y="74306" Z="0"/>
					<Vertex X="68577" Y="74226" Z="0"/>
					<Vertex X="68577" Y="74107" Z="0"/>
					<Vertex X="68577" Y="74008" Z="0"/>
					<Vertex X="68617" Y="73909" Z="0"/>
					<Vertex X="68617" Y="73770" Z="0"/>
					<Vertex X="68617" Y="73691" Z="0"/>
					<Vertex X="68577" Y="73592" Z="0"/>
					<Vertex X="68577" Y="73513" Z="0"/>
					<Vertex X="68577" Y="73414" Z="0"/>
					<Vertex X="68557" Y="73334" Z="0"/>
					<Vertex X="68517" Y="73275" Z="0"/>
					<Vertex X="68498" Y="73235" Z="0"/>
					<Vertex X="68438" Y="73156" Z="0"/>
					<Vertex X="68399" Y="73096" Z="0"/>
					<Vertex X="68359" Y="73037" Z="0"/>
					<Vertex X="68319" Y="72977" Z="0"/>
					<Vertex X="68240" Y="72918" Z="0"/>
					<Vertex X="68200" Y="72858" Z="0"/>
					<Vertex X="68101" Y="72759" Z="0"/>
					<Vertex X="68042" Y="72640" Z="0"/>
					<Vertex X="68022" Y="72581" Z="0"/>
					<Vertex X="67962" Y="72462" Z="0"/>
					<Vertex X="67943" Y="72422" Z="0"/>
					<Vertex X="67863" Y="72323" Z="0"/>
					<Vertex X="67824" Y="72224" Z="0"/>
					<Vertex X="67784" Y="72125" Z="0"/>
					<Vertex X="67764" Y="72026" Z="0"/>
					<Vertex X="67724" Y="71907" Z="0"/>
					<Vertex X="67705" Y="71847" Z="0"/>
					<Vertex X="67665" Y="71728" Z="0"/>
					<Vertex X="67645" Y="71669" Z="0"/>
					<Vertex X="67645" Y="71530" Z="0"/>
					<Vertex X="67645" Y="71431" Z="0"/>
					<Vertex X="67606" Y="71312" Z="0"/>
					<Vertex X="67606" Y="71153" Z="0"/>
					<Vertex X="67606" Y="71094" Z="0"/>
					<Vertex X="67566" Y="70955" Z="0"/>
					<Vertex X="67566" Y="70856" Z="0"/>
					<Vertex X="67546" Y="70717" Z="0"/>
					<Vertex X="67506" Y="70638" Z="0"/>
					<Vertex X="67487" Y="70539" Z="0"/>
					<Vertex X="67447" Y="70400" Z="0"/>
					<Vertex X="67427" Y="70301" Z="0"/>
					<Vertex X="67407" Y="70142" Z="0"/>
					<Vertex X="67368" Y="70063" Z="0"/>
					<Vertex X="67308" Y="69944" Z="0"/>
					<Vertex X="67288" Y="69845" Z="0"/>
					<Vertex X="67249" Y="69746" Z="0"/>
					<Vertex X="67229" Y="69647" Z="0"/>
					<Vertex X="67169" Y="69528" Z="0"/>
					<Vertex X="67110" Y="69409" Z="0"/>
					<Vertex X="67070" Y="69349" Z="0"/>
					<Vertex X="67031" Y="69230" Z="0"/>
					<Vertex X="67011" Y="69151" Z="0"/>
					<Vertex X="66971" Y="69012" Z="0"/>
					<Vertex X="66951" Y="68933" Z="0"/>
					<Vertex X="66912" Y="68814" Z="0"/>
					<Vertex X="66892" Y="68735" Z="0"/>
					<Vertex X="66812" Y="68616" Z="0"/>
					<Vertex X="66773" Y="68477" Z="0"/>
					<Vertex X="66694" Y="68358" Z="0"/>
					<Vertex X="66634" Y="68180" Z="0"/>
					<Vertex X="66575" Y="68100" Z="0"/>
					<Vertex X="66495" Y="67962" Z="0"/>
					<Vertex X="66436" Y="67763" Z="0"/>
					<Vertex X="66376" Y="67585" Z="0"/>
					<Vertex X="66337" Y="67506" Z="0"/>
					<Vertex X="66277" Y="67367" Z="0"/>
					<Vertex X="66218" Y="67208" Z="0"/>
					<Vertex X="66178" Y="67129" Z="0"/>
					<Vertex X="66119" Y="66990" Z="0"/>
					<Vertex X="66059" Y="66911" Z="0"/>
					<Vertex X="66039" Y="66851" Z="0"/>
					<Vertex X="65960" Y="66792" Z="0"/>
					<Vertex X="65960" Y="66732" Z="0"/>
					<Vertex X="65940" Y="66693" Z="0"/>
					<Vertex X="65881" Y="66673" Z="0"/>
					<Vertex X="65881" Y="66653" Z="0"/>
					<Vertex X="65841" Y="66574" Z="0"/>
					<Vertex X="65821" Y="66554" Z="0"/>
					<Vertex X="65801" Y="66494" Z="0"/>
					<Vertex X="65801" Y="66435" Z="0"/>
					<Vertex X="65742" Y="66336" Z="0"/>
					<Vertex X="65702" Y="66257" Z="0"/>
					<Vertex X="65682" Y="66157" Z="0"/>
					<Vertex X="65643" Y="66078" Z="0"/>
					<Vertex X="65623" Y="65959" Z="0"/>
					<Vertex X="65583" Y="65801" Z="0"/>
					<Vertex X="65583" Y="65682" Z="0"/>
					<Vertex X="65563" Y="65543" Z="0"/>
					<Vertex X="65563" Y="65464" Z="0"/>
					<Vertex X="65524" Y="65305" Z="0"/>
					<Vertex X="65524" Y="65206" Z="0"/>
					<Vertex X="65504" Y="65027" Z="0"/>
					<Vertex X="65504" Y="64889" Z="0"/>
					<Vertex X="65464" Y="64710" Z="0"/>
					<Vertex X="65464" Y="64571" Z="0"/>
					<Vertex X="65425" Y="64433" Z="0"/>
					<Vertex X="65464" Y="64254" Z="0"/>
					<Vertex X="65464" Y="64135" Z="0"/>
					<Vertex X="65504" Y="63977" Z="0"/>
					<Vertex X="65524" Y="63818" Z="0"/>
					<Vertex X="65524" Y="63640" Z="0"/>
					<Vertex X="65563" Y="63481" Z="0"/>
					<Vertex X="65563" Y="63362" Z="0"/>
					<Vertex X="65563" Y="63223" Z="0"/>
					<Vertex X="65563" Y="63104" Z="0"/>
					<Vertex X="65583" Y="63005" Z="0"/>
					<Vertex X="65623" Y="62906" Z="0"/>
					<Vertex X="65643" Y="62807" Z="0"/>
					<Vertex X="65702" Y="62648" Z="0"/>
					<Vertex X="65742" Y="62609" Z="0"/>
					<Vertex X="65801" Y="62490" Z="0"/>
					<Vertex X="65821" Y="62391" Z="0"/>
					<Vertex X="65841" Y="62331" Z="0"/>
					<Vertex X="65881" Y="62252" Z="0"/>
					<Vertex X="65881" Y="62192" Z="0"/>
					<Vertex X="65940" Y="62093" Z="0"/>
					<Vertex X="66000" Y="61974" Z="0"/>
					<Vertex X="66039" Y="61855" Z="0"/>
					<Vertex X="66039" Y="61756" Z="0"/>
					<Vertex X="66059" Y="61637" Z="0"/>
					<Vertex X="66099" Y="61518" Z="0"/>
					<Vertex X="66099" Y="61419" Z="0"/>
					<Vertex X="66119" Y="61261" Z="0"/>
					<Vertex X="66119" Y="61142" Z="0"/>
					<Vertex X="66119" Y="60963" Z="0"/>
					<Vertex X="66079" Y="60844" Z="0"/>
					<Vertex X="66059" Y="60666" Z="0"/>
					<Vertex X="66019" Y="60448" Z="0"/>
					<Vertex X="66000" Y="60329" Z="0"/>
					<Vertex X="65940" Y="60150" Z="0"/>
					<Vertex X="65881" Y="59972" Z="0"/>
					<Vertex X="65821" Y="59853" Z="0"/>
					<Vertex X="65762" Y="59674" Z="0"/>
					<Vertex X="65702" Y="59595" Z="0"/>
					<Vertex X="65643" Y="59417" Z="0"/>
					<Vertex X="65583" Y="59258" Z="0"/>
					<Vertex X="65524" Y="59080" Z="0"/>
					<Vertex X="65484" Y="58961" Z="0"/>
					<Vertex X="65484" Y="58782" Z="0"/>
					<Vertex X="65464" Y="58604" Z="0"/>
					<Vertex X="65464" Y="58465" Z="0"/>
					<Vertex X="65425" Y="58287" Z="0"/>
					<Vertex X="65425" Y="58168" Z="0"/>
					<Vertex X="65405" Y="57950" Z="0"/>
					<Vertex X="65365" Y="57771" Z="0"/>
					<Vertex X="65365" Y="57652" Z="0"/>
					<Vertex X="65365" Y="57474" Z="0"/>
					<Vertex X="65365" Y="57335" Z="0"/>
					<Vertex X="65405" Y="57176" Z="0"/>
					<Vertex X="65425" Y="57117" Z="0"/>
					<Vertex X="65484" Y="56998" Z="0"/>
					<Vertex X="65524" Y="56939" Z="0"/>
					<Vertex X="65603" Y="56879" Z="0"/>
					<Vertex X="65702" Y="56820" Z="0"/>
					<Vertex X="65762" Y="56760" Z="0"/>
					<Vertex X="65881" Y="56701" Z="0"/>
					<Vertex X="65960" Y="56701" Z="0"/>
					<Vertex X="66059" Y="56641" Z="0"/>
					<Vertex X="66138" Y="56621" Z="0"/>
					<Vertex X="66238" Y="56621" Z="0"/>
					<Vertex X="66317" Y="56562" Z="0"/>
					<Vertex X="66436" Y="56522" Z="0"/>
					<Vertex X="66475" Y="56522" Z="0"/>
					<Vertex X="66555" Y="56463" Z="0"/>
					<Vertex X="66614" Y="56443" Z="0"/>
					<Vertex X="66733" Y="56383" Z="0"/>
					<Vertex X="66832" Y="56284" Z="0"/>
					<Vertex X="66892" Y="56264" Z="0"/>
					<Vertex X="66912" Y="56165" Z="0"/>
					<Vertex X="66951" Y="56106" Z="0"/>
					<Vertex X="66971" Y="56046" Z="0"/>
					<Vertex X="67011" Y="55987" Z="0"/>
					<Vertex X="67011" Y="55908" Z="0"/>
					<Vertex X="67011" Y="55848" Z="0"/>
					<Vertex X="67011" Y="55749" Z="0"/>
					<Vertex X="67011" Y="55690" Z="0"/>
					<Vertex X="67011" Y="55610" Z="0"/>
					<Vertex X="67011" Y="55491" Z="0"/>
					<Vertex X="67011" Y="55392" Z="0"/>
					<Vertex X="67011" Y="55333" Z="0"/>
					<Vertex X="66971" Y="55253" Z="0"/>
					<Vertex X="66951" Y="55194" Z="0"/>
					<Vertex X="66912" Y="55134" Z="0"/>
					<Vertex X="66912" Y="55035" Z="0"/>
					<Vertex X="66892" Y="55015" Z="0"/>
					<Vertex X="66892" Y="54956" Z="0"/>
					<Vertex X="66852" Y="54956" Z="0"/>
					<Vertex X="66812" Y="54956" Z="0"/>
					<Vertex X="66923" Y="54911" Z="0"/>
					<Vertex X="66870" Y="54751" Z="0"/>
					<Vertex X="66764" Y="54592" Z="0"/>
					<Vertex X="66711" Y="54485" Z="0"/>
					<Vertex X="66605" Y="54220" Z="0"/>
					<Vertex X="66498" Y="54060" Z="0"/>
					<Vertex X="66445" Y="53901" Z="0"/>
					<Vertex X="66392" Y="53741" Z="0"/>
					<Vertex X="66232" Y="53528" Z="0"/>
					<Vertex X="66126" Y="53316" Z="0"/>
					<Vertex X="65967" Y="53210" Z="0"/>
					<Vertex X="65807" Y="52997" Z="0"/>
					<Vertex X="65701" Y="52837" Z="0"/>
					<Vertex X="65541" Y="52625" Z="0"/>
					<Vertex X="65435" Y="52519" Z="0"/>
					<Vertex X="65276" Y="52200" Z="0"/>
					<Vertex X="65169" Y="52146" Z="0"/>
					<Vertex X="65010" Y="51987" Z="0"/>
					<Vertex X="65010" Y="51827" Z="0"/>
					<Vertex X="64968" Y="51904" Z="0"/>
					<Vertex X="64988" Y="51904" Z="0"/>
					<Vertex X="64988" Y="51884" Z="0"/>
					<Vertex X="64988" Y="51824" Z="0"/>
					<Vertex X="64968" Y="51785" Z="0"/>
					<Vertex X="64968" Y="51725" Z="0"/>
					<Vertex X="64949" Y="51705" Z="0"/>
					<Vertex X="64909" Y="51646" Z="0"/>
					<Vertex X="64889" Y="51606" Z="0"/>
					<Vertex X="64849" Y="51547" Z="0"/>
					<Vertex X="64830" Y="51487" Z="0"/>
					<Vertex X="64770" Y="51408" Z="0"/>
					<Vertex X="64711" Y="51309" Z="0"/>
					<Vertex X="64651" Y="51249" Z="0"/>
					<Vertex X="64572" Y="51170" Z="0"/>
					<Vertex X="64512" Y="51111" Z="0"/>
					<Vertex X="64413" Y="51011" Z="0"/>
					<Vertex X="64314" Y="50932" Z="0"/>
					<Vertex X="64175" Y="50813" Z="0"/>
					<Vertex X="64076" Y="50714" Z="0"/>
					<Vertex X="63957" Y="50635" Z="0"/>
					<Vertex X="63838" Y="50555" Z="0"/>
					<Vertex X="63640" Y="50417" Z="0"/>
					<Vertex X="63442" Y="50337" Z="0"/>
					<Vertex X="63303" Y="50278" Z="0"/>
					<Vertex X="63144" Y="50179" Z="0"/>
					<Vertex X="63006" Y="50119" Z="0"/>
					<Vertex X="62827" Y="50060" Z="0"/>
					<Vertex X="62649" Y="50000" Z="0"/>
					<Vertex X="62530" Y="49981" Z="0"/>
					<Vertex X="62431" Y="49921" Z="0"/>
					<Vertex X="62351" Y="49862" Z="0"/>
					<Vertex X="62292" Y="49822" Z="0"/>
					<Vertex X="62133" Y="49564" Z="0"/>
					<Vertex X="62014" Y="48256" Z="0"/>
					<Vertex X="61927" Y="48319" Z="0"/>
					<Vertex X="61767" Y="48213" Z="0"/>
					<Vertex X="61608" Y="48053" Z="0"/>
					<Vertex X="61502" Y="47894" Z="0"/>
					<Vertex X="61395" Y="47788" Z="0"/>
					<Vertex X="61236" Y="47575" Z="0"/>
					<Vertex X="61183" Y="47416" Z="0"/>
					<Vertex X="61023" Y="47256" Z="0"/>
					<Vertex X="61023" Y="47097" Z="0"/>
					<Vertex X="60864" Y="46937" Z="0"/>
					<Vertex X="60757" Y="46831" Z="0"/>
					<Vertex X="60704" Y="46724" Z="0"/>
					<Vertex X="60545" Y="46565" Z="0"/>
					<Vertex X="60492" Y="46459" Z="0"/>
					<Vertex X="60332" Y="46299" Z="0"/>
					<Vertex X="60226" Y="46246" Z="0"/>
					<Vertex X="60173" Y="46140" Z="0"/>
					<Vertex X="59960" Y="46033" Z="0"/>
					<Vertex X="59907" Y="46033" Z="0"/>
					<Vertex X="59801" Y="45927" Z="0"/>
					<Vertex X="59747" Y="45821" Z="0"/>
					<Vertex X="59641" Y="45661" Z="0"/>
					<Vertex X="59641" Y="45608" Z="0"/>
					<Vertex X="59588" Y="45502" Z="0"/>
					<Vertex X="59588" Y="45449" Z="0"/>
					<Vertex X="59641" Y="45396" Z="0"/>
					<Vertex X="59641" Y="45289" Z="0"/>
					<Vertex X="59641" Y="45236" Z="0"/>
					<Vertex X="59747" Y="45130" Z="0"/>
					<Vertex X="59747" Y="45023" Z="0"/>
					<Vertex X="59747" Y="44970" Z="0"/>
					<Vertex X="59641" Y="44864" Z="0"/>
					<Vertex X="59641" Y="44811" Z="0"/>
					<Vertex X="59641" Y="44651" Z="0"/>
					<Vertex X="59588" Y="44545" Z="0"/>
					<Vertex X="59588" Y="44439" Z="0"/>
					<Vertex X="59535" Y="44226" Z="0"/>
					<Vertex X="59428" Y="44173" Z="0"/>
					<Vertex X="59322" Y="44067" Z="0"/>
					<Vertex X="59269" Y="43907" Z="0"/>
					<Vertex X="59216" Y="43854" Z="0"/>
					<Vertex X="59110" Y="43695" Z="0"/>
					<Vertex X="59056" Y="43641" Z="0"/>
					<Vertex X="58897" Y="43535" Z="0"/>
					<Vertex X="58791" Y="43429" Z="0"/>
					<Vertex X="58631" Y="43376" Z="0"/>
					<Vertex X="58525" Y="43376" Z="0"/>
					<Vertex X="58472" Y="43269" Z="0"/>
					<Vertex X="58365" Y="43216" Z="0"/>
					<Vertex X="58312" Y="43216" Z="0"/>
					<Vertex X="58206" Y="43110" Z="0"/>
					<Vertex X="58153" Y="43057" Z="0"/>
					<Vertex X="58100" Y="43057" Z="0"/>
					<Vertex X="57993" Y="42950" Z="0"/>
					<Vertex X="57887" Y="42950" Z="0"/>
					<Vertex X="57781" Y="42950" Z="0"/>
					<Vertex X="57674" Y="42950" Z="0"/>
					<Vertex X="57621" Y="42950" Z="0"/>
					<Vertex X="57515" Y="42950" Z="0"/>
					<Vertex X="57462" Y="42950" Z="0"/>
					<Vertex X="57302" Y="42950" Z="0"/>
					<Vertex X="57090" Y="42950" Z="0"/>
					<Vertex X="56771" Y="42950" Z="0"/>
					<Vertex X="56558" Y="42950" Z="0"/>
					<Vertex X="56399" Y="43057" Z="0"/>
					<Vertex X="56345" Y="43057" Z="0"/>
					<Vertex X="56186" Y="43057" Z="0"/>
					<Vertex X="56080" Y="43057" Z="0"/>
					<Vertex X="55920" Y="43057" Z="0"/>
					<Vertex X="55947" Y="43180" Z="0"/>
					<Vertex X="55927" Y="43199" Z="0"/>
					<Vertex X="55868" Y="43199" Z="0"/>
					<Vertex X="55789" Y="43199" Z="0"/>
					<Vertex X="55689" Y="43219" Z="0"/>
					<Vertex X="55551" Y="43259" Z="0"/>
					<Vertex X="55471" Y="43299" Z="0"/>
					<Vertex X="55352" Y="43318" Z="0"/>
					<Vertex X="55253" Y="43378" Z="0"/>
					<Vertex X="55134" Y="43437" Z="0"/>
					<Vertex X="55055" Y="43497" Z="0"/>
					<Vertex X="54916" Y="43576" Z="0"/>
					<Vertex X="54758" Y="43636" Z="0"/>
					<Vertex X="54659" Y="43735" Z="0"/>
					<Vertex X="54480" Y="43794" Z="0"/>
					<Vertex X="54341" Y="43854" Z="0"/>
					<Vertex X="54222" Y="43913" Z="0"/>
					<Vertex X="54044" Y="44032" Z="0"/>
					<Vertex X="53925" Y="44111" Z="0"/>
					<Vertex X="53846" Y="44191" Z="0"/>
					<Vertex X="53687" Y="44310" Z="0"/>
					<Vertex X="53568" Y="44369" Z="0"/>
					<Vertex X="53410" Y="44468" Z="0"/>
					<Vertex X="53310" Y="44607" Z="0"/>
					<Vertex X="53191" Y="44647" Z="0"/>
					<Vertex X="53033" Y="44746" Z="0"/>
					<Vertex X="52954" Y="44825" Z="0"/>
					<Vertex X="52795" Y="44924" Z="0"/>
					<Vertex X="52656" Y="45043" Z="0"/>
					<Vertex X="52557" Y="45103" Z="0"/>
					<Vertex X="52418" Y="45123" Z="0"/>
					<Vertex X="52339" Y="45123" Z="0"/>
					<Vertex X="52299" Y="45083" Z="0"/>
					<Vertex X="52240" Y="45004" Z="0"/>
					<Vertex X="52200" Y="44964" Z="0"/>
					<Vertex X="52200" Y="44865" Z="0"/>
					<Vertex X="52240" Y="44805" Z="0"/>
					<Vertex X="52299" Y="44686" Z="0"/>
					<Vertex X="52379" Y="44528" Z="0"/>
					<Vertex X="52498" Y="44409" Z="0"/>
					<Vertex X="52656" Y="44211" Z="0"/>
					<Vertex X="52735" Y="44092" Z="0"/>
					<Vertex X="52874" Y="43854" Z="0"/>
					<Vertex X="53033" Y="43636" Z="0"/>
					<Vertex X="53112" Y="43497" Z="0"/>
					<Vertex X="53251" Y="43299" Z="0"/>
					<Vertex X="53330" Y="43081" Z="0"/>
					<Vertex X="53390" Y="42843" Z="0"/>
					<Vertex X="53449" Y="42684" Z="0"/>
					<Vertex X="53509" Y="42486" Z="0"/>
					<Vertex X="53568" Y="42268" Z="0"/>
					<Vertex X="53588" Y="42069" Z="0"/>
					<Vertex X="53588" Y="41950" Z="0"/>
					<Vertex X="53568" Y="41732" Z="0"/>
					<Vertex X="53528" Y="41613" Z="0"/>
					<Vertex X="53509" Y="41435" Z="0"/>
					<Vertex X="53449" Y="41257" Z="0"/>
					<Vertex X="53390" Y="41177" Z="0"/>
					<Vertex X="53330" Y="41019" Z="0"/>
					<Vertex X="53251" Y="40920" Z="0"/>
					<Vertex X="53191" Y="40820" Z="0"/>
					<Vertex X="53092" Y="40701" Z="0"/>
					<Vertex X="53033" Y="40642" Z="0"/>
					<Vertex X="52954" Y="40523" Z="0"/>
					<Vertex X="52854" Y="40424" Z="0"/>
					<Vertex X="52835" Y="40345" Z="0"/>
					<Vertex X="52735" Y="40285" Z="0"/>
					<Vertex X="52716" Y="40226" Z="0"/>
					<Vertex X="52617" Y="40166" Z="0"/>
					<Vertex X="52557" Y="40127" Z="0"/>
					<Vertex X="52458" Y="40107" Z="0"/>
					<Vertex X="52418" Y="40067" Z="0"/>
					<Vertex X="52319" Y="40047" Z="0"/>
					<Vertex X="52240" Y="40027" Z="0"/>
					<Vertex X="52180" Y="40027" Z="0"/>
					<Vertex X="52042" Y="40027" Z="0"/>
					<Vertex X="51923" Y="40027" Z="0"/>
					<Vertex X="51883" Y="40027" Z="0"/>
					<Vertex X="51784" Y="40027" Z="0"/>
					<Vertex X="51645" Y="40047" Z="0"/>
					<Vertex X="51586" Y="40067" Z="0"/>
					<Vertex X="51447" Y="40107" Z="0"/>
					<Vertex X="51348" Y="40127" Z="0"/>
					<Vertex X="51288" Y="40127" Z="0"/>
					<Vertex X="51130" Y="40166" Z="0"/>
					<Vertex X="51050" Y="40186" Z="0"/>
					<Vertex X="50951" Y="40226" Z="0"/>
					<Vertex X="50832" Y="40245" Z="0"/>
					<Vertex X="50713" Y="40325" Z="0"/>
					<Vertex X="50654" Y="40364" Z="0"/>
					<Vertex X="50535" Y="40424" Z="0"/>
					<Vertex X="50515" Y="40483" Z="0"/>
					<Vertex X="50416" Y="40622" Z="0"/>
					<Vertex X="50356" Y="40721" Z="0"/>
					<Vertex X="50297" Y="40820" Z="0"/>
					<Vertex X="50277" Y="40979" Z="0"/>
					<Vertex X="50237" Y="41058" Z="0"/>
					<Vertex X="50178" Y="41217" Z="0"/>
					<Vertex X="50178" Y="41316" Z="0"/>
					<Vertex X="50158" Y="41475" Z="0"/>
					<Vertex X="50158" Y="41554" Z="0"/>
					<Vertex X="50158" Y="41713" Z="0"/>
					<Vertex X="50178" Y="41871" Z="0"/>
					<Vertex X="50178" Y="42010" Z="0"/>
					<Vertex X="50178" Y="42129" Z="0"/>
					<Vertex X="50178" Y="42268" Z="0"/>
					<Vertex X="50178" Y="42367" Z="0"/>
					<Vertex X="50218" Y="42545" Z="0"/>
					<Vertex X="50218" Y="42664" Z="0"/>
					<Vertex X="50237" Y="42843" Z="0"/>
					<Vertex X="50237" Y="43001" Z="0"/>
					<Vertex X="50297" Y="43180" Z="0"/>
					<Vertex X="50297" Y="43299" Z="0"/>
					<Vertex X="50317" Y="43437" Z="0"/>
					<Vertex X="50356" Y="43517" Z="0"/>
					<Vertex X="50376" Y="43675" Z="0"/>
					<Vertex X="50376" Y="43794" Z="0"/>
					<Vertex X="50436" Y="43973" Z="0"/>
					<Vertex X="50436" Y="44072" Z="0"/>
					<Vertex X="50515" Y="44230" Z="0"/>
					<Vertex X="50535" Y="44409" Z="0"/>
					<Vertex X="50574" Y="44567" Z="0"/>
					<Vertex X="50594" Y="44647" Z="0"/>
					<Vertex X="50654" Y="44805" Z="0"/>
					<Vertex X="50693" Y="44924" Z="0"/>
					<Vertex X="50713" Y="45083" Z="0"/>
					<Vertex X="50713" Y="45162" Z="0"/>
					<Vertex X="50713" Y="45301" Z="0"/>
					<Vertex X="50713" Y="45400" Z="0"/>
					<Vertex X="50713" Y="45499" Z="0"/>
					<Vertex X="50693" Y="45598" Z="0"/>
					<Vertex X="50654" Y="45658" Z="0"/>
					<Vertex X="50574" Y="45797" Z="0"/>
					<Vertex X="50436" Y="45896" Z="0"/>
					<Vertex X="50376" Y="45955" Z="0"/>
					<Vertex X="50297" Y="46054" Z="0"/>
					<Vertex X="50237" Y="46134" Z="0"/>
					<Vertex X="50178" Y="46233" Z="0"/>
					<Vertex X="50158" Y="46312" Z="0"/>
					<Vertex X="50118" Y="46391" Z="0"/>
					<Vertex X="50099" Y="46471" Z="0"/>
					<Vertex X="50059" Y="46550" Z="0"/>
					<Vertex X="50039" Y="46709" Z="0"/>
					<Vertex X="49980" Y="46847" Z="0"/>
					<Vertex X="49900" Y="46986" Z="0"/>
					<Vertex X="49821" Y="47125" Z="0"/>
					<Vertex X="49742" Y="47244" Z="0"/>
					<Vertex X="49623" Y="47422" Z="0"/>
					<Vertex X="49504" Y="47502" Z="0"/>
					<Vertex X="49365" Y="47621" Z="0"/>
					<Vertex X="49226" Y="47740" Z="0"/>
					<Vertex X="49147" Y="47799" Z="0"/>
					<Vertex X="49048" Y="47839" Z="0"/>
					<Vertex X="48969" Y="47839" Z="0"/>
					<Vertex X="48929" Y="47839" Z="0"/>
					<Vertex X="48869" Y="47779" Z="0"/>
					<Vertex X="48830" Y="47720" Z="0"/>
					<Vertex X="48830" Y="47581" Z="0"/>
					<Vertex X="48869" Y="47482" Z="0"/>
					<Vertex X="48909" Y="47284" Z="0"/>
					<Vertex X="48909" Y="47125" Z="0"/>
					<Vertex X="48969" Y="46907" Z="0"/>
					<Vertex X="48969" Y="46689" Z="0"/>
					<Vertex X="48988" Y="46530" Z="0"/>
					<Vertex X="48988" Y="46312" Z="0"/>
					<Vertex X="48988" Y="46114" Z="0"/>
					<Vertex X="48988" Y="45955" Z="0"/>
					<Vertex X="48969" Y="45757" Z="0"/>
					<Vertex X="48869" Y="45559" Z="0"/>
					<Vertex X="48751" Y="45123" Z="0"/>
					<Vertex X="48076" Y="43973" Z="0"/>
					<Vertex X="48053" Y="43907" Z="0"/>
					<Vertex X="47894" Y="43748" Z="0"/>
					<Vertex X="47787" Y="43695" Z="0"/>
					<Vertex X="47628" Y="43535" Z="0"/>
					<Vertex X="47468" Y="43429" Z="0"/>
					<Vertex X="47309" Y="43376" Z="0"/>
					<Vertex X="47149" Y="43269" Z="0"/>
					<Vertex X="46907" Y="43219" Z="0"/>
					<Vertex X="45420" Y="42724" Z="0"/>
					<Vertex X="45202" Y="42426" Z="0"/>
					<Vertex X="45122" Y="42248" Z="0"/>
					<Vertex X="45063" Y="42069" Z="0"/>
					<Vertex X="45004" Y="41891" Z="0"/>
					<Vertex X="45004" Y="41772" Z="0"/>
					<Vertex X="44904" Y="41613" Z="0"/>
					<Vertex X="44845" Y="41475" Z="0"/>
					<Vertex X="44825" Y="41356" Z="0"/>
					<Vertex X="44785" Y="41296" Z="0"/>
					<Vertex X="44785" Y="41217" Z="0"/>
					<Vertex X="44785" Y="41078" Z="0"/>
					<Vertex X="44785" Y="41019" Z="0"/>
					<Vertex X="44845" Y="40939" Z="0"/>
					<Vertex X="44944" Y="40820" Z="0"/>
					<Vertex X="45063" Y="40701" Z="0"/>
					<Vertex X="45122" Y="40622" Z="0"/>
					<Vertex X="45202" Y="40464" Z="0"/>
					<Vertex X="45261" Y="40345" Z="0"/>
					<Vertex X="45360" Y="40186" Z="0"/>
					<Vertex X="45420" Y="40127" Z="0"/>
					<Vertex X="45479" Y="40027" Z="0"/>
					<Vertex X="45499" Y="39889" Z="0"/>
					<Vertex X="45539" Y="39809" Z="0"/>
					<Vertex X="45559" Y="39651" Z="0"/>
					<Vertex X="45598" Y="39571" Z="0"/>
					<Vertex X="45618" Y="39413" Z="0"/>
					<Vertex X="45618" Y="39234" Z="0"/>
					<Vertex X="45618" Y="39056" Z="0"/>
					<Vertex X="45598" Y="38917" Z="0"/>
					<Vertex X="45559" Y="38798" Z="0"/>
					<Vertex X="45499" Y="38640" Z="0"/>
					<Vertex X="45420" Y="38600" Z="0"/>
					<Vertex X="45301" Y="38461" Z="0"/>
					<Vertex X="45202" Y="38362" Z="0"/>
					<Vertex X="45083" Y="38263" Z="0"/>
					<Vertex X="45004" Y="38164" Z="0"/>
					<Vertex X="44845" Y="38084" Z="0"/>
					<Vertex X="44706" Y="37966" Z="0"/>
					<Vertex X="44587" Y="37906" Z="0"/>
					<Vertex X="44429" Y="37807" Z="0"/>
					<Vertex X="44250" Y="37747" Z="0"/>
					<Vertex X="44131" Y="37688" Z="0"/>
					<Vertex X="43953" Y="37628" Z="0"/>
					<Vertex X="43834" Y="37569" Z="0"/>
					<Vertex X="43655" Y="37510" Z="0"/>
					<Vertex X="43477" Y="37450" Z="0"/>
					<Vertex X="43338" Y="37371" Z="0"/>
					<Vertex X="43239" Y="37331" Z="0"/>
					<Vertex X="43061" Y="37272" Z="0"/>
					<Vertex X="42922" Y="37252" Z="0"/>
					<Vertex X="42743" Y="37192" Z="0"/>
					<Vertex X="42624" Y="37153" Z="0"/>
					<Vertex X="42525" Y="37153" Z="0"/>
					<Vertex X="42387" Y="37133" Z="0"/>
					<Vertex X="42208" Y="37093" Z="0"/>
					<Vertex X="42109" Y="37093" Z="0"/>
					<Vertex X="41931" Y="37093" Z="0"/>
					<Vertex X="41752" Y="37093" Z="0"/>
					<Vertex X="41633" Y="37093" Z="0"/>
					<Vertex X="41455" Y="37093" Z="0"/>
					<Vertex X="41276" Y="37133" Z="0"/>
					<Vertex X="41138" Y="37153" Z="0"/>
					<Vertex X="41038" Y="37192" Z="0"/>
					<Vertex X="40900" Y="37272" Z="0"/>
					<Vertex X="40781" Y="37391" Z="0"/>
					<Vertex X="40721" Y="37490" Z="0"/>
					<Vertex X="40682" Y="37628" Z="0"/>
					<Vertex X="40682" Y="37787" Z="0"/>
					<Vertex X="40682" Y="37926" Z="0"/>
					<Vertex X="40682" Y="38025" Z="0"/>
					<Vertex X="40682" Y="38164" Z="0"/>
					<Vertex X="40682" Y="38283" Z="0"/>
					<Vertex X="40721" Y="38382" Z="0"/>
					<Vertex X="40741" Y="38501" Z="0"/>
					<Vertex X="40800" Y="38640" Z="0"/>
					<Vertex X="40860" Y="38759" Z="0"/>
					<Vertex X="40919" Y="38937" Z="0"/>
					<Vertex X="40979" Y="39096" Z="0"/>
					<Vertex X="41038" Y="39274" Z="0"/>
					<Vertex X="41078" Y="39393" Z="0"/>
					<Vertex X="41098" Y="39532" Z="0"/>
					<Vertex X="41098" Y="39690" Z="0"/>
					<Vertex X="41098" Y="39770" Z="0"/>
					<Vertex X="41078" Y="39928" Z="0"/>
					<Vertex X="41038" Y="40047" Z="0"/>
					<Vertex X="40979" Y="40226" Z="0"/>
					<Vertex X="40919" Y="40384" Z="0"/>
					<Vertex X="40900" Y="40523" Z="0"/>
					<Vertex X="40840" Y="40701" Z="0"/>
					<Vertex X="40800" Y="40781" Z="0"/>
					<Vertex X="40741" Y="40900" Z="0"/>
					<Vertex X="40682" Y="41019" Z="0"/>
					<Vertex X="40622" Y="41177" Z="0"/>
					<Vertex X="40563" Y="41257" Z="0"/>
					<Vertex X="40483" Y="41415" Z="0"/>
					<Vertex X="40364" Y="41554" Z="0"/>
					<Vertex X="40305" Y="41653" Z="0"/>
					<Vertex X="40186" Y="41772" Z="0"/>
					<Vertex X="40067" Y="41911" Z="0"/>
					<Vertex X="39968" Y="42010" Z="0"/>
					<Vertex X="39829" Y="42129" Z="0"/>
					<Vertex X="39651" Y="42248" Z="0"/>
					<Vertex X="39532" Y="42307" Z="0"/>
					<Vertex X="39413" Y="42387" Z="0"/>
					<Vertex X="39254" Y="42446" Z="0"/>
					<Vertex X="39115" Y="42486" Z="0"/>
					<Vertex X="38957" Y="42525" Z="0"/>
					<Vertex X="38818" Y="42525" Z="0"/>
					<Vertex X="38719" Y="42486" Z="0"/>
					<Vertex X="38540" Y="42446" Z="0"/>
					<Vertex X="38362" Y="42387" Z="0"/>
					<Vertex X="38223" Y="42327" Z="0"/>
					<Vertex X="38045" Y="42268" Z="0"/>
					<Vertex X="37866" Y="42208" Z="0"/>
					<Vertex X="37648" Y="42149" Z="0"/>
					<Vertex X="37569" Y="42089" Z="0"/>
					<Vertex X="37391" Y="41970" Z="0"/>
					<Vertex X="37212" Y="41891" Z="0"/>
					<Vertex X="37113" Y="41832" Z="0"/>
					<Vertex X="36974" Y="41732" Z="0"/>
					<Vertex X="36855" Y="41613" Z="0"/>
					<Vertex X="36736" Y="41534" Z="0"/>
					<Vertex X="36677" Y="41435" Z="0"/>
					<Vertex X="36578" Y="41316" Z="0"/>
					<Vertex X="36498" Y="41197" Z="0"/>
					<Vertex X="36399" Y="41078" Z="0"/>
					<Vertex X="36399" Y="40999" Z="0"/>
					<Vertex X="36340" Y="40900" Z="0"/>
					<Vertex X="36320" Y="40761" Z="0"/>
					<Vertex X="36260" Y="40642" Z="0"/>
					<Vertex X="36260" Y="40543" Z="0"/>
					<Vertex X="36221" Y="40424" Z="0"/>
					<Vertex X="36221" Y="40305" Z="0"/>
					<Vertex X="36221" Y="40226" Z="0"/>
					<Vertex X="36221" Y="40067" Z="0"/>
					<Vertex X="36221" Y="39928" Z="0"/>
					<Vertex X="36260" Y="39829" Z="0"/>
					<Vertex X="36280" Y="39710" Z="0"/>
					<Vertex X="36379" Y="39591" Z="0"/>
					<Vertex X="36459" Y="39492" Z="0"/>
					<Vertex X="36518" Y="39413" Z="0"/>
					<Vertex X="36637" Y="39333" Z="0"/>
					<Vertex X="36756" Y="39234" Z="0"/>
					<Vertex X="36875" Y="39155" Z="0"/>
					<Vertex X="36974" Y="39056" Z="0"/>
					<Vertex X="37034" Y="38996" Z="0"/>
					<Vertex X="37113" Y="38917" Z="0"/>
					<Vertex X="37172" Y="38798" Z="0"/>
					<Vertex X="37272" Y="38699" Z="0"/>
					<Vertex X="37331" Y="38600" Z="0"/>
					<Vertex X="37351" Y="38501" Z="0"/>
					<Vertex X="37391" Y="38441" Z="0"/>
					<Vertex X="37410" Y="38362" Z="0"/>
					<Vertex X="37410" Y="38263" Z="0"/>
					<Vertex X="37391" Y="38203" Z="0"/>
					<Vertex X="37391" Y="38164" Z="0"/>
					<Vertex X="37331" Y="38084" Z="0"/>
					<Vertex X="37291" Y="38025" Z="0"/>
					<Vertex X="37232" Y="37966" Z="0"/>
					<Vertex X="37153" Y="37906" Z="0"/>
					<Vertex X="37053" Y="37847" Z="0"/>
					<Vertex X="36935" Y="37807" Z="0"/>
					<Vertex X="36855" Y="37787" Z="0"/>
					<Vertex X="36756" Y="37747" Z="0"/>
					<Vertex X="36677" Y="37728" Z="0"/>
					<Vertex X="36558" Y="37728" Z="0"/>
					<Vertex X="36439" Y="37728" Z="0"/>
					<Vertex X="36320" Y="37747" Z="0"/>
					<Vertex X="36221" Y="37787" Z="0"/>
					<Vertex X="36141" Y="37807" Z="0"/>
					<Vertex X="36023" Y="37866" Z="0"/>
					<Vertex X="35904" Y="37926" Z="0"/>
					<Vertex X="35745" Y="38025" Z="0"/>
					<Vertex X="35626" Y="38104" Z="0"/>
					<Vertex X="35487" Y="38223" Z="0"/>
					<Vertex X="35329" Y="38322" Z="0"/>
					<Vertex X="35190" Y="38441" Z="0"/>
					<Vertex X="35031" Y="38560" Z="0"/>
					<Vertex X="34972" Y="38640" Z="0"/>
					<Vertex X="34853" Y="38739" Z="0"/>
					<Vertex X="34734" Y="38818" Z="0"/>
					<Vertex X="34615" Y="38917" Z="0"/>
					<Vertex X="34555" Y="38937" Z="0"/>
					<Vertex X="34476" Y="38937" Z="0"/>
					<Vertex X="34377" Y="38937" Z="0"/>
					<Vertex X="34318" Y="38937" Z="0"/>
					<Vertex X="34238" Y="38917" Z="0"/>
					<Vertex X="34139" Y="38877" Z="0"/>
					<Vertex X="34060" Y="38798" Z="0"/>
					<Vertex X="34000" Y="38739" Z="0"/>
					<Vertex X="33941" Y="38600" Z="0"/>
					<Vertex X="33901" Y="38461" Z="0"/>
					<Vertex X="33901" Y="38322" Z="0"/>
					<Vertex X="33941" Y="38144" Z="0"/>
					<Vertex X="34000" Y="37985" Z="0"/>
					<Vertex X="34080" Y="37866" Z="0"/>
					<Vertex X="34139" Y="37787" Z="0"/>
					<Vertex X="34199" Y="37747" Z="0"/>
					<Vertex X="34258" Y="37668" Z="0"/>
					<Vertex X="34318" Y="37569" Z="0"/>
					<Vertex X="34357" Y="37510" Z="0"/>
					<Vertex X="34417" Y="37430" Z="0"/>
					<Vertex X="34436" Y="37371" Z="0"/>
					<Vertex X="34436" Y="37272" Z="0"/>
					<Vertex X="34417" Y="37192" Z="0"/>
					<Vertex X="34417" Y="37133" Z="0"/>
					<Vertex X="34357" Y="37073" Z="0"/>
					<Vertex X="34318" Y="37014" Z="0"/>
					<Vertex X="34258" Y="36954" Z="0"/>
					<Vertex X="34199" Y="36855" Z="0"/>
					<Vertex X="34119" Y="36796" Z="0"/>
					<Vertex X="34020" Y="36717" Z="0"/>
					<Vertex X="33961" Y="36677" Z="0"/>
					<Vertex X="33842" Y="36617" Z="0"/>
					<Vertex X="33762" Y="36598" Z="0"/>
					<Vertex X="33643" Y="36558" Z="0"/>
					<Vertex X="33485" Y="36538" Z="0"/>
					<Vertex X="33346" Y="36558" Z="0"/>
					<Vertex X="33187" Y="36617" Z="0"/>
					<Vertex X="33069" Y="36657" Z="0"/>
					<Vertex X="32890" Y="36736" Z="0"/>
					<Vertex X="32692" Y="36855" Z="0"/>
					<Vertex X="32513" Y="37014" Z="0"/>
					<Vertex X="32355" Y="37133" Z="0"/>
					<Vertex X="32236" Y="37212" Z="0"/>
					<Vertex X="32097" Y="37371" Z="0"/>
					<Vertex X="31938" Y="37510" Z="0"/>
					<Vertex X="31800" Y="37688" Z="0"/>
					<Vertex X="31641" Y="37866" Z="0"/>
					<Vertex X="31502" Y="38025" Z="0"/>
					<Vertex X="31383" Y="38164" Z="0"/>
					<Vertex X="31284" Y="38322" Z="0"/>
					<Vertex X="31165" Y="38441" Z="0"/>
					<Vertex X="31086" Y="38521" Z="0"/>
					<Vertex X="30967" Y="38600" Z="0"/>
					<Vertex X="30927" Y="38620" Z="0"/>
					<Vertex X="30848" Y="38600" Z="0"/>
					<Vertex X="30789" Y="38521" Z="0"/>
					<Vertex X="30729" Y="38441" Z="0"/>
					<Vertex X="30689" Y="38382" Z="0"/>
					<Vertex X="30670" Y="38263" Z="0"/>
					<Vertex X="30610" Y="38104" Z="0"/>
					<Vertex X="30571" Y="37985" Z="0"/>
					<Vertex X="30551" Y="37847" Z="0"/>
					<Vertex X="30491" Y="37728" Z="0"/>
					<Vertex X="30452" Y="37668" Z="0"/>
					<Vertex X="30372" Y="37569" Z="0"/>
					<Vertex X="30273" Y="37510" Z="0"/>
					<Vertex X="30194" Y="37490" Z="0"/>
					<Vertex X="30075" Y="37450" Z="0"/>
					<Vertex X="29976" Y="37430" Z="0"/>
					<Vertex X="29857" Y="37430" Z="0"/>
					<Vertex X="29738" Y="37430" Z="0"/>
					<Vertex X="29599" Y="37430" Z="0"/>
					<Vertex X="29440" Y="37430" Z="0"/>
					<Vertex X="29302" Y="37430" Z="0"/>
					<Vertex X="29143" Y="37450" Z="0"/>
					<Vertex X="29064" Y="37450" Z="0"/>
					<Vertex X="28905" Y="37450" Z="0"/>
					<Vertex X="28786" Y="37450" Z="0"/>
					<Vertex X="28667" Y="37430" Z="0"/>
					<Vertex X="28588" Y="37391" Z="0"/>
					<Vertex X="28489" Y="37371" Z="0"/>
					<Vertex X="28350" Y="37331" Z="0"/>
					<Vertex X="28251" Y="37272" Z="0"/>
					<Vertex X="28132" Y="37192" Z="0"/>
					<Vertex X="28013" Y="37133" Z="0"/>
					<Vertex X="27894" Y="37073" Z="0"/>
					<Vertex X="27775" Y="37014" Z="0"/>
					<Vertex X="27636" Y="36954" Z="0"/>
					<Vertex X="27517" Y="36895" Z="0"/>
					<Vertex X="27359" Y="36855" Z="0"/>
					<Vertex X="27220" Y="36835" Z="0"/>
					<Vertex X="27181" Y="36856" Z="0"/>
					<Vertex X="25793" Y="37470" Z="0"/>
					<Vertex X="25615" Y="37351" Z="0"/>
					<Vertex X="25575" Y="37252" Z="0"/>
					<Vertex X="25575" Y="37153" Z="0"/>
					<Vertex X="25555" Y="37014" Z="0"/>
					<Vertex X="25555" Y="36895" Z="0"/>
					<Vertex X="25516" Y="36796" Z="0"/>
					<Vertex X="25496" Y="36657" Z="0"/>
					<Vertex X="25496" Y="36578" Z="0"/>
					<Vertex X="25476" Y="36459" Z="0"/>
					<Vertex X="25436" Y="36360" Z="0"/>
					<Vertex X="25416" Y="36281" Z="0"/>
					<Vertex X="25337" Y="36182" Z="0"/>
					<Vertex X="25317" Y="36102" Z="0"/>
					<Vertex X="25278" Y="36003" Z="0"/>
					<Vertex X="25218" Y="35944" Z="0"/>
					<Vertex X="25159" Y="35864" Z="0"/>
					<Vertex X="25099" Y="35805" Z="0"/>
					<Vertex X="25020" Y="35686" Z="0"/>
					<Vertex X="24961" Y="35587" Z="0"/>
					<Vertex X="24881" Y="35508" Z="0"/>
					<Vertex X="24742" Y="35408" Z="0"/>
					<Vertex X="24604" Y="35329" Z="0"/>
					<Vertex X="24544" Y="35270" Z="0"/>
					<Vertex X="24386" Y="35171" Z="0"/>
					<Vertex X="24267" Y="35091" Z="0"/>
					<Vertex X="24128" Y="34992" Z="0"/>
					<Vertex X="23969" Y="34933" Z="0"/>
					<Vertex X="23850" Y="34873" Z="0"/>
					<Vertex X="23731" Y="34814" Z="0"/>
					<Vertex X="23672" Y="34794" Z="0"/>
					<Vertex X="23533" Y="34734" Z="0"/>
					<Vertex X="23414" Y="34695" Z="0"/>
					<Vertex X="23295" Y="34695" Z="0"/>
					<Vertex X="23176" Y="34695" Z="0"/>
					<Vertex X="23077" Y="34734" Z="0"/>
					<Vertex X="22958" Y="34734" Z="0"/>
					<Vertex X="22839" Y="34754" Z="0"/>
					<Vertex X="22740" Y="34794" Z="0"/>
					<Vertex X="22581" Y="34814" Z="0"/>
					<Vertex X="22462" Y="34853" Z="0"/>
					<Vertex X="22304" Y="34873" Z="0"/>
					<Vertex X="22185" Y="34873" Z="0"/>
					<Vertex X="22046" Y="34913" Z="0"/>
					<Vertex X="21888" Y="34913" Z="0"/>
					<Vertex X="21749" Y="34933" Z="0"/>
					<Vertex X="21570" Y="34933" Z="0"/>
					<Vertex X="21392" Y="34933" Z="0"/>
					<Vertex X="21293" Y="34933" Z="0"/>
					<Vertex X="21154" Y="34933" Z="0"/>
					<Vertex X="20976" Y="34933" Z="0"/>
					<Vertex X="20797" Y="34933" Z="0"/>
					<Vertex X="20619" Y="34933" Z="0"/>
					<Vertex X="20500" Y="34913" Z="0"/>
					<Vertex X="20341" Y="34873" Z="0"/>
					<Vertex X="20202" Y="34873" Z="0"/>
					<Vertex X="20083" Y="34853" Z="0"/>
					<Vertex X="19925" Y="34853" Z="0"/>
					<Vertex X="19806" Y="34853" Z="0"/>
					<Vertex X="19667" Y="34853" Z="0"/>
					<Vertex X="19548" Y="34814" Z="0"/>
					<Vertex X="19489" Y="34794" Z="0"/>
					<Vertex X="19390" Y="34754" Z="0"/>
					<Vertex X="19310" Y="34734" Z="0"/>
					<Vertex X="19211" Y="34695" Z="0"/>
					<Vertex X="19092" Y="34675" Z="0"/>
					<Vertex X="19013" Y="34635" Z="0"/>
					<Vertex X="18894" Y="34615" Z="0"/>
					<Vertex X="18795" Y="34576" Z="0"/>
					<Vertex X="18676" Y="34556" Z="0"/>
					<Vertex X="18557" Y="34516" Z="0"/>
					<Vertex X="18478" Y="34496" Z="0"/>
					<Vertex X="18359" Y="34457" Z="0"/>
					<Vertex X="18240" Y="34457" Z="0"/>
					<Vertex X="18081" Y="34457" Z="0"/>
					<Vertex X="17962" Y="34457" Z="0"/>
					<Vertex X="17843" Y="34457" Z="0"/>
					<Vertex X="17704" Y="34496" Z="0"/>
					<Vertex X="17585" Y="34496" Z="0"/>
					<Vertex X="17486" Y="34516" Z="0"/>
					<Vertex X="17348" Y="34556" Z="0"/>
					<Vertex X="17189" Y="34576" Z="0"/>
					<Vertex X="17050" Y="34576" Z="0"/>
					<Vertex X="16892" Y="34635" Z="0"/>
					<Vertex X="16753" Y="34675" Z="0"/>
					<Vertex X="16634" Y="34695" Z="0"/>
					<Vertex X="16455" Y="34734" Z="0"/>
					<Vertex X="16297" Y="34794" Z="0"/>
					<Vertex X="16158" Y="34814" Z="0"/>
					<Vertex X="15999" Y="34873" Z="0"/>
					<Vertex X="15920" Y="34913" Z="0"/>
					<Vertex X="15702" Y="34972" Z="0"/>
					<Vertex X="15623" Y="35032" Z="0"/>
					<Vertex X="15504" Y="35091" Z="0"/>
					<Vertex X="15345" Y="35171" Z="0"/>
					<Vertex X="15226" Y="35230" Z="0"/>
					<Vertex X="15107" Y="35329" Z="0"/>
					<Vertex X="14988" Y="35408" Z="0"/>
					<Vertex X="14909" Y="35468" Z="0"/>
					<Vertex X="14810" Y="35527" Z="0"/>
					<Vertex X="14691" Y="35587" Z="0"/>
					<Vertex X="14612" Y="35686" Z="0"/>
					<Vertex X="14493" Y="35765" Z="0"/>
					<Vertex X="14393" Y="35864" Z="0"/>
					<Vertex X="14314" Y="35944" Z="0"/>
					<Vertex X="14255" Y="36063" Z="0"/>
					<Vertex X="14195" Y="36162" Z="0"/>
					<Vertex X="14195" Y="36241" Z="0"/>
					<Vertex X="14195" Y="36360" Z="0"/>
					<Vertex X="14215" Y="36479" Z="0"/>
					<Vertex X="14275" Y="36638" Z="0"/>
					<Vertex X="14314" Y="36836" Z="0"/>
					<Vertex X="14374" Y="37054" Z="0"/>
					<Vertex X="14453" Y="37232" Z="0"/>
					<Vertex X="14572" Y="37431" Z="0"/>
					<Vertex X="14691" Y="37609" Z="0"/>
					<Vertex X="14849" Y="37847" Z="0"/>
					<Vertex X="14988" Y="38025" Z="0"/>
					<Vertex X="15107" Y="38184" Z="0"/>
					<Vertex X="15325" Y="38422" Z="0"/>
					<Vertex X="15444" Y="38600" Z="0"/>
					<Vertex X="15821" Y="39334" Z="0"/>
					<Vertex X="15940" Y="39631" Z="0"/>
					<Vertex X="16039" Y="39849" Z="0"/>
					<Vertex X="16158" Y="40107" Z="0"/>
					<Vertex X="16237" Y="40286" Z="0"/>
					<Vertex X="16336" Y="40504" Z="0"/>
					<Vertex X="16475" Y="40801" Z="0"/>
					<Vertex X="16634" Y="41059" Z="0"/>
					<Vertex X="16713" Y="41277" Z="0"/>
					<Vertex X="16832" Y="41515" Z="0"/>
					<Vertex X="16931" Y="41693" Z="0"/>
					<Vertex X="17010" Y="41872" Z="0"/>
					<Vertex X="17090" Y="42050" Z="0"/>
					<Vertex X="17129" Y="42189" Z="0"/>
					<Vertex X="17229" Y="42347" Z="0"/>
					<Vertex X="17288" Y="42466" Z="0"/>
					<Vertex X="17348" Y="42585" Z="0"/>
					<Vertex X="17407" Y="42704" Z="0"/>
					<Vertex X="17466" Y="42863" Z="0"/>
					<Vertex X="17526" Y="42962" Z="0"/>
					<Vertex X="17546" Y="43061" Z="0"/>
					<Vertex X="17625" Y="43180" Z="0"/>
					<Vertex X="17704" Y="43359" Z="0"/>
					<Vertex X="17764" Y="43458" Z="0"/>
					<Vertex X="17823" Y="43616" Z="0"/>
					<Vertex X="17883" Y="43795" Z="0"/>
					<Vertex X="17942" Y="43993" Z="0"/>
					<Vertex X="18022" Y="44251" Z="0"/>
					<Vertex X="18081" Y="44429" Z="0"/>
					<Vertex X="18180" Y="44647" Z="0"/>
					<Vertex X="18240" Y="44806" Z="0"/>
					<Vertex X="18319" Y="44984" Z="0"/>
					<Vertex X="18418" Y="45202" Z="0"/>
					<Vertex X="18478" Y="45401" Z="0"/>
					<Vertex X="18557" Y="45619" Z="0"/>
					<Vertex X="18696" Y="45876" Z="0"/>
					<Vertex X="18735" Y="46094" Z="0"/>
					<Vertex X="18834" Y="46273" Z="0"/>
					<Vertex X="18953" Y="46570" Z="0"/>
					<Vertex X="19072" Y="46769" Z="0"/>
					<Vertex X="19191" Y="46987" Z="0"/>
					<Vertex X="19271" Y="47165" Z="0"/>
					<Vertex X="19370" Y="47343" Z="0"/>
					<Vertex X="19449" Y="47482" Z="0"/>
					<Vertex X="19548" Y="47661" Z="0"/>
					<Vertex X="19627" Y="47819" Z="0"/>
					<Vertex X="19786" Y="48176" Z="0"/>
					<Vertex X="19865" Y="48315" Z="0"/>
					<Vertex X="20083" Y="48711" Z="0"/>
					<Vertex X="20163" Y="48890" Z="0"/>
					<Vertex X="20262" Y="49009" Z="0"/>
					<Vertex X="20381" Y="49128" Z="0"/>
					<Vertex X="20460" Y="49247" Z="0"/>
					<Vertex X="20559" Y="49366" Z="0"/>
					<Vertex X="20639" Y="49445" Z="0"/>
					<Vertex X="20757" Y="49564" Z="0"/>
					<Vertex X="20857" Y="49663" Z="0"/>
					<Vertex X="20976" Y="49742" Z="0"/>
					<Vertex X="21095" Y="49841" Z="0"/>
					<Vertex X="21194" Y="49960" Z="0"/>
					<Vertex X="21293" Y="50040" Z="0"/>
					<Vertex X="21392" Y="50139" Z="0"/>
					<Vertex X="21511" Y="50218" Z="0"/>
					<Vertex X="21630" Y="50317" Z="0"/>
					<Vertex X="21749" Y="50436" Z="0"/>
					<Vertex X="21868" Y="50535" Z="0"/>
					<Vertex X="21987" Y="50615" Z="0"/>
					<Vertex X="22125" Y="50734" Z="0"/>
					<Vertex X="22264" Y="50813" Z="0"/>
					<Vertex X="22363" Y="50932" Z="0"/>
					<Vertex X="22562" Y="51090" Z="0"/>
					<Vertex X="22581" Y="51090" Z="0"/>
					<Vertex X="22485" Y="51190" Z="0"/>
				</Vertices>
			</Region>
		</Regions>
		<Plots/>
	</Annotation>
</Annotations>
