<Annotations MicronsPerPixel="0.252200">
	<Annotation Id="1" Name="" ReadOnly="0" NameReadOnly="0" LineColorReadOnly="0" Incremental="0" Type="4" LineColor="16711935" Visible="1" Selected="1" MarkupImagePath="" MacroName="">
		<Attributes/>
		<Regions>
			<RegionAttributeHeaders>
				<AttributeHeader Id="9999" Name="Region" ColumnWidth="-1"/>
				<AttributeHeader Id="9997" Name="Length" ColumnWidth="-1"/>
				<AttributeHeader Id="9996" Name="Area" ColumnWidth="-1"/>
				<AttributeHeader Id="9998" Name="Text" ColumnWidth="-1"/>
			</RegionAttributeHeaders>
			<Region Id="1" Type="0" Zoom="0.015389" Selected="1" ImageLocation="" ImageFocus="-1" Length="280776.2" Area="1512572410.0" LengthMicrons="70811.8" AreaMicrons="96206926.1" Text="" NegativeROA="0" InputRegionId="0" Analyze="1" DisplayId="1">
				<Attributes/>
				<Vertices>
					<Vertex X="100871" Y="12367" Z="0"/>
					<Vertex X="100678" Y="12239" Z="0"/>
					<Vertex X="100420" Y="12045" Z="0"/>
					<Vertex X="100227" Y="11917" Z="0"/>
					<Vertex X="99776" Y="11723" Z="0"/>
					<Vertex X="99583" Y="11595" Z="0"/>
					<Vertex X="99325" Y="11466" Z="0"/>
					<Vertex X="98939" Y="11272" Z="0"/>
					<Vertex X="98681" Y="10950" Z="0"/>
					<Vertex X="98359" Y="10886" Z="0"/>
					<Vertex X="98166" Y="10693" Z="0"/>
					<Vertex X="97844" Y="10435" Z="0"/>
					<Vertex X="97586" Y="10113" Z="0"/>
					<Vertex X="97393" Y="10049" Z="0"/>
					<Vertex X="97199" Y="9791" Z="0"/>
					<Vertex X="96942" Y="9662" Z="0"/>
					<Vertex X="96749" Y="9469" Z="0"/>
					<Vertex X="96427" Y="9276" Z="0"/>
					<Vertex X="96233" Y="9018" Z="0"/>
					<Vertex X="95847" Y="8889" Z="0"/>
					<Vertex X="95525" Y="8567" Z="0"/>
					<Vertex X="95396" Y="8438" Z="0"/>
					<Vertex X="95009" Y="8181" Z="0"/>
					<Vertex X="94687" Y="7987" Z="0"/>
					<Vertex X="94301" Y="7794" Z="0"/>
					<Vertex X="94043" Y="7601" Z="0"/>
					<Vertex X="93721" Y="7408" Z="0"/>
					<Vertex X="93528" Y="7214" Z="0"/>
					<Vertex X="93270" Y="7150" Z="0"/>
					<Vertex X="92948" Y="6892" Z="0"/>
					<Vertex X="92626" Y="6892" Z="0"/>
					<Vertex X="92368" Y="6764" Z="0"/>
					<Vertex X="92175" Y="6635" Z="0"/>
					<Vertex X="91918" Y="6570" Z="0"/>
					<Vertex X="91596" Y="6441" Z="0"/>
					<Vertex X="91273" Y="6377" Z="0"/>
					<Vertex X="91016" Y="6377" Z="0"/>
					<Vertex X="90758" Y="6377" Z="0"/>
					<Vertex X="90565" Y="6377" Z="0"/>
					<Vertex X="90178" Y="6377" Z="0"/>
					<Vertex X="89856" Y="6441" Z="0"/>
					<Vertex X="89534" Y="6441" Z="0"/>
					<Vertex X="89277" Y="6570" Z="0"/>
					<Vertex X="88890" Y="6635" Z="0"/>
					<Vertex X="88504" Y="6764" Z="0"/>
					<Vertex X="88117" Y="6828" Z="0"/>
					<Vertex X="87602" Y="6892" Z="0"/>
					<Vertex X="87344" Y="6892" Z="0"/>
					<Vertex X="86829" Y="6892" Z="0"/>
					<Vertex X="86314" Y="6892" Z="0"/>
					<Vertex X="85992" Y="6892" Z="0"/>
					<Vertex X="85476" Y="6892" Z="0"/>
					<Vertex X="85025" Y="6892" Z="0"/>
					<Vertex X="84639" Y="6892" Z="0"/>
					<Vertex X="84124" Y="6892" Z="0"/>
					<Vertex X="83866" Y="6828" Z="0"/>
					<Vertex X="83286" Y="6764" Z="0"/>
					<Vertex X="82835" Y="6764" Z="0"/>
					<Vertex X="82642" Y="6635" Z="0"/>
					<Vertex X="82191" Y="6570" Z="0"/>
					<Vertex X="81934" Y="6441" Z="0"/>
					<Vertex X="81611" Y="6377" Z="0"/>
					<Vertex X="81354" Y="6119" Z="0"/>
					<Vertex X="81161" Y="6055" Z="0"/>
					<Vertex X="80774" Y="5991" Z="0"/>
					<Vertex X="80581" Y="5797" Z="0"/>
					<Vertex X="80194" Y="5668" Z="0"/>
					<Vertex X="79872" Y="5475" Z="0"/>
					<Vertex X="79615" Y="5411" Z="0"/>
					<Vertex X="79293" Y="5282" Z="0"/>
					<Vertex X="78906" Y="5089" Z="0"/>
					<Vertex X="78648" Y="4960" Z="0"/>
					<Vertex X="78262" Y="4896" Z="0"/>
					<Vertex X="77940" Y="4702" Z="0"/>
					<Vertex X="77682" Y="4573" Z="0"/>
					<Vertex X="77425" Y="4509" Z="0"/>
					<Vertex X="76974" Y="4316" Z="0"/>
					<Vertex X="76780" Y="4187" Z="0"/>
					<Vertex X="76394" Y="3994" Z="0"/>
					<Vertex X="76136" Y="3929" Z="0"/>
					<Vertex X="75814" Y="3736" Z="0"/>
					<Vertex X="75428" Y="3607" Z="0"/>
					<Vertex X="75170" Y="3543" Z="0"/>
					<Vertex X="74977" Y="3414" Z="0"/>
					<Vertex X="74590" Y="3221" Z="0"/>
					<Vertex X="74397" Y="3221" Z="0"/>
					<Vertex X="74075" Y="3156" Z="0"/>
					<Vertex X="73689" Y="3028" Z="0"/>
					<Vertex X="73495" Y="2963" Z="0"/>
					<Vertex X="73238" Y="2963" Z="0"/>
					<Vertex X="73045" Y="2834" Z="0"/>
					<Vertex X="72658" Y="2834" Z="0"/>
					<Vertex X="72272" Y="2770" Z="0"/>
					<Vertex X="71950" Y="2770" Z="0"/>
					<Vertex X="71563" Y="2770" Z="0"/>
					<Vertex X="71305" Y="2641" Z="0"/>
					<Vertex X="70919" Y="2641" Z="0"/>
					<Vertex X="70597" Y="2641" Z="0"/>
					<Vertex X="70210" Y="2641" Z="0"/>
					<Vertex X="69759" Y="2577" Z="0"/>
					<Vertex X="69566" Y="2577" Z="0"/>
					<Vertex X="69180" Y="2577" Z="0"/>
					<Vertex X="68858" Y="2448" Z="0"/>
					<Vertex X="68471" Y="2448" Z="0"/>
					<Vertex X="68020" Y="2383" Z="0"/>
					<Vertex X="67827" Y="2383" Z="0"/>
					<Vertex X="67441" Y="2255" Z="0"/>
					<Vertex X="67054" Y="2255" Z="0"/>
					<Vertex X="66861" Y="2255" Z="0"/>
					<Vertex X="66539" Y="2190" Z="0"/>
					<Vertex X="66281" Y="2190" Z="0"/>
					<Vertex X="66024" Y="2190" Z="0"/>
					<Vertex X="65701" Y="2190" Z="0"/>
					<Vertex X="65573" Y="2190" Z="0"/>
					<Vertex X="65315" Y="2255" Z="0"/>
					<Vertex X="65122" Y="2255" Z="0"/>
					<Vertex X="64928" Y="2255" Z="0"/>
					<Vertex X="64735" Y="2255" Z="0"/>
					<Vertex X="64542" Y="2255" Z="0"/>
					<Vertex X="64349" Y="2255" Z="0"/>
					<Vertex X="64156" Y="2255" Z="0"/>
					<Vertex X="63962" Y="2255" Z="0"/>
					<Vertex X="63640" Y="2255" Z="0"/>
					<Vertex X="63447" Y="2255" Z="0"/>
					<Vertex X="63254" Y="2255" Z="0"/>
					<Vertex X="62996" Y="2255" Z="0"/>
					<Vertex X="62674" Y="2255" Z="0"/>
					<Vertex X="62416" Y="2255" Z="0"/>
					<Vertex X="61901" Y="2383" Z="0"/>
					<Vertex X="61643" Y="2383" Z="0"/>
					<Vertex X="61321" Y="2383" Z="0"/>
					<Vertex X="60935" Y="2448" Z="0"/>
					<Vertex X="60677" Y="2448" Z="0"/>
					<Vertex X="60484" Y="2577" Z="0"/>
					<Vertex X="60097" Y="2577" Z="0"/>
					<Vertex X="59775" Y="2770" Z="0"/>
					<Vertex X="59711" Y="2834" Z="0"/>
					<Vertex X="59518" Y="2963" Z="0"/>
					<Vertex X="59389" Y="3028" Z="0"/>
					<Vertex X="59325" Y="3221" Z="0"/>
					<Vertex X="59196" Y="3543" Z="0"/>
					<Vertex X="59131" Y="3929" Z="0"/>
					<Vertex X="59131" Y="4187" Z="0"/>
					<Vertex X="59131" Y="4380" Z="0"/>
					<Vertex X="59131" Y="4702" Z="0"/>
					<Vertex X="59131" Y="4960" Z="0"/>
					<Vertex X="59131" Y="5089" Z="0"/>
					<Vertex X="59131" Y="5346" Z="0"/>
					<Vertex X="59002" Y="5540" Z="0"/>
					<Vertex X="58938" Y="5668" Z="0"/>
					<Vertex X="58745" Y="5733" Z="0"/>
					<Vertex X="58616" Y="5862" Z="0"/>
					<Vertex X="58230" Y="6055" Z="0"/>
					<Vertex X="57843" Y="6119" Z="0"/>
					<Vertex X="57650" Y="6248" Z="0"/>
					<Vertex X="57263" Y="6313" Z="0"/>
					<Vertex X="56877" Y="6441" Z="0"/>
					<Vertex X="56426" Y="6441" Z="0"/>
					<Vertex X="56104" Y="6441" Z="0"/>
					<Vertex X="55717" Y="6441" Z="0"/>
					<Vertex X="55460" Y="6441" Z="0"/>
					<Vertex X="55073" Y="6441" Z="0"/>
					<Vertex X="54687" Y="6313" Z="0"/>
					<Vertex X="54494" Y="6313" Z="0"/>
					<Vertex X="54107" Y="6119" Z="0"/>
					<Vertex X="53721" Y="6055" Z="0"/>
					<Vertex X="53527" Y="5926" Z="0"/>
					<Vertex X="53141" Y="5862" Z="0"/>
					<Vertex X="52754" Y="5733" Z="0"/>
					<Vertex X="52368" Y="5668" Z="0"/>
					<Vertex X="51853" Y="5668" Z="0"/>
					<Vertex X="51402" Y="5540" Z="0"/>
					<Vertex X="51015" Y="5540" Z="0"/>
					<Vertex X="50500" Y="5540" Z="0"/>
					<Vertex X="49920" Y="5540" Z="0"/>
					<Vertex X="49534" Y="5540" Z="0"/>
					<Vertex X="49083" Y="5668" Z="0"/>
					<Vertex X="48568" Y="5668" Z="0"/>
					<Vertex X="48181" Y="5733" Z="0"/>
					<Vertex X="47601" Y="5862" Z="0"/>
					<Vertex X="47150" Y="5926" Z="0"/>
					<Vertex X="46571" Y="6055" Z="0"/>
					<Vertex X="46249" Y="6119" Z="0"/>
					<Vertex X="45669" Y="6248" Z="0"/>
					<Vertex X="45218" Y="6313" Z="0"/>
					<Vertex X="44703" Y="6506" Z="0"/>
					<Vertex X="44316" Y="6635" Z="0"/>
					<Vertex X="43865" Y="6828" Z="0"/>
					<Vertex X="43479" Y="6892" Z="0"/>
					<Vertex X="42964" Y="7021" Z="0"/>
					<Vertex X="42577" Y="7086" Z="0"/>
					<Vertex X="42319" Y="7214" Z="0"/>
					<Vertex X="41804" Y="7279" Z="0"/>
					<Vertex X="41353" Y="7408" Z="0"/>
					<Vertex X="40838" Y="7472" Z="0"/>
					<Vertex X="40451" Y="7601" Z="0"/>
					<Vertex X="40065" Y="7665" Z="0"/>
					<Vertex X="39807" Y="7665" Z="0"/>
					<Vertex X="39292" Y="7794" Z="0"/>
					<Vertex X="38841" Y="7859" Z="0"/>
					<Vertex X="38326" Y="7987" Z="0"/>
					<Vertex X="38068" Y="8052" Z="0"/>
					<Vertex X="37553" Y="8181" Z="0"/>
					<Vertex X="37102" Y="8181" Z="0"/>
					<Vertex X="36716" Y="8245" Z="0"/>
					<Vertex X="36329" Y="8245" Z="0"/>
					<Vertex X="35814" Y="8374" Z="0"/>
					<Vertex X="35556" Y="8374" Z="0"/>
					<Vertex X="35041" Y="8438" Z="0"/>
					<Vertex X="34654" Y="8438" Z="0"/>
					<Vertex X="34397" Y="8438" Z="0"/>
					<Vertex X="33881" Y="8438" Z="0"/>
					<Vertex X="33430" Y="8567" Z="0"/>
					<Vertex X="32915" Y="8632" Z="0"/>
					<Vertex X="32464" Y="8632" Z="0"/>
					<Vertex X="32142" Y="8760" Z="0"/>
					<Vertex X="31691" Y="8760" Z="0"/>
					<Vertex X="31176" Y="8825" Z="0"/>
					<Vertex X="30790" Y="8954" Z="0"/>
					<Vertex X="30339" Y="9018" Z="0"/>
					<Vertex X="29823" Y="9147" Z="0"/>
					<Vertex X="29244" Y="9147" Z="0"/>
					<Vertex X="29025" Y="9199" Z="0"/>
					<Vertex X="27538" Y="9834" Z="0"/>
					<Vertex X="27102" Y="10012" Z="0"/>
					<Vertex X="26824" Y="10091" Z="0"/>
					<Vertex X="26666" Y="10171" Z="0"/>
					<Vertex X="26448" Y="10210" Z="0"/>
					<Vertex X="26190" Y="10290" Z="0"/>
					<Vertex X="25932" Y="10329" Z="0"/>
					<Vertex X="25754" Y="10389" Z="0"/>
					<Vertex X="25496" Y="10448" Z="0"/>
					<Vertex X="25337" Y="10488" Z="0"/>
					<Vertex X="25100" Y="10547" Z="0"/>
					<Vertex X="24921" Y="10567" Z="0"/>
					<Vertex X="24644" Y="10627" Z="0"/>
					<Vertex X="24386" Y="10686" Z="0"/>
					<Vertex X="24207" Y="10686" Z="0"/>
					<Vertex X="23969" Y="10745" Z="0"/>
					<Vertex X="23692" Y="10785" Z="0"/>
					<Vertex X="23434" Y="10805" Z="0"/>
					<Vertex X="23276" Y="10805" Z="0"/>
					<Vertex X="23018" Y="10845" Z="0"/>
					<Vertex X="22740" Y="10864" Z="0"/>
					<Vertex X="22483" Y="10904" Z="0"/>
					<Vertex X="22264" Y="10904" Z="0"/>
					<Vertex X="21967" Y="10924" Z="0"/>
					<Vertex X="21650" Y="10983" Z="0"/>
					<Vertex X="21432" Y="10983" Z="0"/>
					<Vertex X="21134" Y="11043" Z="0"/>
					<Vertex X="20897" Y="11083" Z="0"/>
					<Vertex X="20599" Y="11102" Z="0"/>
					<Vertex X="20282" Y="11162" Z="0"/>
					<Vertex X="20064" Y="11201" Z="0"/>
					<Vertex X="19747" Y="11261" Z="0"/>
					<Vertex X="19410" Y="11281" Z="0"/>
					<Vertex X="19211" Y="11340" Z="0"/>
					<Vertex X="18874" Y="11380" Z="0"/>
					<Vertex X="18577" Y="11439" Z="0"/>
					<Vertex X="18379" Y="11479" Z="0"/>
					<Vertex X="18042" Y="11519" Z="0"/>
					<Vertex X="17744" Y="11578" Z="0"/>
					<Vertex X="17566" Y="11618" Z="0"/>
					<Vertex X="17308" Y="11677" Z="0"/>
					<Vertex X="17011" Y="11737" Z="0"/>
					<Vertex X="16832" Y="11757" Z="0"/>
					<Vertex X="16555" Y="11816" Z="0"/>
					<Vertex X="16297" Y="11876" Z="0"/>
					<Vertex X="16138" Y="11935" Z="0"/>
					<Vertex X="15900" Y="11975" Z="0"/>
					<Vertex X="15722" Y="11994" Z="0"/>
					<Vertex X="15484" Y="12034" Z="0"/>
					<Vertex X="15286" Y="12054" Z="0"/>
					<Vertex X="15167" Y="12054" Z="0"/>
					<Vertex X="14949" Y="12094" Z="0"/>
					<Vertex X="14830" Y="12054" Z="0"/>
					<Vertex X="14651" Y="12054" Z="0"/>
					<Vertex X="14473" Y="12054" Z="0"/>
					<Vertex X="14354" Y="12034" Z="0"/>
					<Vertex X="14176" Y="11994" Z="0"/>
					<Vertex X="13997" Y="11975" Z="0"/>
					<Vertex X="13878" Y="11975" Z="0"/>
					<Vertex X="13700" Y="11915" Z="0"/>
					<Vertex X="13502" Y="11876" Z="0"/>
					<Vertex X="13383" Y="11856" Z="0"/>
					<Vertex X="13204" Y="11796" Z="0"/>
					<Vertex X="12986" Y="11737" Z="0"/>
					<Vertex X="12867" Y="11717" Z="0"/>
					<Vertex X="12689" Y="11638" Z="0"/>
					<Vertex X="12510" Y="11618" Z="0"/>
					<Vertex X="12431" Y="11578" Z="0"/>
					<Vertex X="12253" Y="11519" Z="0"/>
					<Vertex X="12074" Y="11499" Z="0"/>
					<Vertex X="11975" Y="11479" Z="0"/>
					<Vertex X="11797" Y="11439" Z="0"/>
					<Vertex X="11658" Y="11400" Z="0"/>
					<Vertex X="11479" Y="11380" Z="0"/>
					<Vertex X="11380" Y="11340" Z="0"/>
					<Vertex X="11261" Y="11340" Z="0"/>
					<Vertex X="11083" Y="11281" Z="0"/>
					<Vertex X="10964" Y="11281" Z="0"/>
					<Vertex X="10845" Y="11261" Z="0"/>
					<Vertex X="10766" Y="11221" Z="0"/>
					<Vertex X="10667" Y="11221" Z="0"/>
					<Vertex X="10587" Y="11201" Z="0"/>
					<Vertex X="10468" Y="11201" Z="0"/>
					<Vertex X="10409" Y="11201" Z="0"/>
					<Vertex X="10310" Y="11162" Z="0"/>
					<Vertex X="10230" Y="11162" Z="0"/>
					<Vertex X="10131" Y="11142" Z="0"/>
					<Vertex X="10072" Y="11142" Z="0"/>
					<Vertex X="9992" Y="11142" Z="0"/>
					<Vertex X="9893" Y="11142" Z="0"/>
					<Vertex X="9834" Y="11102" Z="0"/>
					<Vertex X="9755" Y="11102" Z="0"/>
					<Vertex X="9655" Y="11102" Z="0"/>
					<Vertex X="9596" Y="11102" Z="0"/>
					<Vertex X="9536" Y="11142" Z="0"/>
					<Vertex X="9477" Y="11162" Z="0"/>
					<Vertex X="9418" Y="11201" Z="0"/>
					<Vertex X="9398" Y="11221" Z="0"/>
					<Vertex X="9338" Y="11261" Z="0"/>
					<Vertex X="9299" Y="11281" Z="0"/>
					<Vertex X="9279" Y="11340" Z="0"/>
					<Vertex X="9239" Y="11400" Z="0"/>
					<Vertex X="9219" Y="11479" Z="0"/>
					<Vertex X="9160" Y="11519" Z="0"/>
					<Vertex X="9120" Y="11618" Z="0"/>
					<Vertex X="9100" Y="11677" Z="0"/>
					<Vertex X="9100" Y="11796" Z="0"/>
					<Vertex X="9100" Y="11915" Z="0"/>
					<Vertex X="9061" Y="12054" Z="0"/>
					<Vertex X="9061" Y="12153" Z="0"/>
					<Vertex X="9061" Y="12292" Z="0"/>
					<Vertex X="9041" Y="12470" Z="0"/>
					<Vertex X="9001" Y="12609" Z="0"/>
					<Vertex X="9001" Y="12768" Z="0"/>
					<Vertex X="8981" Y="12926" Z="0"/>
					<Vertex X="8981" Y="13045" Z="0"/>
					<Vertex X="8981" Y="13244" Z="0"/>
					<Vertex X="8981" Y="13422" Z="0"/>
					<Vertex X="8981" Y="13600" Z="0"/>
					<Vertex X="8981" Y="13719" Z="0"/>
					<Vertex X="8981" Y="13898" Z="0"/>
					<Vertex X="8981" Y="14076" Z="0"/>
					<Vertex X="8981" Y="14175" Z="0"/>
					<Vertex X="8981" Y="14354" Z="0"/>
					<Vertex X="9001" Y="14532" Z="0"/>
					<Vertex X="9001" Y="14651" Z="0"/>
					<Vertex X="9001" Y="14790" Z="0"/>
					<Vertex X="9001" Y="14909" Z="0"/>
					<Vertex X="9001" Y="15087" Z="0"/>
					<Vertex X="9041" Y="15266" Z="0"/>
					<Vertex X="9061" Y="15444" Z="0"/>
					<Vertex X="9061" Y="15603" Z="0"/>
					<Vertex X="9100" Y="15722" Z="0"/>
					<Vertex X="9120" Y="15900" Z="0"/>
					<Vertex X="9160" Y="16039" Z="0"/>
					<Vertex X="9160" Y="16158" Z="0"/>
					<Vertex X="9160" Y="16257" Z="0"/>
					<Vertex X="9180" Y="16376" Z="0"/>
					<Vertex X="9219" Y="16495" Z="0"/>
					<Vertex X="9219" Y="16614" Z="0"/>
					<Vertex X="9219" Y="16673" Z="0"/>
					<Vertex X="9239" Y="16792" Z="0"/>
					<Vertex X="9239" Y="16911" Z="0"/>
					<Vertex X="9239" Y="16991" Z="0"/>
					<Vertex X="9239" Y="17149" Z="0"/>
					<Vertex X="9239" Y="17268" Z="0"/>
					<Vertex X="9279" Y="17387" Z="0"/>
					<Vertex X="9279" Y="17466" Z="0"/>
					<Vertex X="9279" Y="17585" Z="0"/>
					<Vertex X="9279" Y="17744" Z="0"/>
					<Vertex X="9279" Y="17863" Z="0"/>
					<Vertex X="9299" Y="18061" Z="0"/>
					<Vertex X="9338" Y="18279" Z="0"/>
					<Vertex X="9338" Y="18398" Z="0"/>
					<Vertex X="9358" Y="18596" Z="0"/>
					<Vertex X="9398" Y="18834" Z="0"/>
					<Vertex X="9418" Y="19052" Z="0"/>
					<Vertex X="9457" Y="19251" Z="0"/>
					<Vertex X="9477" Y="19508" Z="0"/>
					<Vertex X="9536" Y="19707" Z="0"/>
					<Vertex X="9576" Y="19845" Z="0"/>
					<Vertex X="9596" Y="20063" Z="0"/>
					<Vertex X="9636" Y="20301" Z="0"/>
					<Vertex X="9655" Y="20500" Z="0"/>
					<Vertex X="9695" Y="20698" Z="0"/>
					<Vertex X="9695" Y="20837" Z="0"/>
					<Vertex X="9695" Y="21035" Z="0"/>
					<Vertex X="9695" Y="21213" Z="0"/>
					<Vertex X="9636" Y="21431" Z="0"/>
					<Vertex X="9636" Y="21550" Z="0"/>
					<Vertex X="9596" Y="21729" Z="0"/>
					<Vertex X="9576" Y="21927" Z="0"/>
					<Vertex X="9536" Y="22106" Z="0"/>
					<Vertex X="9536" Y="22284" Z="0"/>
					<Vertex X="9536" Y="22403" Z="0"/>
					<Vertex X="9536" Y="22562" Z="0"/>
					<Vertex X="9536" Y="22700" Z="0"/>
					<Vertex X="9536" Y="22859" Z="0"/>
					<Vertex X="9536" Y="22938" Z="0"/>
					<Vertex X="9576" Y="23037" Z="0"/>
					<Vertex X="9576" Y="23097" Z="0"/>
					<Vertex X="9596" Y="23156" Z="0"/>
					<Vertex X="9636" Y="23216" Z="0"/>
					<Vertex X="9655" Y="23275" Z="0"/>
					<Vertex X="9715" Y="23335" Z="0"/>
					<Vertex X="9774" Y="23394" Z="0"/>
					<Vertex X="9874" Y="23414" Z="0"/>
					<Vertex X="9992" Y="23454" Z="0"/>
					<Vertex X="10052" Y="23454" Z="0"/>
					<Vertex X="10191" Y="23454" Z="0"/>
					<Vertex X="10310" Y="23414" Z="0"/>
					<Vertex X="10488" Y="23394" Z="0"/>
					<Vertex X="10667" Y="23335" Z="0"/>
					<Vertex X="10766" Y="23275" Z="0"/>
					<Vertex X="10944" Y="23216" Z="0"/>
					<Vertex X="11123" Y="23176" Z="0"/>
					<Vertex X="11301" Y="23117" Z="0"/>
					<Vertex X="11440" Y="23057" Z="0"/>
					<Vertex X="11539" Y="22998" Z="0"/>
					<Vertex X="11717" Y="22938" Z="0"/>
					<Vertex X="11896" Y="22859" Z="0"/>
					<Vertex X="12035" Y="22799" Z="0"/>
					<Vertex X="12193" Y="22740" Z="0"/>
					<Vertex X="12332" Y="22641" Z="0"/>
					<Vertex X="12451" Y="22621" Z="0"/>
					<Vertex X="12480" Y="22621" Z="0"/>
					<Vertex X="13164" Y="22234" Z="0"/>
					<Vertex X="13709" Y="21828" Z="0"/>
					<Vertex X="13818" Y="21729" Z="0"/>
					<Vertex X="13937" Y="21610" Z="0"/>
					<Vertex X="14006" Y="21501" Z="0"/>
					<Vertex X="14056" Y="21451" Z="0"/>
					<Vertex X="14115" Y="21352" Z="0"/>
					<Vertex X="14155" Y="21263" Z="0"/>
					<Vertex X="14205" Y="21164" Z="0"/>
					<Vertex X="14234" Y="21094" Z="0"/>
					<Vertex X="14264" Y="20965" Z="0"/>
					<Vertex X="14314" Y="20836" Z="0"/>
					<Vertex X="14324" Y="20717" Z="0"/>
					<Vertex X="14333" Y="20628" Z="0"/>
					<Vertex X="14363" Y="20480" Z="0"/>
					<Vertex X="14383" Y="20311" Z="0"/>
					<Vertex X="14393" Y="20212" Z="0"/>
					<Vertex X="14423" Y="20043" Z="0"/>
					<Vertex X="14442" Y="19944" Z="0"/>
					<Vertex X="14472" Y="19796" Z="0"/>
					<Vertex X="14502" Y="19687" Z="0"/>
					<Vertex X="14532" Y="19538" Z="0"/>
					<Vertex X="14561" Y="19449" Z="0"/>
					<Vertex X="14591" Y="19320" Z="0"/>
					<Vertex X="14631" Y="19211" Z="0"/>
					<Vertex X="14661" Y="19141" Z="0"/>
					<Vertex X="14690" Y="19082" Z="0"/>
					<Vertex X="14740" Y="18973" Z="0"/>
					<Vertex X="14799" Y="18903" Z="0"/>
					<Vertex X="14839" Y="18874" Z="0"/>
					<Vertex X="14918" Y="18844" Z="0"/>
					<Vertex X="14958" Y="18844" Z="0"/>
					<Vertex X="15047" Y="18824" Z="0"/>
					<Vertex X="15136" Y="18844" Z="0"/>
					<Vertex X="15245" Y="18874" Z="0"/>
					<Vertex X="15315" Y="18903" Z="0"/>
					<Vertex X="15394" Y="18913" Z="0"/>
					<Vertex X="15493" Y="18963" Z="0"/>
					<Vertex X="15612" Y="19032" Z="0"/>
					<Vertex X="15721" Y="19082" Z="0"/>
					<Vertex X="15870" Y="19141" Z="0"/>
					<Vertex X="15969" Y="19181" Z="0"/>
					<Vertex X="16167" Y="19240" Z="0"/>
					<Vertex X="16346" Y="19320" Z="0"/>
					<Vertex X="16475" Y="19359" Z="0"/>
					<Vertex X="16683" Y="19439" Z="0"/>
					<Vertex X="16891" Y="19498" Z="0"/>
					<Vertex X="17030" Y="19538" Z="0"/>
					<Vertex X="17238" Y="19607" Z="0"/>
					<Vertex X="17446" Y="19677" Z="0"/>
					<Vertex X="17575" Y="19706" Z="0"/>
					<Vertex X="17803" Y="19766" Z="0"/>
					<Vertex X="18011" Y="19796" Z="0"/>
					<Vertex X="18140" Y="19825" Z="0"/>
					<Vertex X="18358" Y="19855" Z="0"/>
					<Vertex X="18576" Y="19865" Z="0"/>
					<Vertex X="18784" Y="19905" Z="0"/>
					<Vertex X="18992" Y="19924" Z="0"/>
					<Vertex X="19220" Y="19944" Z="0"/>
					<Vertex X="19637" Y="20004" Z="0"/>
					<Vertex X="19845" Y="20053" Z="0"/>
					<Vertex X="19974" Y="20063" Z="0"/>
					<Vertex X="20152" Y="20093" Z="0"/>
					<Vertex X="20360" Y="20152" Z="0"/>
					<Vertex X="20539" Y="20222" Z="0"/>
					<Vertex X="20658" Y="20281" Z="0"/>
					<Vertex X="20747" Y="20331" Z="0"/>
					<Vertex X="20866" Y="20410" Z="0"/>
					<Vertex X="20985" Y="20480" Z="0"/>
					<Vertex X="21104" Y="20569" Z="0"/>
					<Vertex X="21223" Y="20658" Z="0"/>
					<Vertex X="21342" Y="20727" Z="0"/>
					<Vertex X="21431" Y="20777" Z="0"/>
					<Vertex X="21550" Y="20856" Z="0"/>
					<Vertex X="21669" Y="20926" Z="0"/>
					<Vertex X="21808" Y="20985" Z="0"/>
					<Vertex X="21887" Y="21015" Z="0"/>
					<Vertex X="22026" Y="21054" Z="0"/>
					<Vertex X="22115" Y="21094" Z="0"/>
					<Vertex X="22254" Y="21134" Z="0"/>
					<Vertex X="22402" Y="21183" Z="0"/>
					<Vertex X="22551" Y="21223" Z="0"/>
					<Vertex X="22690" Y="21253" Z="0"/>
					<Vertex X="22858" Y="21282" Z="0"/>
					<Vertex X="23037" Y="21332" Z="0"/>
					<Vertex X="23245" Y="21352" Z="0"/>
					<Vertex X="23394" Y="21382" Z="0"/>
					<Vertex X="23552" Y="21411" Z="0"/>
					<Vertex X="23701" Y="21451" Z="0"/>
					<Vertex X="23870" Y="21461" Z="0"/>
					<Vertex X="24018" Y="21491" Z="0"/>
					<Vertex X="24187" Y="21501" Z="0"/>
					<Vertex X="24345" Y="21520" Z="0"/>
					<Vertex X="24454" Y="21520" Z="0"/>
					<Vertex X="24623" Y="21520" Z="0"/>
					<Vertex X="24811" Y="21520" Z="0"/>
					<Vertex X="24920" Y="21520" Z="0"/>
					<Vertex X="25109" Y="21501" Z="0"/>
					<Vertex X="25287" Y="21501" Z="0"/>
					<Vertex X="25386" Y="21491" Z="0"/>
					<Vertex X="25565" Y="21471" Z="0"/>
					<Vertex X="25743" Y="21461" Z="0"/>
					<Vertex X="25862" Y="21461" Z="0"/>
					<Vertex X="26050" Y="21451" Z="0"/>
					<Vertex X="26249" Y="21431" Z="0"/>
					<Vertex X="26457" Y="21411" Z="0"/>
					<Vertex X="26665" Y="21401" Z="0"/>
					<Vertex X="26814" Y="21382" Z="0"/>
					<Vertex X="27002" Y="21372" Z="0"/>
					<Vertex X="27210" Y="21342" Z="0"/>
					<Vertex X="27359" Y="21332" Z="0"/>
					<Vertex X="27557" Y="21302" Z="0"/>
					<Vertex X="27745" Y="21263" Z="0"/>
					<Vertex X="27864" Y="21233" Z="0"/>
					<Vertex X="28014" Y="21223" Z="0"/>
					<Vertex X="28807" Y="20926" Z="0"/>
					<Vertex X="29243" Y="20718" Z="0"/>
					<Vertex X="29461" Y="20618" Z="0"/>
					<Vertex X="29610" Y="20539" Z="0"/>
					<Vertex X="29798" Y="20420" Z="0"/>
					<Vertex X="30006" Y="20301" Z="0"/>
					<Vertex X="30125" Y="20212" Z="0"/>
					<Vertex X="30313" Y="20093" Z="0"/>
					<Vertex X="30452" Y="19964" Z="0"/>
					<Vertex X="30541" Y="19875" Z="0"/>
					<Vertex X="30680" Y="19736" Z="0"/>
					<Vertex X="30799" Y="19617" Z="0"/>
					<Vertex X="30888" Y="19508" Z="0"/>
					<Vertex X="31037" Y="19369" Z="0"/>
					<Vertex X="31126" Y="19280" Z="0"/>
					<Vertex X="31275" Y="19112" Z="0"/>
					<Vertex X="31434" Y="18963" Z="0"/>
					<Vertex X="31552" Y="18844" Z="0"/>
					<Vertex X="31731" Y="18666" Z="0"/>
					<Vertex X="31929" Y="18487" Z="0"/>
					<Vertex X="32068" Y="18348" Z="0"/>
					<Vertex X="32276" Y="18140" Z="0"/>
					<Vertex X="32484" Y="17952" Z="0"/>
					<Vertex X="32613" Y="17813" Z="0"/>
					<Vertex X="32792" Y="17605" Z="0"/>
					<Vertex X="32970" Y="17417" Z="0"/>
					<Vertex X="33139" Y="17218" Z="0"/>
					<Vertex X="33248" Y="17089" Z="0"/>
					<Vertex X="33416" Y="16891" Z="0"/>
					<Vertex X="33515" Y="16762" Z="0"/>
					<Vertex X="33713" Y="16544" Z="0"/>
					<Vertex X="33803" Y="16435" Z="0"/>
					<Vertex X="33941" Y="16326" Z="0"/>
					<Vertex X="34050" Y="16227" Z="0"/>
					<Vertex X="34150" Y="16197" Z="0"/>
					<Vertex X="34259" Y="16158" Z="0"/>
					<Vertex X="34338" Y="16138" Z="0"/>
					<Vertex X="34427" Y="16158" Z="0"/>
					<Vertex X="34506" Y="16168" Z="0"/>
					<Vertex X="34586" Y="16227" Z="0"/>
					<Vertex X="34665" Y="16257" Z="0"/>
					<Vertex X="34794" Y="16326" Z="0"/>
					<Vertex X="34923" Y="16405" Z="0"/>
					<Vertex X="35052" Y="16495" Z="0"/>
					<Vertex X="35161" Y="16564" Z="0"/>
					<Vertex X="35329" Y="16683" Z="0"/>
					<Vertex X="35498" Y="16802" Z="0"/>
					<Vertex X="35656" Y="16951" Z="0"/>
					<Vertex X="35785" Y="17040" Z="0"/>
					<Vertex X="35974" Y="17179" Z="0"/>
					<Vertex X="36132" Y="17327" Z="0"/>
					<Vertex X="36321" Y="17476" Z="0"/>
					<Vertex X="36420" Y="17565" Z="0"/>
					<Vertex X="36588" Y="17684" Z="0"/>
					<Vertex X="36727" Y="17803" Z="0"/>
					<Vertex X="36866" Y="17922" Z="0"/>
					<Vertex X="36955" Y="17991" Z="0"/>
					<Vertex X="37104" Y="18081" Z="0"/>
					<Vertex X="37213" Y="18140" Z="0"/>
					<Vertex X="37342" Y="18229" Z="0"/>
					<Vertex X="37490" Y="18329" Z="0"/>
					<Vertex X="37599" Y="18368" Z="0"/>
					<Vertex X="37748" Y="18438" Z="0"/>
					<Vertex X="37897" Y="18497" Z="0"/>
					<Vertex X="38035" Y="18576" Z="0"/>
					<Vertex X="38204" Y="18646" Z="0"/>
					<Vertex X="38303" Y="18695" Z="0"/>
					<Vertex X="38472" Y="18755" Z="0"/>
					<Vertex X="38700" Y="18864" Z="0"/>
					<Vertex X="38799" Y="18903" Z="0"/>
					<Vertex X="38977" Y="18963" Z="0"/>
					<Vertex X="39136" Y="19022" Z="0"/>
					<Vertex X="39314" Y="19082" Z="0"/>
					<Vertex X="39483" Y="19141" Z="0"/>
					<Vertex X="39631" Y="19141" Z="0"/>
					<Vertex X="40444" Y="19092" Z="0"/>
					<Vertex X="40791" Y="19082" Z="0"/>
					<Vertex X="40950" Y="19092" Z="0"/>
					<Vertex X="41118" Y="19121" Z="0"/>
					<Vertex X="41277" Y="19151" Z="0"/>
					<Vertex X="41415" Y="19181" Z="0"/>
					<Vertex X="41515" Y="19201" Z="0"/>
					<Vertex X="41653" Y="19230" Z="0"/>
					<Vertex X="41802" Y="19260" Z="0"/>
					<Vertex X="41931" Y="19270" Z="0"/>
					<Vertex X="42070" Y="19320" Z="0"/>
					<Vertex X="42218" Y="19349" Z="0"/>
					<Vertex X="42347" Y="19379" Z="0"/>
					<Vertex X="42496" Y="19429" Z="0"/>
					<Vertex X="42635" Y="19468" Z="0"/>
					<Vertex X="42783" Y="19528" Z="0"/>
					<Vertex X="42912" Y="19567" Z="0"/>
					<Vertex X="43051" Y="19647" Z="0"/>
					<Vertex X="43180" Y="19716" Z="0"/>
					<Vertex X="43348" Y="19825" Z="0"/>
					<Vertex X="43467" Y="19894" Z="0"/>
					<Vertex X="43586" Y="19974" Z="0"/>
					<Vertex X="43685" Y="20033" Z="0"/>
					<Vertex X="43795" Y="20103" Z="0"/>
					<Vertex X="43894" Y="20162" Z="0"/>
					<Vertex X="43983" Y="20222" Z="0"/>
					<Vertex X="44092" Y="20281" Z="0"/>
					<Vertex X="44132" Y="20331" Z="0"/>
					<Vertex X="44221" Y="20390" Z="0"/>
					<Vertex X="44300" Y="20450" Z="0"/>
					<Vertex X="44389" Y="20519" Z="0"/>
					<Vertex X="44459" Y="20578" Z="0"/>
					<Vertex X="44518" Y="20658" Z="0"/>
					<Vertex X="44597" Y="20727" Z="0"/>
					<Vertex X="44667" Y="20806" Z="0"/>
					<Vertex X="44746" Y="20896" Z="0"/>
					<Vertex X="44825" Y="20985" Z="0"/>
					<Vertex X="44875" Y="21074" Z="0"/>
					<Vertex X="44934" Y="21134" Z="0"/>
					<Vertex X="45034" Y="21253" Z="0"/>
					<Vertex X="45103" Y="21332" Z="0"/>
					<Vertex X="45162" Y="21411" Z="0"/>
					<Vertex X="45242" Y="21510" Z="0"/>
					<Vertex X="45281" Y="21560" Z="0"/>
					<Vertex X="45361" Y="21659" Z="0"/>
					<Vertex X="45430" Y="21728" Z="0"/>
					<Vertex X="45490" Y="21818" Z="0"/>
					<Vertex X="45569" Y="21907" Z="0"/>
					<Vertex X="45638" Y="22006" Z="0"/>
					<Vertex X="45678" Y="22055" Z="0"/>
					<Vertex X="45757" Y="22155" Z="0"/>
					<Vertex X="45817" Y="22254" Z="0"/>
					<Vertex X="45886" Y="22333" Z="0"/>
					<Vertex X="45965" Y="22442" Z="0"/>
					<Vertex X="46045" Y="22541" Z="0"/>
					<Vertex X="46104" Y="22601" Z="0"/>
					<Vertex X="46174" Y="22690" Z="0"/>
					<Vertex X="46243" Y="22799" Z="0"/>
					<Vertex X="46322" Y="22898" Z="0"/>
					<Vertex X="46402" Y="22987" Z="0"/>
					<Vertex X="46481" Y="23067" Z="0"/>
					<Vertex X="46560" Y="23156" Z="0"/>
					<Vertex X="46649" Y="23235" Z="0"/>
					<Vertex X="46749" Y="23304" Z="0"/>
					<Vertex X="46848" Y="23394" Z="0"/>
					<Vertex X="46947" Y="23463" Z="0"/>
					<Vertex X="47006" Y="23532" Z="0"/>
					<Vertex X="47095" Y="23612" Z="0"/>
					<Vertex X="47274" Y="23760" Z="0"/>
					<Vertex X="47442" Y="23909" Z="0"/>
					<Vertex X="47581" Y="24028" Z="0"/>
					<Vertex X="47680" Y="24137" Z="0"/>
					<Vertex X="47779" Y="24226" Z="0"/>
					<Vertex X="47879" Y="24316" Z="0"/>
					<Vertex X="47958" Y="24375" Z="0"/>
					<Vertex X="48047" Y="24464" Z="0"/>
					<Vertex X="48146" Y="24534" Z="0"/>
					<Vertex X="48255" Y="24593" Z="0"/>
					<Vertex X="48344" Y="24663" Z="0"/>
					<Vertex X="48384" Y="24702" Z="0"/>
					<Vertex X="48483" Y="24762" Z="0"/>
					<Vertex X="48563" Y="24801" Z="0"/>
					<Vertex X="48632" Y="24812" Z="0"/>
					<Vertex X="49356" Y="25099" Z="0"/>
					<Vertex X="49564" Y="25159" Z="0"/>
					<Vertex X="49673" Y="25189" Z="0"/>
					<Vertex X="49792" Y="25198" Z="0"/>
					<Vertex X="49881" Y="25218" Z="0"/>
					<Vertex X="50000" Y="25238" Z="0"/>
					<Vertex X="50129" Y="25238" Z="0"/>
					<Vertex X="50218" Y="25238" Z="0"/>
					<Vertex X="50337" Y="25218" Z="0"/>
					<Vertex X="50476" Y="25198" Z="0"/>
					<Vertex X="50546" Y="25198" Z="0"/>
					<Vertex X="50664" Y="25179" Z="0"/>
					<Vertex X="50803" Y="25159" Z="0"/>
					<Vertex X="50902" Y="25129" Z="0"/>
					<Vertex X="51021" Y="25089" Z="0"/>
					<Vertex X="51101" Y="25070" Z="0"/>
					<Vertex X="51220" Y="25020" Z="0"/>
					<Vertex X="51309" Y="24980" Z="0"/>
					<Vertex X="51368" Y="24951" Z="0"/>
					<Vertex X="51457" Y="24891" Z="0"/>
					<Vertex X="51547" Y="24832" Z="0"/>
					<Vertex X="51586" Y="24802" Z="0"/>
					<Vertex X="51676" Y="24742" Z="0"/>
					<Vertex X="51755" Y="24663" Z="0"/>
					<Vertex X="51814" Y="24614" Z="0"/>
					<Vertex X="51904" Y="24514" Z="0"/>
					<Vertex X="51993" Y="24435" Z="0"/>
					<Vertex X="52062" Y="24366" Z="0"/>
					<Vertex X="52151" Y="24267" Z="0"/>
					<Vertex X="52211" Y="24207" Z="0"/>
					<Vertex X="52320" Y="24098" Z="0"/>
					<Vertex X="52419" Y="23999" Z="0"/>
					<Vertex X="52498" Y="23920" Z="0"/>
					<Vertex X="52597" Y="23801" Z="0"/>
					<Vertex X="52677" Y="23731" Z="0"/>
					<Vertex X="52796" Y="23593" Z="0"/>
					<Vertex X="52895" Y="23474" Z="0"/>
					<Vertex X="53014" Y="23355" Z="0"/>
					<Vertex X="53073" Y="23285" Z="0"/>
					<Vertex X="53182" Y="23166" Z="0"/>
					<Vertex X="53272" Y="23057" Z="0"/>
					<Vertex X="53341" Y="22988" Z="0"/>
					<Vertex X="53420" Y="22909" Z="0"/>
					<Vertex X="53519" Y="22859" Z="0"/>
					<Vertex X="53599" Y="22809" Z="0"/>
					<Vertex X="53698" Y="22760" Z="0"/>
					<Vertex X="53777" Y="22750" Z="0"/>
					<Vertex X="53896" Y="22730" Z="0"/>
					<Vertex X="53965" Y="22730" Z="0"/>
					<Vertex X="54015" Y="22730" Z="0"/>
					<Vertex X="54055" Y="22780" Z="0"/>
					<Vertex X="54104" Y="22819" Z="0"/>
					<Vertex X="54134" Y="22859" Z="0"/>
					<Vertex X="54174" Y="22899" Z="0"/>
					<Vertex X="54223" Y="22958" Z="0"/>
					<Vertex X="54273" Y="23008" Z="0"/>
					<Vertex X="54293" Y="23077" Z="0"/>
					<Vertex X="54322" Y="23137" Z="0"/>
					<Vertex X="54362" Y="23226" Z="0"/>
					<Vertex X="54392" Y="23315" Z="0"/>
					<Vertex X="54421" Y="23374" Z="0"/>
					<Vertex X="54441" Y="23493" Z="0"/>
					<Vertex X="54461" Y="23593" Z="0"/>
					<Vertex X="54481" Y="23672" Z="0"/>
					<Vertex X="54491" Y="23791" Z="0"/>
					<Vertex X="54511" Y="23920" Z="0"/>
					<Vertex X="54511" Y="24058" Z="0"/>
					<Vertex X="54511" Y="24148" Z="0"/>
					<Vertex X="54511" Y="24286" Z="0"/>
					<Vertex X="54521" Y="24415" Z="0"/>
					<Vertex X="54521" Y="24544" Z="0"/>
					<Vertex X="54540" Y="24693" Z="0"/>
					<Vertex X="54550" Y="24772" Z="0"/>
					<Vertex X="54580" Y="24891" Z="0"/>
					<Vertex X="54610" Y="25010" Z="0"/>
					<Vertex X="54639" Y="25089" Z="0"/>
					<Vertex X="54669" Y="25189" Z="0"/>
					<Vertex X="54699" Y="25268" Z="0"/>
					<Vertex X="54758" Y="25397" Z="0"/>
					<Vertex X="54778" Y="25466" Z="0"/>
					<Vertex X="54818" Y="25575" Z="0"/>
					<Vertex X="54877" Y="25684" Z="0"/>
					<Vertex X="54907" Y="25734" Z="0"/>
					<Vertex X="54967" Y="25843" Z="0"/>
					<Vertex X="54996" Y="25902" Z="0"/>
					<Vertex X="55056" Y="25991" Z="0"/>
					<Vertex X="55125" Y="26061" Z="0"/>
					<Vertex X="55205" Y="26130" Z="0"/>
					<Vertex X="55284" Y="26200" Z="0"/>
					<Vertex X="55323" Y="26239" Z="0"/>
					<Vertex X="55413" Y="26309" Z="0"/>
					<Vertex X="55502" Y="26368" Z="0"/>
					<Vertex X="55581" Y="26408" Z="0"/>
					<Vertex X="55651" Y="26467" Z="0"/>
					<Vertex X="55700" Y="26497" Z="0"/>
					<Vertex X="55770" Y="26527" Z="0"/>
					<Vertex X="55849" Y="26576" Z="0"/>
					<Vertex X="55898" Y="26616" Z="0"/>
					<Vertex X="55968" Y="26646" Z="0"/>
					<Vertex X="56037" Y="26656" Z="0"/>
					<Vertex X="56116" Y="26685" Z="0"/>
					<Vertex X="56156" Y="26705" Z="0"/>
					<Vertex X="56235" Y="26725" Z="0"/>
					<Vertex X="56305" Y="26735" Z="0"/>
					<Vertex X="56384" Y="26745" Z="0"/>
					<Vertex X="56434" Y="26765" Z="0"/>
					<Vertex X="56513" Y="26765" Z="0"/>
					<Vertex X="56592" Y="26775" Z="0"/>
					<Vertex X="56632" Y="26775" Z="0"/>
					<Vertex X="56731" Y="26775" Z="0"/>
					<Vertex X="56870" Y="26775" Z="0"/>
					<Vertex X="56969" Y="26765" Z="0"/>
					<Vertex X="57098" Y="26745" Z="0"/>
					<Vertex X="57187" Y="26745" Z="0"/>
					<Vertex X="57306" Y="26725" Z="0"/>
					<Vertex X="57435" Y="26705" Z="0"/>
					<Vertex X="57574" Y="26675" Z="0"/>
					<Vertex X="57663" Y="26656" Z="0"/>
					<Vertex X="57802" Y="26626" Z="0"/>
					<Vertex X="57940" Y="26606" Z="0"/>
					<Vertex X="58089" Y="26556" Z="0"/>
					<Vertex X="58238" Y="26507" Z="0"/>
					<Vertex X="58367" Y="26477" Z="0"/>
					<Vertex X="58466" Y="26457" Z="0"/>
					<Vertex X="58575" Y="26408" Z="0"/>
					<Vertex X="58714" Y="26368" Z="0"/>
					<Vertex X="58833" Y="26319" Z="0"/>
					<Vertex X="58892" Y="26289" Z="0"/>
					<Vertex X="59021" Y="26229" Z="0"/>
					<Vertex X="59090" Y="26180" Z="0"/>
					<Vertex X="59170" Y="26130" Z="0"/>
					<Vertex X="59269" Y="26081" Z="0"/>
					<Vertex X="59328" Y="26051" Z="0"/>
					<Vertex X="59408" Y="25991" Z="0"/>
					<Vertex X="59487" Y="25932" Z="0"/>
					<Vertex X="59556" Y="25863" Z="0"/>
					<Vertex X="59636" Y="25793" Z="0"/>
					<Vertex X="59695" Y="25724" Z="0"/>
					<Vertex X="59754" Y="25645" Z="0"/>
					<Vertex X="59814" Y="25575" Z="0"/>
					<Vertex X="59864" Y="25535" Z="0"/>
					<Vertex X="59913" Y="25456" Z="0"/>
					<Vertex X="59973" Y="25387" Z="0"/>
					<Vertex X="60042" Y="25307" Z="0"/>
					<Vertex X="60082" Y="25238" Z="0"/>
					<Vertex X="60141" Y="25159" Z="0"/>
					<Vertex X="60201" Y="25089" Z="0"/>
					<Vertex X="60260" Y="25020" Z="0"/>
					<Vertex X="60310" Y="24941" Z="0"/>
					<Vertex X="60349" Y="24861" Z="0"/>
					<Vertex X="60379" Y="24782" Z="0"/>
					<Vertex X="60429" Y="24713" Z="0"/>
					<Vertex X="60468" Y="24623" Z="0"/>
					<Vertex X="60528" Y="24534" Z="0"/>
					<Vertex X="60567" Y="24435" Z="0"/>
					<Vertex X="60637" Y="24306" Z="0"/>
					<Vertex X="60686" Y="24187" Z="0"/>
					<Vertex X="60746" Y="24058" Z="0"/>
					<Vertex X="60795" Y="23920" Z="0"/>
					<Vertex X="60855" Y="23791" Z="0"/>
					<Vertex X="60904" Y="23652" Z="0"/>
					<Vertex X="60944" Y="23533" Z="0"/>
					<Vertex X="60984" Y="23464" Z="0"/>
					<Vertex X="61043" Y="23345" Z="0"/>
					<Vertex X="61103" Y="23226" Z="0"/>
					<Vertex X="61182" Y="23127" Z="0"/>
					<Vertex X="61251" Y="23008" Z="0"/>
					<Vertex X="61331" Y="22909" Z="0"/>
					<Vertex X="61390" Y="22809" Z="0"/>
					<Vertex X="61459" Y="22710" Z="0"/>
					<Vertex X="61519" Y="22601" Z="0"/>
					<Vertex X="61578" Y="22512" Z="0"/>
					<Vertex X="61628" Y="22413" Z="0"/>
					<Vertex X="61697" Y="22304" Z="0"/>
					<Vertex X="61747" Y="22244" Z="0"/>
					<Vertex X="61816" Y="22165" Z="0"/>
					<Vertex X="61896" Y="22086" Z="0"/>
					<Vertex X="61985" Y="21987" Z="0"/>
					<Vertex X="62054" Y="21907" Z="0"/>
					<Vertex X="62054" Y="21897" Z="0"/>
					<Vertex X="62510" Y="21352" Z="0"/>
					<Vertex X="62689" Y="21075" Z="0"/>
					<Vertex X="62748" Y="20956" Z="0"/>
					<Vertex X="62818" Y="20837" Z="0"/>
					<Vertex X="62857" Y="20718" Z="0"/>
					<Vertex X="62897" Y="20619" Z="0"/>
					<Vertex X="62937" Y="20529" Z="0"/>
					<Vertex X="62986" Y="20361" Z="0"/>
					<Vertex X="63016" Y="20242" Z="0"/>
					<Vertex X="63046" Y="20153" Z="0"/>
					<Vertex X="63095" Y="19974" Z="0"/>
					<Vertex X="63135" Y="19835" Z="0"/>
					<Vertex X="63165" Y="19746" Z="0"/>
					<Vertex X="63204" Y="19627" Z="0"/>
					<Vertex X="63244" Y="19508" Z="0"/>
					<Vertex X="63274" Y="19389" Z="0"/>
					<Vertex X="63303" Y="19280" Z="0"/>
					<Vertex X="63353" Y="19152" Z="0"/>
					<Vertex X="63363" Y="19062" Z="0"/>
					<Vertex X="63373" Y="18943" Z="0"/>
					<Vertex X="63412" Y="18834" Z="0"/>
					<Vertex X="63422" Y="18686" Z="0"/>
					<Vertex X="63452" Y="18527" Z="0"/>
					<Vertex X="63462" Y="18378" Z="0"/>
					<Vertex X="63482" Y="18230" Z="0"/>
					<Vertex X="63492" Y="18051" Z="0"/>
					<Vertex X="63512" Y="17873" Z="0"/>
					<Vertex X="63512" Y="17694" Z="0"/>
					<Vertex X="63482" Y="17516" Z="0"/>
					<Vertex X="63462" Y="17328" Z="0"/>
					<Vertex X="63432" Y="17129" Z="0"/>
					<Vertex X="63422" Y="17010" Z="0"/>
					<Vertex X="63373" Y="16822" Z="0"/>
					<Vertex X="63333" Y="16624" Z="0"/>
					<Vertex X="63303" Y="16495" Z="0"/>
					<Vertex X="63274" Y="16316" Z="0"/>
					<Vertex X="63214" Y="16088" Z="0"/>
					<Vertex X="63184" Y="15989" Z="0"/>
					<Vertex X="63165" Y="15851" Z="0"/>
					<Vertex X="63155" Y="15732" Z="0"/>
					<Vertex X="63165" Y="15672" Z="0"/>
					<Vertex X="63214" Y="15583" Z="0"/>
					<Vertex X="63313" Y="15533" Z="0"/>
					<Vertex X="63422" Y="15484" Z="0"/>
					<Vertex X="63512" Y="15464" Z="0"/>
					<Vertex X="63631" Y="15464" Z="0"/>
					<Vertex X="63749" Y="15464" Z="0"/>
					<Vertex X="63878" Y="15464" Z="0"/>
					<Vertex X="63958" Y="15494" Z="0"/>
					<Vertex X="64047" Y="15573" Z="0"/>
					<Vertex X="64116" Y="15662" Z="0"/>
					<Vertex X="64176" Y="15761" Z="0"/>
					<Vertex X="64205" Y="15900" Z="0"/>
					<Vertex X="64255" Y="15989" Z="0"/>
					<Vertex X="64285" Y="16118" Z="0"/>
					<Vertex X="64324" Y="16267" Z="0"/>
					<Vertex X="64354" Y="16416" Z="0"/>
					<Vertex X="64354" Y="16584" Z="0"/>
					<Vertex X="64354" Y="16743" Z="0"/>
					<Vertex X="64354" Y="16911" Z="0"/>
					<Vertex X="64344" Y="17030" Z="0"/>
					<Vertex X="64324" Y="17189" Z="0"/>
					<Vertex X="64314" Y="17357" Z="0"/>
					<Vertex X="64314" Y="17516" Z="0"/>
					<Vertex X="64314" Y="17665" Z="0"/>
					<Vertex X="64324" Y="17803" Z="0"/>
					<Vertex X="64344" Y="17922" Z="0"/>
					<Vertex X="64374" Y="18041" Z="0"/>
					<Vertex X="64404" Y="18101" Z="0"/>
					<Vertex X="64453" Y="18190" Z="0"/>
					<Vertex X="64503" Y="18259" Z="0"/>
					<Vertex X="64572" Y="18319" Z="0"/>
					<Vertex X="64642" Y="18388" Z="0"/>
					<Vertex X="64721" Y="18428" Z="0"/>
					<Vertex X="64820" Y="18458" Z="0"/>
					<Vertex X="64909" Y="18487" Z="0"/>
					<Vertex X="65008" Y="18487" Z="0"/>
					<Vertex X="65088" Y="18497" Z="0"/>
					<Vertex X="65207" Y="18487" Z="0"/>
					<Vertex X="65375" Y="18448" Z="0"/>
					<Vertex X="65494" Y="18388" Z="0"/>
					<Vertex X="65573" Y="18319" Z="0"/>
					<Vertex X="65673" Y="18249" Z="0"/>
					<Vertex X="65762" Y="18121" Z="0"/>
					<Vertex X="65831" Y="18002" Z="0"/>
					<Vertex X="65861" Y="17922" Z="0"/>
					<Vertex X="65910" Y="17744" Z="0"/>
					<Vertex X="65940" Y="17605" Z="0"/>
					<Vertex X="65950" Y="17476" Z="0"/>
					<Vertex X="65970" Y="17377" Z="0"/>
					<Vertex X="65980" Y="17209" Z="0"/>
					<Vertex X="65980" Y="17060" Z="0"/>
					<Vertex X="65980" Y="16891" Z="0"/>
					<Vertex X="65980" Y="16743" Z="0"/>
					<Vertex X="65980" Y="16624" Z="0"/>
					<Vertex X="65980" Y="16465" Z="0"/>
					<Vertex X="65980" Y="16297" Z="0"/>
					<Vertex X="66010" Y="16148" Z="0"/>
					<Vertex X="66049" Y="16029" Z="0"/>
					<Vertex X="66129" Y="15930" Z="0"/>
					<Vertex X="66198" Y="15870" Z="0"/>
					<Vertex X="66287" Y="15841" Z="0"/>
					<Vertex X="66396" Y="15841" Z="0"/>
					<Vertex X="66515" Y="15851" Z="0"/>
					<Vertex X="66634" Y="15900" Z="0"/>
					<Vertex X="66713" Y="15930" Z="0"/>
					<Vertex X="66812" Y="15989" Z="0"/>
					<Vertex X="66902" Y="16069" Z="0"/>
					<Vertex X="66981" Y="16148" Z="0"/>
					<Vertex X="67031" Y="16287" Z="0"/>
					<Vertex X="67050" Y="16356" Z="0"/>
					<Vertex X="67080" Y="16485" Z="0"/>
					<Vertex X="67090" Y="16594" Z="0"/>
					<Vertex X="67130" Y="16703" Z="0"/>
					<Vertex X="67140" Y="16812" Z="0"/>
					<Vertex X="67150" Y="16911" Z="0"/>
					<Vertex X="67169" Y="17000" Z="0"/>
					<Vertex X="67179" Y="17060" Z="0"/>
					<Vertex X="67209" Y="17129" Z="0"/>
					<Vertex X="67249" Y="17238" Z="0"/>
					<Vertex X="67259" Y="17347" Z="0"/>
					<Vertex X="67288" Y="17427" Z="0"/>
					<Vertex X="67318" Y="17536" Z="0"/>
					<Vertex X="67338" Y="17645" Z="0"/>
					<Vertex X="67358" Y="17744" Z="0"/>
					<Vertex X="67397" Y="17863" Z="0"/>
					<Vertex X="67417" Y="17982" Z="0"/>
					<Vertex X="67437" Y="18101" Z="0"/>
					<Vertex X="67467" Y="18200" Z="0"/>
					<Vertex X="67496" Y="18309" Z="0"/>
					<Vertex X="67526" Y="18398" Z="0"/>
					<Vertex X="67556" Y="18497" Z="0"/>
					<Vertex X="67606" Y="18606" Z="0"/>
					<Vertex X="67695" Y="18705" Z="0"/>
					<Vertex X="67744" Y="18795" Z="0"/>
					<Vertex X="67824" Y="18874" Z="0"/>
					<Vertex X="67893" Y="18933" Z="0"/>
					<Vertex X="67972" Y="18973" Z="0"/>
					<Vertex X="68062" Y="19003" Z="0"/>
					<Vertex X="68151" Y="19033" Z="0"/>
					<Vertex X="68240" Y="19033" Z="0"/>
					<Vertex X="68329" Y="19023" Z="0"/>
					<Vertex X="68418" Y="18993" Z="0"/>
					<Vertex X="68547" Y="18933" Z="0"/>
					<Vertex X="68646" Y="18854" Z="0"/>
					<Vertex X="68736" Y="18765" Z="0"/>
					<Vertex X="68815" Y="18666" Z="0"/>
					<Vertex X="68924" Y="18567" Z="0"/>
					<Vertex X="69013" Y="18448" Z="0"/>
					<Vertex X="69152" Y="18279" Z="0"/>
					<Vertex X="69251" Y="18150" Z="0"/>
					<Vertex X="69350" Y="18031" Z="0"/>
					<Vertex X="69489" Y="17922" Z="0"/>
					<Vertex X="69638" Y="17833" Z="0"/>
					<Vertex X="69856" Y="17754" Z="0"/>
					<Vertex X="70014" Y="17744" Z="0"/>
					<Vertex X="70232" Y="17754" Z="0"/>
					<Vertex X="70421" Y="17774" Z="0"/>
					<Vertex X="70599" Y="17833" Z="0"/>
					<Vertex X="70778" Y="17893" Z="0"/>
					<Vertex X="71016" Y="18002" Z="0"/>
					<Vertex X="71184" Y="18101" Z="0"/>
					<Vertex X="71353" Y="18200" Z="0"/>
					<Vertex X="71521" Y="18388" Z="0"/>
					<Vertex X="71630" Y="18517" Z="0"/>
					<Vertex X="71729" Y="18666" Z="0"/>
					<Vertex X="71809" Y="18814" Z="0"/>
					<Vertex X="71898" Y="19003" Z="0"/>
					<Vertex X="71937" Y="19142" Z="0"/>
					<Vertex X="71987" Y="19330" Z="0"/>
					<Vertex X="72017" Y="19479" Z="0"/>
					<Vertex X="72056" Y="19617" Z="0"/>
					<Vertex X="72106" Y="19746" Z="0"/>
					<Vertex X="72195" Y="19915" Z="0"/>
					<Vertex X="72265" Y="20034" Z="0"/>
					<Vertex X="72354" Y="20153" Z="0"/>
					<Vertex X="72443" Y="20252" Z="0"/>
					<Vertex X="72611" Y="20410" Z="0"/>
					<Vertex X="72730" Y="20510" Z="0"/>
					<Vertex X="72859" Y="20619" Z="0"/>
					<Vertex X="73067" Y="20747" Z="0"/>
					<Vertex X="73216" Y="20857" Z="0"/>
					<Vertex X="73444" Y="20975" Z="0"/>
					<Vertex X="73623" Y="21075" Z="0"/>
					<Vertex X="73781" Y="21154" Z="0"/>
					<Vertex X="73979" Y="21273" Z="0"/>
					<Vertex X="74128" Y="21322" Z="0"/>
					<Vertex X="74336" Y="21422" Z="0"/>
					<Vertex X="74435" Y="21500" Z="0"/>
					<Vertex X="75258" Y="21649" Z="0"/>
					<Vertex X="75853" Y="21708" Z="0"/>
					<Vertex X="76091" Y="21718" Z="0"/>
					<Vertex X="76428" Y="21748" Z="0"/>
					<Vertex X="76685" Y="21768" Z="0"/>
					<Vertex X="76933" Y="21798" Z="0"/>
					<Vertex X="77260" Y="21827" Z="0"/>
					<Vertex X="77498" Y="21837" Z="0"/>
					<Vertex X="77835" Y="21857" Z="0"/>
					<Vertex X="78063" Y="21867" Z="0"/>
					<Vertex X="78301" Y="21887" Z="0"/>
					<Vertex X="78539" Y="21897" Z="0"/>
					<Vertex X="78866" Y="21927" Z="0"/>
					<Vertex X="79104" Y="21946" Z="0"/>
					<Vertex X="79362" Y="21966" Z="0"/>
					<Vertex X="79699" Y="21976" Z="0"/>
					<Vertex X="79937" Y="21996" Z="0"/>
					<Vertex X="80195" Y="22016" Z="0"/>
					<Vertex X="80433" Y="22036" Z="0"/>
					<Vertex X="80670" Y="22055" Z="0"/>
					<Vertex X="80978" Y="22095" Z="0"/>
					<Vertex X="81235" Y="22115" Z="0"/>
					<Vertex X="81483" Y="22145" Z="0"/>
					<Vertex X="81830" Y="22164" Z="0"/>
					<Vertex X="82078" Y="22184" Z="0"/>
					<Vertex X="82336" Y="22204" Z="0"/>
					<Vertex X="82584" Y="22214" Z="0"/>
					<Vertex X="82901" Y="22224" Z="0"/>
					<Vertex X="83119" Y="22244" Z="0"/>
					<Vertex X="83347" Y="22264" Z="0"/>
					<Vertex X="83644" Y="22274" Z="0"/>
					<Vertex X="83862" Y="22274" Z="0"/>
					<Vertex X="84090" Y="22274" Z="0"/>
					<Vertex X="84308" Y="22293" Z="0"/>
					<Vertex X="84636" Y="22274" Z="0"/>
					<Vertex X="84864" Y="22264" Z="0"/>
					<Vertex X="85191" Y="22264" Z="0"/>
					<Vertex X="85438" Y="22264" Z="0"/>
					<Vertex X="85676" Y="22244" Z="0"/>
					<Vertex X="85914" Y="22244" Z="0"/>
					<Vertex X="86102" Y="22412" Z="0"/>
					<Vertex X="86925" Y="22412" Z="0"/>
					<Vertex X="87312" Y="22462" Z="0"/>
					<Vertex X="87490" Y="22462" Z="0"/>
					<Vertex X="87728" Y="22492" Z="0"/>
					<Vertex X="87897" Y="22521" Z="0"/>
					<Vertex X="88045" Y="22551" Z="0"/>
					<Vertex X="88194" Y="22601" Z="0"/>
					<Vertex X="88333" Y="22640" Z="0"/>
					<Vertex X="88561" Y="22710" Z="0"/>
					<Vertex X="88789" Y="22799" Z="0"/>
					<Vertex X="88947" Y="22878" Z="0"/>
					<Vertex X="89126" Y="22948" Z="0"/>
					<Vertex X="89324" Y="23027" Z="0"/>
					<Vertex X="89562" Y="23146" Z="0"/>
					<Vertex X="89750" Y="23235" Z="0"/>
					<Vertex X="89939" Y="23324" Z="0"/>
					<Vertex X="90157" Y="23394" Z="0"/>
					<Vertex X="90474" Y="23503" Z="0"/>
					<Vertex X="90712" Y="23572" Z="0"/>
					<Vertex X="91039" Y="23661" Z="0"/>
					<Vertex X="91277" Y="23711" Z="0"/>
					<Vertex X="91505" Y="23770" Z="0"/>
					<Vertex X="91951" Y="23919" Z="0"/>
					<Vertex X="92248" Y="24028" Z="0"/>
					<Vertex X="92516" Y="24137" Z="0"/>
					<Vertex X="92694" Y="24246" Z="0"/>
					<Vertex X="92932" Y="24365" Z="0"/>
					<Vertex X="93111" Y="24464" Z="0"/>
					<Vertex X="93279" Y="24573" Z="0"/>
					<Vertex X="93438" Y="24663" Z="0"/>
					<Vertex X="93606" Y="24762" Z="0"/>
					<Vertex X="93815" Y="24900" Z="0"/>
					<Vertex X="93943" Y="24990" Z="0"/>
					<Vertex X="94092" Y="25079" Z="0"/>
					<Vertex X="94221" Y="25168" Z="0"/>
					<Vertex X="94380" Y="25257" Z="0"/>
					<Vertex X="94518" Y="25347" Z="0"/>
					<Vertex X="94677" Y="25426" Z="0"/>
					<Vertex X="94875" Y="25525" Z="0"/>
					<Vertex X="95044" Y="25584" Z="0"/>
					<Vertex X="95202" Y="25624" Z="0"/>
					<Vertex X="95371" Y="25684" Z="0"/>
					<Vertex X="95490" Y="25743" Z="0"/>
					<Vertex X="95520" Y="25773" Z="0"/>
					<Vertex X="95500" Y="25793" Z="0"/>
					<Vertex X="96055" Y="26328" Z="0"/>
					<Vertex X="96233" Y="26576" Z="0"/>
					<Vertex X="96332" Y="26774" Z="0"/>
					<Vertex X="96422" Y="26943" Z="0"/>
					<Vertex X="96511" Y="27102" Z="0"/>
					<Vertex X="96600" Y="27260" Z="0"/>
					<Vertex X="96679" Y="27429" Z="0"/>
					<Vertex X="96769" Y="27607" Z="0"/>
					<Vertex X="96868" Y="27766" Z="0"/>
					<Vertex X="96977" Y="27954" Z="0"/>
					<Vertex X="97076" Y="28113" Z="0"/>
					<Vertex X="97185" Y="28271" Z="0"/>
					<Vertex X="97304" Y="28440" Z="0"/>
					<Vertex X="97423" Y="28588" Z="0"/>
					<Vertex X="97552" Y="28737" Z="0"/>
					<Vertex X="97691" Y="28866" Z="0"/>
					<Vertex X="97829" Y="29015" Z="0"/>
					<Vertex X="97948" Y="29154" Z="0"/>
					<Vertex X="98077" Y="29272" Z="0"/>
					<Vertex X="98216" Y="29391" Z="0"/>
					<Vertex X="98365" Y="29481" Z="0"/>
					<Vertex X="98493" Y="29570" Z="0"/>
					<Vertex X="98672" Y="29679" Z="0"/>
					<Vertex X="98821" Y="29738" Z="0"/>
					<Vertex X="98920" Y="29778" Z="0"/>
					<Vertex X="99078" Y="29828" Z="0"/>
					<Vertex X="99267" Y="29897" Z="0"/>
					<Vertex X="99435" Y="29947" Z="0"/>
					<Vertex X="99584" Y="29986" Z="0"/>
					<Vertex X="99723" Y="30046" Z="0"/>
					<Vertex X="99881" Y="30095" Z="0"/>
					<Vertex X="100050" Y="30145" Z="0"/>
					<Vertex X="100198" Y="30204" Z="0"/>
					<Vertex X="100367" Y="30244" Z="0"/>
					<Vertex X="100516" Y="30284" Z="0"/>
					<Vertex X="100664" Y="30313" Z="0"/>
					<Vertex X="100664" Y="30352" Z="0"/>
					<Vertex X="101477" Y="30233" Z="0"/>
					<Vertex X="102012" Y="30095" Z="0"/>
					<Vertex X="102121" Y="30065" Z="0"/>
					<Vertex X="102280" Y="30025" Z="0"/>
					<Vertex X="102448" Y="29966" Z="0"/>
					<Vertex X="102607" Y="29906" Z="0"/>
					<Vertex X="102785" Y="29847" Z="0"/>
					<Vertex X="102894" Y="29787" Z="0"/>
					<Vertex X="103073" Y="29708" Z="0"/>
					<Vertex X="103251" Y="29639" Z="0"/>
					<Vertex X="103459" Y="29549" Z="0"/>
					<Vertex X="103668" Y="29431" Z="0"/>
					<Vertex X="103797" Y="29341" Z="0"/>
					<Vertex X="103995" Y="29203" Z="0"/>
					<Vertex X="104173" Y="29074" Z="0"/>
					<Vertex X="104332" Y="28935" Z="0"/>
					<Vertex X="104480" Y="28786" Z="0"/>
					<Vertex X="104570" Y="28697" Z="0"/>
					<Vertex X="104679" Y="28568" Z="0"/>
					<Vertex X="104778" Y="28469" Z="0"/>
					<Vertex X="104887" Y="28390" Z="0"/>
					<Vertex X="105006" Y="28350" Z="0"/>
					<Vertex X="105155" Y="28300" Z="0"/>
					<Vertex X="105333" Y="28251" Z="0"/>
					<Vertex X="105452" Y="28221" Z="0"/>
					<Vertex X="105660" Y="28191" Z="0"/>
					<Vertex X="105878" Y="28162" Z="0"/>
					<Vertex X="106047" Y="28152" Z="0"/>
					<Vertex X="106384" Y="28132" Z="0"/>
					<Vertex X="106562" Y="28132" Z="0"/>
					<Vertex X="106830" Y="28132" Z="0"/>
					<Vertex X="107097" Y="28152" Z="0"/>
					<Vertex X="107365" Y="28162" Z="0"/>
					<Vertex X="107544" Y="28182" Z="0"/>
					<Vertex X="107801" Y="28211" Z="0"/>
					<Vertex X="108049" Y="28251" Z="0"/>
					<Vertex X="108307" Y="28300" Z="0"/>
					<Vertex X="108545" Y="28350" Z="0"/>
					<Vertex X="108773" Y="28400" Z="0"/>
					<Vertex X="108911" Y="28439" Z="0"/>
					<Vertex X="109110" Y="28509" Z="0"/>
					<Vertex X="109308" Y="28578" Z="0"/>
					<Vertex X="109486" Y="28637" Z="0"/>
					<Vertex X="109586" Y="28687" Z="0"/>
					<Vertex X="109714" Y="28747" Z="0"/>
					<Vertex X="109843" Y="28806" Z="0"/>
					<Vertex X="109952" Y="28865" Z="0"/>
					<Vertex X="110061" Y="28925" Z="0"/>
					<Vertex X="110131" Y="28955" Z="0"/>
					<Vertex X="110190" Y="28994" Z="0"/>
					<Vertex X="110220" Y="29024" Z="0"/>
					<Vertex X="110250" Y="29054" Z="0"/>
					<Vertex X="110289" Y="29103" Z="0"/>
					<Vertex X="110319" Y="29163" Z="0"/>
					<Vertex X="110349" Y="29222" Z="0"/>
					<Vertex X="110359" Y="29252" Z="0"/>
					<Vertex X="110379" Y="29312" Z="0"/>
					<Vertex X="110388" Y="29381" Z="0"/>
					<Vertex X="110398" Y="29431" Z="0"/>
					<Vertex X="110418" Y="29520" Z="0"/>
					<Vertex X="110438" Y="29559" Z="0"/>
					<Vertex X="110458" Y="29639" Z="0"/>
					<Vertex X="110478" Y="29728" Z="0"/>
					<Vertex X="110478" Y="29817" Z="0"/>
					<Vertex X="110478" Y="29877" Z="0"/>
					<Vertex X="110478" Y="29976" Z="0"/>
					<Vertex X="110488" Y="30035" Z="0"/>
					<Vertex X="110488" Y="30114" Z="0"/>
					<Vertex X="110507" Y="30233" Z="0"/>
					<Vertex X="110488" Y="30303" Z="0"/>
					<Vertex X="110488" Y="30372" Z="0"/>
					<Vertex X="110488" Y="30461" Z="0"/>
					<Vertex X="110488" Y="30541" Z="0"/>
					<Vertex X="110488" Y="30650" Z="0"/>
					<Vertex X="110507" Y="30759" Z="0"/>
					<Vertex X="110537" Y="30858" Z="0"/>
					<Vertex X="110567" Y="30947" Z="0"/>
					<Vertex X="110626" Y="31026" Z="0"/>
					<Vertex X="110686" Y="31096" Z="0"/>
					<Vertex X="110745" Y="31155" Z="0"/>
					<Vertex X="110825" Y="31205" Z="0"/>
					<Vertex X="110924" Y="31245" Z="0"/>
					<Vertex X="111013" Y="31274" Z="0"/>
					<Vertex X="111092" Y="31304" Z="0"/>
					<Vertex X="111152" Y="31324" Z="0"/>
					<Vertex X="111271" Y="31354" Z="0"/>
					<Vertex X="111320" Y="31354" Z="0"/>
					<Vertex X="111419" Y="31373" Z="0"/>
					<Vertex X="111469" Y="31393" Z="0"/>
					<Vertex X="111578" Y="31403" Z="0"/>
					<Vertex X="111717" Y="31453" Z="0"/>
					<Vertex X="111826" Y="31473" Z="0"/>
					<Vertex X="111905" Y="31482" Z="0"/>
					<Vertex X="112024" Y="31492" Z="0"/>
					<Vertex X="112153" Y="31512" Z="0"/>
					<Vertex X="112232" Y="31522" Z="0"/>
					<Vertex X="112381" Y="31542" Z="0"/>
					<Vertex X="112460" Y="31542" Z="0"/>
					<Vertex X="112589" Y="31552" Z="0"/>
					<Vertex X="112688" Y="31552" Z="0"/>
					<Vertex X="112797" Y="31552" Z="0"/>
					<Vertex X="112916" Y="31552" Z="0"/>
					<Vertex X="113025" Y="31552" Z="0"/>
					<Vertex X="113154" Y="31542" Z="0"/>
					<Vertex X="113224" Y="31542" Z="0"/>
					<Vertex X="113323" Y="31522" Z="0"/>
					<Vertex X="113392" Y="31512" Z="0"/>
					<Vertex X="113461" Y="31512" Z="0"/>
					<Vertex X="113511" Y="31482" Z="0"/>
					<Vertex X="113541" Y="31473" Z="0"/>
					<Vertex X="113561" Y="31453" Z="0"/>
					<Vertex X="113590" Y="31423" Z="0"/>
					<Vertex X="113600" Y="31373" Z="0"/>
					<Vertex X="113620" Y="31354" Z="0"/>
					<Vertex X="113640" Y="31304" Z="0"/>
					<Vertex X="113680" Y="31264" Z="0"/>
					<Vertex X="113699" Y="31225" Z="0"/>
					<Vertex X="113749" Y="31185" Z="0"/>
					<Vertex X="113779" Y="31136" Z="0"/>
					<Vertex X="113818" Y="31096" Z="0"/>
					<Vertex X="113858" Y="31036" Z="0"/>
					<Vertex X="113868" Y="31007" Z="0"/>
					<Vertex X="113898" Y="30957" Z="0"/>
					<Vertex X="113927" Y="30917" Z="0"/>
					<Vertex X="113937" Y="30878" Z="0"/>
					<Vertex X="113957" Y="30828" Z="0"/>
					<Vertex X="113967" Y="30769" Z="0"/>
					<Vertex X="113967" Y="30709" Z="0"/>
					<Vertex X="113967" Y="30650" Z="0"/>
					<Vertex X="113967" Y="30590" Z="0"/>
					<Vertex X="113957" Y="30511" Z="0"/>
					<Vertex X="113927" Y="30432" Z="0"/>
					<Vertex X="113898" Y="30333" Z="0"/>
					<Vertex X="113888" Y="30263" Z="0"/>
					<Vertex X="113858" Y="30154" Z="0"/>
					<Vertex X="113808" Y="30035" Z="0"/>
					<Vertex X="113759" Y="29906" Z="0"/>
					<Vertex X="113719" Y="29777" Z="0"/>
					<Vertex X="113680" Y="29659" Z="0"/>
					<Vertex X="113640" Y="29549" Z="0"/>
					<Vertex X="113620" Y="29411" Z="0"/>
					<Vertex X="113590" Y="29282" Z="0"/>
					<Vertex X="113561" Y="29133" Z="0"/>
					<Vertex X="113531" Y="28994" Z="0"/>
					<Vertex X="113511" Y="28865" Z="0"/>
					<Vertex X="113491" Y="28786" Z="0"/>
					<Vertex X="113461" Y="28657" Z="0"/>
					<Vertex X="113452" Y="28538" Z="0"/>
					<Vertex X="113432" Y="28419" Z="0"/>
					<Vertex X="113412" Y="28300" Z="0"/>
					<Vertex X="113392" Y="28182" Z="0"/>
					<Vertex X="113362" Y="28082" Z="0"/>
					<Vertex X="113333" Y="27954" Z="0"/>
					<Vertex X="113323" Y="27874" Z="0"/>
					<Vertex X="113273" Y="27706" Z="0"/>
					<Vertex X="113243" Y="27587" Z="0"/>
					<Vertex X="113214" Y="27458" Z="0"/>
					<Vertex X="113184" Y="27319" Z="0"/>
					<Vertex X="113154" Y="27180" Z="0"/>
					<Vertex X="113124" Y="27051" Z="0"/>
					<Vertex X="113085" Y="26913" Z="0"/>
					<Vertex X="113065" Y="26814" Z="0"/>
					<Vertex X="113035" Y="26685" Z="0"/>
					<Vertex X="113005" Y="26536" Z="0"/>
					<Vertex X="112976" Y="26387" Z="0"/>
					<Vertex X="112946" Y="26239" Z="0"/>
					<Vertex X="112926" Y="26130" Z="0"/>
					<Vertex X="112896" Y="25981" Z="0"/>
					<Vertex X="112857" Y="25832" Z="0"/>
					<Vertex X="112827" Y="25683" Z="0"/>
					<Vertex X="112797" Y="25535" Z="0"/>
					<Vertex X="112758" Y="25376" Z="0"/>
					<Vertex X="112708" Y="25218" Z="0"/>
					<Vertex X="112659" Y="25059" Z="0"/>
					<Vertex X="112619" Y="24890" Z="0"/>
					<Vertex X="112569" Y="24732" Z="0"/>
					<Vertex X="112540" Y="24613" Z="0"/>
					<Vertex X="112480" Y="24444" Z="0"/>
					<Vertex X="112421" Y="24266" Z="0"/>
					<Vertex X="112381" Y="24088" Z="0"/>
					<Vertex X="112321" Y="23929" Z="0"/>
					<Vertex X="112272" Y="23760" Z="0"/>
					<Vertex X="112212" Y="23582" Z="0"/>
					<Vertex X="112143" Y="23404" Z="0"/>
					<Vertex X="112084" Y="23245" Z="0"/>
					<Vertex X="112004" Y="23076" Z="0"/>
					<Vertex X="111945" Y="22918" Z="0"/>
					<Vertex X="111885" Y="22749" Z="0"/>
					<Vertex X="111846" Y="22591" Z="0"/>
					<Vertex X="111816" Y="22482" Z="0"/>
					<Vertex X="111786" Y="22353" Z="0"/>
					<Vertex X="111756" Y="22204" Z="0"/>
					<Vertex X="111737" Y="22125" Z="0"/>
					<Vertex X="111707" Y="22095" Z="0"/>
					<Vertex X="111797" Y="22086" Z="0"/>
					<Vertex X="111717" Y="21421" Z="0"/>
					<Vertex X="111717" Y="20975" Z="0"/>
					<Vertex X="111698" Y="20727" Z="0"/>
					<Vertex X="111698" Y="20509" Z="0"/>
					<Vertex X="111698" Y="20321" Z="0"/>
					<Vertex X="111688" Y="20143" Z="0"/>
					<Vertex X="111678" Y="19905" Z="0"/>
					<Vertex X="111658" Y="19756" Z="0"/>
					<Vertex X="111638" Y="19587" Z="0"/>
					<Vertex X="111618" Y="19389" Z="0"/>
					<Vertex X="111588" Y="19250" Z="0"/>
					<Vertex X="111559" Y="19102" Z="0"/>
					<Vertex X="111539" Y="18943" Z="0"/>
					<Vertex X="111489" Y="18745" Z="0"/>
					<Vertex X="111460" Y="18586" Z="0"/>
					<Vertex X="111450" Y="18418" Z="0"/>
					<Vertex X="111430" Y="18249" Z="0"/>
					<Vertex X="111410" Y="18011" Z="0"/>
					<Vertex X="111370" Y="17912" Z="0"/>
					<Vertex X="111351" Y="17694" Z="0"/>
					<Vertex X="111321" Y="17526" Z="0"/>
					<Vertex X="111291" Y="17347" Z="0"/>
					<Vertex X="111271" Y="17179" Z="0"/>
					<Vertex X="111222" Y="16961" Z="0"/>
					<Vertex X="111192" Y="16792" Z="0"/>
					<Vertex X="111162" Y="16653" Z="0"/>
					<Vertex X="111142" Y="16425" Z="0"/>
					<Vertex X="111123" Y="16267" Z="0"/>
					<Vertex X="111093" Y="16118" Z="0"/>
					<Vertex X="111053" Y="15920" Z="0"/>
					<Vertex X="111033" Y="15771" Z="0"/>
					<Vertex X="111004" Y="15622" Z="0"/>
					<Vertex X="110974" Y="15474" Z="0"/>
					<Vertex X="110924" Y="15285" Z="0"/>
					<Vertex X="110895" Y="15147" Z="0"/>
					<Vertex X="110855" Y="14968" Z="0"/>
					<Vertex X="110825" Y="14849" Z="0"/>
					<Vertex X="110815" Y="14730" Z="0"/>
					<Vertex X="110766" Y="14582" Z="0"/>
					<Vertex X="110736" Y="14463" Z="0"/>
					<Vertex X="110686" Y="14314" Z="0"/>
					<Vertex X="110657" Y="14205" Z="0"/>
					<Vertex X="110617" Y="14106" Z="0"/>
					<Vertex X="110587" Y="13997" Z="0"/>
					<Vertex X="110538" Y="13907" Z="0"/>
					<Vertex X="110498" Y="13838" Z="0"/>
					<Vertex X="110449" Y="13759" Z="0"/>
					<Vertex X="110409" Y="13699" Z="0"/>
					<Vertex X="110349" Y="13660" Z="0"/>
					<Vertex X="110290" Y="13630" Z="0"/>
					<Vertex X="110211" Y="13610" Z="0"/>
					<Vertex X="110151" Y="13600" Z="0"/>
					<Vertex X="110062" Y="13600" Z="0"/>
					<Vertex X="109993" Y="13580" Z="0"/>
					<Vertex X="109913" Y="13600" Z="0"/>
					<Vertex X="109824" Y="13610" Z="0"/>
					<Vertex X="109735" Y="13630" Z="0"/>
					<Vertex X="109636" Y="13660" Z="0"/>
					<Vertex X="109546" Y="13689" Z="0"/>
					<Vertex X="109408" Y="13729" Z="0"/>
					<Vertex X="109309" Y="13779" Z="0"/>
					<Vertex X="109200" Y="13838" Z="0"/>
					<Vertex X="109081" Y="13888" Z="0"/>
					<Vertex X="108922" Y="13957" Z="0"/>
					<Vertex X="108803" Y="14017" Z="0"/>
					<Vertex X="108664" Y="14086" Z="0"/>
					<Vertex X="108516" Y="14165" Z="0"/>
					<Vertex X="108327" Y="14264" Z="0"/>
					<Vertex X="108179" Y="14354" Z="0"/>
					<Vertex X="108030" Y="14463" Z="0"/>
					<Vertex X="107822" Y="14591" Z="0"/>
					<Vertex X="107673" Y="14681" Z="0"/>
					<Vertex X="107534" Y="14790" Z="0"/>
					<Vertex X="107346" Y="14909" Z="0"/>
					<Vertex X="107257" Y="14978" Z="0"/>
					<Vertex X="107118" Y="15067" Z="0"/>
					<Vertex X="106959" Y="15186" Z="0"/>
					<Vertex X="106811" Y="15305" Z="0"/>
					<Vertex X="106701" Y="15365" Z="0"/>
					<Vertex X="106602" Y="15414" Z="0"/>
					<Vertex X="106483" Y="15444" Z="0"/>
					<Vertex X="106394" Y="15414" Z="0"/>
					<Vertex X="106335" Y="15355" Z="0"/>
					<Vertex X="106246" Y="15266" Z="0"/>
					<Vertex X="106156" Y="15176" Z="0"/>
					<Vertex X="106077" Y="15087" Z="0"/>
					<Vertex X="105958" Y="14978" Z="0"/>
					<Vertex X="105869" Y="14909" Z="0"/>
					<Vertex X="105780" Y="14849" Z="0"/>
					<Vertex X="105680" Y="14790" Z="0"/>
					<Vertex X="105542" Y="14710" Z="0"/>
					<Vertex X="105413" Y="14681" Z="0"/>
					<Vertex X="105274" Y="14651" Z="0"/>
					<Vertex X="105125" Y="14641" Z="0"/>
					<Vertex X="104977" Y="14641" Z="0"/>
					<Vertex X="104769" Y="14651" Z="0"/>
					<Vertex X="104590" Y="14671" Z="0"/>
					<Vertex X="104412" Y="14710" Z="0"/>
					<Vertex X="104174" Y="14770" Z="0"/>
					<Vertex X="103936" Y="14849" Z="0"/>
					<Vertex X="103777" Y="14909" Z="0"/>
					<Vertex X="103609" Y="14968" Z="0"/>
					<Vertex X="103371" Y="15038" Z="0"/>
					<Vertex X="103222" Y="15097" Z="0"/>
					<Vertex X="103073" Y="15156" Z="0"/>
					<Vertex X="102865" Y="15216" Z="0"/>
					<Vertex X="102677" Y="15295" Z="0"/>
					<Vertex X="102588" Y="15305" Z="0"/>
					<Vertex X="102409" Y="15355" Z="0"/>
					<Vertex X="102270" Y="15355" Z="0"/>
					<Vertex X="102171" Y="15355" Z="0"/>
					<Vertex X="102062" Y="15335" Z="0"/>
					<Vertex X="101933" Y="15275" Z="0"/>
					<Vertex X="101844" Y="15216" Z="0"/>
					<Vertex X="101765" Y="15147" Z="0"/>
					<Vertex X="101705" Y="15038" Z="0"/>
					<Vertex X="101646" Y="14938" Z="0"/>
					<Vertex X="101587" Y="14829" Z="0"/>
					<Vertex X="101557" Y="14710" Z="0"/>
					<Vertex X="101547" Y="14532" Z="0"/>
					<Vertex X="101557" Y="14403" Z="0"/>
					<Vertex X="101577" Y="14284" Z="0"/>
					<Vertex X="101616" Y="14165" Z="0"/>
					<Vertex X="101696" Y="13997" Z="0"/>
					<Vertex X="101735" Y="13888" Z="0"/>
					<Vertex X="101815" Y="13729" Z="0"/>
					<Vertex X="101844" Y="13610" Z="0"/>
					<Vertex X="101884" Y="13451" Z="0"/>
					<Vertex X="101904" Y="13303" Z="0"/>
					<Vertex X="101914" Y="13184" Z="0"/>
					<Vertex X="101904" Y="13045" Z="0"/>
					<Vertex X="101884" Y="12946" Z="0"/>
					<Vertex X="101854" Y="12797" Z="0"/>
					<Vertex X="101815" Y="12708" Z="0"/>
					<Vertex X="101755" Y="12629" Z="0"/>
					<Vertex X="101676" Y="12569" Z="0"/>
					<Vertex X="101557" Y="12500" Z="0"/>
					<Vertex X="101468" Y="12450" Z="0"/>
					<Vertex X="101368" Y="12421" Z="0"/>
					<Vertex X="101249" Y="12381" Z="0"/>
					<Vertex X="101170" Y="12351" Z="0"/>
					<Vertex X="101071" Y="12302" Z="0"/>
					<Vertex X="101021" Y="12272" Z="0"/>
					<Vertex X="100982" Y="12242" Z="0"/>
					<Vertex X="100871" Y="12367" Z="0"/>
				</Vertices>
			</Region>
		</Regions>
		<Plots/>
	</Annotation>
</Annotations>
