<Annotations MicronsPerPixel="0.252200">
	<Annotation Id="1" Name="" ReadOnly="0" NameReadOnly="0" LineColorReadOnly="0" Incremental="0" Type="4" LineColor="16776960" Visible="1" Selected="1" MarkupImagePath="" MacroName="">
		<Attributes/>
		<Regions>
			<RegionAttributeHeaders>
				<AttributeHeader Id="9999" Name="Region" ColumnWidth="-1"/>
				<AttributeHeader Id="9997" Name="Length" ColumnWidth="-1"/>
				<AttributeHeader Id="9996" Name="Area" ColumnWidth="-1"/>
				<AttributeHeader Id="9998" Name="Text" ColumnWidth="-1"/>
			</RegionAttributeHeaders>
			<Region Id="1" Type="0" Zoom="0.100000" Selected="0" ImageLocation="" ImageFocus="-1" Length="24363.0" Area="31837986.0" LengthMicrons="6144.4" AreaMicrons="2025050.0" Text="" NegativeROA="0" InputRegionId="0" Analyze="1" DisplayId="1">
				<Attributes/>
				<Vertices>
					<Vertex X="74475" Y="37897" Z="0"/>
					<Vertex X="73732" Y="37619" Z="0"/>
					<Vertex X="73583" Y="37570" Z="0"/>
					<Vertex X="73513" Y="37560" Z="0"/>
					<Vertex X="73434" Y="37560" Z="0"/>
					<Vertex X="73375" Y="37540" Z="0"/>
					<Vertex X="73305" Y="37540" Z="0"/>
					<Vertex X="73226" Y="37560" Z="0"/>
					<Vertex X="73166" Y="37560" Z="0"/>
					<Vertex X="73097" Y="37570" Z="0"/>
					<Vertex X="73018" Y="37590" Z="0"/>
					<Vertex X="72938" Y="37590" Z="0"/>
					<Vertex X="72869" Y="37610" Z="0"/>
					<Vertex X="72810" Y="37610" Z="0"/>
					<Vertex X="72750" Y="37610" Z="0"/>
					<Vertex X="72661" Y="37570" Z="0"/>
					<Vertex X="72611" Y="37540" Z="0"/>
					<Vertex X="72592" Y="37540" Z="0"/>
					<Vertex X="72532" Y="37491" Z="0"/>
					<Vertex X="72502" Y="37451" Z="0"/>
					<Vertex X="72483" Y="37421" Z="0"/>
					<Vertex X="72453" Y="37382" Z="0"/>
					<Vertex X="72423" Y="37332" Z="0"/>
					<Vertex X="72403" Y="37312" Z="0"/>
					<Vertex X="72373" Y="37243" Z="0"/>
					<Vertex X="72364" Y="37213" Z="0"/>
					<Vertex X="72344" Y="37173" Z="0"/>
					<Vertex X="72324" Y="37124" Z="0"/>
					<Vertex X="72304" Y="37094" Z="0"/>
					<Vertex X="72274" Y="37064" Z="0"/>
					<Vertex X="72245" Y="37045" Z="0"/>
					<Vertex X="72215" Y="37015" Z="0"/>
					<Vertex X="72175" Y="36995" Z="0"/>
					<Vertex X="72126" Y="36965" Z="0"/>
					<Vertex X="72076" Y="36945" Z="0"/>
					<Vertex X="72027" Y="36916" Z="0"/>
					<Vertex X="71967" Y="36906" Z="0"/>
					<Vertex X="71908" Y="36886" Z="0"/>
					<Vertex X="71838" Y="36886" Z="0"/>
					<Vertex X="71769" Y="36886" Z="0"/>
					<Vertex X="71680" Y="36876" Z="0"/>
					<Vertex X="71600" Y="36886" Z="0"/>
					<Vertex X="71521" Y="36886" Z="0"/>
					<Vertex X="71432" Y="36886" Z="0"/>
					<Vertex X="71352" Y="36906" Z="0"/>
					<Vertex X="71263" Y="36916" Z="0"/>
					<Vertex X="71184" Y="36945" Z="0"/>
					<Vertex X="71115" Y="36965" Z="0"/>
					<Vertex X="71025" Y="36995" Z="0"/>
					<Vertex X="70966" Y="37025" Z="0"/>
					<Vertex X="70906" Y="37054" Z="0"/>
					<Vertex X="70847" Y="37084" Z="0"/>
					<Vertex X="70787" Y="37114" Z="0"/>
					<Vertex X="70738" Y="37163" Z="0"/>
					<Vertex X="70698" Y="37203" Z="0"/>
					<Vertex X="70649" Y="37233" Z="0"/>
					<Vertex X="70619" Y="37263" Z="0"/>
					<Vertex X="70589" Y="37292" Z="0"/>
					<Vertex X="70559" Y="37312" Z="0"/>
					<Vertex X="70520" Y="37322" Z="0"/>
					<Vertex X="70470" Y="37332" Z="0"/>
					<Vertex X="70431" Y="37352" Z="0"/>
					<Vertex X="70381" Y="37352" Z="0"/>
					<Vertex X="70322" Y="37362" Z="0"/>
					<Vertex X="70272" Y="37362" Z="0"/>
					<Vertex X="70193" Y="37362" Z="0"/>
					<Vertex X="70113" Y="37362" Z="0"/>
					<Vertex X="70054" Y="37362" Z="0"/>
					<Vertex X="70014" Y="37362" Z="0"/>
					<Vertex X="69935" Y="37362" Z="0"/>
					<Vertex X="69875" Y="37352" Z="0"/>
					<Vertex X="69776" Y="37322" Z="0"/>
					<Vertex X="69717" Y="37312" Z="0"/>
					<Vertex X="69667" Y="37272" Z="0"/>
					<Vertex X="69628" Y="37243" Z="0"/>
					<Vertex X="69578" Y="37213" Z="0"/>
					<Vertex X="69538" Y="37173" Z="0"/>
					<Vertex X="69519" Y="37163" Z="0"/>
					<Vertex X="69509" Y="37124" Z="0"/>
					<Vertex X="69479" Y="37094" Z="0"/>
					<Vertex X="69469" Y="37054" Z="0"/>
					<Vertex X="69469" Y="37045" Z="0"/>
					<Vertex X="69469" Y="37015" Z="0"/>
					<Vertex X="69449" Y="36975" Z="0"/>
					<Vertex X="69429" Y="36945" Z="0"/>
					<Vertex X="69419" Y="36916" Z="0"/>
					<Vertex X="69400" Y="36886" Z="0"/>
					<Vertex X="69370" Y="36876" Z="0"/>
					<Vertex X="69330" Y="36826" Z="0"/>
					<Vertex X="69271" Y="36817" Z="0"/>
					<Vertex X="69211" Y="36797" Z="0"/>
					<Vertex X="69132" Y="36787" Z="0"/>
					<Vertex X="69043" Y="36787" Z="0"/>
					<Vertex X="68954" Y="36787" Z="0"/>
					<Vertex X="68864" Y="36787" Z="0"/>
					<Vertex X="68825" Y="36787" Z="0"/>
					<Vertex X="68686" Y="36787" Z="0"/>
					<Vertex X="68587" Y="36787" Z="0"/>
					<Vertex X="68498" Y="36797" Z="0"/>
					<Vertex X="68448" Y="36797" Z="0"/>
					<Vertex X="68359" Y="36817" Z="0"/>
					<Vertex X="68270" Y="36817" Z="0"/>
					<Vertex X="68141" Y="36846" Z="0"/>
					<Vertex X="68091" Y="36846" Z="0"/>
					<Vertex X="68002" Y="36856" Z="0"/>
					<Vertex X="67933" Y="36876" Z="0"/>
					<Vertex X="67843" Y="36886" Z="0"/>
					<Vertex X="67754" Y="36906" Z="0"/>
					<Vertex X="67665" Y="36916" Z="0"/>
					<Vertex X="67576" Y="36935" Z="0"/>
					<Vertex X="67486" Y="36945" Z="0"/>
					<Vertex X="67397" Y="36965" Z="0"/>
					<Vertex X="67308" Y="36975" Z="0"/>
					<Vertex X="67199" Y="37005" Z="0"/>
					<Vertex X="67100" Y="37025" Z="0"/>
					<Vertex X="67011" Y="37054" Z="0"/>
					<Vertex X="66921" Y="37084" Z="0"/>
					<Vertex X="66773" Y="37144" Z="0"/>
					<Vertex X="66684" Y="37183" Z="0"/>
					<Vertex X="66594" Y="37243" Z="0"/>
					<Vertex X="66485" Y="37292" Z="0"/>
					<Vertex X="66396" Y="37332" Z="0"/>
					<Vertex X="66297" Y="37391" Z="0"/>
					<Vertex X="66208" Y="37441" Z="0"/>
					<Vertex X="66099" Y="37510" Z="0"/>
					<Vertex X="66059" Y="37540" Z="0"/>
					<Vertex X="65910" Y="37629" Z="0"/>
					<Vertex X="65801" Y="37689" Z="0"/>
					<Vertex X="65702" Y="37768" Z="0"/>
					<Vertex X="65643" Y="37798" Z="0"/>
					<Vertex X="65534" Y="37867" Z="0"/>
					<Vertex X="65444" Y="37947" Z="0"/>
					<Vertex X="65355" Y="38036" Z="0"/>
					<Vertex X="65266" Y="38105" Z="0"/>
					<Vertex X="65197" Y="38184" Z="0"/>
					<Vertex X="65107" Y="38264" Z="0"/>
					<Vertex X="65048" Y="38333" Z="0"/>
					<Vertex X="64969" Y="38422" Z="0"/>
					<Vertex X="64929" Y="38492" Z="0"/>
					<Vertex X="64870" Y="38571" Z="0"/>
					<Vertex X="64840" Y="38631" Z="0"/>
					<Vertex X="64790" Y="38690" Z="0"/>
					<Vertex X="64760" Y="38759" Z="0"/>
					<Vertex X="64731" Y="38819" Z="0"/>
					<Vertex X="64701" Y="38888" Z="0"/>
					<Vertex X="64671" Y="38938" Z="0"/>
					<Vertex X="64661" Y="38987" Z="0"/>
					<Vertex X="64642" Y="39047" Z="0"/>
					<Vertex X="64632" Y="39106" Z="0"/>
					<Vertex X="64632" Y="39166" Z="0"/>
					<Vertex X="64632" Y="39225" Z="0"/>
					<Vertex X="64632" Y="39295" Z="0"/>
					<Vertex X="64642" Y="39374" Z="0"/>
					<Vertex X="64661" Y="39453" Z="0"/>
					<Vertex X="64671" Y="39523" Z="0"/>
					<Vertex X="64701" Y="39602" Z="0"/>
					<Vertex X="64751" Y="39652" Z="0"/>
					<Vertex X="64790" Y="39751" Z="0"/>
					<Vertex X="64850" Y="39820" Z="0"/>
					<Vertex X="64909" Y="39899" Z="0"/>
					<Vertex X="65018" Y="39999" Z="0"/>
					<Vertex X="65088" Y="40058" Z="0"/>
					<Vertex X="65167" Y="40117" Z="0"/>
					<Vertex X="65207" Y="40147" Z="0"/>
					<Vertex X="65345" Y="40217" Z="0"/>
					<Vertex X="65435" Y="40246" Z="0"/>
					<Vertex X="65534" Y="40276" Z="0"/>
					<Vertex X="65623" Y="40296" Z="0"/>
					<Vertex X="65732" Y="40326" Z="0"/>
					<Vertex X="65821" Y="40326" Z="0"/>
					<Vertex X="65920" Y="40345" Z="0"/>
					<Vertex X="66029" Y="40345" Z="0"/>
					<Vertex X="66119" Y="40345" Z="0"/>
					<Vertex X="66218" Y="40345" Z="0"/>
					<Vertex X="66327" Y="40345" Z="0"/>
					<Vertex X="66426" Y="40326" Z="0"/>
					<Vertex X="66535" Y="40326" Z="0"/>
					<Vertex X="66624" Y="40345" Z="0"/>
					<Vertex X="66723" Y="40355" Z="0"/>
					<Vertex X="66812" Y="40385" Z="0"/>
					<Vertex X="66892" Y="40415" Z="0"/>
					<Vertex X="66981" Y="40445" Z="0"/>
					<Vertex X="67060" Y="40494" Z="0"/>
					<Vertex X="67140" Y="40514" Z="0"/>
					<Vertex X="67199" Y="40564" Z="0"/>
					<Vertex X="67278" Y="40623" Z="0"/>
					<Vertex X="67348" Y="40663" Z="0"/>
					<Vertex X="67407" Y="40722" Z="0"/>
					<Vertex X="67467" Y="40772" Z="0"/>
					<Vertex X="67516" Y="40811" Z="0"/>
					<Vertex X="67576" Y="40861" Z="0"/>
					<Vertex X="67615" Y="40901" Z="0"/>
					<Vertex X="67665" Y="40950" Z="0"/>
					<Vertex X="67714" Y="40990" Z="0"/>
					<Vertex X="67754" Y="41039" Z="0"/>
					<Vertex X="67794" Y="41079" Z="0"/>
					<Vertex X="67843" Y="41099" Z="0"/>
					<Vertex X="67883" Y="41129" Z="0"/>
					<Vertex X="67933" Y="41158" Z="0"/>
					<Vertex X="67982" Y="41188" Z="0"/>
					<Vertex X="68032" Y="41198" Z="0"/>
					<Vertex X="68081" Y="41238" Z="0"/>
					<Vertex X="68131" Y="41248" Z="0"/>
					<Vertex X="68170" Y="41277" Z="0"/>
					<Vertex X="68230" Y="41287" Z="0"/>
					<Vertex X="68289" Y="41307" Z="0"/>
					<Vertex X="68359" Y="41317" Z="0"/>
					<Vertex X="68438" Y="41337" Z="0"/>
					<Vertex X="68517" Y="41337" Z="0"/>
					<Vertex X="68587" Y="41317" Z="0"/>
					<Vertex X="68666" Y="41307" Z="0"/>
					<Vertex X="68745" Y="41287" Z="0"/>
					<Vertex X="68825" Y="41257" Z="0"/>
					<Vertex X="68894" Y="41238" Z="0"/>
					<Vertex X="68983" Y="41198" Z="0"/>
					<Vertex X="69073" Y="41168" Z="0"/>
					<Vertex X="69152" Y="41158" Z="0"/>
					<Vertex X="69251" Y="41129" Z="0"/>
					<Vertex X="69330" Y="41129" Z="0"/>
					<Vertex X="69400" Y="41129" Z="0"/>
					<Vertex X="69479" Y="41129" Z="0"/>
					<Vertex X="69548" Y="41138" Z="0"/>
					<Vertex X="69628" Y="41168" Z="0"/>
					<Vertex X="69697" Y="41188" Z="0"/>
					<Vertex X="69786" Y="41198" Z="0"/>
					<Vertex X="69875" Y="41238" Z="0"/>
					<Vertex X="69955" Y="41248" Z="0"/>
					<Vertex X="70044" Y="41248" Z="0"/>
					<Vertex X="70163" Y="41257" Z="0"/>
					<Vertex X="70252" Y="41257" Z="0"/>
					<Vertex X="70341" Y="41248" Z="0"/>
					<Vertex X="70431" Y="41238" Z="0"/>
					<Vertex X="70520" Y="41198" Z="0"/>
					<Vertex X="70609" Y="41168" Z="0"/>
					<Vertex X="70708" Y="41129" Z="0"/>
					<Vertex X="70807" Y="41079" Z="0"/>
					<Vertex X="70956" Y="41010" Z="0"/>
					<Vertex X="71025" Y="40950" Z="0"/>
					<Vertex X="71115" Y="40891" Z="0"/>
					<Vertex X="71204" Y="40841" Z="0"/>
					<Vertex X="71283" Y="40792" Z="0"/>
					<Vertex X="71343" Y="40742" Z="0"/>
					<Vertex X="71412" Y="40692" Z="0"/>
					<Vertex X="71471" Y="40653" Z="0"/>
					<Vertex X="71551" Y="40603" Z="0"/>
					<Vertex X="71600" Y="40573" Z="0"/>
					<Vertex X="71709" Y="40544" Z="0"/>
					<Vertex X="71769" Y="40534" Z="0"/>
					<Vertex X="71838" Y="40534" Z="0"/>
					<Vertex X="71908" Y="40534" Z="0"/>
					<Vertex X="71967" Y="40534" Z="0"/>
					<Vertex X="72036" Y="40544" Z="0"/>
					<Vertex X="72106" Y="40544" Z="0"/>
					<Vertex X="72205" Y="40544" Z="0"/>
					<Vertex X="72274" Y="40544" Z="0"/>
					<Vertex X="72373" Y="40534" Z="0"/>
					<Vertex X="72473" Y="40514" Z="0"/>
					<Vertex X="72562" Y="40494" Z="0"/>
					<Vertex X="72691" Y="40454" Z="0"/>
					<Vertex X="72780" Y="40425" Z="0"/>
					<Vertex X="72869" Y="40385" Z="0"/>
					<Vertex X="72958" Y="40355" Z="0"/>
					<Vertex X="73048" Y="40296" Z="0"/>
					<Vertex X="73127" Y="40246" Z="0"/>
					<Vertex X="73176" Y="40207" Z="0"/>
					<Vertex X="73226" Y="40177" Z="0"/>
					<Vertex X="73285" Y="40127" Z="0"/>
					<Vertex X="73345" Y="40068" Z="0"/>
					<Vertex X="73404" Y="40028" Z="0"/>
					<Vertex X="73464" Y="39979" Z="0"/>
					<Vertex X="73513" Y="39919" Z="0"/>
					<Vertex X="73553" Y="39880" Z="0"/>
					<Vertex X="73603" Y="39830" Z="0"/>
					<Vertex X="73642" Y="39790" Z="0"/>
					<Vertex X="73682" Y="39751" Z="0"/>
					<Vertex X="73712" Y="39701" Z="0"/>
					<Vertex X="73732" Y="39652" Z="0"/>
					<Vertex X="73741" Y="39602" Z="0"/>
					<Vertex X="73761" Y="39552" Z="0"/>
					<Vertex X="73791" Y="39483" Z="0"/>
					<Vertex X="73791" Y="39463" Z="0"/>
					<Vertex X="73811" Y="39414" Z="0"/>
					<Vertex X="73841" Y="39344" Z="0"/>
					<Vertex X="73850" Y="39315" Z="0"/>
					<Vertex X="73870" Y="39285" Z="0"/>
					<Vertex X="73890" Y="39255" Z="0"/>
					<Vertex X="73930" Y="39245" Z="0"/>
					<Vertex X="73950" Y="39225" Z="0"/>
					<Vertex X="73999" Y="39205" Z="0"/>
					<Vertex X="74049" Y="39196" Z="0"/>
					<Vertex X="74088" Y="39186" Z="0"/>
					<Vertex X="74148" Y="39156" Z="0"/>
					<Vertex X="74197" Y="39106" Z="0"/>
					<Vertex X="74237" Y="39057" Z="0"/>
					<Vertex X="74277" Y="39017" Z="0"/>
					<Vertex X="74316" Y="38968" Z="0"/>
					<Vertex X="74346" Y="38928" Z="0"/>
					<Vertex X="74376" Y="38868" Z="0"/>
					<Vertex X="74386" Y="38789" Z="0"/>
					<Vertex X="74406" Y="38740" Z="0"/>
					<Vertex X="74406" Y="38670" Z="0"/>
					<Vertex X="74415" Y="38631" Z="0"/>
					<Vertex X="74415" Y="38601" Z="0"/>
					<Vertex X="74415" Y="38571" Z="0"/>
					<Vertex X="74415" Y="38522" Z="0"/>
					<Vertex X="74415" Y="38502" Z="0"/>
					<Vertex X="74425" Y="38462" Z="0"/>
					<Vertex X="74425" Y="38432" Z="0"/>
					<Vertex X="74425" Y="38422" Z="0"/>
					<Vertex X="74425" Y="38393" Z="0"/>
					<Vertex X="74425" Y="38373" Z="0"/>
					<Vertex X="74445" Y="38343" Z="0"/>
					<Vertex X="74445" Y="38313" Z="0"/>
					<Vertex X="74445" Y="38303" Z="0"/>
					<Vertex X="74445" Y="38274" Z="0"/>
					<Vertex X="74445" Y="38244" Z="0"/>
					<Vertex X="74445" Y="38214" Z="0"/>
					<Vertex X="74465" Y="38184" Z="0"/>
					<Vertex X="74465" Y="38165" Z="0"/>
					<Vertex X="74465" Y="38145" Z="0"/>
					<Vertex X="74465" Y="38125" Z="0"/>
					<Vertex X="74465" Y="38095" Z="0"/>
					<Vertex X="74465" Y="38075" Z="0"/>
					<Vertex X="74475" Y="38066" Z="0"/>
					<Vertex X="74475" Y="38056" Z="0"/>
					<Vertex X="74475" Y="38036" Z="0"/>
					<Vertex X="74475" Y="38016" Z="0"/>
					<Vertex X="74475" Y="38006" Z="0"/>
					<Vertex X="74475" Y="37996" Z="0"/>
					<Vertex X="74485" Y="37996" Z="0"/>
					<Vertex X="74485" Y="37976" Z="0"/>
					<Vertex X="74485" Y="37966" Z="0"/>
					<Vertex X="74485" Y="37947" Z="0"/>
					<Vertex X="74485" Y="37927" Z="0"/>
					<Vertex X="74505" Y="37927" Z="0"/>
					<Vertex X="74475" Y="37897" Z="0"/>
				</Vertices>
			</Region>
			<Region Id="2" Type="0" Zoom="0.015389" Selected="1" ImageLocation="" ImageFocus="-1" Length="149732.2" Area="645441494.5" LengthMicrons="37762.5" AreaMicrons="41053203.0" Text="" NegativeROA="0" InputRegionId="0" Analyze="1" DisplayId="2">
				<Attributes/>
				<Vertices>
					<Vertex X="86055" Y="80517" Z="0"/>
					<Vertex X="85706" Y="80630" Z="0"/>
					<Vertex X="84219" Y="80095" Z="0"/>
					<Vertex X="83862" Y="80036" Z="0"/>
					<Vertex X="83743" Y="80036" Z="0"/>
					<Vertex X="83506" Y="79996" Z="0"/>
					<Vertex X="83347" Y="79976" Z="0"/>
					<Vertex X="83089" Y="79936" Z="0"/>
					<Vertex X="82950" Y="79936" Z="0"/>
					<Vertex X="82713" Y="79917" Z="0"/>
					<Vertex X="82534" Y="79897" Z="0"/>
					<Vertex X="82316" Y="79897" Z="0"/>
					<Vertex X="82177" Y="79857" Z="0"/>
					<Vertex X="81939" Y="79857" Z="0"/>
					<Vertex X="81801" Y="79817" Z="0"/>
					<Vertex X="81602" Y="79798" Z="0"/>
					<Vertex X="81483" Y="79798" Z="0"/>
					<Vertex X="81305" Y="79758" Z="0"/>
					<Vertex X="81206" Y="79758" Z="0"/>
					<Vertex X="81067" Y="79738" Z="0"/>
					<Vertex X="80948" Y="79738" Z="0"/>
					<Vertex X="80829" Y="79738" Z="0"/>
					<Vertex X="80671" Y="79738" Z="0"/>
					<Vertex X="80591" Y="79738" Z="0"/>
					<Vertex X="80452" Y="79699" Z="0"/>
					<Vertex X="80353" Y="79699" Z="0"/>
					<Vertex X="80175" Y="79699" Z="0"/>
					<Vertex X="80076" Y="79699" Z="0"/>
					<Vertex X="79937" Y="79699" Z="0"/>
					<Vertex X="79858" Y="79699" Z="0"/>
					<Vertex X="79659" Y="79699" Z="0"/>
					<Vertex X="79521" Y="79699" Z="0"/>
					<Vertex X="79402" Y="79699" Z="0"/>
					<Vertex X="79283" Y="79679" Z="0"/>
					<Vertex X="79164" Y="79679" Z="0"/>
					<Vertex X="79005" Y="79679" Z="0"/>
					<Vertex X="78926" Y="79679" Z="0"/>
					<Vertex X="78807" Y="79699" Z="0"/>
					<Vertex X="78728" Y="79699" Z="0"/>
					<Vertex X="78589" Y="79699" Z="0"/>
					<Vertex X="78510" Y="79699" Z="0"/>
					<Vertex X="78371" Y="79699" Z="0"/>
					<Vertex X="78272" Y="79738" Z="0"/>
					<Vertex X="78153" Y="79738" Z="0"/>
					<Vertex X="78054" Y="79738" Z="0"/>
					<Vertex X="77954" Y="79738" Z="0"/>
					<Vertex X="77855" Y="79758" Z="0"/>
					<Vertex X="77736" Y="79758" Z="0"/>
					<Vertex X="77617" Y="79758" Z="0"/>
					<Vertex X="77558" Y="79758" Z="0"/>
					<Vertex X="77439" Y="79798" Z="0"/>
					<Vertex X="77379" Y="79798" Z="0"/>
					<Vertex X="77300" Y="79798" Z="0"/>
					<Vertex X="77201" Y="79798" Z="0"/>
					<Vertex X="77082" Y="79798" Z="0"/>
					<Vertex X="77003" Y="79817" Z="0"/>
					<Vertex X="76884" Y="79817" Z="0"/>
					<Vertex X="76765" Y="79817" Z="0"/>
					<Vertex X="76567" Y="79857" Z="0"/>
					<Vertex X="76468" Y="79857" Z="0"/>
					<Vertex X="76269" Y="79897" Z="0"/>
					<Vertex X="76190" Y="79897" Z="0"/>
					<Vertex X="76091" Y="79917" Z="0"/>
					<Vertex X="75952" Y="79917" Z="0"/>
					<Vertex X="75793" Y="79936" Z="0"/>
					<Vertex X="75714" Y="79936" Z="0"/>
					<Vertex X="75556" Y="79976" Z="0"/>
					<Vertex X="75476" Y="79976" Z="0"/>
					<Vertex X="75357" Y="79996" Z="0"/>
					<Vertex X="75258" Y="80036" Z="0"/>
					<Vertex X="75179" Y="80055" Z="0"/>
					<Vertex X="75080" Y="80095" Z="0"/>
					<Vertex X="75000" Y="80115" Z="0"/>
					<Vertex X="74941" Y="80154" Z="0"/>
					<Vertex X="74862" Y="80194" Z="0"/>
					<Vertex X="74822" Y="80214" Z="0"/>
					<Vertex X="74723" Y="80273" Z="0"/>
					<Vertex X="74663" Y="80293" Z="0"/>
					<Vertex X="74584" Y="80333" Z="0"/>
					<Vertex X="74525" Y="80353" Z="0"/>
					<Vertex X="74425" Y="80412" Z="0"/>
					<Vertex X="74366" Y="80452" Z="0"/>
					<Vertex X="74287" Y="80492" Z="0"/>
					<Vertex X="74247" Y="80492" Z="0"/>
					<Vertex X="74168" Y="80511" Z="0"/>
					<Vertex X="74128" Y="80551" Z="0"/>
					<Vertex X="74049" Y="80571" Z="0"/>
					<Vertex X="73989" Y="80591" Z="0"/>
					<Vertex X="73890" Y="80650" Z="0"/>
					<Vertex X="73831" Y="80690" Z="0"/>
					<Vertex X="73712" Y="80710" Z="0"/>
					<Vertex X="73632" Y="80789" Z="0"/>
					<Vertex X="73533" Y="80829" Z="0"/>
					<Vertex X="73414" Y="80888" Z="0"/>
					<Vertex X="73276" Y="80987" Z="0"/>
					<Vertex X="73176" Y="81007" Z="0"/>
					<Vertex X="73058" Y="81086" Z="0"/>
					<Vertex X="72978" Y="81126" Z="0"/>
					<Vertex X="72879" Y="81185" Z="0"/>
					<Vertex X="72760" Y="81285" Z="0"/>
					<Vertex X="72720" Y="81304" Z="0"/>
					<Vertex X="72641" Y="81404" Z="0"/>
					<Vertex X="72621" Y="81483" Z="0"/>
					<Vertex X="72621" Y="81542" Z="0"/>
					<Vertex X="72621" Y="81582" Z="0"/>
					<Vertex X="72658" Y="81676" Z="0"/>
					<Vertex X="72529" Y="81741" Z="0"/>
					<Vertex X="72464" Y="81934" Z="0"/>
					<Vertex X="72271" Y="82063" Z="0"/>
					<Vertex X="72207" Y="82127" Z="0"/>
					<Vertex X="72013" Y="82320" Z="0"/>
					<Vertex X="71885" Y="82449" Z="0"/>
					<Vertex X="71563" Y="82642" Z="0"/>
					<Vertex X="71498" Y="82707" Z="0"/>
					<Vertex X="71434" Y="82836" Z="0"/>
					<Vertex X="71240" Y="82900" Z="0"/>
					<Vertex X="71112" Y="83029" Z="0"/>
					<Vertex X="71047" Y="83093" Z="0"/>
					<Vertex X="70854" Y="83222" Z="0"/>
					<Vertex X="70725" Y="83351" Z="0"/>
					<Vertex X="70596" Y="83415" Z="0"/>
					<Vertex X="70339" Y="83480" Z="0"/>
					<Vertex X="70339" Y="83609" Z="0"/>
					<Vertex X="70145" Y="83673" Z="0"/>
					<Vertex X="69952" Y="83673" Z="0"/>
					<Vertex X="69759" Y="83673" Z="0"/>
					<Vertex X="69695" Y="83673" Z="0"/>
					<Vertex X="69501" Y="83802" Z="0"/>
					<Vertex X="69179" Y="83802" Z="0"/>
					<Vertex X="69115" Y="83673" Z="0"/>
					<Vertex X="68986" Y="83673" Z="0"/>
					<Vertex X="68793" Y="83609" Z="0"/>
					<Vertex X="68728" Y="83480" Z="0"/>
					<Vertex X="68471" Y="83351" Z="0"/>
					<Vertex X="68406" Y="83222" Z="0"/>
					<Vertex X="68342" Y="83093" Z="0"/>
					<Vertex X="68084" Y="82900" Z="0"/>
					<Vertex X="68020" Y="82836" Z="0"/>
					<Vertex X="67891" Y="82707" Z="0"/>
					<Vertex X="67827" Y="82642" Z="0"/>
					<Vertex X="67633" Y="82449" Z="0"/>
					<Vertex X="67505" Y="82320" Z="0"/>
					<Vertex X="67440" Y="82256" Z="0"/>
					<Vertex X="67376" Y="82127" Z="0"/>
					<Vertex X="67118" Y="82063" Z="0"/>
					<Vertex X="67054" Y="81934" Z="0"/>
					<Vertex X="66860" Y="81741" Z="0"/>
					<Vertex X="66667" Y="81741" Z="0"/>
					<Vertex X="66603" Y="81676" Z="0"/>
					<Vertex X="66345" Y="81547" Z="0"/>
					<Vertex X="66281" Y="81483" Z="0"/>
					<Vertex X="66087" Y="81419" Z="0"/>
					<Vertex X="65894" Y="81290" Z="0"/>
					<Vertex X="65701" Y="81290" Z="0"/>
					<Vertex X="65508" Y="81161" Z="0"/>
					<Vertex X="65186" Y="81097" Z="0"/>
					<Vertex X="64992" Y="80968" Z="0"/>
					<Vertex X="64864" Y="80968" Z="0"/>
					<Vertex X="64542" Y="80903" Z="0"/>
					<Vertex X="64348" Y="80903" Z="0"/>
					<Vertex X="64155" Y="80903" Z="0"/>
					<Vertex X="63833" Y="80774" Z="0"/>
					<Vertex X="63640" Y="80774" Z="0"/>
					<Vertex X="63446" Y="80774" Z="0"/>
					<Vertex X="63189" Y="80774" Z="0"/>
					<Vertex X="62996" Y="80774" Z="0"/>
					<Vertex X="62802" Y="80774" Z="0"/>
					<Vertex X="62609" Y="80774" Z="0"/>
					<Vertex X="62416" Y="80774" Z="0"/>
					<Vertex X="62223" Y="80774" Z="0"/>
					<Vertex X="62029" Y="80774" Z="0"/>
					<Vertex X="61707" Y="80774" Z="0"/>
					<Vertex X="61450" Y="80774" Z="0"/>
					<Vertex X="61256" Y="80903" Z="0"/>
					<Vertex X="61063" Y="80903" Z="0"/>
					<Vertex X="60870" Y="80903" Z="0"/>
					<Vertex X="60677" Y="80968" Z="0"/>
					<Vertex X="60483" Y="80968" Z="0"/>
					<Vertex X="60290" Y="80968" Z="0"/>
					<Vertex X="60097" Y="80968" Z="0"/>
					<Vertex X="60111" Y="81027" Z="0"/>
					<Vertex X="58485" Y="80829" Z="0"/>
					<Vertex X="58069" Y="80789" Z="0"/>
					<Vertex X="57950" Y="80789" Z="0"/>
					<Vertex X="57692" Y="80789" Z="0"/>
					<Vertex X="57474" Y="80789" Z="0"/>
					<Vertex X="57316" Y="80829" Z="0"/>
					<Vertex X="57078" Y="80849" Z="0"/>
					<Vertex X="56939" Y="80849" Z="0"/>
					<Vertex X="56721" Y="80908" Z="0"/>
					<Vertex X="56562" Y="80928" Z="0"/>
					<Vertex X="56324" Y="80988" Z="0"/>
					<Vertex X="56126" Y="81047" Z="0"/>
					<Vertex X="55928" Y="81127" Z="0"/>
					<Vertex X="55769" Y="81146" Z="0"/>
					<Vertex X="55591" Y="81206" Z="0"/>
					<Vertex X="55472" Y="81265" Z="0"/>
					<Vertex X="55254" Y="81325" Z="0"/>
					<Vertex X="55095" Y="81424" Z="0"/>
					<Vertex X="54956" Y="81464" Z="0"/>
					<Vertex X="54798" Y="81563" Z="0"/>
					<Vertex X="54699" Y="81622" Z="0"/>
					<Vertex X="54520" Y="81721" Z="0"/>
					<Vertex X="54401" Y="81761" Z="0"/>
					<Vertex X="54223" Y="81860" Z="0"/>
					<Vertex X="54104" Y="81939" Z="0"/>
					<Vertex X="53926" Y="82039" Z="0"/>
					<Vertex X="53727" Y="82177" Z="0"/>
					<Vertex X="53509" Y="82316" Z="0"/>
					<Vertex X="53390" Y="82356" Z="0"/>
					<Vertex X="53192" Y="82475" Z="0"/>
					<Vertex X="53053" Y="82534" Z="0"/>
					<Vertex X="52895" Y="82653" Z="0"/>
					<Vertex X="52796" Y="82752" Z="0"/>
					<Vertex X="52617" Y="82871" Z="0"/>
					<Vertex X="52498" Y="82950" Z="0"/>
					<Vertex X="52320" Y="83089" Z="0"/>
					<Vertex X="52141" Y="83208" Z="0"/>
					<Vertex X="52022" Y="83248" Z="0"/>
					<Vertex X="51844" Y="83406" Z="0"/>
					<Vertex X="51725" Y="83506" Z="0"/>
					<Vertex X="51566" Y="83625" Z="0"/>
					<Vertex X="51388" Y="83704" Z="0"/>
					<Vertex X="51309" Y="83763" Z="0"/>
					<Vertex X="51130" Y="83882" Z="0"/>
					<Vertex X="51031" Y="83942" Z="0"/>
					<Vertex X="50853" Y="84061" Z="0"/>
					<Vertex X="50773" Y="84120" Z="0"/>
					<Vertex X="50615" Y="84239" Z="0"/>
					<Vertex X="50535" Y="84279" Z="0"/>
					<Vertex X="50377" Y="84358" Z="0"/>
					<Vertex X="50258" Y="84437" Z="0"/>
					<Vertex X="50179" Y="84517" Z="0"/>
					<Vertex X="50060" Y="84596" Z="0"/>
					<Vertex X="50000" Y="84655" Z="0"/>
					<Vertex X="49921" Y="84715" Z="0"/>
					<Vertex X="49822" Y="84774" Z="0"/>
					<Vertex X="49723" Y="84854" Z="0"/>
					<Vertex X="49643" Y="84913" Z="0"/>
					<Vertex X="49584" Y="84953" Z="0"/>
					<Vertex X="49465" Y="85012" Z="0"/>
					<Vertex X="49386" Y="85111" Z="0"/>
					<Vertex X="49306" Y="85131" Z="0"/>
					<Vertex X="49247" Y="85191" Z="0"/>
					<Vertex X="49187" Y="85211" Z="0"/>
					<Vertex X="49148" Y="85250" Z="0"/>
					<Vertex X="49068" Y="85290" Z="0"/>
					<Vertex X="49048" Y="85310" Z="0"/>
					<Vertex X="48989" Y="85310" Z="0"/>
					<Vertex X="48930" Y="85330" Z="0"/>
					<Vertex X="48870" Y="85369" Z="0"/>
					<Vertex X="48850" Y="85369" Z="0"/>
					<Vertex X="48771" Y="85409" Z="0"/>
					<Vertex X="48711" Y="85409" Z="0"/>
					<Vertex X="48652" Y="85429" Z="0"/>
					<Vertex X="48632" Y="85429" Z="0"/>
					<Vertex X="48573" Y="85429" Z="0"/>
					<Vertex X="48533" Y="85429" Z="0"/>
					<Vertex X="48474" Y="85429" Z="0"/>
					<Vertex X="48414" Y="85429" Z="0"/>
					<Vertex X="48355" Y="85429" Z="0"/>
					<Vertex X="48275" Y="85429" Z="0"/>
					<Vertex X="48216" Y="85429" Z="0"/>
					<Vertex X="48117" Y="85429" Z="0"/>
					<Vertex X="48077" Y="85429" Z="0"/>
					<Vertex X="47998" Y="85429" Z="0"/>
					<Vertex X="47918" Y="85429" Z="0"/>
					<Vertex X="47859" Y="85429" Z="0"/>
					<Vertex X="47799" Y="85409" Z="0"/>
					<Vertex X="47700" Y="85409" Z="0"/>
					<Vertex X="47621" Y="85369" Z="0"/>
					<Vertex X="47562" Y="85369" Z="0"/>
					<Vertex X="47502" Y="85330" Z="0"/>
					<Vertex X="47403" Y="85290" Z="0"/>
					<Vertex X="47324" Y="85211" Z="0"/>
					<Vertex X="47264" Y="85191" Z="0"/>
					<Vertex X="47205" Y="85131" Z="0"/>
					<Vertex X="47145" Y="85032" Z="0"/>
					<Vertex X="47086" Y="84953" Z="0"/>
					<Vertex X="47046" Y="84913" Z="0"/>
					<Vertex X="47006" Y="84834" Z="0"/>
					<Vertex X="46967" Y="84774" Z="0"/>
					<Vertex X="46907" Y="84675" Z="0"/>
					<Vertex X="46868" Y="84616" Z="0"/>
					<Vertex X="46848" Y="84537" Z="0"/>
					<Vertex X="46808" Y="84418" Z="0"/>
					<Vertex X="46808" Y="84358" Z="0"/>
					<Vertex X="46788" Y="84279" Z="0"/>
					<Vertex X="46788" Y="84219" Z="0"/>
					<Vertex X="46788" Y="84100" Z="0"/>
					<Vertex X="46808" Y="84001" Z="0"/>
					<Vertex X="46808" Y="83942" Z="0"/>
					<Vertex X="46808" Y="83843" Z="0"/>
					<Vertex X="46848" Y="83783" Z="0"/>
					<Vertex X="46848" Y="83724" Z="0"/>
					<Vertex X="46868" Y="83684" Z="0"/>
					<Vertex X="46868" Y="83585" Z="0"/>
					<Vertex X="46868" Y="83525" Z="0"/>
					<Vertex X="46868" Y="83406" Z="0"/>
					<Vertex X="46907" Y="83327" Z="0"/>
					<Vertex X="46927" Y="83208" Z="0"/>
					<Vertex X="46967" Y="83089" Z="0"/>
					<Vertex X="46987" Y="82990" Z="0"/>
					<Vertex X="47026" Y="82871" Z="0"/>
					<Vertex X="47026" Y="82772" Z="0"/>
					<Vertex X="47046" Y="82633" Z="0"/>
					<Vertex X="47086" Y="82514" Z="0"/>
					<Vertex X="47086" Y="82455" Z="0"/>
					<Vertex X="47086" Y="82336" Z="0"/>
					<Vertex X="47106" Y="82177" Z="0"/>
					<Vertex X="47106" Y="82098" Z="0"/>
					<Vertex X="47145" Y="81979" Z="0"/>
					<Vertex X="47165" Y="81860" Z="0"/>
					<Vertex X="47205" Y="81761" Z="0"/>
					<Vertex X="47264" Y="81583" Z="0"/>
					<Vertex X="47284" Y="81503" Z="0"/>
					<Vertex X="47343" Y="81384" Z="0"/>
					<Vertex X="47383" Y="81265" Z="0"/>
					<Vertex X="47443" Y="81166" Z="0"/>
					<Vertex X="47462" Y="81107" Z="0"/>
					<Vertex X="47522" Y="81027" Z="0"/>
					<Vertex X="47581" Y="80968" Z="0"/>
					<Vertex X="47621" Y="80908" Z="0"/>
					<Vertex X="47641" Y="80849" Z="0"/>
					<Vertex X="47681" Y="80789" Z="0"/>
					<Vertex X="47700" Y="80730" Z="0"/>
					<Vertex X="47740" Y="80671" Z="0"/>
					<Vertex X="47760" Y="80631" Z="0"/>
					<Vertex X="47799" Y="80591" Z="0"/>
					<Vertex X="47799" Y="80512" Z="0"/>
					<Vertex X="47799" Y="80433" Z="0"/>
					<Vertex X="47819" Y="80334" Z="0"/>
					<Vertex X="47859" Y="80274" Z="0"/>
					<Vertex X="47859" Y="80195" Z="0"/>
					<Vertex X="47859" Y="80076" Z="0"/>
					<Vertex X="47879" Y="80016" Z="0"/>
					<Vertex X="47879" Y="79897" Z="0"/>
					<Vertex X="47879" Y="79838" Z="0"/>
					<Vertex X="47879" Y="79719" Z="0"/>
					<Vertex X="47879" Y="79600" Z="0"/>
					<Vertex X="47879" Y="79481" Z="0"/>
					<Vertex X="47879" Y="79382" Z="0"/>
					<Vertex X="47879" Y="79263" Z="0"/>
					<Vertex X="47879" Y="79144" Z="0"/>
					<Vertex X="47879" Y="79065" Z="0"/>
					<Vertex X="47879" Y="78946" Z="0"/>
					<Vertex X="47918" Y="78827" Z="0"/>
					<Vertex X="47918" Y="78728" Z="0"/>
					<Vertex X="47918" Y="78648" Z="0"/>
					<Vertex X="47918" Y="78569" Z="0"/>
					<Vertex X="47918" Y="78490" Z="0"/>
					<Vertex X="47938" Y="78371" Z="0"/>
					<Vertex X="47938" Y="78252" Z="0"/>
					<Vertex X="47938" Y="78192" Z="0"/>
					<Vertex X="47938" Y="78113" Z="0"/>
					<Vertex X="47918" Y="78014" Z="0"/>
					<Vertex X="47918" Y="77954" Z="0"/>
					<Vertex X="47879" Y="77875" Z="0"/>
					<Vertex X="47859" Y="77756" Z="0"/>
					<Vertex X="47799" Y="77697" Z="0"/>
					<Vertex X="47760" Y="77578" Z="0"/>
					<Vertex X="47700" Y="77479" Z="0"/>
					<Vertex X="47700" Y="77419" Z="0"/>
					<Vertex X="47641" Y="77360" Z="0"/>
					<Vertex X="47621" Y="77280" Z="0"/>
					<Vertex X="47581" Y="77241" Z="0"/>
					<Vertex X="47581" Y="77221" Z="0"/>
					<Vertex X="47562" Y="77221" Z="0"/>
					<Vertex X="47601" Y="77296" Z="0"/>
					<Vertex X="47536" Y="77103" Z="0"/>
					<Vertex X="47536" Y="77039" Z="0"/>
					<Vertex X="47408" Y="76845" Z="0"/>
					<Vertex X="47343" Y="76716" Z="0"/>
					<Vertex X="47343" Y="76523" Z="0"/>
					<Vertex X="47214" Y="76459" Z="0"/>
					<Vertex X="47150" Y="76266" Z="0"/>
					<Vertex X="47150" Y="76072" Z="0"/>
					<Vertex X="47021" Y="75943" Z="0"/>
					<Vertex X="47021" Y="75879" Z="0"/>
					<Vertex X="46957" Y="75750" Z="0"/>
					<Vertex X="46828" Y="75557" Z="0"/>
					<Vertex X="46763" Y="75364" Z="0"/>
					<Vertex X="46763" Y="75299" Z="0"/>
					<Vertex X="46635" Y="75171" Z="0"/>
					<Vertex X="46570" Y="75106" Z="0"/>
					<Vertex X="46570" Y="74913" Z="0"/>
					<Vertex X="46441" Y="74720" Z="0"/>
					<Vertex X="46377" Y="74591" Z="0"/>
					<Vertex X="46248" Y="74526" Z="0"/>
					<Vertex X="46184" Y="74398" Z="0"/>
					<Vertex X="46055" Y="74204" Z="0"/>
					<Vertex X="45991" Y="74140" Z="0"/>
					<Vertex X="45862" Y="74011" Z="0"/>
					<Vertex X="45668" Y="73947" Z="0"/>
					<Vertex X="45604" Y="73753" Z="0"/>
					<Vertex X="45411" Y="73753" Z="0"/>
					<Vertex X="45282" Y="73625" Z="0"/>
					<Vertex X="45218" Y="73560" Z="0"/>
					<Vertex X="44895" Y="73560" Z="0"/>
					<Vertex X="44831" Y="73431" Z="0"/>
					<Vertex X="44638" Y="73431" Z="0"/>
					<Vertex X="44509" Y="73367" Z="0"/>
					<Vertex X="44445" Y="73367" Z="0"/>
					<Vertex X="44251" Y="73367" Z="0"/>
					<Vertex X="44123" Y="73367" Z="0"/>
					<Vertex X="43929" Y="73238" Z="0"/>
					<Vertex X="43865" Y="73238" Z="0"/>
					<Vertex X="43672" Y="73238" Z="0"/>
					<Vertex X="43543" Y="73238" Z="0"/>
					<Vertex X="43285" Y="73238" Z="0"/>
					<Vertex X="43156" Y="73238" Z="0"/>
					<Vertex X="42963" Y="73238" Z="0"/>
					<Vertex X="42770" Y="73238" Z="0"/>
					<Vertex X="42705" Y="73238" Z="0"/>
					<Vertex X="42512" Y="73238" Z="0"/>
					<Vertex X="42319" Y="73174" Z="0"/>
					<Vertex X="42126" Y="73174" Z="0"/>
					<Vertex X="41997" Y="73174" Z="0"/>
					<Vertex X="41804" Y="73174" Z="0"/>
					<Vertex X="41739" Y="73174" Z="0"/>
					<Vertex X="41546" Y="73174" Z="0"/>
					<Vertex X="41417" Y="73174" Z="0"/>
					<Vertex X="41160" Y="73174" Z="0"/>
					<Vertex X="41031" Y="73174" Z="0"/>
					<Vertex X="40837" Y="73174" Z="0"/>
					<Vertex X="40644" Y="73238" Z="0"/>
					<Vertex X="40451" Y="73238" Z="0"/>
					<Vertex X="40258" Y="73238" Z="0"/>
					<Vertex X="40065" Y="73238" Z="0"/>
					<Vertex X="39871" Y="73238" Z="0"/>
					<Vertex X="39614" Y="73238" Z="0"/>
					<Vertex X="39420" Y="73367" Z="0"/>
					<Vertex X="39227" Y="73367" Z="0"/>
					<Vertex X="39034" Y="73367" Z="0"/>
					<Vertex X="38712" Y="73431" Z="0"/>
					<Vertex X="38647" Y="73431" Z="0"/>
					<Vertex X="38454" Y="73560" Z="0"/>
					<Vertex X="38261" Y="73560" Z="0"/>
					<Vertex X="38068" Y="73625" Z="0"/>
					<Vertex X="37874" Y="73625" Z="0"/>
					<Vertex X="37746" Y="73625" Z="0"/>
					<Vertex X="37552" Y="73753" Z="0"/>
					<Vertex X="37359" Y="73753" Z="0"/>
					<Vertex X="37166" Y="73818" Z="0"/>
					<Vertex X="36973" Y="73947" Z="0"/>
					<Vertex X="36779" Y="74011" Z="0"/>
					<Vertex X="36522" Y="74011" Z="0"/>
					<Vertex X="36135" Y="74204" Z="0"/>
					<Vertex X="35942" Y="74333" Z="0"/>
					<Vertex X="35620" Y="74398" Z="0"/>
					<Vertex X="35427" Y="74591" Z="0"/>
					<Vertex X="35169" Y="74720" Z="0"/>
					<Vertex X="34976" Y="74784" Z="0"/>
					<Vertex X="34654" Y="74977" Z="0"/>
					<Vertex X="34396" Y="75106" Z="0"/>
					<Vertex X="34010" Y="75299" Z="0"/>
					<Vertex X="33816" Y="75364" Z="0"/>
					<Vertex X="33494" Y="75493" Z="0"/>
					<Vertex X="33301" Y="75686" Z="0"/>
					<Vertex X="33108" Y="75750" Z="0"/>
					<Vertex X="32721" Y="76072" Z="0"/>
					<Vertex X="32528" Y="76137" Z="0"/>
					<Vertex X="32271" Y="76330" Z="0"/>
					<Vertex X="32077" Y="76523" Z="0"/>
					<Vertex X="31884" Y="76716" Z="0"/>
					<Vertex X="31691" Y="76910" Z="0"/>
					<Vertex X="31369" Y="77232" Z="0"/>
					<Vertex X="31304" Y="77425" Z="0"/>
					<Vertex X="31111" Y="77683" Z="0"/>
					<Vertex X="30918" Y="77940" Z="0"/>
					<Vertex X="30789" Y="78005" Z="0"/>
					<Vertex X="30596" Y="78198" Z="0"/>
					<Vertex X="30531" Y="78391" Z="0"/>
					<Vertex X="30338" Y="78713" Z="0"/>
					<Vertex X="30145" Y="78842" Z="0"/>
					<Vertex X="30016" Y="79035" Z="0"/>
					<Vertex X="29952" Y="79229" Z="0"/>
					<Vertex X="29823" Y="79422" Z="0"/>
					<Vertex X="29758" Y="79615" Z="0"/>
					<Vertex X="29630" Y="79744" Z="0"/>
					<Vertex X="29565" Y="79937" Z="0"/>
					<Vertex X="29436" Y="80130" Z="0"/>
					<Vertex X="29436" Y="80195" Z="0"/>
					<Vertex X="29372" Y="80388" Z="0"/>
					<Vertex X="29243" Y="80581" Z="0"/>
					<Vertex X="29179" Y="80774" Z="0"/>
					<Vertex X="29179" Y="80968" Z="0"/>
					<Vertex X="29179" Y="81161" Z="0"/>
					<Vertex X="29050" Y="81354" Z="0"/>
					<Vertex X="29050" Y="81741" Z="0"/>
					<Vertex X="29050" Y="82063" Z="0"/>
					<Vertex X="29050" Y="82320" Z="0"/>
					<Vertex X="29179" Y="82642" Z="0"/>
					<Vertex X="29179" Y="82900" Z="0"/>
					<Vertex X="29243" Y="83093" Z="0"/>
					<Vertex X="29372" Y="83609" Z="0"/>
					<Vertex X="29436" Y="83866" Z="0"/>
					<Vertex X="29630" Y="84188" Z="0"/>
					<Vertex X="29758" Y="84510" Z="0"/>
					<Vertex X="29952" Y="84833" Z="0"/>
					<Vertex X="30145" Y="85155" Z="0"/>
					<Vertex X="30209" Y="85412" Z="0"/>
					<Vertex X="30531" Y="85734" Z="0"/>
					<Vertex X="30596" Y="85992" Z="0"/>
					<Vertex X="30789" Y="86185" Z="0"/>
					<Vertex X="31111" Y="86507" Z="0"/>
					<Vertex X="31304" Y="86700" Z="0"/>
					<Vertex X="31369" Y="86894" Z="0"/>
					<Vertex X="31691" Y="87151" Z="0"/>
					<Vertex X="31884" Y="87345" Z="0"/>
					<Vertex X="32077" Y="87538" Z="0"/>
					<Vertex X="32335" Y="87731" Z="0"/>
					<Vertex X="32528" Y="87860" Z="0"/>
					<Vertex X="32850" Y="88053" Z="0"/>
					<Vertex X="33043" Y="88118" Z="0"/>
					<Vertex X="33237" Y="88311" Z="0"/>
					<Vertex X="33494" Y="88440" Z="0"/>
					<Vertex X="33688" Y="88504" Z="0"/>
					<Vertex X="34010" Y="88633" Z="0"/>
					<Vertex X="34267" Y="88697" Z="0"/>
					<Vertex X="34654" Y="88891" Z="0"/>
					<Vertex X="34976" Y="89019" Z="0"/>
					<Vertex X="35234" Y="89019" Z="0"/>
					<Vertex X="35556" Y="89084" Z="0"/>
					<Vertex X="35813" Y="89084" Z="0"/>
					<Vertex X="36200" Y="89213" Z="0"/>
					<Vertex X="36715" Y="89213" Z="0"/>
					<Vertex X="36973" Y="89277" Z="0"/>
					<Vertex X="37295" Y="89277" Z="0"/>
					<Vertex X="37488" Y="89277" Z="0"/>
					<Vertex X="37746" Y="89277" Z="0"/>
					<Vertex X="38132" Y="89213" Z="0"/>
					<Vertex X="38454" Y="89213" Z="0"/>
					<Vertex X="38712" Y="89213" Z="0"/>
					<Vertex X="38905" Y="89213" Z="0"/>
					<Vertex X="39292" Y="89084" Z="0"/>
					<Vertex X="39614" Y="89084" Z="0"/>
					<Vertex X="39807" Y="89019" Z="0"/>
					<Vertex X="40065" Y="88891" Z="0"/>
					<Vertex X="40258" Y="88891" Z="0"/>
					<Vertex X="40451" Y="88891" Z="0"/>
					<Vertex X="40773" Y="88826" Z="0"/>
					<Vertex X="40966" Y="88826" Z="0"/>
					<Vertex X="41160" Y="88826" Z="0"/>
					<Vertex X="41224" Y="88826" Z="0"/>
					<Vertex X="41417" Y="88826" Z="0"/>
					<Vertex X="41546" Y="88891" Z="0"/>
					<Vertex X="41610" Y="89019" Z="0"/>
					<Vertex X="41610" Y="89084" Z="0"/>
					<Vertex X="41610" Y="89213" Z="0"/>
					<Vertex X="41610" Y="89277" Z="0"/>
					<Vertex X="41610" Y="89406" Z="0"/>
					<Vertex X="41610" Y="89470" Z="0"/>
					<Vertex X="41610" Y="89599" Z="0"/>
					<Vertex X="41610" Y="89663" Z="0"/>
					<Vertex X="41610" Y="89792" Z="0"/>
					<Vertex X="41610" Y="89857" Z="0"/>
					<Vertex X="41739" Y="89986" Z="0"/>
					<Vertex X="41739" Y="90050" Z="0"/>
					<Vertex X="41804" Y="90050" Z="0"/>
					<Vertex X="41804" Y="90179" Z="0"/>
					<Vertex X="41932" Y="90179" Z="0"/>
					<Vertex X="41997" Y="90243" Z="0"/>
					<Vertex X="42126" Y="90372" Z="0"/>
					<Vertex X="42190" Y="90436" Z="0"/>
					<Vertex X="42319" Y="90436" Z="0"/>
					<Vertex X="42383" Y="90565" Z="0"/>
					<Vertex X="42577" Y="90630" Z="0"/>
					<Vertex X="42705" Y="90630" Z="0"/>
					<Vertex X="42899" Y="90759" Z="0"/>
					<Vertex X="42963" Y="90823" Z="0"/>
					<Vertex X="43092" Y="90759" Z="0"/>
					<Vertex X="43156" Y="90759" Z="0"/>
					<Vertex X="43156" Y="90823" Z="0"/>
					<Vertex X="43156" Y="90952" Z="0"/>
					<Vertex X="43285" Y="90952" Z="0"/>
					<Vertex X="43285" Y="91016" Z="0"/>
					<Vertex X="43350" Y="91145" Z="0"/>
					<Vertex X="43350" Y="91209" Z="0"/>
					<Vertex X="43478" Y="91209" Z="0"/>
					<Vertex X="43478" Y="91338" Z="0"/>
					<Vertex X="43478" Y="91467" Z="0"/>
					<Vertex X="43543" Y="91467" Z="0"/>
					<Vertex X="43543" Y="91531" Z="0"/>
					<Vertex X="43543" Y="91596" Z="0"/>
					<Vertex X="43672" Y="91725" Z="0"/>
					<Vertex X="43736" Y="91918" Z="0"/>
					<Vertex X="43929" Y="91918" Z="0"/>
					<Vertex X="43929" Y="91982" Z="0"/>
					<Vertex X="44123" Y="92111" Z="0"/>
					<Vertex X="44251" Y="92176" Z="0"/>
					<Vertex X="44445" Y="92304" Z="0"/>
					<Vertex X="44638" Y="92304" Z="0"/>
					<Vertex X="44831" Y="92433" Z="0"/>
					<Vertex X="44895" Y="92498" Z="0"/>
					<Vertex X="45218" Y="92498" Z="0"/>
					<Vertex X="45475" Y="92626" Z="0"/>
					<Vertex X="45604" Y="92626" Z="0"/>
					<Vertex X="45862" Y="92626" Z="0"/>
					<Vertex X="46055" Y="92626" Z="0"/>
					<Vertex X="46248" Y="92626" Z="0"/>
					<Vertex X="46570" Y="92626" Z="0"/>
					<Vertex X="46763" Y="92626" Z="0"/>
					<Vertex X="47021" Y="92626" Z="0"/>
					<Vertex X="47279" Y="92626" Z="0"/>
					<Vertex X="47536" Y="92626" Z="0"/>
					<Vertex X="47794" Y="92626" Z="0"/>
					<Vertex X="48116" Y="92626" Z="0"/>
					<Vertex X="48309" Y="92626" Z="0"/>
					<Vertex X="48503" Y="92498" Z="0"/>
					<Vertex X="48889" Y="92498" Z="0"/>
					<Vertex X="49082" Y="92433" Z="0"/>
					<Vertex X="49469" Y="92433" Z="0"/>
					<Vertex X="49662" Y="92433" Z="0"/>
					<Vertex X="50049" Y="92304" Z="0"/>
					<Vertex X="50306" Y="92304" Z="0"/>
					<Vertex X="50822" Y="92176" Z="0"/>
					<Vertex X="51079" Y="92176" Z="0"/>
					<Vertex X="51594" Y="92111" Z="0"/>
					<Vertex X="51852" Y="92111" Z="0"/>
					<Vertex X="52045" Y="92111" Z="0"/>
					<Vertex X="52496" Y="92111" Z="0"/>
					<Vertex X="52754" Y="91982" Z="0"/>
					<Vertex X="53205" Y="91982" Z="0"/>
					<Vertex X="53527" Y="91918" Z="0"/>
					<Vertex X="53913" Y="91918" Z="0"/>
					<Vertex X="54235" Y="91918" Z="0"/>
					<Vertex X="54557" Y="91789" Z="0"/>
					<Vertex X="54880" Y="91789" Z="0"/>
					<Vertex X="55202" Y="91725" Z="0"/>
					<Vertex X="55524" Y="91725" Z="0"/>
					<Vertex X="55846" Y="91725" Z="0"/>
					<Vertex X="56103" Y="91660" Z="0"/>
					<Vertex X="56425" Y="91660" Z="0"/>
					<Vertex X="56683" Y="91660" Z="0"/>
					<Vertex X="57070" Y="91660" Z="0"/>
					<Vertex X="57392" Y="91660" Z="0"/>
					<Vertex X="57843" Y="91660" Z="0"/>
					<Vertex X="58165" Y="91660" Z="0"/>
					<Vertex X="58422" Y="91660" Z="0"/>
					<Vertex X="58744" Y="91660" Z="0"/>
					<Vertex X="59131" Y="91660" Z="0"/>
					<Vertex X="59388" Y="91725" Z="0"/>
					<Vertex X="59775" Y="91725" Z="0"/>
					<Vertex X="59968" Y="91789" Z="0"/>
					<Vertex X="60419" Y="91789" Z="0"/>
					<Vertex X="60677" Y="91918" Z="0"/>
					<Vertex X="61063" Y="91918" Z="0"/>
					<Vertex X="61256" Y="91918" Z="0"/>
					<Vertex X="61514" Y="91918" Z="0"/>
					<Vertex X="61901" Y="91918" Z="0"/>
					<Vertex X="62158" Y="91918" Z="0"/>
					<Vertex X="62416" Y="91918" Z="0"/>
					<Vertex X="62609" Y="91918" Z="0"/>
					<Vertex X="62802" Y="91918" Z="0"/>
					<Vertex X="62996" Y="91918" Z="0"/>
					<Vertex X="63189" Y="91918" Z="0"/>
					<Vertex X="63446" Y="91918" Z="0"/>
					<Vertex X="63640" Y="91918" Z="0"/>
					<Vertex X="63897" Y="91918" Z="0"/>
					<Vertex X="64026" Y="91918" Z="0"/>
					<Vertex X="64219" Y="91982" Z="0"/>
					<Vertex X="64413" Y="91982" Z="0"/>
					<Vertex X="64606" Y="91982" Z="0"/>
					<Vertex X="64928" Y="92111" Z="0"/>
					<Vertex X="65121" Y="92111" Z="0"/>
					<Vertex X="65379" Y="92111" Z="0"/>
					<Vertex X="65637" Y="92111" Z="0"/>
					<Vertex X="65765" Y="92111" Z="0"/>
					<Vertex X="65959" Y="92111" Z="0"/>
					<Vertex X="66281" Y="92111" Z="0"/>
					<Vertex X="66474" Y="92111" Z="0"/>
					<Vertex X="66667" Y="92111" Z="0"/>
					<Vertex X="66925" Y="92176" Z="0"/>
					<Vertex X="67247" Y="92176" Z="0"/>
					<Vertex X="67440" Y="92176" Z="0"/>
					<Vertex X="67827" Y="92176" Z="0"/>
					<Vertex X="68084" Y="92176" Z="0"/>
					<Vertex X="68471" Y="92304" Z="0"/>
					<Vertex X="68793" Y="92304" Z="0"/>
					<Vertex X="69179" Y="92304" Z="0"/>
					<Vertex X="69501" Y="92304" Z="0"/>
					<Vertex X="69759" Y="92304" Z="0"/>
					<Vertex X="70145" Y="92304" Z="0"/>
					<Vertex X="70596" Y="92304" Z="0"/>
					<Vertex X="70854" Y="92304" Z="0"/>
					<Vertex X="71240" Y="92304" Z="0"/>
					<Vertex X="71691" Y="92304" Z="0"/>
					<Vertex X="72013" Y="92304" Z="0"/>
					<Vertex X="72464" Y="92176" Z="0"/>
					<Vertex X="72786" Y="92176" Z="0"/>
					<Vertex X="73044" Y="92176" Z="0"/>
					<Vertex X="73431" Y="92111" Z="0"/>
					<Vertex X="73753" Y="92111" Z="0"/>
					<Vertex X="74075" Y="92111" Z="0"/>
					<Vertex X="74268" Y="91982" Z="0"/>
					<Vertex X="74590" Y="91982" Z="0"/>
					<Vertex X="74912" Y="91918" Z="0"/>
					<Vertex X="75170" Y="91789" Z="0"/>
					<Vertex X="75363" Y="91789" Z="0"/>
					<Vertex X="75749" Y="91725" Z="0"/>
					<Vertex X="76007" Y="91660" Z="0"/>
					<Vertex X="76329" Y="91531" Z="0"/>
					<Vertex X="76651" Y="91531" Z="0"/>
					<Vertex X="76844" Y="91467" Z="0"/>
					<Vertex X="77038" Y="91338" Z="0"/>
					<Vertex X="77231" Y="91209" Z="0"/>
					<Vertex X="77360" Y="91209" Z="0"/>
					<Vertex X="77682" Y="91081" Z="0"/>
					<Vertex X="77875" Y="90952" Z="0"/>
					<Vertex X="78068" Y="90952" Z="0"/>
					<Vertex X="78390" Y="90823" Z="0"/>
					<Vertex X="78584" Y="90630" Z="0"/>
					<Vertex X="78841" Y="90565" Z="0"/>
					<Vertex X="79034" Y="90372" Z="0"/>
					<Vertex X="79228" Y="90243" Z="0"/>
					<Vertex X="79485" Y="90114" Z="0"/>
					<Vertex X="79807" Y="89986" Z="0"/>
					<Vertex X="80194" Y="89663" Z="0"/>
					<Vertex X="80580" Y="89406" Z="0"/>
					<Vertex X="81160" Y="89019" Z="0"/>
					<Vertex X="85605" Y="86572" Z="0"/>
					<Vertex X="85669" Y="86700" Z="0"/>
					<Vertex X="85798" Y="86700" Z="0"/>
					<Vertex X="85927" Y="86507" Z="0"/>
					<Vertex X="85991" Y="86443" Z="0"/>
					<Vertex X="86055" Y="86314" Z="0"/>
					<Vertex X="86055" Y="86250" Z="0"/>
					<Vertex X="86184" Y="86250" Z="0"/>
					<Vertex X="86184" Y="86121" Z="0"/>
					<Vertex X="86249" Y="85992" Z="0"/>
					<Vertex X="86249" Y="85928" Z="0"/>
					<Vertex X="86378" Y="85734" Z="0"/>
					<Vertex X="86378" Y="85605" Z="0"/>
					<Vertex X="86378" Y="85541" Z="0"/>
					<Vertex X="86442" Y="85348" Z="0"/>
					<Vertex X="86442" Y="85283" Z="0"/>
					<Vertex X="86442" Y="85026" Z="0"/>
					<Vertex X="86442" Y="84833" Z="0"/>
					<Vertex X="86442" Y="84768" Z="0"/>
					<Vertex X="86442" Y="84575" Z="0"/>
					<Vertex X="86442" Y="84382" Z="0"/>
					<Vertex X="86442" Y="84317" Z="0"/>
					<Vertex X="86442" Y="84060" Z="0"/>
					<Vertex X="86442" Y="83995" Z="0"/>
					<Vertex X="86442" Y="83866" Z="0"/>
					<Vertex X="86442" Y="83673" Z="0"/>
					<Vertex X="86442" Y="83609" Z="0"/>
					<Vertex X="86442" Y="83415" Z="0"/>
					<Vertex X="86442" Y="83351" Z="0"/>
					<Vertex X="86442" Y="83222" Z="0"/>
					<Vertex X="86442" Y="83029" Z="0"/>
					<Vertex X="86442" Y="82900" Z="0"/>
					<Vertex X="86442" Y="82836" Z="0"/>
					<Vertex X="86442" Y="82642" Z="0"/>
					<Vertex X="86442" Y="82514" Z="0"/>
					<Vertex X="86442" Y="82449" Z="0"/>
					<Vertex X="86442" Y="82256" Z="0"/>
					<Vertex X="86442" Y="82127" Z="0"/>
					<Vertex X="86442" Y="82063" Z="0"/>
					<Vertex X="86442" Y="81934" Z="0"/>
					<Vertex X="86442" Y="81869" Z="0"/>
					<Vertex X="86442" Y="81741" Z="0"/>
					<Vertex X="86442" Y="81676" Z="0"/>
					<Vertex X="86442" Y="81547" Z="0"/>
					<Vertex X="86378" Y="81483" Z="0"/>
					<Vertex X="86378" Y="81290" Z="0"/>
					<Vertex X="86378" Y="81161" Z="0"/>
					<Vertex X="86378" Y="81097" Z="0"/>
					<Vertex X="86249" Y="81097" Z="0"/>
					<Vertex X="86249" Y="80968" Z="0"/>
					<Vertex X="86249" Y="80903" Z="0"/>
					<Vertex X="86249" Y="80774" Z="0"/>
					<Vertex X="86378" Y="80774" Z="0"/>
					<Vertex X="86249" Y="80774" Z="0"/>
					<Vertex X="86184" Y="80710" Z="0"/>
					<Vertex X="86184" Y="80581" Z="0"/>
					<Vertex X="86055" Y="80517" Z="0"/>
				</Vertices>
			</Region>
		</Regions>
		<Plots/>
	</Annotation>
</Annotations>
