<Annotations MicronsPerPixel="0.252200">
	<Annotation Id="1" Name="" ReadOnly="0" NameReadOnly="0" LineColorReadOnly="0" Incremental="0" Type="4" LineColor="65280" Visible="1" Selected="1" MarkupImagePath="" MacroName="">
		<Attributes/>
		<Regions>
			<RegionAttributeHeaders>
				<AttributeHeader Id="9999" Name="Region" ColumnWidth="-1"/>
				<AttributeHeader Id="9997" Name="Length" ColumnWidth="-1"/>
				<AttributeHeader Id="9996" Name="Area" ColumnWidth="-1"/>
				<AttributeHeader Id="9998" Name="Text" ColumnWidth="-1"/>
			</RegionAttributeHeaders>
			<Region Id="1" Type="0" Zoom="0.015397" Selected="1" ImageLocation="" ImageFocus="-1" Length="374907.1" Area="1236628790.0" LengthMicrons="94551.6" AreaMicrons="78655576.3" Text="" NegativeROA="0" InputRegionId="0" Analyze="1" DisplayId="1">
				<Attributes/>
				<Vertices>
					<Vertex X="82652" Y="71491" Z="0"/>
					<Vertex X="82652" Y="71074" Z="0"/>
					<Vertex X="82652" Y="70757" Z="0"/>
					<Vertex X="82652" Y="70460" Z="0"/>
					<Vertex X="82632" Y="70123" Z="0"/>
					<Vertex X="82593" Y="69726" Z="0"/>
					<Vertex X="82533" Y="69488" Z="0"/>
					<Vertex X="82474" Y="69231" Z="0"/>
					<Vertex X="82414" Y="68973" Z="0"/>
					<Vertex X="82295" Y="68576" Z="0"/>
					<Vertex X="82236" Y="68338" Z="0"/>
					<Vertex X="82117" Y="68081" Z="0"/>
					<Vertex X="81998" Y="67803" Z="0"/>
					<Vertex X="81839" Y="67526" Z="0"/>
					<Vertex X="81720" Y="67268" Z="0"/>
					<Vertex X="81582" Y="66990" Z="0"/>
					<Vertex X="81443" Y="66772" Z="0"/>
					<Vertex X="81245" Y="66495" Z="0"/>
					<Vertex X="81106" Y="66257" Z="0"/>
					<Vertex X="80967" Y="66019" Z="0"/>
					<Vertex X="80809" Y="65741" Z="0"/>
					<Vertex X="80650" Y="65503" Z="0"/>
					<Vertex X="80511" Y="65285" Z="0"/>
					<Vertex X="80313" Y="64988" Z="0"/>
					<Vertex X="80154" Y="64770" Z="0"/>
					<Vertex X="79976" Y="64552" Z="0"/>
					<Vertex X="79837" Y="64314" Z="0"/>
					<Vertex X="79639" Y="64116" Z="0"/>
					<Vertex X="79480" Y="63898" Z="0"/>
					<Vertex X="79302" Y="63719" Z="0"/>
					<Vertex X="79104" Y="63541" Z="0"/>
					<Vertex X="78945" Y="63402" Z="0"/>
					<Vertex X="78766" Y="63243" Z="0"/>
					<Vertex X="78548" Y="63104" Z="0"/>
					<Vertex X="78370" Y="62946" Z="0"/>
					<Vertex X="78092" Y="62767" Z="0"/>
					<Vertex X="77894" Y="62668" Z="0"/>
					<Vertex X="77656" Y="62530" Z="0"/>
					<Vertex X="77418" Y="62430" Z="0"/>
					<Vertex X="77220" Y="62272" Z="0"/>
					<Vertex X="76943" Y="62173" Z="0"/>
					<Vertex X="76685" Y="62054" Z="0"/>
					<Vertex X="76387" Y="61974" Z="0"/>
					<Vertex X="76070" Y="61875" Z="0"/>
					<Vertex X="75753" Y="61796" Z="0"/>
					<Vertex X="75396" Y="61697" Z="0"/>
					<Vertex X="75059" Y="61637" Z="0"/>
					<Vertex X="74702" Y="61578" Z="0"/>
					<Vertex X="74345" Y="61518" Z="0"/>
					<Vertex X="73909" Y="61459" Z="0"/>
					<Vertex X="73572" Y="61380" Z="0"/>
					<Vertex X="73255" Y="61320" Z="0"/>
					<Vertex X="72977" Y="61221" Z="0"/>
					<Vertex X="72601" Y="61142" Z="0"/>
					<Vertex X="72442" Y="61043" Z="0"/>
					<Vertex X="72145" Y="60924" Z="0"/>
					<Vertex X="71947" Y="60805" Z="0"/>
					<Vertex X="71768" Y="60725" Z="0"/>
					<Vertex X="71590" Y="60606" Z="0"/>
					<Vertex X="71431" Y="60507" Z="0"/>
					<Vertex X="71292" Y="60388" Z="0"/>
					<Vertex X="71134" Y="60309" Z="0"/>
					<Vertex X="71015" Y="60210" Z="0"/>
					<Vertex X="70896" Y="60131" Z="0"/>
					<Vertex X="70777" Y="60071" Z="0"/>
					<Vertex X="70638" Y="60032" Z="0"/>
					<Vertex X="70479" Y="60012" Z="0"/>
					<Vertex X="70341" Y="59972" Z="0"/>
					<Vertex X="70162" Y="60012" Z="0"/>
					<Vertex X="69984" Y="60032" Z="0"/>
					<Vertex X="69766" Y="60071" Z="0"/>
					<Vertex X="69528" Y="60150" Z="0"/>
					<Vertex X="69290" Y="60250" Z="0"/>
					<Vertex X="69052" Y="60369" Z="0"/>
					<Vertex X="68794" Y="60488" Z="0"/>
					<Vertex X="68556" Y="60567" Z="0"/>
					<Vertex X="68318" Y="60686" Z="0"/>
					<Vertex X="68041" Y="60805" Z="0"/>
					<Vertex X="67803" Y="60924" Z="0"/>
					<Vertex X="67605" Y="61043" Z="0"/>
					<Vertex X="67387" Y="61142" Z="0"/>
					<Vertex X="67188" Y="61221" Z="0"/>
					<Vertex X="67069" Y="61261" Z="0"/>
					<Vertex X="66911" Y="61281" Z="0"/>
					<Vertex X="66851" Y="61281" Z="0"/>
					<Vertex X="66792" Y="61261" Z="0"/>
					<Vertex X="66732" Y="61201" Z="0"/>
					<Vertex X="66673" Y="61142" Z="0"/>
					<Vertex X="66613" Y="61043" Z="0"/>
					<Vertex X="66594" Y="60963" Z="0"/>
					<Vertex X="66554" Y="60844" Z="0"/>
					<Vertex X="66554" Y="60686" Z="0"/>
					<Vertex X="66534" Y="60547" Z="0"/>
					<Vertex X="66494" Y="60388" Z="0"/>
					<Vertex X="66475" Y="60250" Z="0"/>
					<Vertex X="66475" Y="60071" Z="0"/>
					<Vertex X="66435" Y="59893" Z="0"/>
					<Vertex X="66415" Y="59675" Z="0"/>
					<Vertex X="66415" Y="59536" Z="0"/>
					<Vertex X="66376" Y="59318" Z="0"/>
					<Vertex X="66356" Y="59179" Z="0"/>
					<Vertex X="66316" Y="59020" Z="0"/>
					<Vertex X="66296" Y="58901" Z="0"/>
					<Vertex X="66257" Y="58723" Z="0"/>
					<Vertex X="66197" Y="58604" Z="0"/>
					<Vertex X="66138" Y="58525" Z="0"/>
					<Vertex X="66078" Y="58426" Z="0"/>
					<Vertex X="66019" Y="58366" Z="0"/>
					<Vertex X="65959" Y="58287" Z="0"/>
					<Vertex X="65900" Y="58188" Z="0"/>
					<Vertex X="65840" Y="58069" Z="0"/>
					<Vertex X="65781" Y="58009" Z="0"/>
					<Vertex X="65721" Y="57930" Z="0"/>
					<Vertex X="65701" Y="57871" Z="0"/>
					<Vertex X="65662" Y="57771" Z="0"/>
					<Vertex X="65642" Y="57752" Z="0"/>
					<Vertex X="65603" Y="57619" Z="0"/>
					<Vertex X="65281" Y="57426" Z="0"/>
					<Vertex X="65088" Y="57361" Z="0"/>
					<Vertex X="65023" Y="57297" Z="0"/>
					<Vertex X="64830" Y="57168" Z="0"/>
					<Vertex X="64701" Y="57040" Z="0"/>
					<Vertex X="64444" Y="56975" Z="0"/>
					<Vertex X="64380" Y="56911" Z="0"/>
					<Vertex X="64186" Y="56782" Z="0"/>
					<Vertex X="63993" Y="56653" Z="0"/>
					<Vertex X="63736" Y="56653" Z="0"/>
					<Vertex X="63543" Y="56589" Z="0"/>
					<Vertex X="63350" Y="56460" Z="0"/>
					<Vertex X="63221" Y="56396" Z="0"/>
					<Vertex X="62899" Y="56396" Z="0"/>
					<Vertex X="62706" Y="56331" Z="0"/>
					<Vertex X="62448" Y="56331" Z="0"/>
					<Vertex X="62126" Y="56203" Z="0"/>
					<Vertex X="61933" Y="56203" Z="0"/>
					<Vertex X="61611" Y="56203" Z="0"/>
					<Vertex X="61354" Y="56203" Z="0"/>
					<Vertex X="61096" Y="56203" Z="0"/>
					<Vertex X="60903" Y="56203" Z="0"/>
					<Vertex X="60581" Y="56203" Z="0"/>
					<Vertex X="60388" Y="56203" Z="0"/>
					<Vertex X="60195" Y="56203" Z="0"/>
					<Vertex X="59873" Y="56331" Z="0"/>
					<Vertex X="59616" Y="56331" Z="0"/>
					<Vertex X="59229" Y="56396" Z="0"/>
					<Vertex X="59036" Y="56460" Z="0"/>
					<Vertex X="58843" Y="56589" Z="0"/>
					<Vertex X="58521" Y="56589" Z="0"/>
					<Vertex X="58328" Y="56653" Z="0"/>
					<Vertex X="58135" Y="56782" Z="0"/>
					<Vertex X="58006" Y="56911" Z="0"/>
					<Vertex X="57877" Y="56975" Z="0"/>
					<Vertex X="57684" Y="57040" Z="0"/>
					<Vertex X="57427" Y="57297" Z="0"/>
					<Vertex X="57298" Y="57361" Z="0"/>
					<Vertex X="57105" Y="57555" Z="0"/>
					<Vertex X="57040" Y="57748" Z="0"/>
					<Vertex X="56783" Y="57941" Z="0"/>
					<Vertex X="56718" Y="58134" Z="0"/>
					<Vertex X="56590" Y="58327" Z="0"/>
					<Vertex X="56397" Y="58585" Z="0"/>
					<Vertex X="56332" Y="58907" Z="0"/>
					<Vertex X="56139" Y="59293" Z="0"/>
					<Vertex X="56075" Y="59550" Z="0"/>
					<Vertex X="55882" Y="59808" Z="0"/>
					<Vertex X="55753" Y="60065" Z="0"/>
					<Vertex X="55688" Y="60259" Z="0"/>
					<Vertex X="55560" Y="60452" Z="0"/>
					<Vertex X="55495" Y="60645" Z="0"/>
					<Vertex X="55302" Y="60838" Z="0"/>
					<Vertex X="55045" Y="61160" Z="0"/>
					<Vertex X="54980" Y="61289" Z="0"/>
					<Vertex X="54851" Y="61482" Z="0"/>
					<Vertex X="54787" Y="61610" Z="0"/>
					<Vertex X="54594" Y="61739" Z="0"/>
					<Vertex X="54530" Y="61804" Z="0"/>
					<Vertex X="54336" Y="61997" Z="0"/>
					<Vertex X="54208" Y="62126" Z="0"/>
					<Vertex X="54143" Y="62254" Z="0"/>
					<Vertex X="53950" Y="62383" Z="0"/>
					<Vertex X="53821" Y="62576" Z="0"/>
					<Vertex X="53628" Y="62641" Z="0"/>
					<Vertex X="53564" Y="62898" Z="0"/>
					<Vertex X="53242" Y="63027" Z="0"/>
					<Vertex X="53049" Y="63220" Z="0"/>
					<Vertex X="52920" Y="63413" Z="0"/>
					<Vertex X="52791" Y="63542" Z="0"/>
					<Vertex X="52598" Y="63735" Z="0"/>
					<Vertex X="52405" Y="63799" Z="0"/>
					<Vertex X="52276" Y="63928" Z="0"/>
					<Vertex X="52083" Y="63992" Z="0"/>
					<Vertex X="52019" Y="64121" Z="0"/>
					<Vertex X="51826" Y="64314" Z="0"/>
					<Vertex X="51568" Y="64379" Z="0"/>
					<Vertex X="51504" Y="64379" Z="0"/>
					<Vertex X="51311" Y="64508" Z="0"/>
					<Vertex X="51117" Y="64636" Z="0"/>
					<Vertex X="50924" Y="64701" Z="0"/>
					<Vertex X="50860" Y="64701" Z="0"/>
					<Vertex X="50667" Y="64765" Z="0"/>
					<Vertex X="50538" Y="64894" Z="0"/>
					<Vertex X="50474" Y="64958" Z="0"/>
					<Vertex X="50281" Y="64958" Z="0"/>
					<Vertex X="50152" Y="65087" Z="0"/>
					<Vertex X="50087" Y="65087" Z="0"/>
					<Vertex X="49959" Y="65151" Z="0"/>
					<Vertex X="49830" Y="65151" Z="0"/>
					<Vertex X="49765" Y="65151" Z="0"/>
					<Vertex X="49637" Y="65151" Z="0"/>
					<Vertex X="49508" Y="65151" Z="0"/>
					<Vertex X="49379" Y="65151" Z="0"/>
					<Vertex X="49315" Y="65151" Z="0"/>
					<Vertex X="49186" Y="65087" Z="0"/>
					<Vertex X="49122" Y="65087" Z="0"/>
					<Vertex X="48864" Y="64958" Z="0"/>
					<Vertex X="48800" Y="64958" Z="0"/>
					<Vertex X="48607" Y="64958" Z="0"/>
					<Vertex X="48414" Y="64958" Z="0"/>
					<Vertex X="48349" Y="64958" Z="0"/>
					<Vertex X="48092" Y="64958" Z="0"/>
					<Vertex X="48027" Y="64958" Z="0"/>
					<Vertex X="47899" Y="64958" Z="0"/>
					<Vertex X="47770" Y="64958" Z="0"/>
					<Vertex X="47577" Y="64958" Z="0"/>
					<Vertex X="47448" Y="65087" Z="0"/>
					<Vertex X="47255" Y="65087" Z="0"/>
					<Vertex X="47062" Y="65087" Z="0"/>
					<Vertex X="46868" Y="65151" Z="0"/>
					<Vertex X="46675" Y="65280" Z="0"/>
					<Vertex X="46482" Y="65280" Z="0"/>
					<Vertex X="46289" Y="65344" Z="0"/>
					<Vertex X="46160" Y="65473" Z="0"/>
					<Vertex X="46032" Y="65538" Z="0"/>
					<Vertex X="45903" Y="65666" Z="0"/>
					<Vertex X="45710" Y="65859" Z="0"/>
					<Vertex X="45645" Y="66053" Z="0"/>
					<Vertex X="45645" Y="66246" Z="0"/>
					<Vertex X="45516" Y="66310" Z="0"/>
					<Vertex X="45388" Y="66568" Z="0"/>
					<Vertex X="45388" Y="66696" Z="0"/>
					<Vertex X="45388" Y="66890" Z="0"/>
					<Vertex X="45388" Y="67083" Z="0"/>
					<Vertex X="45323" Y="67211" Z="0"/>
					<Vertex X="45259" Y="67533" Z="0"/>
					<Vertex X="45130" Y="67662" Z="0"/>
					<Vertex X="45130" Y="67791" Z="0"/>
					<Vertex X="44937" Y="67984" Z="0"/>
					<Vertex X="44744" Y="68048" Z="0"/>
					<Vertex X="44680" Y="68177" Z="0"/>
					<Vertex X="44551" Y="68242" Z="0"/>
					<Vertex X="44358" Y="68242" Z="0"/>
					<Vertex X="44165" Y="68242" Z="0"/>
					<Vertex X="44036" Y="68370" Z="0"/>
					<Vertex X="43907" Y="68242" Z="0"/>
					<Vertex X="43649" Y="68242" Z="0"/>
					<Vertex X="43585" Y="68242" Z="0"/>
					<Vertex X="43263" Y="68177" Z="0"/>
					<Vertex X="43199" Y="68048" Z="0"/>
					<Vertex X="43006" Y="67984" Z="0"/>
					<Vertex X="42941" Y="67984" Z="0"/>
					<Vertex X="42684" Y="67791" Z="0"/>
					<Vertex X="42619" Y="67662" Z="0"/>
					<Vertex X="42491" Y="67533" Z="0"/>
					<Vertex X="42426" Y="67276" Z="0"/>
					<Vertex X="42298" Y="67083" Z="0"/>
					<Vertex X="42233" Y="66890" Z="0"/>
					<Vertex X="42233" Y="66696" Z="0"/>
					<Vertex X="42233" Y="66568" Z="0"/>
					<Vertex X="42169" Y="66439" Z="0"/>
					<Vertex X="42040" Y="66310" Z="0"/>
					<Vertex X="42040" Y="66246" Z="0"/>
					<Vertex X="41911" Y="66053" Z="0"/>
					<Vertex X="41847" Y="65924" Z="0"/>
					<Vertex X="41847" Y="65859" Z="0"/>
					<Vertex X="41718" Y="65731" Z="0"/>
					<Vertex X="41654" Y="65538" Z="0"/>
					<Vertex X="41525" Y="65538" Z="0"/>
					<Vertex X="41461" Y="65473" Z="0"/>
					<Vertex X="41267" Y="65344" Z="0"/>
					<Vertex X="41074" Y="65344" Z="0"/>
					<Vertex X="40946" Y="65344" Z="0"/>
					<Vertex X="40688" Y="65280" Z="0"/>
					<Vertex X="40559" Y="65280" Z="0"/>
					<Vertex X="40431" Y="65280" Z="0"/>
					<Vertex X="40109" Y="65280" Z="0"/>
					<Vertex X="39980" Y="65280" Z="0"/>
					<Vertex X="39787" Y="65280" Z="0"/>
					<Vertex X="39594" Y="65280" Z="0"/>
					<Vertex X="39336" Y="65280" Z="0"/>
					<Vertex X="39143" Y="65280" Z="0"/>
					<Vertex X="38950" Y="65280" Z="0"/>
					<Vertex X="38692" Y="65344" Z="0"/>
					<Vertex X="38435" Y="65344" Z="0"/>
					<Vertex X="38242" Y="65473" Z="0"/>
					<Vertex X="37984" Y="65473" Z="0"/>
					<Vertex X="37791" Y="65538" Z="0"/>
					<Vertex X="37598" Y="65666" Z="0"/>
					<Vertex X="37405" Y="65731" Z="0"/>
					<Vertex X="37018" Y="65859" Z="0"/>
					<Vertex X="36890" Y="65924" Z="0"/>
					<Vertex X="36697" Y="66053" Z="0"/>
					<Vertex X="36439" Y="66246" Z="0"/>
					<Vertex X="36246" Y="66439" Z="0"/>
					<Vertex X="36053" Y="66568" Z="0"/>
					<Vertex X="35988" Y="66696" Z="0"/>
					<Vertex X="35731" Y="66890" Z="0"/>
					<Vertex X="35666" Y="67083" Z="0"/>
					<Vertex X="35538" Y="67211" Z="0"/>
					<Vertex X="35345" Y="67533" Z="0"/>
					<Vertex X="35280" Y="67598" Z="0"/>
					<Vertex X="35151" Y="67791" Z="0"/>
					<Vertex X="34958" Y="68048" Z="0"/>
					<Vertex X="34894" Y="68242" Z="0"/>
					<Vertex X="34765" Y="68499" Z="0"/>
					<Vertex X="34572" Y="68757" Z="0"/>
					<Vertex X="34508" Y="68821" Z="0"/>
					<Vertex X="34379" Y="68950" Z="0"/>
					<Vertex X="34314" Y="69014" Z="0"/>
					<Vertex X="34121" Y="69207" Z="0"/>
					<Vertex X="33993" Y="69336" Z="0"/>
					<Vertex X="33928" Y="69465" Z="0"/>
					<Vertex X="33735" Y="69465" Z="0"/>
					<Vertex X="33542" Y="69529" Z="0"/>
					<Vertex X="33413" Y="69658" Z="0"/>
					<Vertex X="33284" Y="69658" Z="0"/>
					<Vertex X="33156" Y="69658" Z="0"/>
					<Vertex X="32963" Y="69658" Z="0"/>
					<Vertex X="32769" Y="69722" Z="0"/>
					<Vertex X="32512" Y="69722" Z="0"/>
					<Vertex X="32383" Y="69722" Z="0"/>
					<Vertex X="32061" Y="69787" Z="0"/>
					<Vertex X="31804" Y="69787" Z="0"/>
					<Vertex X="31611" Y="69915" Z="0"/>
					<Vertex X="31417" Y="69915" Z="0"/>
					<Vertex X="31224" Y="69980" Z="0"/>
					<Vertex X="30902" Y="70109" Z="0"/>
					<Vertex X="30645" Y="70109" Z="0"/>
					<Vertex X="30452" Y="70173" Z="0"/>
					<Vertex X="30065" Y="70430" Z="0"/>
					<Vertex X="29872" Y="70430" Z="0"/>
					<Vertex X="29679" Y="70495" Z="0"/>
					<Vertex X="29293" Y="70688" Z="0"/>
					<Vertex X="29100" Y="70688" Z="0"/>
					<Vertex X="28713" Y="70881" Z="0"/>
					<Vertex X="28520" Y="70945" Z="0"/>
					<Vertex X="28327" Y="71074" Z="0"/>
					<Vertex X="28070" Y="71139" Z="0"/>
					<Vertex X="27812" Y="71267" Z="0"/>
					<Vertex X="27748" Y="71396" Z="0"/>
					<Vertex X="27555" Y="71460" Z="0"/>
					<Vertex X="27362" Y="71654" Z="0"/>
					<Vertex X="27168" Y="71718" Z="0"/>
					<Vertex X="27040" Y="71847" Z="0"/>
					<Vertex X="26846" Y="71911" Z="0"/>
					<Vertex X="26653" Y="72104" Z="0"/>
					<Vertex X="26589" Y="72297" Z="0"/>
					<Vertex X="26396" Y="72426" Z="0"/>
					<Vertex X="26331" Y="72619" Z="0"/>
					<Vertex X="26074" Y="72812" Z="0"/>
					<Vertex X="26010" Y="73006" Z="0"/>
					<Vertex X="25816" Y="73070" Z="0"/>
					<Vertex X="25688" Y="73392" Z="0"/>
					<Vertex X="25559" Y="73456" Z="0"/>
					<Vertex X="25430" Y="73649" Z="0"/>
					<Vertex X="25301" Y="73843" Z="0"/>
					<Vertex X="25237" Y="73971" Z="0"/>
					<Vertex X="25237" Y="74164" Z="0"/>
					<Vertex X="25108" Y="74358" Z="0"/>
					<Vertex X="25044" Y="74422" Z="0"/>
					<Vertex X="25044" Y="74679" Z="0"/>
					<Vertex X="25044" Y="74873" Z="0"/>
					<Vertex X="24915" Y="75001" Z="0"/>
					<Vertex X="24915" Y="75323" Z="0"/>
					<Vertex X="24851" Y="75388" Z="0"/>
					<Vertex X="24851" Y="75645" Z="0"/>
					<Vertex X="24722" Y="75838" Z="0"/>
					<Vertex X="24722" Y="75967" Z="0"/>
					<Vertex X="24658" Y="76096" Z="0"/>
					<Vertex X="24593" Y="76225" Z="0"/>
					<Vertex X="24464" Y="76289" Z="0"/>
					<Vertex X="24271" Y="76353" Z="0"/>
					<Vertex X="24143" Y="76611" Z="0"/>
					<Vertex X="23949" Y="76675" Z="0"/>
					<Vertex X="23885" Y="76804" Z="0"/>
					<Vertex X="23563" Y="76868" Z="0"/>
					<Vertex X="23499" Y="76868" Z="0"/>
					<Vertex X="23306" Y="76933" Z="0"/>
					<Vertex X="23112" Y="77061" Z="0"/>
					<Vertex X="22919" Y="77061" Z="0"/>
					<Vertex X="22726" Y="77061" Z="0"/>
					<Vertex X="22533" Y="77061" Z="0"/>
					<Vertex X="22340" Y="77061" Z="0"/>
					<Vertex X="22147" Y="77061" Z="0"/>
					<Vertex X="21954" Y="77061" Z="0"/>
					<Vertex X="21761" Y="77061" Z="0"/>
					<Vertex X="21567" Y="77190" Z="0"/>
					<Vertex X="21590" Y="77220" Z="0"/>
					<Vertex X="21530" Y="77220" Z="0"/>
					<Vertex X="21312" Y="77260" Z="0"/>
					<Vertex X="21074" Y="77280" Z="0"/>
					<Vertex X="20816" Y="77379" Z="0"/>
					<Vertex X="20539" Y="77439" Z="0"/>
					<Vertex X="20301" Y="77518" Z="0"/>
					<Vertex X="20063" Y="77617" Z="0"/>
					<Vertex X="19805" Y="77696" Z="0"/>
					<Vertex X="19587" Y="77815" Z="0"/>
					<Vertex X="19330" Y="77914" Z="0"/>
					<Vertex X="19052" Y="78033" Z="0"/>
					<Vertex X="18735" Y="78192" Z="0"/>
					<Vertex X="18338" Y="78410" Z="0"/>
					<Vertex X="18021" Y="78588" Z="0"/>
					<Vertex X="17724" Y="78767" Z="0"/>
					<Vertex X="17367" Y="79005" Z="0"/>
					<Vertex X="17089" Y="79183" Z="0"/>
					<Vertex X="16792" Y="79401" Z="0"/>
					<Vertex X="16534" Y="79540" Z="0"/>
					<Vertex X="16237" Y="79719" Z="0"/>
					<Vertex X="16019" Y="79818" Z="0"/>
					<Vertex X="15820" Y="79937" Z="0"/>
					<Vertex X="15602" Y="79996" Z="0"/>
					<Vertex X="15404" Y="80056" Z="0"/>
					<Vertex X="15226" Y="80115" Z="0"/>
					<Vertex X="15067" Y="80135" Z="0"/>
					<Vertex X="14928" Y="80135" Z="0"/>
					<Vertex X="14809" Y="80135" Z="0"/>
					<Vertex X="14710" Y="80115" Z="0"/>
					<Vertex X="14591" Y="80075" Z="0"/>
					<Vertex X="14512" Y="80016" Z="0"/>
					<Vertex X="14393" Y="79976" Z="0"/>
					<Vertex X="14274" Y="79877" Z="0"/>
					<Vertex X="14155" Y="79778" Z="0"/>
					<Vertex X="14036" Y="79699" Z="0"/>
					<Vertex X="13937" Y="79580" Z="0"/>
					<Vertex X="13818" Y="79421" Z="0"/>
					<Vertex X="13640" Y="79302" Z="0"/>
					<Vertex X="13461" Y="79163" Z="0"/>
					<Vertex X="13263" Y="79005" Z="0"/>
					<Vertex X="12906" Y="78866" Z="0"/>
					<Vertex X="12688" Y="78767" Z="0"/>
					<Vertex X="12371" Y="78688" Z="0"/>
					<Vertex X="12034" Y="78648" Z="0"/>
					<Vertex X="11717" Y="78688" Z="0"/>
					<Vertex X="11360" Y="78767" Z="0"/>
					<Vertex X="10943" Y="78985" Z="0"/>
					<Vertex X="10705" Y="79104" Z="0"/>
					<Vertex X="10408" Y="79302" Z="0"/>
					<Vertex X="10051" Y="79600" Z="0"/>
					<Vertex X="9873" Y="79818" Z="0"/>
					<Vertex X="9575" Y="80135" Z="0"/>
					<Vertex X="9357" Y="80412" Z="0"/>
					<Vertex X="9159" Y="80730" Z="0"/>
					<Vertex X="9040" Y="81007" Z="0"/>
					<Vertex X="8882" Y="81305" Z="0"/>
					<Vertex X="8763" Y="81622" Z="0"/>
					<Vertex X="8644" Y="81959" Z="0"/>
					<Vertex X="8525" Y="82335" Z="0"/>
					<Vertex X="8445" Y="82732" Z="0"/>
					<Vertex X="8346" Y="83228" Z="0"/>
					<Vertex X="8326" Y="83584" Z="0"/>
					<Vertex X="8287" Y="83981" Z="0"/>
					<Vertex X="8287" Y="84338" Z="0"/>
					<Vertex X="8326" Y="84655" Z="0"/>
					<Vertex X="8346" Y="84992" Z="0"/>
					<Vertex X="8386" Y="85250" Z="0"/>
					<Vertex X="8445" Y="85547" Z="0"/>
					<Vertex X="8465" Y="85845" Z="0"/>
					<Vertex X="8525" Y="86142" Z="0"/>
					<Vertex X="8564" Y="86439" Z="0"/>
					<Vertex X="8624" Y="86717" Z="0"/>
					<Vertex X="8703" Y="86895" Z="0"/>
					<Vertex X="8802" Y="87034" Z="0"/>
					<Vertex X="8921" Y="87252" Z="0"/>
					<Vertex X="8981" Y="87332" Z="0"/>
					<Vertex X="9100" Y="87450" Z="0"/>
					<Vertex X="9219" Y="87550" Z="0"/>
					<Vertex X="9337" Y="87609" Z="0"/>
					<Vertex X="9456" Y="87629" Z="0"/>
					<Vertex X="9536" Y="87669" Z="0"/>
					<Vertex X="9655" Y="87669" Z="0"/>
					<Vertex X="9774" Y="87669" Z="0"/>
					<Vertex X="9873" Y="87669" Z="0"/>
					<Vertex X="9932" Y="87669" Z="0"/>
					<Vertex X="9952" Y="87669" Z="0"/>
					<Vertex X="9992" Y="87669" Z="0"/>
					<Vertex X="10012" Y="87669" Z="0"/>
					<Vertex X="10012" Y="87688" Z="0"/>
					<Vertex X="10051" Y="87748" Z="0"/>
					<Vertex X="10071" Y="87867" Z="0"/>
					<Vertex X="10071" Y="88025" Z="0"/>
					<Vertex X="10111" Y="88164" Z="0"/>
					<Vertex X="10190" Y="88323" Z="0"/>
					<Vertex X="10289" Y="88402" Z="0"/>
					<Vertex X="10408" Y="88521" Z="0"/>
					<Vertex X="10527" Y="88620" Z="0"/>
					<Vertex X="10666" Y="88640" Z="0"/>
					<Vertex X="10765" Y="88680" Z="0"/>
					<Vertex X="10844" Y="88640" Z="0"/>
					<Vertex X="10943" Y="88640" Z="0"/>
					<Vertex X="11062" Y="88620" Z="0"/>
					<Vertex X="11261" Y="88581" Z="0"/>
					<Vertex X="11439" Y="88521" Z="0"/>
					<Vertex X="11657" Y="88442" Z="0"/>
					<Vertex X="11895" Y="88382" Z="0"/>
					<Vertex X="12093" Y="88283" Z="0"/>
					<Vertex X="12331" Y="88224" Z="0"/>
					<Vertex X="12609" Y="88105" Z="0"/>
					<Vertex X="12847" Y="87986" Z="0"/>
					<Vertex X="13104" Y="87867" Z="0"/>
					<Vertex X="13342" Y="87728" Z="0"/>
					<Vertex X="13620" Y="87569" Z="0"/>
					<Vertex X="13878" Y="87431" Z="0"/>
					<Vertex X="14155" Y="87252" Z="0"/>
					<Vertex X="14452" Y="87074" Z="0"/>
					<Vertex X="14750" Y="86876" Z="0"/>
					<Vertex X="15067" Y="86618" Z="0"/>
					<Vertex X="15404" Y="86380" Z="0"/>
					<Vertex X="15721" Y="86142" Z="0"/>
					<Vertex X="16019" Y="85884" Z="0"/>
					<Vertex X="16296" Y="85706" Z="0"/>
					<Vertex X="16554" Y="85527" Z="0"/>
					<Vertex X="16792" Y="85349" Z="0"/>
					<Vertex X="17030" Y="85190" Z="0"/>
					<Vertex X="17327" Y="85052" Z="0"/>
					<Vertex X="17625" Y="84893" Z="0"/>
					<Vertex X="17962" Y="84715" Z="0"/>
					<Vertex X="18279" Y="84596" Z="0"/>
					<Vertex X="18576" Y="84496" Z="0"/>
					<Vertex X="18874" Y="84397" Z="0"/>
					<Vertex X="19171" Y="84397" Z="0"/>
					<Vertex X="19409" Y="84397" Z="0"/>
					<Vertex X="19647" Y="84496" Z="0"/>
					<Vertex X="19885" Y="84635" Z="0"/>
					<Vertex X="20103" Y="84853" Z="0"/>
					<Vertex X="20242" Y="85091" Z="0"/>
					<Vertex X="20400" Y="85289" Z="0"/>
					<Vertex X="20579" Y="85547" Z="0"/>
					<Vertex X="20757" Y="85785" Z="0"/>
					<Vertex X="20995" Y="86083" Z="0"/>
					<Vertex X="21233" Y="86301" Z="0"/>
					<Vertex X="21491" Y="86439" Z="0"/>
					<Vertex X="21728" Y="86598" Z="0"/>
					<Vertex X="22026" Y="86657" Z="0"/>
					<Vertex X="22264" Y="86717" Z="0"/>
					<Vertex X="22541" Y="86677" Z="0"/>
					<Vertex X="22740" Y="86618" Z="0"/>
					<Vertex X="22958" Y="86578" Z="0"/>
					<Vertex X="23156" Y="86479" Z="0"/>
					<Vertex X="23314" Y="86360" Z="0"/>
					<Vertex X="23433" Y="86241" Z="0"/>
					<Vertex X="23513" Y="86023" Z="0"/>
					<Vertex X="23572" Y="85884" Z="0"/>
					<Vertex X="23632" Y="85706" Z="0"/>
					<Vertex X="23671" Y="85488" Z="0"/>
					<Vertex X="23731" Y="85289" Z="0"/>
					<Vertex X="23770" Y="85091" Z="0"/>
					<Vertex X="23770" Y="84893" Z="0"/>
					<Vertex X="23770" Y="84715" Z="0"/>
					<Vertex X="23731" Y="84516" Z="0"/>
					<Vertex X="23691" Y="84358" Z="0"/>
					<Vertex X="23671" Y="84239" Z="0"/>
					<Vertex X="23671" Y="84199" Z="0"/>
					<Vertex X="23731" Y="84120" Z="0"/>
					<Vertex X="23850" Y="84060" Z="0"/>
					<Vertex X="24028" Y="84001" Z="0"/>
					<Vertex X="24266" Y="83902" Z="0"/>
					<Vertex X="24564" Y="83743" Z="0"/>
					<Vertex X="24841" Y="83565" Z="0"/>
					<Vertex X="25158" Y="83386" Z="0"/>
					<Vertex X="25416" Y="83208" Z="0"/>
					<Vertex X="25713" Y="83029" Z="0"/>
					<Vertex X="25951" Y="82891" Z="0"/>
					<Vertex X="26229" Y="82712" Z="0"/>
					<Vertex X="26526" Y="82554" Z="0"/>
					<Vertex X="26784" Y="82415" Z="0"/>
					<Vertex X="27062" Y="82316" Z="0"/>
					<Vertex X="27319" Y="82197" Z="0"/>
					<Vertex X="27597" Y="82137" Z="0"/>
					<Vertex X="27835" Y="82078" Z="0"/>
					<Vertex X="28053" Y="82137" Z="0"/>
					<Vertex X="28231" Y="82197" Z="0"/>
					<Vertex X="28350" Y="82316" Z="0"/>
					<Vertex X="28410" Y="82474" Z="0"/>
					<Vertex X="28429" Y="82633" Z="0"/>
					<Vertex X="28429" Y="82811" Z="0"/>
					<Vertex X="28410" Y="83029" Z="0"/>
					<Vertex X="28370" Y="83307" Z="0"/>
					<Vertex X="28350" Y="83664" Z="0"/>
					<Vertex X="28311" Y="83981" Z="0"/>
					<Vertex X="28311" Y="84298" Z="0"/>
					<Vertex X="28350" Y="84596" Z="0"/>
					<Vertex X="28429" Y="84893" Z="0"/>
					<Vertex X="28588" Y="85151" Z="0"/>
					<Vertex X="28727" Y="85349" Z="0"/>
					<Vertex X="28905" Y="85527" Z="0"/>
					<Vertex X="29084" Y="85686" Z="0"/>
					<Vertex X="29302" Y="85765" Z="0"/>
					<Vertex X="29500" Y="85825" Z="0"/>
					<Vertex X="29718" Y="85884" Z="0"/>
					<Vertex X="29956" Y="85884" Z="0"/>
					<Vertex X="30253" Y="85825" Z="0"/>
					<Vertex X="30551" Y="85726" Z="0"/>
					<Vertex X="30848" Y="85607" Z="0"/>
					<Vertex X="31106" Y="85488" Z="0"/>
					<Vertex X="31383" Y="85389" Z="0"/>
					<Vertex X="31621" Y="85250" Z="0"/>
					<Vertex X="31879" Y="85111" Z="0"/>
					<Vertex X="32157" Y="84972" Z="0"/>
					<Vertex X="32355" Y="84794" Z="0"/>
					<Vertex X="32632" Y="84556" Z="0"/>
					<Vertex X="32791" Y="84397" Z="0"/>
					<Vertex X="32950" Y="84239" Z="0"/>
					<Vertex X="33069" Y="84100" Z="0"/>
					<Vertex X="33128" Y="83981" Z="0"/>
					<Vertex X="33227" Y="83822" Z="0"/>
					<Vertex X="33307" Y="83664" Z="0"/>
					<Vertex X="33386" Y="83406" Z="0"/>
					<Vertex X="33544" Y="83069" Z="0"/>
					<Vertex X="33663" Y="82772" Z="0"/>
					<Vertex X="33782" Y="82474" Z="0"/>
					<Vertex X="33921" Y="82197" Z="0"/>
					<Vertex X="34020" Y="81919" Z="0"/>
					<Vertex X="34119" Y="81721" Z="0"/>
					<Vertex X="34139" Y="81483" Z="0"/>
					<Vertex X="34179" Y="81245" Z="0"/>
					<Vertex X="34199" Y="81106" Z="0"/>
					<Vertex X="34179" Y="80908" Z="0"/>
					<Vertex X="34139" Y="80730" Z="0"/>
					<Vertex X="34139" Y="80512" Z="0"/>
					<Vertex X="34119" Y="80373" Z="0"/>
					<Vertex X="34060" Y="80214" Z="0"/>
					<Vertex X="34020" Y="80016" Z="0"/>
					<Vertex X="33921" Y="79837" Z="0"/>
					<Vertex X="33842" Y="79699" Z="0"/>
					<Vertex X="33723" Y="79520" Z="0"/>
					<Vertex X="33604" Y="79401" Z="0"/>
					<Vertex X="33465" Y="79243" Z="0"/>
					<Vertex X="33227" Y="79064" Z="0"/>
					<Vertex X="33049" Y="78925" Z="0"/>
					<Vertex X="32851" Y="78767" Z="0"/>
					<Vertex X="32652" Y="78648" Z="0"/>
					<Vertex X="32395" Y="78450" Z="0"/>
					<Vertex X="32177" Y="78251" Z="0"/>
					<Vertex X="31939" Y="78053" Z="0"/>
					<Vertex X="31721" Y="77914" Z="0"/>
					<Vertex X="31522" Y="77696" Z="0"/>
					<Vertex X="31284" Y="77458" Z="0"/>
					<Vertex X="31126" Y="77300" Z="0"/>
					<Vertex X="31027" Y="77102" Z="0"/>
					<Vertex X="30868" Y="76943" Z="0"/>
					<Vertex X="30789" Y="76804" Z="0"/>
					<Vertex X="30650" Y="76626" Z="0"/>
					<Vertex X="30571" Y="76447" Z="0"/>
					<Vertex X="30531" Y="76209" Z="0"/>
					<Vertex X="30531" Y="75971" Z="0"/>
					<Vertex X="30531" Y="75734" Z="0"/>
					<Vertex X="30590" Y="75555" Z="0"/>
					<Vertex X="30650" Y="75416" Z="0"/>
					<Vertex X="30809" Y="75297" Z="0"/>
					<Vertex X="30947" Y="75198" Z="0"/>
					<Vertex X="31106" Y="75119" Z="0"/>
					<Vertex X="31304" Y="75020" Z="0"/>
					<Vertex X="31562" Y="74960" Z="0"/>
					<Vertex X="31899" Y="74901" Z="0"/>
					<Vertex X="32177" Y="74841" Z="0"/>
					<Vertex X="32434" Y="74782" Z="0"/>
					<Vertex X="32732" Y="74762" Z="0"/>
					<Vertex X="33069" Y="74703" Z="0"/>
					<Vertex X="33366" Y="74703" Z="0"/>
					<Vertex X="33604" Y="74703" Z="0"/>
					<Vertex X="33802" Y="74722" Z="0"/>
					<Vertex X="34000" Y="74782" Z="0"/>
					<Vertex X="34139" Y="74861" Z="0"/>
					<Vertex X="34219" Y="74941" Z="0"/>
					<Vertex X="34298" Y="75119" Z="0"/>
					<Vertex X="34318" Y="75317" Z="0"/>
					<Vertex X="34337" Y="75515" Z="0"/>
					<Vertex X="34377" Y="75753" Z="0"/>
					<Vertex X="34397" Y="75971" Z="0"/>
					<Vertex X="34437" Y="76209" Z="0"/>
					<Vertex X="34496" Y="76467" Z="0"/>
					<Vertex X="34536" Y="76685" Z="0"/>
					<Vertex X="34536" Y="77022" Z="0"/>
					<Vertex X="34536" Y="77300" Z="0"/>
					<Vertex X="34556" Y="77558" Z="0"/>
					<Vertex X="34595" Y="77835" Z="0"/>
					<Vertex X="34655" Y="78093" Z="0"/>
					<Vertex X="34675" Y="78390" Z="0"/>
					<Vertex X="34734" Y="78648" Z="0"/>
					<Vertex X="34754" Y="78945" Z="0"/>
					<Vertex X="34833" Y="79302" Z="0"/>
					<Vertex X="34912" Y="79540" Z="0"/>
					<Vertex X="34992" Y="79758" Z="0"/>
					<Vertex X="35150" Y="79917" Z="0"/>
					<Vertex X="35329" Y="80016" Z="0"/>
					<Vertex X="35527" Y="80115" Z="0"/>
					<Vertex X="35785" Y="80135" Z="0"/>
					<Vertex X="36042" Y="80115" Z="0"/>
					<Vertex X="36320" Y="80056" Z="0"/>
					<Vertex X="36637" Y="79956" Z="0"/>
					<Vertex X="37054" Y="79837" Z="0"/>
					<Vertex X="37827" Y="79580" Z="0"/>
					<Vertex X="39195" Y="78866" Z="0"/>
					<Vertex X="39215" Y="78747" Z="0"/>
					<Vertex X="39274" Y="78569" Z="0"/>
					<Vertex X="39334" Y="78291" Z="0"/>
					<Vertex X="39373" Y="78093" Z="0"/>
					<Vertex X="39393" Y="77815" Z="0"/>
					<Vertex X="39393" Y="77577" Z="0"/>
					<Vertex X="39393" Y="77359" Z="0"/>
					<Vertex X="39334" Y="77141" Z="0"/>
					<Vertex X="39274" Y="76923" Z="0"/>
					<Vertex X="39195" Y="76725" Z="0"/>
					<Vertex X="39076" Y="76487" Z="0"/>
					<Vertex X="38897" Y="76210" Z="0"/>
					<Vertex X="38778" Y="76031" Z="0"/>
					<Vertex X="38620" Y="75833" Z="0"/>
					<Vertex X="38422" Y="75615" Z="0"/>
					<Vertex X="38203" Y="75476" Z="0"/>
					<Vertex X="38025" Y="75357" Z="0"/>
					<Vertex X="37847" Y="75238" Z="0"/>
					<Vertex X="37708" Y="75139" Z="0"/>
					<Vertex X="37589" Y="75020" Z="0"/>
					<Vertex X="37490" Y="74881" Z="0"/>
					<Vertex X="37410" Y="74762" Z="0"/>
					<Vertex X="37371" Y="74604" Z="0"/>
					<Vertex X="37351" Y="74465" Z="0"/>
					<Vertex X="37311" Y="74346" Z="0"/>
					<Vertex X="37311" Y="74187" Z="0"/>
					<Vertex X="37311" Y="74068" Z="0"/>
					<Vertex X="37311" Y="73949" Z="0"/>
					<Vertex X="37351" Y="73711" Z="0"/>
					<Vertex X="37351" Y="73513" Z="0"/>
					<Vertex X="37371" Y="73295" Z="0"/>
					<Vertex X="37430" Y="73097" Z="0"/>
					<Vertex X="37490" Y="72800" Z="0"/>
					<Vertex X="37549" Y="72562" Z="0"/>
					<Vertex X="37648" Y="72324" Z="0"/>
					<Vertex X="37728" Y="72086" Z="0"/>
					<Vertex X="37827" Y="71848" Z="0"/>
					<Vertex X="37886" Y="71570" Z="0"/>
					<Vertex X="37946" Y="71313" Z="0"/>
					<Vertex X="38005" Y="70976" Z="0"/>
					<Vertex X="38065" Y="70738" Z="0"/>
					<Vertex X="38124" Y="70539" Z="0"/>
					<Vertex X="38203" Y="70302" Z="0"/>
					<Vertex X="38263" Y="70083" Z="0"/>
					<Vertex X="38382" Y="69885" Z="0"/>
					<Vertex X="38481" Y="69667" Z="0"/>
					<Vertex X="38540" Y="69489" Z="0"/>
					<Vertex X="38600" Y="69310" Z="0"/>
					<Vertex X="38659" Y="69132" Z="0"/>
					<Vertex X="38798" Y="68894" Z="0"/>
					<Vertex X="38897" Y="68775" Z="0"/>
					<Vertex X="39036" Y="68735" Z="0"/>
					<Vertex X="39215" Y="68755" Z="0"/>
					<Vertex X="39393" Y="68834" Z="0"/>
					<Vertex X="39611" Y="69013" Z="0"/>
					<Vertex X="39750" Y="69231" Z="0"/>
					<Vertex X="39908" Y="69429" Z="0"/>
					<Vertex X="40027" Y="69647" Z="0"/>
					<Vertex X="40166" Y="69945" Z="0"/>
					<Vertex X="40285" Y="70143" Z="0"/>
					<Vertex X="40404" Y="70361" Z="0"/>
					<Vertex X="40503" Y="70559" Z="0"/>
					<Vertex X="40583" Y="70738" Z="0"/>
					<Vertex X="40622" Y="70956" Z="0"/>
					<Vertex X="40682" Y="71154" Z="0"/>
					<Vertex X="40741" Y="71392" Z="0"/>
					<Vertex X="40801" Y="71630" Z="0"/>
					<Vertex X="40860" Y="71868" Z="0"/>
					<Vertex X="40920" Y="72145" Z="0"/>
					<Vertex X="40999" Y="72383" Z="0"/>
					<Vertex X="41098" Y="72621" Z="0"/>
					<Vertex X="41177" Y="72938" Z="0"/>
					<Vertex X="41276" Y="73196" Z="0"/>
					<Vertex X="41336" Y="73454" Z="0"/>
					<Vertex X="41356" Y="73711" Z="0"/>
					<Vertex X="41395" Y="74009" Z="0"/>
					<Vertex X="41415" Y="74346" Z="0"/>
					<Vertex X="41415" Y="74604" Z="0"/>
					<Vertex X="41475" Y="74901" Z="0"/>
					<Vertex X="41514" Y="75079" Z="0"/>
					<Vertex X="41534" Y="75298" Z="0"/>
					<Vertex X="41574" Y="75535" Z="0"/>
					<Vertex X="41594" Y="75773" Z="0"/>
					<Vertex X="41594" Y="75952" Z="0"/>
					<Vertex X="41594" Y="76130" Z="0"/>
					<Vertex X="41594" Y="76328" Z="0"/>
					<Vertex X="41594" Y="76507" Z="0"/>
					<Vertex X="41633" Y="76685" Z="0"/>
					<Vertex X="41633" Y="76864" Z="0"/>
					<Vertex X="41633" Y="77082" Z="0"/>
					<Vertex X="41574" Y="77280" Z="0"/>
					<Vertex X="41514" Y="77558" Z="0"/>
					<Vertex X="41415" Y="77815" Z="0"/>
					<Vertex X="41296" Y="78053" Z="0"/>
					<Vertex X="41217" Y="78291" Z="0"/>
					<Vertex X="41118" Y="78509" Z="0"/>
					<Vertex X="41039" Y="78708" Z="0"/>
					<Vertex X="40880" Y="78945" Z="0"/>
					<Vertex X="40741" Y="79164" Z="0"/>
					<Vertex X="40583" Y="79362" Z="0"/>
					<Vertex X="40444" Y="79580" Z="0"/>
					<Vertex X="40325" Y="79818" Z="0"/>
					<Vertex X="40166" Y="80135" Z="0"/>
					<Vertex X="40107" Y="80413" Z="0"/>
					<Vertex X="40107" Y="80650" Z="0"/>
					<Vertex X="40107" Y="80849" Z="0"/>
					<Vertex X="40166" Y="81027" Z="0"/>
					<Vertex X="40265" Y="81245" Z="0"/>
					<Vertex X="40384" Y="81443" Z="0"/>
					<Vertex X="40503" Y="81662" Z="0"/>
					<Vertex X="40682" Y="81840" Z="0"/>
					<Vertex X="40920" Y="81959" Z="0"/>
					<Vertex X="41157" Y="81979" Z="0"/>
					<Vertex X="41415" Y="82018" Z="0"/>
					<Vertex X="41812" Y="82038" Z="0"/>
					<Vertex X="42109" Y="82038" Z="0"/>
					<Vertex X="42426" Y="82038" Z="0"/>
					<Vertex X="42724" Y="82038" Z="0"/>
					<Vertex X="43081" Y="82018" Z="0"/>
					<Vertex X="43437" Y="81979" Z="0"/>
					<Vertex X="43794" Y="81959" Z="0"/>
					<Vertex X="44171" Y="81899" Z="0"/>
					<Vertex X="44508" Y="81840" Z="0"/>
					<Vertex X="44845" Y="81780" Z="0"/>
					<Vertex X="45162" Y="81721" Z="0"/>
					<Vertex X="45460" Y="81622" Z="0"/>
					<Vertex X="45737" Y="81543" Z="0"/>
					<Vertex X="46074" Y="81424" Z="0"/>
					<Vertex X="46233" Y="81265" Z="0"/>
					<Vertex X="46391" Y="81087" Z="0"/>
					<Vertex X="46510" Y="80928" Z="0"/>
					<Vertex X="46570" Y="80710" Z="0"/>
					<Vertex X="46530" Y="80472" Z="0"/>
					<Vertex X="46471" Y="80234" Z="0"/>
					<Vertex X="46391" Y="79996" Z="0"/>
					<Vertex X="46272" Y="79758" Z="0"/>
					<Vertex X="46114" Y="79540" Z="0"/>
					<Vertex X="45935" Y="79342" Z="0"/>
					<Vertex X="45777" Y="79144" Z="0"/>
					<Vertex X="45579" Y="78985" Z="0"/>
					<Vertex X="45440" Y="78866" Z="0"/>
					<Vertex X="45261" Y="78747" Z="0"/>
					<Vertex X="45043" Y="78569" Z="0"/>
					<Vertex X="44904" Y="78410" Z="0"/>
					<Vertex X="44746" Y="78252" Z="0"/>
					<Vertex X="44627" Y="78053" Z="0"/>
					<Vertex X="44548" Y="77855" Z="0"/>
					<Vertex X="44548" Y="77657" Z="0"/>
					<Vertex X="44567" Y="77439" Z="0"/>
					<Vertex X="44627" Y="77201" Z="0"/>
					<Vertex X="44746" Y="76963" Z="0"/>
					<Vertex X="44904" Y="76705" Z="0"/>
					<Vertex X="45103" Y="76368" Z="0"/>
					<Vertex X="45261" Y="76091" Z="0"/>
					<Vertex X="45400" Y="75853" Z="0"/>
					<Vertex X="45519" Y="75714" Z="0"/>
					<Vertex X="45678" Y="75555" Z="0"/>
					<Vertex X="45797" Y="75496" Z="0"/>
					<Vertex X="45935" Y="75476" Z="0"/>
					<Vertex X="46054" Y="75496" Z="0"/>
					<Vertex X="46173" Y="75595" Z="0"/>
					<Vertex X="46292" Y="75674" Z="0"/>
					<Vertex X="46411" Y="75773" Z="0"/>
					<Vertex X="46510" Y="75912" Z="0"/>
					<Vertex X="46530" Y="76091" Z="0"/>
					<Vertex X="46609" Y="76348" Z="0"/>
					<Vertex X="46609" Y="76487" Z="0"/>
					<Vertex X="46609" Y="76745" Z="0"/>
					<Vertex X="46629" Y="77022" Z="0"/>
					<Vertex X="46649" Y="77260" Z="0"/>
					<Vertex X="46649" Y="77518" Z="0"/>
					<Vertex X="46689" Y="77835" Z="0"/>
					<Vertex X="46748" Y="78053" Z="0"/>
					<Vertex X="46847" Y="78351" Z="0"/>
					<Vertex X="46887" Y="78569" Z="0"/>
					<Vertex X="46947" Y="78767" Z="0"/>
					<Vertex X="47006" Y="78985" Z="0"/>
					<Vertex X="47065" Y="79164" Z="0"/>
					<Vertex X="47145" Y="79302" Z="0"/>
					<Vertex X="47184" Y="79401" Z="0"/>
					<Vertex X="47303" Y="79461" Z="0"/>
					<Vertex X="47422" Y="79481" Z="0"/>
					<Vertex X="47640" Y="79461" Z="0"/>
					<Vertex X="47779" Y="79441" Z="0"/>
					<Vertex X="48116" Y="79342" Z="0"/>
					<Vertex X="48314" Y="79282" Z="0"/>
					<Vertex X="48671" Y="79144" Z="0"/>
					<Vertex X="48969" Y="79025" Z="0"/>
					<Vertex X="49286" Y="78906" Z="0"/>
					<Vertex X="49603" Y="78747" Z="0"/>
					<Vertex X="49980" Y="78569" Z="0"/>
					<Vertex X="50277" Y="78390" Z="0"/>
					<Vertex X="50575" Y="78252" Z="0"/>
					<Vertex X="50852" Y="78053" Z="0"/>
					<Vertex X="51090" Y="77855" Z="0"/>
					<Vertex X="51268" Y="77677" Z="0"/>
					<Vertex X="51387" Y="77459" Z="0"/>
					<Vertex X="51546" Y="77240" Z="0"/>
					<Vertex X="51606" Y="77022" Z="0"/>
					<Vertex X="51606" Y="76725" Z="0"/>
					<Vertex X="51546" Y="76487" Z="0"/>
					<Vertex X="51427" Y="76210" Z="0"/>
					<Vertex X="51308" Y="76051" Z="0"/>
					<Vertex X="51150" Y="75833" Z="0"/>
					<Vertex X="50951" Y="75674" Z="0"/>
					<Vertex X="50733" Y="75496" Z="0"/>
					<Vertex X="50515" Y="75317" Z="0"/>
					<Vertex X="50317" Y="75179" Z="0"/>
					<Vertex X="50119" Y="75060" Z="0"/>
					<Vertex X="49960" Y="74961" Z="0"/>
					<Vertex X="49782" Y="74861" Z="0"/>
					<Vertex X="49603" Y="74723" Z="0"/>
					<Vertex X="49445" Y="74604" Z="0"/>
					<Vertex X="49326" Y="74465" Z="0"/>
					<Vertex X="49207" Y="74247" Z="0"/>
					<Vertex X="49127" Y="74009" Z="0"/>
					<Vertex X="49008" Y="73751" Z="0"/>
					<Vertex X="48889" Y="73474" Z="0"/>
					<Vertex X="48770" Y="73196" Z="0"/>
					<Vertex X="48711" Y="72938" Z="0"/>
					<Vertex X="48612" Y="72621" Z="0"/>
					<Vertex X="48493" Y="72284" Z="0"/>
					<Vertex X="48414" Y="71967" Z="0"/>
					<Vertex X="48314" Y="71689" Z="0"/>
					<Vertex X="48235" Y="71451" Z="0"/>
					<Vertex X="48176" Y="71253" Z="0"/>
					<Vertex X="48116" Y="71095" Z="0"/>
					<Vertex X="48077" Y="70956" Z="0"/>
					<Vertex X="48077" Y="70837" Z="0"/>
					<Vertex X="48077" Y="70678" Z="0"/>
					<Vertex X="48136" Y="70539" Z="0"/>
					<Vertex X="48196" Y="70381" Z="0"/>
					<Vertex X="48314" Y="70202" Z="0"/>
					<Vertex X="48433" Y="70064" Z="0"/>
					<Vertex X="48493" Y="69945" Z="0"/>
					<Vertex X="48652" Y="69786" Z="0"/>
					<Vertex X="48790" Y="69667" Z="0"/>
					<Vertex X="48909" Y="69588" Z="0"/>
					<Vertex X="49068" Y="69548" Z="0"/>
					<Vertex X="49187" Y="69588" Z="0"/>
					<Vertex X="49306" Y="69667" Z="0"/>
					<Vertex X="49425" Y="69846" Z="0"/>
					<Vertex X="49544" Y="70024" Z="0"/>
					<Vertex X="49682" Y="70202" Z="0"/>
					<Vertex X="49861" Y="70420" Z="0"/>
					<Vertex X="50019" Y="70619" Z="0"/>
					<Vertex X="50158" Y="70797" Z="0"/>
					<Vertex X="50317" Y="71035" Z="0"/>
					<Vertex X="50495" Y="71273" Z="0"/>
					<Vertex X="50634" Y="71511" Z="0"/>
					<Vertex X="50733" Y="71689" Z="0"/>
					<Vertex X="50912" Y="71927" Z="0"/>
					<Vertex X="51110" Y="72205" Z="0"/>
					<Vertex X="51229" Y="72383" Z="0"/>
					<Vertex X="51387" Y="72621" Z="0"/>
					<Vertex X="51526" Y="72918" Z="0"/>
					<Vertex X="51724" Y="73156" Z="0"/>
					<Vertex X="51923" Y="73513" Z="0"/>
					<Vertex X="52042" Y="73751" Z="0"/>
					<Vertex X="52180" Y="74049" Z="0"/>
					<Vertex X="52399" Y="74346" Z="0"/>
					<Vertex X="52577" Y="74643" Z="0"/>
					<Vertex X="52874" Y="75000" Z="0"/>
					<Vertex X="53092" Y="75198" Z="0"/>
					<Vertex X="53291" Y="75377" Z="0"/>
					<Vertex X="53529" Y="75535" Z="0"/>
					<Vertex X="53766" Y="75674" Z="0"/>
					<Vertex X="54004" Y="75813" Z="0"/>
					<Vertex X="54302" Y="75892" Z="0"/>
					<Vertex X="54599" Y="75912" Z="0"/>
					<Vertex X="54897" Y="75912" Z="0"/>
					<Vertex X="55194" Y="75892" Z="0"/>
					<Vertex X="55531" Y="75833" Z="0"/>
					<Vertex X="55848" Y="75813" Z="0"/>
					<Vertex X="56146" Y="75754" Z="0"/>
					<Vertex X="56443" Y="75674" Z="0"/>
					<Vertex X="56800" Y="75595" Z="0"/>
					<Vertex X="57058" Y="75476" Z="0"/>
					<Vertex X="57335" Y="75317" Z="0"/>
					<Vertex X="57573" Y="75198" Z="0"/>
					<Vertex X="57751" Y="75060" Z="0"/>
					<Vertex X="57930" Y="74941" Z="0"/>
					<Vertex X="58108" Y="74762" Z="0"/>
					<Vertex X="58227" Y="74604" Z="0"/>
					<Vertex X="58366" Y="74405" Z="0"/>
					<Vertex X="58465" Y="74267" Z="0"/>
					<Vertex X="58584" Y="74009" Z="0"/>
					<Vertex X="58624" Y="73870" Z="0"/>
					<Vertex X="58644" Y="73692" Z="0"/>
					<Vertex X="58624" Y="73454" Z="0"/>
					<Vertex X="58584" Y="73275" Z="0"/>
					<Vertex X="58564" Y="73077" Z="0"/>
					<Vertex X="58505" Y="72918" Z="0"/>
					<Vertex X="58406" Y="72681" Z="0"/>
					<Vertex X="58307" Y="72403" Z="0"/>
					<Vertex X="58227" Y="72185" Z="0"/>
					<Vertex X="58128" Y="71927" Z="0"/>
					<Vertex X="58049" Y="71729" Z="0"/>
					<Vertex X="57970" Y="71491" Z="0"/>
					<Vertex X="57831" Y="71313" Z="0"/>
					<Vertex X="57751" Y="71134" Z="0"/>
					<Vertex X="57593" Y="70956" Z="0"/>
					<Vertex X="57494" Y="70777" Z="0"/>
					<Vertex X="57295" Y="70639" Z="0"/>
					<Vertex X="57137" Y="70480" Z="0"/>
					<Vertex X="56978" Y="70282" Z="0"/>
					<Vertex X="56839" Y="70083" Z="0"/>
					<Vertex X="56621" Y="69846" Z="0"/>
					<Vertex X="56502" Y="69647" Z="0"/>
					<Vertex X="56403" Y="69429" Z="0"/>
					<Vertex X="56344" Y="69251" Z="0"/>
					<Vertex X="56304" Y="69112" Z="0"/>
					<Vertex X="56265" Y="68953" Z="0"/>
					<Vertex X="56225" Y="68874" Z="0"/>
					<Vertex X="56205" Y="68775" Z="0"/>
					<Vertex X="56205" Y="68696" Z="0"/>
					<Vertex X="56205" Y="68597" Z="0"/>
					<Vertex X="56225" Y="68418" Z="0"/>
					<Vertex X="56265" Y="68240" Z="0"/>
					<Vertex X="56304" Y="68121" Z="0"/>
					<Vertex X="56304" Y="68041" Z="0"/>
					<Vertex X="56324" Y="67883" Z="0"/>
					<Vertex X="56383" Y="67724" Z="0"/>
					<Vertex X="56463" Y="67526" Z="0"/>
					<Vertex X="56562" Y="67387" Z="0"/>
					<Vertex X="56681" Y="67169" Z="0"/>
					<Vertex X="56760" Y="67050" Z="0"/>
					<Vertex X="56879" Y="66911" Z="0"/>
					<Vertex X="56998" Y="66753" Z="0"/>
					<Vertex X="57117" Y="66673" Z="0"/>
					<Vertex X="57236" Y="66634" Z="0"/>
					<Vertex X="57375" Y="66673" Z="0"/>
					<Vertex X="57474" Y="66753" Z="0"/>
					<Vertex X="57573" Y="66852" Z="0"/>
					<Vertex X="57652" Y="66991" Z="0"/>
					<Vertex X="57751" Y="67149" Z="0"/>
					<Vertex X="57811" Y="67328" Z="0"/>
					<Vertex X="57930" Y="67566" Z="0"/>
					<Vertex X="58049" Y="67803" Z="0"/>
					<Vertex X="58128" Y="68041" Z="0"/>
					<Vertex X="58247" Y="68279" Z="0"/>
					<Vertex X="58366" Y="68577" Z="0"/>
					<Vertex X="58465" Y="68874" Z="0"/>
					<Vertex X="58584" Y="69171" Z="0"/>
					<Vertex X="58703" Y="69429" Z="0"/>
					<Vertex X="58842" Y="69746" Z="0"/>
					<Vertex X="58981" Y="70024" Z="0"/>
					<Vertex X="59119" Y="70302" Z="0"/>
					<Vertex X="59238" Y="70539" Z="0"/>
					<Vertex X="59377" Y="70718" Z="0"/>
					<Vertex X="59516" Y="70896" Z="0"/>
					<Vertex X="59655" Y="71035" Z="0"/>
					<Vertex X="59774" Y="71174" Z="0"/>
					<Vertex X="59873" Y="71293" Z="0"/>
					<Vertex X="59952" Y="71412" Z="0"/>
					<Vertex X="60012" Y="71551" Z="0"/>
					<Vertex X="60012" Y="71729" Z="0"/>
					<Vertex X="60031" Y="71927" Z="0"/>
					<Vertex X="60111" Y="72145" Z="0"/>
					<Vertex X="60130" Y="72344" Z="0"/>
					<Vertex X="60230" Y="72601" Z="0"/>
					<Vertex X="60269" Y="72800" Z="0"/>
					<Vertex X="60408" Y="72998" Z="0"/>
					<Vertex X="60487" Y="73156" Z="0"/>
					<Vertex X="60606" Y="73335" Z="0"/>
					<Vertex X="60765" Y="73493" Z="0"/>
					<Vertex X="60884" Y="73652" Z="0"/>
					<Vertex X="61042" Y="73830" Z="0"/>
					<Vertex X="61617" Y="74187" Z="0"/>
					<Vertex X="62906" Y="75000" Z="0"/>
					<Vertex X="63092" Y="75130" Z="0"/>
					<Vertex X="63221" Y="75388" Z="0"/>
					<Vertex X="63350" Y="75838" Z="0"/>
					<Vertex X="63671" Y="76096" Z="0"/>
					<Vertex X="63993" Y="76289" Z="0"/>
					<Vertex X="64251" Y="76611" Z="0"/>
					<Vertex X="64637" Y="76675" Z="0"/>
					<Vertex X="64959" Y="76804" Z="0"/>
					<Vertex X="65281" Y="76868" Z="0"/>
					<Vertex X="65603" Y="76868" Z="0"/>
					<Vertex X="65796" Y="76868" Z="0"/>
					<Vertex X="65925" Y="76868" Z="0"/>
					<Vertex X="66118" Y="76868" Z="0"/>
					<Vertex X="66311" Y="76804" Z="0"/>
					<Vertex X="66375" Y="76675" Z="0"/>
					<Vertex X="66568" Y="76611" Z="0"/>
					<Vertex X="66826" Y="76353" Z="0"/>
					<Vertex X="67148" Y="76225" Z="0"/>
					<Vertex X="67663" Y="75967" Z="0"/>
					<Vertex X="68114" Y="75710" Z="0"/>
					<Vertex X="68435" Y="75388" Z="0"/>
					<Vertex X="68693" Y="75001" Z="0"/>
					<Vertex X="68951" Y="74551" Z="0"/>
					<Vertex X="69272" Y="74293" Z="0"/>
					<Vertex X="69466" Y="73778" Z="0"/>
					<Vertex X="69594" Y="73392" Z="0"/>
					<Vertex X="69594" Y="73006" Z="0"/>
					<Vertex X="69787" Y="72555" Z="0"/>
					<Vertex X="70174" Y="72104" Z="0"/>
					<Vertex X="70689" Y="71654" Z="0"/>
					<Vertex X="71139" Y="71396" Z="0"/>
					<Vertex X="71654" Y="70945" Z="0"/>
					<Vertex X="72169" Y="70495" Z="0"/>
					<Vertex X="72685" Y="69980" Z="0"/>
					<Vertex X="72878" Y="69722" Z="0"/>
					<Vertex X="73264" Y="69336" Z="0"/>
					<Vertex X="73650" Y="68757" Z="0"/>
					<Vertex X="74165" Y="68242" Z="0"/>
					<Vertex X="74680" Y="67855" Z="0"/>
					<Vertex X="75388" Y="67533" Z="0"/>
					<Vertex X="75903" Y="67211" Z="0"/>
					<Vertex X="76419" Y="67211" Z="0"/>
					<Vertex X="76869" Y="67083" Z="0"/>
					<Vertex X="77191" Y="67211" Z="0"/>
					<Vertex X="77449" Y="67276" Z="0"/>
					<Vertex X="77642" Y="67533" Z="0"/>
					<Vertex X="77964" Y="67791" Z="0"/>
					<Vertex X="78157" Y="68177" Z="0"/>
					<Vertex X="78350" Y="68821" Z="0"/>
					<Vertex X="78479" Y="69207" Z="0"/>
					<Vertex X="78479" Y="69787" Z="0"/>
					<Vertex X="78543" Y="70302" Z="0"/>
					<Vertex X="78479" Y="70688" Z="0"/>
					<Vertex X="78157" Y="71139" Z="0"/>
					<Vertex X="77964" Y="71654" Z="0"/>
					<Vertex X="77558" Y="71749" Z="0"/>
					<Vertex X="76824" Y="72918" Z="0"/>
					<Vertex X="76289" Y="73414" Z="0"/>
					<Vertex X="76051" Y="73652" Z="0"/>
					<Vertex X="75754" Y="73930" Z="0"/>
					<Vertex X="75397" Y="74286" Z="0"/>
					<Vertex X="75100" Y="74584" Z="0"/>
					<Vertex X="74762" Y="74941" Z="0"/>
					<Vertex X="74326" Y="75416" Z="0"/>
					<Vertex X="73989" Y="75813" Z="0"/>
					<Vertex X="73692" Y="76150" Z="0"/>
					<Vertex X="73375" Y="76606" Z="0"/>
					<Vertex X="73077" Y="77022" Z="0"/>
					<Vertex X="72800" Y="77399" Z="0"/>
					<Vertex X="72602" Y="77756" Z="0"/>
					<Vertex X="72383" Y="78133" Z="0"/>
					<Vertex X="72185" Y="78569" Z="0"/>
					<Vertex X="72066" Y="78826" Z="0"/>
					<Vertex X="71908" Y="79322" Z="0"/>
					<Vertex X="71789" Y="79738" Z="0"/>
					<Vertex X="71709" Y="80115" Z="0"/>
					<Vertex X="71630" Y="80472" Z="0"/>
					<Vertex X="71551" Y="80769" Z="0"/>
					<Vertex X="71491" Y="81067" Z="0"/>
					<Vertex X="71432" Y="81324" Z="0"/>
					<Vertex X="71412" Y="81602" Z="0"/>
					<Vertex X="71372" Y="81860" Z="0"/>
					<Vertex X="71353" Y="82137" Z="0"/>
					<Vertex X="71333" Y="82375" Z="0"/>
					<Vertex X="71333" Y="82633" Z="0"/>
					<Vertex X="71333" Y="82910" Z="0"/>
					<Vertex X="71333" Y="83228" Z="0"/>
					<Vertex X="71353" Y="83505" Z="0"/>
					<Vertex X="71372" Y="83822" Z="0"/>
					<Vertex X="71471" Y="84199" Z="0"/>
					<Vertex X="71551" Y="84516" Z="0"/>
					<Vertex X="71670" Y="84834" Z="0"/>
					<Vertex X="71828" Y="85131" Z="0"/>
					<Vertex X="72007" Y="85428" Z="0"/>
					<Vertex X="72165" Y="85706" Z="0"/>
					<Vertex X="72324" Y="85983" Z="0"/>
					<Vertex X="72542" Y="86301" Z="0"/>
					<Vertex X="72720" Y="86578" Z="0"/>
					<Vertex X="72899" Y="86796" Z="0"/>
					<Vertex X="73077" Y="87034" Z="0"/>
					<Vertex X="73335" Y="87272" Z="0"/>
					<Vertex X="73553" Y="87470" Z="0"/>
					<Vertex X="73791" Y="87609" Z="0"/>
					<Vertex X="74029" Y="87728" Z="0"/>
					<Vertex X="74267" Y="87847" Z="0"/>
					<Vertex X="74564" Y="87907" Z="0"/>
					<Vertex X="74842" Y="87966" Z="0"/>
					<Vertex X="75139" Y="88045" Z="0"/>
					<Vertex X="75377" Y="88105" Z="0"/>
					<Vertex X="75595" Y="88164" Z="0"/>
					<Vertex X="75833" Y="88224" Z="0"/>
					<Vertex X="75813" Y="88442" Z="0"/>
					<Vertex X="77518" Y="88660" Z="0"/>
					<Vertex X="78390" Y="88779" Z="0"/>
					<Vertex X="78787" Y="88819" Z="0"/>
					<Vertex X="79263" Y="88898" Z="0"/>
					<Vertex X="79619" Y="88918" Z="0"/>
					<Vertex X="80036" Y="88977" Z="0"/>
					<Vertex X="80452" Y="88997" Z="0"/>
					<Vertex X="80710" Y="89077" Z="0"/>
					<Vertex X="81106" Y="89096" Z="0"/>
					<Vertex X="81384" Y="89096" Z="0"/>
					<Vertex X="81721" Y="89156" Z="0"/>
					<Vertex X="81979" Y="89156" Z="0"/>
					<Vertex X="82177" Y="89156" Z="0"/>
					<Vertex X="82474" Y="89196" Z="0"/>
					<Vertex X="82772" Y="89196" Z="0"/>
					<Vertex X="82990" Y="89215" Z="0"/>
					<Vertex X="83248" Y="89275" Z="0"/>
					<Vertex X="83466" Y="89334" Z="0"/>
					<Vertex X="83763" Y="89414" Z="0"/>
					<Vertex X="83961" Y="89493" Z="0"/>
					<Vertex X="84259" Y="89592" Z="0"/>
					<Vertex X="84437" Y="89711" Z="0"/>
					<Vertex X="84615" Y="89870" Z="0"/>
					<Vertex X="84715" Y="89989" Z="0"/>
					<Vertex X="84853" Y="90187" Z="0"/>
					<Vertex X="84972" Y="90345" Z="0"/>
					<Vertex X="85131" Y="90484" Z="0"/>
					<Vertex X="85250" Y="90643" Z="0"/>
					<Vertex X="85408" Y="90821" Z="0"/>
					<Vertex X="85567" Y="90940" Z="0"/>
					<Vertex X="85805" Y="91079" Z="0"/>
					<Vertex X="86043" Y="91198" Z="0"/>
					<Vertex X="86261" Y="91337" Z="0"/>
					<Vertex X="86539" Y="91475" Z="0"/>
					<Vertex X="86856" Y="91594" Z="0"/>
					<Vertex X="87074" Y="91674" Z="0"/>
					<Vertex X="87391" Y="91733" Z="0"/>
					<Vertex X="87669" Y="91793" Z="0"/>
					<Vertex X="88105" Y="91872" Z="0"/>
					<Vertex X="88462" Y="91872" Z="0"/>
					<Vertex X="88739" Y="91892" Z="0"/>
					<Vertex X="89175" Y="91912" Z="0"/>
					<Vertex X="89493" Y="91912" Z="0"/>
					<Vertex X="89949" Y="91951" Z="0"/>
					<Vertex X="90286" Y="91912" Z="0"/>
					<Vertex X="90642" Y="91912" Z="0"/>
					<Vertex X="91138" Y="91872" Z="0"/>
					<Vertex X="91634" Y="91793" Z="0"/>
					<Vertex X="91951" Y="91733" Z="0"/>
					<Vertex X="92407" Y="91654" Z="0"/>
					<Vertex X="92764" Y="91535" Z="0"/>
					<Vertex X="93180" Y="91376" Z="0"/>
					<Vertex X="93438" Y="91277" Z="0"/>
					<Vertex X="93834" Y="91079" Z="0"/>
					<Vertex X="94092" Y="90940" Z="0"/>
					<Vertex X="94429" Y="90702" Z="0"/>
					<Vertex X="94746" Y="90484" Z="0"/>
					<Vertex X="95024" Y="90306" Z="0"/>
					<Vertex X="95341" Y="90048" Z="0"/>
					<Vertex X="95559" Y="89850" Z="0"/>
					<Vertex X="95857" Y="89572" Z="0"/>
					<Vertex X="96154" Y="89334" Z="0"/>
					<Vertex X="96332" Y="89156" Z="0"/>
					<Vertex X="96570" Y="88918" Z="0"/>
					<Vertex X="96709" Y="88779" Z="0"/>
					<Vertex X="96868" Y="88621" Z="0"/>
					<Vertex X="97046" Y="88462" Z="0"/>
					<Vertex X="97185" Y="88363" Z="0"/>
					<Vertex X="97403" Y="88184" Z="0"/>
					<Vertex X="97641" Y="88026" Z="0"/>
					<Vertex X="97899" Y="87907" Z="0"/>
					<Vertex X="98236" Y="87748" Z="0"/>
					<Vertex X="98533" Y="87610" Z="0"/>
					<Vertex X="98731" Y="87491" Z="0"/>
					<Vertex X="98969" Y="87372" Z="0"/>
					<Vertex X="99247" Y="87292" Z="0"/>
					<Vertex X="99544" Y="87213" Z="0"/>
					<Vertex X="99742" Y="87193" Z="0"/>
					<Vertex X="100020" Y="87193" Z="0"/>
					<Vertex X="100317" Y="87253" Z="0"/>
					<Vertex X="100496" Y="87332" Z="0"/>
					<Vertex X="100674" Y="87510" Z="0"/>
					<Vertex X="100734" Y="87669" Z="0"/>
					<Vertex X="100753" Y="87887" Z="0"/>
					<Vertex X="100793" Y="88026" Z="0"/>
					<Vertex X="100813" Y="88204" Z="0"/>
					<Vertex X="100872" Y="88323" Z="0"/>
					<Vertex X="100972" Y="88442" Z="0"/>
					<Vertex X="101051" Y="88502" Z="0"/>
					<Vertex X="101209" Y="88561" Z="0"/>
					<Vertex X="101348" Y="88561" Z="0"/>
					<Vertex X="101527" Y="88521" Z="0"/>
					<Vertex X="101705" Y="88442" Z="0"/>
					<Vertex X="101804" Y="88363" Z="0"/>
					<Vertex X="101923" Y="88204" Z="0"/>
					<Vertex X="101983" Y="88026" Z="0"/>
					<Vertex X="102042" Y="87887" Z="0"/>
					<Vertex X="102062" Y="87669" Z="0"/>
					<Vertex X="102062" Y="87491" Z="0"/>
					<Vertex X="102062" Y="87292" Z="0"/>
					<Vertex X="102002" Y="87015" Z="0"/>
					<Vertex X="101943" Y="86777" Z="0"/>
					<Vertex X="101864" Y="86618" Z="0"/>
					<Vertex X="101765" Y="86400" Z="0"/>
					<Vertex X="101646" Y="86123" Z="0"/>
					<Vertex X="101566" Y="85964" Z="0"/>
					<Vertex X="101467" Y="85766" Z="0"/>
					<Vertex X="101388" Y="85548" Z="0"/>
					<Vertex X="101348" Y="85369" Z="0"/>
					<Vertex X="101329" Y="85289" Z="0"/>
					<Vertex X="101309" Y="84020" Z="0"/>
					<Vertex X="101467" Y="83247" Z="0"/>
					<Vertex X="101547" Y="82771" Z="0"/>
					<Vertex X="101666" Y="82177" Z="0"/>
					<Vertex X="101804" Y="81384" Z="0"/>
					<Vertex X="101904" Y="80690" Z="0"/>
					<Vertex X="101963" Y="80273" Z="0"/>
					<Vertex X="102023" Y="79857" Z="0"/>
					<Vertex X="102122" Y="79401" Z="0"/>
					<Vertex X="102201" Y="78866" Z="0"/>
					<Vertex X="102320" Y="78469" Z="0"/>
					<Vertex X="102399" Y="78013" Z="0"/>
					<Vertex X="102498" Y="77597" Z="0"/>
					<Vertex X="102558" Y="77200" Z="0"/>
					<Vertex X="102578" Y="76923" Z="0"/>
					<Vertex X="102617" Y="76645" Z="0"/>
					<Vertex X="102578" Y="76348" Z="0"/>
					<Vertex X="102578" Y="76110" Z="0"/>
					<Vertex X="102558" Y="75912" Z="0"/>
					<Vertex X="102558" Y="75733" Z="0"/>
					<Vertex X="102518" Y="75515" Z="0"/>
					<Vertex X="102518" Y="75337" Z="0"/>
					<Vertex X="102459" Y="75198" Z="0"/>
					<Vertex X="102399" Y="75059" Z="0"/>
					<Vertex X="102340" Y="74980" Z="0"/>
					<Vertex X="102320" Y="74901" Z="0"/>
					<Vertex X="102260" Y="74801" Z="0"/>
					<Vertex X="102181" Y="74702" Z="0"/>
					<Vertex X="102122" Y="74663" Z="0"/>
					<Vertex X="102003" Y="74603" Z="0"/>
					<Vertex X="101864" Y="74564" Z="0"/>
					<Vertex X="101666" Y="74504" Z="0"/>
					<Vertex X="101547" Y="74484" Z="0"/>
					<Vertex X="101368" Y="74405" Z="0"/>
					<Vertex X="101170" Y="74385" Z="0"/>
					<Vertex X="100932" Y="74365" Z="0"/>
					<Vertex X="100694" Y="74326" Z="0"/>
					<Vertex X="100397" Y="74326" Z="0"/>
					<Vertex X="100119" Y="74326" Z="0"/>
					<Vertex X="99782" Y="74326" Z="0"/>
					<Vertex X="99485" Y="74326" Z="0"/>
					<Vertex X="99168" Y="74365" Z="0"/>
					<Vertex X="98850" Y="74405" Z="0"/>
					<Vertex X="98494" Y="74484" Z="0"/>
					<Vertex X="98117" Y="74564" Z="0"/>
					<Vertex X="97780" Y="74682" Z="0"/>
					<Vertex X="97443" Y="74801" Z="0"/>
					<Vertex X="97086" Y="74960" Z="0"/>
					<Vertex X="96670" Y="75158" Z="0"/>
					<Vertex X="96372" Y="75337" Z="0"/>
					<Vertex X="95976" Y="75575" Z="0"/>
					<Vertex X="95718" Y="75773" Z="0"/>
					<Vertex X="95520" Y="75932" Z="0"/>
					<Vertex X="95321" Y="76031" Z="0"/>
					<Vertex X="95163" Y="76090" Z="0"/>
					<Vertex X="95064" Y="76110" Z="0"/>
					<Vertex X="94984" Y="76090" Z="0"/>
					<Vertex X="94905" Y="76050" Z="0"/>
					<Vertex X="94747" Y="76031" Z="0"/>
					<Vertex X="94628" Y="75991" Z="0"/>
					<Vertex X="94449" Y="75932" Z="0"/>
					<Vertex X="94251" Y="75872" Z="0"/>
					<Vertex X="93993" Y="75813" Z="0"/>
					<Vertex X="93755" Y="75713" Z="0"/>
					<Vertex X="93537" Y="75654" Z="0"/>
					<Vertex X="93299" Y="75594" Z="0"/>
					<Vertex X="93002" Y="75515" Z="0"/>
					<Vertex X="92705" Y="75476" Z="0"/>
					<Vertex X="92447" Y="75456" Z="0"/>
					<Vertex X="92169" Y="75416" Z="0"/>
					<Vertex X="91872" Y="75416" Z="0"/>
					<Vertex X="91614" Y="75456" Z="0"/>
					<Vertex X="91376" Y="75476" Z="0"/>
					<Vertex X="91079" Y="75535" Z="0"/>
					<Vertex X="90861" Y="75634" Z="0"/>
					<Vertex X="90603" Y="75753" Z="0"/>
					<Vertex X="90385" Y="75892" Z="0"/>
					<Vertex X="90207" Y="76050" Z="0"/>
					<Vertex X="90028" Y="76189" Z="0"/>
					<Vertex X="89889" Y="76368" Z="0"/>
					<Vertex X="89731" Y="76705" Z="0"/>
					<Vertex X="89651" Y="76962" Z="0"/>
					<Vertex X="89552" Y="77299" Z="0"/>
					<Vertex X="89493" Y="77617" Z="0"/>
					<Vertex X="89413" Y="78073" Z="0"/>
					<Vertex X="89374" Y="78390" Z="0"/>
					<Vertex X="89354" Y="78826" Z="0"/>
					<Vertex X="89354" Y="79203" Z="0"/>
					<Vertex X="89334" Y="79639" Z="0"/>
					<Vertex X="89295" Y="79936" Z="0"/>
					<Vertex X="89215" Y="80273" Z="0"/>
					<Vertex X="89116" Y="80571" Z="0"/>
					<Vertex X="88997" Y="80828" Z="0"/>
					<Vertex X="88878" Y="81046" Z="0"/>
					<Vertex X="88759" Y="81185" Z="0"/>
					<Vertex X="88700" Y="81245" Z="0"/>
					<Vertex X="88640" Y="81284" Z="0"/>
					<Vertex X="88581" Y="81304" Z="0"/>
					<Vertex X="88462" Y="81284" Z="0"/>
					<Vertex X="88343" Y="81245" Z="0"/>
					<Vertex X="88224" Y="81185" Z="0"/>
					<Vertex X="88046" Y="81106" Z="0"/>
					<Vertex X="87827" Y="80987" Z="0"/>
					<Vertex X="87570" Y="80828" Z="0"/>
					<Vertex X="87451" Y="80709" Z="0"/>
					<Vertex X="87233" Y="80511" Z="0"/>
					<Vertex X="87114" Y="80273" Z="0"/>
					<Vertex X="87034" Y="80035" Z="0"/>
					<Vertex X="86935" Y="79738" Z="0"/>
					<Vertex X="86876" Y="79500" Z="0"/>
					<Vertex X="86816" Y="79262" Z="0"/>
					<Vertex X="86737" Y="79024" Z="0"/>
					<Vertex X="86678" Y="78786" Z="0"/>
					<Vertex X="86578" Y="78568" Z="0"/>
					<Vertex X="86459" Y="78271" Z="0"/>
					<Vertex X="86380" Y="78033" Z="0"/>
					<Vertex X="86281" Y="77795" Z="0"/>
					<Vertex X="86202" Y="77597" Z="0"/>
					<Vertex X="86103" Y="77379" Z="0"/>
					<Vertex X="86083" Y="77141" Z="0"/>
					<Vertex X="86023" Y="76883" Z="0"/>
					<Vertex X="86023" Y="76665" Z="0"/>
					<Vertex X="86023" Y="76487" Z="0"/>
					<Vertex X="85984" Y="76368" Z="0"/>
					<Vertex X="85964" Y="76189" Z="0"/>
					<Vertex X="85924" Y="76110" Z="0"/>
					<Vertex X="85865" Y="75991" Z="0"/>
					<Vertex X="85805" Y="75872" Z="0"/>
					<Vertex X="85726" Y="75753" Z="0"/>
					<Vertex X="85627" Y="75634" Z="0"/>
					<Vertex X="85508" Y="75515" Z="0"/>
					<Vertex X="85329" Y="75416" Z="0"/>
					<Vertex X="85191" Y="75297" Z="0"/>
					<Vertex X="85012" Y="75218" Z="0"/>
					<Vertex X="84834" Y="75119" Z="0"/>
					<Vertex X="84536" Y="75059" Z="0"/>
					<Vertex X="84318" Y="75059" Z="0"/>
					<Vertex X="84021" Y="75039" Z="0"/>
					<Vertex X="83763" Y="75059" Z="0"/>
					<Vertex X="83525" Y="75059" Z="0"/>
					<Vertex X="83287" Y="75099" Z="0"/>
					<Vertex X="83069" Y="75119" Z="0"/>
					<Vertex X="82812" Y="75158" Z="0"/>
					<Vertex X="82593" Y="75178" Z="0"/>
					<Vertex X="82415" Y="75218" Z="0"/>
					<Vertex X="82276" Y="75178" Z="0"/>
					<Vertex X="82157" Y="75119" Z="0"/>
					<Vertex X="82118" Y="75000" Z="0"/>
					<Vertex X="82157" Y="74821" Z="0"/>
					<Vertex X="82217" Y="74583" Z="0"/>
					<Vertex X="82276" Y="74326" Z="0"/>
					<Vertex X="82356" Y="74048" Z="0"/>
					<Vertex X="82415" Y="73790" Z="0"/>
					<Vertex X="82475" Y="73552" Z="0"/>
					<Vertex X="82534" Y="73295" Z="0"/>
					<Vertex X="82593" Y="73037" Z="0"/>
					<Vertex X="82593" Y="72799" Z="0"/>
					<Vertex X="82593" Y="72561" Z="0"/>
					<Vertex X="82633" Y="72383" Z="0"/>
					<Vertex X="82633" Y="72184" Z="0"/>
					<Vertex X="82653" Y="72006" Z="0"/>
					<Vertex X="82653" Y="71966" Z="0"/>
					<Vertex X="82652" Y="71491" Z="0"/>
				</Vertices>
			</Region>
		</Regions>
		<Plots/>
	</Annotation>
</Annotations>
