<Annotations MicronsPerPixel="0.252200">
	<Annotation Id="1" Name="" ReadOnly="0" NameReadOnly="0" LineColorReadOnly="0" Incremental="0" Type="4" LineColor="65280" Visible="1" Selected="1" MarkupImagePath="" MacroName="">
		<Attributes/>
		<Regions>
			<RegionAttributeHeaders>
				<AttributeHeader Id="9999" Name="Region" ColumnWidth="-1"/>
				<AttributeHeader Id="9997" Name="Length" ColumnWidth="-1"/>
				<AttributeHeader Id="9996" Name="Area" ColumnWidth="-1"/>
				<AttributeHeader Id="9998" Name="Text" ColumnWidth="-1"/>
			</RegionAttributeHeaders>
			<Region Id="1" Type="0" Zoom="0.015552" Selected="1" ImageLocation="" ImageFocus="-1" Length="236918.8" Area="805653300.5" LengthMicrons="59750.9" AreaMicrons="51243449.3" Text="" NegativeROA="0" InputRegionId="0" Analyze="1" DisplayId="1">
				<Attributes/>
				<Vertices>
					<Vertex X="102161" Y="38660" Z="0"/>
					<Vertex X="102360" Y="40008" Z="0"/>
					<Vertex X="102459" Y="40682" Z="0"/>
					<Vertex X="102479" Y="40900" Z="0"/>
					<Vertex X="102518" Y="41158" Z="0"/>
					<Vertex X="102598" Y="41396" Z="0"/>
					<Vertex X="102637" Y="41575" Z="0"/>
					<Vertex X="102716" Y="41812" Z="0"/>
					<Vertex X="102776" Y="42011" Z="0"/>
					<Vertex X="102875" Y="42229" Z="0"/>
					<Vertex X="102935" Y="42407" Z="0"/>
					<Vertex X="103014" Y="42566" Z="0"/>
					<Vertex X="103113" Y="42764" Z="0"/>
					<Vertex X="103192" Y="43042" Z="0"/>
					<Vertex X="103291" Y="43180" Z="0"/>
					<Vertex X="103410" Y="43418" Z="0"/>
					<Vertex X="103490" Y="43577" Z="0"/>
					<Vertex X="103589" Y="43716" Z="0"/>
					<Vertex X="103728" Y="43934" Z="0"/>
					<Vertex X="103847" Y="44073" Z="0"/>
					<Vertex X="104005" Y="44291" Z="0"/>
					<Vertex X="104084" Y="44429" Z="0"/>
					<Vertex X="104203" Y="44548" Z="0"/>
					<Vertex X="104362" Y="44766" Z="0"/>
					<Vertex X="104441" Y="44885" Z="0"/>
					<Vertex X="104540" Y="45024" Z="0"/>
					<Vertex X="104699" Y="45242" Z="0"/>
					<Vertex X="104778" Y="45381" Z="0"/>
					<Vertex X="104957" Y="45619" Z="0"/>
					<Vertex X="105036" Y="45778" Z="0"/>
					<Vertex X="105195" Y="45956" Z="0"/>
					<Vertex X="105314" Y="46075" Z="0"/>
					<Vertex X="105492" Y="46214" Z="0"/>
					<Vertex X="105591" Y="46353" Z="0"/>
					<Vertex X="105770" Y="46452" Z="0"/>
					<Vertex X="105869" Y="46551" Z="0"/>
					<Vertex X="105988" Y="46610" Z="0"/>
					<Vertex X="106206" Y="46729" Z="0"/>
					<Vertex X="106364" Y="46789" Z="0"/>
					<Vertex X="106563" Y="46888" Z="0"/>
					<Vertex X="106682" Y="46947" Z="0"/>
					<Vertex X="106840" Y="46967" Z="0"/>
					<Vertex X="106979" Y="47046" Z="0"/>
					<Vertex X="107098" Y="47126" Z="0"/>
					<Vertex X="107217" Y="47185" Z="0"/>
					<Vertex X="107395" Y="47264" Z="0"/>
					<Vertex X="107475" Y="47284" Z="0"/>
					<Vertex X="107673" Y="47383" Z="0"/>
					<Vertex X="107752" Y="47423" Z="0"/>
					<Vertex X="107851" Y="47463" Z="0"/>
					<Vertex X="107970" Y="47542" Z="0"/>
					<Vertex X="108050" Y="47582" Z="0"/>
					<Vertex X="108169" Y="47641" Z="0"/>
					<Vertex X="108268" Y="47681" Z="0"/>
					<Vertex X="108327" Y="47740" Z="0"/>
					<Vertex X="108426" Y="47800" Z="0"/>
					<Vertex X="108506" Y="47859" Z="0"/>
					<Vertex X="108585" Y="47919" Z="0"/>
					<Vertex X="108644" Y="47998" Z="0"/>
					<Vertex X="108704" Y="48038" Z="0"/>
					<Vertex X="108803" Y="48157" Z="0"/>
					<Vertex X="108823" Y="48216" Z="0"/>
					<Vertex X="108882" Y="48276" Z="0"/>
					<Vertex X="108942" Y="48355" Z="0"/>
					<Vertex X="108942" Y="48454" Z="0"/>
					<Vertex X="108962" Y="48533" Z="0"/>
					<Vertex X="109001" Y="48652" Z="0"/>
					<Vertex X="109001" Y="48751" Z="0"/>
					<Vertex X="109001" Y="48890" Z="0"/>
					<Vertex X="109001" Y="48989" Z="0"/>
					<Vertex X="108962" Y="49168" Z="0"/>
					<Vertex X="108962" Y="49247" Z="0"/>
					<Vertex X="108942" Y="49366" Z="0"/>
					<Vertex X="108922" Y="49525" Z="0"/>
					<Vertex X="108882" Y="49604" Z="0"/>
					<Vertex X="108862" Y="49663" Z="0"/>
					<Vertex X="108803" Y="49802" Z="0"/>
					<Vertex X="108743" Y="49842" Z="0"/>
					<Vertex X="108644" Y="49901" Z="0"/>
					<Vertex X="108585" Y="49941" Z="0"/>
					<Vertex X="108525" Y="49941" Z="0"/>
					<Vertex X="108406" Y="49961" Z="0"/>
					<Vertex X="108347" Y="49961" Z="0"/>
					<Vertex X="108268" Y="49961" Z="0"/>
					<Vertex X="108089" Y="50060" Z="0"/>
					<Vertex X="106543" Y="49524" Z="0"/>
					<Vertex X="106007" Y="49465" Z="0"/>
					<Vertex X="105829" Y="49465" Z="0"/>
					<Vertex X="105551" Y="49445" Z="0"/>
					<Vertex X="105353" Y="49445" Z="0"/>
					<Vertex X="105115" Y="49405" Z="0"/>
					<Vertex X="104977" Y="49405" Z="0"/>
					<Vertex X="104699" Y="49405" Z="0"/>
					<Vertex X="104441" Y="49405" Z="0"/>
					<Vertex X="104263" Y="49445" Z="0"/>
					<Vertex X="104104" Y="49465" Z="0"/>
					<Vertex X="103906" Y="49504" Z="0"/>
					<Vertex X="103668" Y="49564" Z="0"/>
					<Vertex X="103509" Y="49623" Z="0"/>
					<Vertex X="103252" Y="49742" Z="0"/>
					<Vertex X="103093" Y="49802" Z="0"/>
					<Vertex X="102875" Y="49921" Z="0"/>
					<Vertex X="102716" Y="50000" Z="0"/>
					<Vertex X="102498" Y="50159" Z="0"/>
					<Vertex X="102379" Y="50278" Z="0"/>
					<Vertex X="102181" Y="50456" Z="0"/>
					<Vertex X="102082" Y="50575" Z="0"/>
					<Vertex X="101963" Y="50714" Z="0"/>
					<Vertex X="101884" Y="50833" Z="0"/>
					<Vertex X="101785" Y="51011" Z="0"/>
					<Vertex X="101666" Y="51229" Z="0"/>
					<Vertex X="101586" Y="51368" Z="0"/>
					<Vertex X="101487" Y="51547" Z="0"/>
					<Vertex X="101428" Y="51685" Z="0"/>
					<Vertex X="101348" Y="51844" Z="0"/>
					<Vertex X="101249" Y="51963" Z="0"/>
					<Vertex X="101130" Y="52141" Z="0"/>
					<Vertex X="101071" Y="52240" Z="0"/>
					<Vertex X="100952" Y="52359" Z="0"/>
					<Vertex X="100892" Y="52439" Z="0"/>
					<Vertex X="100813" Y="52498" Z="0"/>
					<Vertex X="100714" Y="52597" Z="0"/>
					<Vertex X="100635" Y="52657" Z="0"/>
					<Vertex X="100516" Y="52716" Z="0"/>
					<Vertex X="100417" Y="52776" Z="0"/>
					<Vertex X="100238" Y="52895" Z="0"/>
					<Vertex X="100159" Y="52954" Z="0"/>
					<Vertex X="100060" Y="53033" Z="0"/>
					<Vertex X="99921" Y="53152" Z="0"/>
					<Vertex X="99802" Y="53271" Z="0"/>
					<Vertex X="99703" Y="53331" Z="0"/>
					<Vertex X="99643" Y="53430" Z="0"/>
					<Vertex X="99505" Y="53569" Z="0"/>
					<Vertex X="99406" Y="53688" Z="0"/>
					<Vertex X="99326" Y="53807" Z="0"/>
					<Vertex X="99267" Y="53906" Z="0"/>
					<Vertex X="99148" Y="54045" Z="0"/>
					<Vertex X="99088" Y="54203" Z="0"/>
					<Vertex X="98989" Y="54322" Z="0"/>
					<Vertex X="98930" Y="54501" Z="0"/>
					<Vertex X="98870" Y="54619" Z="0"/>
					<Vertex X="98791" Y="54798" Z="0"/>
					<Vertex X="98732" Y="54917" Z="0"/>
					<Vertex X="98672" Y="55095" Z="0"/>
					<Vertex X="98573" Y="55234" Z="0"/>
					<Vertex X="98553" Y="55393" Z="0"/>
					<Vertex X="98454" Y="55631" Z="0"/>
					<Vertex X="98375" Y="55868" Z="0"/>
					<Vertex X="98335" Y="56007" Z="0"/>
					<Vertex X="98276" Y="56245" Z="0"/>
					<Vertex X="98256" Y="56404" Z="0"/>
					<Vertex X="98216" Y="56642" Z="0"/>
					<Vertex X="98196" Y="56780" Z="0"/>
					<Vertex X="98196" Y="56939" Z="0"/>
					<Vertex X="98196" Y="57177" Z="0"/>
					<Vertex X="98196" Y="57316" Z="0"/>
					<Vertex X="98157" Y="57534" Z="0"/>
					<Vertex X="98196" Y="57732" Z="0"/>
					<Vertex X="98196" Y="57891" Z="0"/>
					<Vertex X="98216" Y="58109" Z="0"/>
					<Vertex X="98256" Y="58267" Z="0"/>
					<Vertex X="98295" Y="58406" Z="0"/>
					<Vertex X="98295" Y="58505" Z="0"/>
					<Vertex X="98335" Y="58664" Z="0"/>
					<Vertex X="98375" Y="58783" Z="0"/>
					<Vertex X="98434" Y="58922" Z="0"/>
					<Vertex X="98494" Y="59080" Z="0"/>
					<Vertex X="98513" Y="59199" Z="0"/>
					<Vertex X="98573" Y="59378" Z="0"/>
					<Vertex X="98632" Y="59516" Z="0"/>
					<Vertex X="98732" Y="59675" Z="0"/>
					<Vertex X="98791" Y="59794" Z="0"/>
					<Vertex X="98850" Y="59933" Z="0"/>
					<Vertex X="98910" Y="60032" Z="0"/>
					<Vertex X="98989" Y="60151" Z="0"/>
					<Vertex X="99049" Y="60210" Z="0"/>
					<Vertex X="99148" Y="60309" Z="0"/>
					<Vertex X="99227" Y="60389" Z="0"/>
					<Vertex X="99287" Y="60448" Z="0"/>
					<Vertex X="99386" Y="60508" Z="0"/>
					<Vertex X="99465" Y="60567" Z="0"/>
					<Vertex X="99564" Y="60627" Z="0"/>
					<Vertex X="99624" Y="60686" Z="0"/>
					<Vertex X="99703" Y="60746" Z="0"/>
					<Vertex X="99762" Y="60805" Z="0"/>
					<Vertex X="99822" Y="60865" Z="0"/>
					<Vertex X="99921" Y="60964" Z="0"/>
					<Vertex X="100000" Y="60983" Z="0"/>
					<Vertex X="100099" Y="61083" Z="0"/>
					<Vertex X="100159" Y="61122" Z="0"/>
					<Vertex X="100238" Y="61202" Z="0"/>
					<Vertex X="100278" Y="61261" Z="0"/>
					<Vertex X="100337" Y="61281" Z="0"/>
					<Vertex X="100437" Y="61360" Z="0"/>
					<Vertex X="100476" Y="61420" Z="0"/>
					<Vertex X="100575" Y="61519" Z="0"/>
					<Vertex X="100635" Y="61578" Z="0"/>
					<Vertex X="100655" Y="61638" Z="0"/>
					<Vertex X="100734" Y="61717" Z="0"/>
					<Vertex X="100754" Y="61816" Z="0"/>
					<Vertex X="100774" Y="61895" Z="0"/>
					<Vertex X="100813" Y="61975" Z="0"/>
					<Vertex X="100813" Y="62054" Z="0"/>
					<Vertex X="100813" Y="62114" Z="0"/>
					<Vertex X="100813" Y="62232" Z="0"/>
					<Vertex X="100774" Y="62292" Z="0"/>
					<Vertex X="100754" Y="62351" Z="0"/>
					<Vertex X="100694" Y="62391" Z="0"/>
					<Vertex X="100635" Y="62411" Z="0"/>
					<Vertex X="100575" Y="62391" Z="0"/>
					<Vertex X="100516" Y="62391" Z="0"/>
					<Vertex X="100437" Y="62312" Z="0"/>
					<Vertex X="100357" Y="62292" Z="0"/>
					<Vertex X="100238" Y="62232" Z="0"/>
					<Vertex X="100159" Y="62193" Z="0"/>
					<Vertex X="100040" Y="62114" Z="0"/>
					<Vertex X="99981" Y="62094" Z="0"/>
					<Vertex X="99822" Y="62054" Z="0"/>
					<Vertex X="99683" Y="61995" Z="0"/>
					<Vertex X="99584" Y="61995" Z="0"/>
					<Vertex X="99505" Y="61975" Z="0"/>
					<Vertex X="99366" Y="61935" Z="0"/>
					<Vertex X="99207" Y="61935" Z="0"/>
					<Vertex X="99128" Y="61935" Z="0"/>
					<Vertex X="98989" Y="61935" Z="0"/>
					<Vertex X="98870" Y="61935" Z="0"/>
					<Vertex X="98732" Y="61935" Z="0"/>
					<Vertex X="98613" Y="61935" Z="0"/>
					<Vertex X="98454" Y="61935" Z="0"/>
					<Vertex X="98315" Y="61935" Z="0"/>
					<Vertex X="98196" Y="61975" Z="0"/>
					<Vertex X="98018" Y="61995" Z="0"/>
					<Vertex X="97899" Y="62054" Z="0"/>
					<Vertex X="97760" Y="62114" Z="0"/>
					<Vertex X="97601" Y="62193" Z="0"/>
					<Vertex X="97502" Y="62252" Z="0"/>
					<Vertex X="97364" Y="62411" Z="0"/>
					<Vertex X="97245" Y="62550" Z="0"/>
					<Vertex X="97185" Y="62649" Z="0"/>
					<Vertex X="97086" Y="62788" Z="0"/>
					<Vertex X="97027" Y="62986" Z="0"/>
					<Vertex X="96967" Y="63085" Z="0"/>
					<Vertex X="96927" Y="63244" Z="0"/>
					<Vertex X="96888" Y="63363" Z="0"/>
					<Vertex X="96848" Y="63541" Z="0"/>
					<Vertex X="96789" Y="63719" Z="0"/>
					<Vertex X="96769" Y="63878" Z="0"/>
					<Vertex X="96769" Y="63977" Z="0"/>
					<Vertex X="96729" Y="64195" Z="0"/>
					<Vertex X="96729" Y="64433" Z="0"/>
					<Vertex X="96769" Y="64612" Z="0"/>
					<Vertex X="96789" Y="64849" Z="0"/>
					<Vertex X="96828" Y="65087" Z="0"/>
					<Vertex X="96848" Y="65226" Z="0"/>
					<Vertex X="96927" Y="65444" Z="0"/>
					<Vertex X="96967" Y="65583" Z="0"/>
					<Vertex X="97027" Y="65761" Z="0"/>
					<Vertex X="97126" Y="65880" Z="0"/>
					<Vertex X="97225" Y="66059" Z="0"/>
					<Vertex X="97304" Y="66178" Z="0"/>
					<Vertex X="97423" Y="66297" Z="0"/>
					<Vertex X="97502" Y="66356" Z="0"/>
					<Vertex X="97621" Y="66475" Z="0"/>
					<Vertex X="97720" Y="66574" Z="0"/>
					<Vertex X="97859" Y="66713" Z="0"/>
					<Vertex X="97958" Y="66812" Z="0"/>
					<Vertex X="98097" Y="66931" Z="0"/>
					<Vertex X="98196" Y="67010" Z="0"/>
					<Vertex X="98335" Y="67149" Z="0"/>
					<Vertex X="98434" Y="67229" Z="0"/>
					<Vertex X="98573" Y="67347" Z="0"/>
					<Vertex X="98692" Y="67427" Z="0"/>
					<Vertex X="98850" Y="67546" Z="0"/>
					<Vertex X="98930" Y="67645" Z="0"/>
					<Vertex X="99088" Y="67764" Z="0"/>
					<Vertex X="99168" Y="67843" Z="0"/>
					<Vertex X="99366" Y="67942" Z="0"/>
					<Vertex X="99445" Y="68041" Z="0"/>
					<Vertex X="99564" Y="68121" Z="0"/>
					<Vertex X="99703" Y="68240" Z="0"/>
					<Vertex X="99802" Y="68299" Z="0"/>
					<Vertex X="99941" Y="68418" Z="0"/>
					<Vertex X="100060" Y="68478" Z="0"/>
					<Vertex X="100218" Y="68557" Z="0"/>
					<Vertex X="100298" Y="68616" Z="0"/>
					<Vertex X="100476" Y="68715" Z="0"/>
					<Vertex X="100575" Y="68775" Z="0"/>
					<Vertex X="100734" Y="68854" Z="0"/>
					<Vertex X="100873" Y="68953" Z="0"/>
					<Vertex X="100972" Y="69033" Z="0"/>
					<Vertex X="101091" Y="69132" Z="0"/>
					<Vertex X="101170" Y="69211" Z="0"/>
					<Vertex X="101230" Y="69271" Z="0"/>
					<Vertex X="101289" Y="69330" Z="0"/>
					<Vertex X="101329" Y="69370" Z="0"/>
					<Vertex X="101408" Y="69370" Z="0"/>
					<Vertex X="101428" Y="69330" Z="0"/>
					<Vertex X="101447" Y="69369" Z="0"/>
					<Vertex X="100674" Y="70499" Z="0"/>
					<Vertex X="100535" Y="70737" Z="0"/>
					<Vertex X="100495" Y="70817" Z="0"/>
					<Vertex X="100436" Y="70916" Z="0"/>
					<Vertex X="100376" Y="71035" Z="0"/>
					<Vertex X="100337" Y="71094" Z="0"/>
					<Vertex X="100277" Y="71174" Z="0"/>
					<Vertex X="100218" Y="71273" Z="0"/>
					<Vertex X="100158" Y="71332" Z="0"/>
					<Vertex X="100139" Y="71392" Z="0"/>
					<Vertex X="100079" Y="71451" Z="0"/>
					<Vertex X="100039" Y="71471" Z="0"/>
					<Vertex X="99980" Y="71511" Z="0"/>
					<Vertex X="99960" Y="71530" Z="0"/>
					<Vertex X="99920" Y="71530" Z="0"/>
					<Vertex X="99901" Y="71530" Z="0"/>
					<Vertex X="99901" Y="71511" Z="0"/>
					<Vertex X="99861" Y="71511" Z="0"/>
					<Vertex X="99841" Y="71471" Z="0"/>
					<Vertex X="99802" Y="71451" Z="0"/>
					<Vertex X="99762" Y="71392" Z="0"/>
					<Vertex X="99722" Y="71332" Z="0"/>
					<Vertex X="99683" Y="71273" Z="0"/>
					<Vertex X="99623" Y="71213" Z="0"/>
					<Vertex X="99564" Y="71114" Z="0"/>
					<Vertex X="99544" Y="71055" Z="0"/>
					<Vertex X="99445" Y="70975" Z="0"/>
					<Vertex X="99385" Y="70916" Z="0"/>
					<Vertex X="99326" Y="70856" Z="0"/>
					<Vertex X="99306" Y="70817" Z="0"/>
					<Vertex X="99207" Y="70777" Z="0"/>
					<Vertex X="99147" Y="70737" Z="0"/>
					<Vertex X="99088" Y="70678" Z="0"/>
					<Vertex X="99028" Y="70638" Z="0"/>
					<Vertex X="98969" Y="70618" Z="0"/>
					<Vertex X="98909" Y="70559" Z="0"/>
					<Vertex X="98810" Y="70519" Z="0"/>
					<Vertex X="98790" Y="70499" Z="0"/>
					<Vertex X="98691" Y="70440" Z="0"/>
					<Vertex X="98632" Y="70420" Z="0"/>
					<Vertex X="98572" Y="70380" Z="0"/>
					<Vertex X="98513" Y="70341" Z="0"/>
					<Vertex X="98434" Y="70321" Z="0"/>
					<Vertex X="98334" Y="70321" Z="0"/>
					<Vertex X="98275" Y="70281" Z="0"/>
					<Vertex X="98156" Y="70281" Z="0"/>
					<Vertex X="98097" Y="70281" Z="0"/>
					<Vertex X="98017" Y="70281" Z="0"/>
					<Vertex X="97958" Y="70281" Z="0"/>
					<Vertex X="97839" Y="70341" Z="0"/>
					<Vertex X="97720" Y="70420" Z="0"/>
					<Vertex X="97660" Y="70460" Z="0"/>
					<Vertex X="97502" Y="70559" Z="0"/>
					<Vertex X="97422" Y="70638" Z="0"/>
					<Vertex X="97244" Y="70777" Z="0"/>
					<Vertex X="97145" Y="70817" Z="0"/>
					<Vertex X="96966" Y="70975" Z="0"/>
					<Vertex X="96867" Y="71055" Z="0"/>
					<Vertex X="96709" Y="71233" Z="0"/>
					<Vertex X="96590" Y="71352" Z="0"/>
					<Vertex X="96411" Y="71511" Z="0"/>
					<Vertex X="96292" Y="71630" Z="0"/>
					<Vertex X="96134" Y="71828" Z="0"/>
					<Vertex X="96055" Y="71947" Z="0"/>
					<Vertex X="95896" Y="72105" Z="0"/>
					<Vertex X="95817" Y="72284" Z="0"/>
					<Vertex X="95698" Y="72462" Z="0"/>
					<Vertex X="95638" Y="72581" Z="0"/>
					<Vertex X="95579" Y="72760" Z="0"/>
					<Vertex X="95539" Y="72938" Z="0"/>
					<Vertex X="95539" Y="73017" Z="0"/>
					<Vertex X="95579" Y="73216" Z="0"/>
					<Vertex X="95599" Y="73354" Z="0"/>
					<Vertex X="95638" Y="73473" Z="0"/>
					<Vertex X="95658" Y="73652" Z="0"/>
					<Vertex X="95698" Y="73830" Z="0"/>
					<Vertex X="95717" Y="73949" Z="0"/>
					<Vertex X="95797" Y="74128" Z="0"/>
					<Vertex X="95896" Y="74266" Z="0"/>
					<Vertex X="95955" Y="74405" Z="0"/>
					<Vertex X="96074" Y="74544" Z="0"/>
					<Vertex X="96233" Y="74702" Z="0"/>
					<Vertex X="96431" Y="74881" Z="0"/>
					<Vertex X="96610" Y="74960" Z="0"/>
					<Vertex X="96768" Y="75020" Z="0"/>
					<Vertex X="96966" Y="75099" Z="0"/>
					<Vertex X="97125" Y="75099" Z="0"/>
					<Vertex X="97304" Y="75139" Z="0"/>
					<Vertex X="97422" Y="75099" Z="0"/>
					<Vertex X="97601" Y="75099" Z="0"/>
					<Vertex X="97779" Y="75079" Z="0"/>
					<Vertex X="97898" Y="75020" Z="0"/>
					<Vertex X="98077" Y="74960" Z="0"/>
					<Vertex X="98156" Y="74921" Z="0"/>
					<Vertex X="98315" Y="74881" Z="0"/>
					<Vertex X="98394" Y="74841" Z="0"/>
					<Vertex X="98553" Y="74782" Z="0"/>
					<Vertex X="98632" Y="74762" Z="0"/>
					<Vertex X="98790" Y="74702" Z="0"/>
					<Vertex X="98929" Y="74663" Z="0"/>
					<Vertex X="99028" Y="74623" Z="0"/>
					<Vertex X="99167" Y="74623" Z="0"/>
					<Vertex X="99326" Y="74623" Z="0"/>
					<Vertex X="99425" Y="74623" Z="0"/>
					<Vertex X="99564" Y="74663" Z="0"/>
					<Vertex X="99683" Y="74702" Z="0"/>
					<Vertex X="99802" Y="74722" Z="0"/>
					<Vertex X="99901" Y="74782" Z="0"/>
					<Vertex X="100000" Y="74841" Z="0"/>
					<Vertex X="100139" Y="74901" Z="0"/>
					<Vertex X="100218" Y="74921" Z="0"/>
					<Vertex X="100337" Y="75000" Z="0"/>
					<Vertex X="100396" Y="75059" Z="0"/>
					<Vertex X="100456" Y="75139" Z="0"/>
					<Vertex X="100495" Y="75198" Z="0"/>
					<Vertex X="100535" Y="75297" Z="0"/>
					<Vertex X="100595" Y="75377" Z="0"/>
					<Vertex X="100634" Y="75436" Z="0"/>
					<Vertex X="100694" Y="75515" Z="0"/>
					<Vertex X="100694" Y="75595" Z="0"/>
					<Vertex X="100733" Y="75694" Z="0"/>
					<Vertex X="100753" Y="75753" Z="0"/>
					<Vertex X="100753" Y="75892" Z="0"/>
					<Vertex X="100753" Y="75991" Z="0"/>
					<Vertex X="100753" Y="76051" Z="0"/>
					<Vertex X="100694" Y="76189" Z="0"/>
					<Vertex X="100634" Y="76328" Z="0"/>
					<Vertex X="100535" Y="76447" Z="0"/>
					<Vertex X="100456" Y="76526" Z="0"/>
					<Vertex X="100376" Y="76626" Z="0"/>
					<Vertex X="100277" Y="76685" Z="0"/>
					<Vertex X="100198" Y="76784" Z="0"/>
					<Vertex X="100079" Y="76824" Z="0"/>
					<Vertex X="100000" Y="76883" Z="0"/>
					<Vertex X="99920" Y="76943" Z="0"/>
					<Vertex X="99861" Y="76982" Z="0"/>
					<Vertex X="99742" Y="77042" Z="0"/>
					<Vertex X="99663" Y="77101" Z="0"/>
					<Vertex X="99504" Y="77181" Z="0"/>
					<Vertex X="99425" Y="77280" Z="0"/>
					<Vertex X="99346" Y="77339" Z="0"/>
					<Vertex X="99266" Y="77419" Z="0"/>
					<Vertex X="99207" Y="77538" Z="0"/>
					<Vertex X="99147" Y="77676" Z="0"/>
					<Vertex X="99088" Y="77756" Z="0"/>
					<Vertex X="99048" Y="77875" Z="0"/>
					<Vertex X="99028" Y="77994" Z="0"/>
					<Vertex X="99028" Y="78053" Z="0"/>
					<Vertex X="99028" Y="78172" Z="0"/>
					<Vertex X="99028" Y="78271" Z="0"/>
					<Vertex X="99048" Y="78350" Z="0"/>
					<Vertex X="99088" Y="78410" Z="0"/>
					<Vertex X="99147" Y="78469" Z="0"/>
					<Vertex X="99266" Y="78529" Z="0"/>
					<Vertex X="99346" Y="78568" Z="0"/>
					<Vertex X="99504" Y="78568" Z="0"/>
					<Vertex X="99564" Y="78568" Z="0"/>
					<Vertex X="99722" Y="78529" Z="0"/>
					<Vertex X="99802" Y="78489" Z="0"/>
					<Vertex X="99960" Y="78430" Z="0"/>
					<Vertex X="100099" Y="78350" Z="0"/>
					<Vertex X="100198" Y="78311" Z="0"/>
					<Vertex X="100337" Y="78192" Z="0"/>
					<Vertex X="100495" Y="78112" Z="0"/>
					<Vertex X="100575" Y="78013" Z="0"/>
					<Vertex X="100694" Y="77894" Z="0"/>
					<Vertex X="100832" Y="77835" Z="0"/>
					<Vertex X="100912" Y="77815" Z="0"/>
					<Vertex X="101031" Y="77756" Z="0"/>
					<Vertex X="101169" Y="77676" Z="0"/>
					<Vertex X="101269" Y="77637" Z="0"/>
					<Vertex X="101388" Y="77577" Z="0"/>
					<Vertex X="101526" Y="77538" Z="0"/>
					<Vertex X="101645" Y="77478" Z="0"/>
					<Vertex X="101764" Y="77458" Z="0"/>
					<Vertex X="101863" Y="77458" Z="0"/>
					<Vertex X="101982" Y="77458" Z="0"/>
					<Vertex X="102081" Y="77458" Z="0"/>
					<Vertex X="102141" Y="77458" Z="0"/>
					<Vertex X="102240" Y="77478" Z="0"/>
					<Vertex X="102300" Y="77518" Z="0"/>
					<Vertex X="102399" Y="77538" Z="0"/>
					<Vertex X="102478" Y="77597" Z="0"/>
					<Vertex X="102518" Y="77637" Z="0"/>
					<Vertex X="102577" Y="77716" Z="0"/>
					<Vertex X="102617" Y="77775" Z="0"/>
					<Vertex X="102676" Y="77835" Z="0"/>
					<Vertex X="102736" Y="77894" Z="0"/>
					<Vertex X="102775" Y="77974" Z="0"/>
					<Vertex X="102835" Y="78053" Z="0"/>
					<Vertex X="102894" Y="78112" Z="0"/>
					<Vertex X="102954" Y="78172" Z="0"/>
					<Vertex X="103013" Y="78231" Z="0"/>
					<Vertex X="103053" Y="78311" Z="0"/>
					<Vertex X="103112" Y="78350" Z="0"/>
					<Vertex X="103132" Y="78430" Z="0"/>
					<Vertex X="103152" Y="78469" Z="0"/>
					<Vertex X="103192" Y="78568" Z="0"/>
					<Vertex X="103212" Y="78608" Z="0"/>
					<Vertex X="103251" Y="78668" Z="0"/>
					<Vertex X="103251" Y="78767" Z="0"/>
					<Vertex X="103212" Y="78846" Z="0"/>
					<Vertex X="103192" Y="78945" Z="0"/>
					<Vertex X="103152" Y="79005" Z="0"/>
					<Vertex X="103112" Y="79084" Z="0"/>
					<Vertex X="103013" Y="79163" Z="0"/>
					<Vertex X="102954" Y="79183" Z="0"/>
					<Vertex X="102874" Y="79104" Z="0"/>
					<Vertex X="101744" Y="79996" Z="0"/>
					<Vertex X="101427" Y="80274" Z="0"/>
					<Vertex X="101308" Y="80333" Z="0"/>
					<Vertex X="101229" Y="80353" Z="0"/>
					<Vertex X="101110" Y="80412" Z="0"/>
					<Vertex X="100971" Y="80452" Z="0"/>
					<Vertex X="100892" Y="80472" Z="0"/>
					<Vertex X="100793" Y="80472" Z="0"/>
					<Vertex X="100674" Y="80452" Z="0"/>
					<Vertex X="100575" Y="80393" Z="0"/>
					<Vertex X="100555" Y="80353" Z="0"/>
					<Vertex X="100495" Y="80234" Z="0"/>
					<Vertex X="100436" Y="80115" Z="0"/>
					<Vertex X="100396" Y="80036" Z="0"/>
					<Vertex X="100357" Y="79897" Z="0"/>
					<Vertex X="100297" Y="79798" Z="0"/>
					<Vertex X="100277" Y="79679" Z="0"/>
					<Vertex X="100257" Y="79560" Z="0"/>
					<Vertex X="100198" Y="79500" Z="0"/>
					<Vertex X="100138" Y="79401" Z="0"/>
					<Vertex X="100039" Y="79322" Z="0"/>
					<Vertex X="99920" Y="79262" Z="0"/>
					<Vertex X="99861" Y="79203" Z="0"/>
					<Vertex X="99742" Y="79163" Z="0"/>
					<Vertex X="99603" Y="79144" Z="0"/>
					<Vertex X="99445" Y="79144" Z="0"/>
					<Vertex X="99365" Y="79104" Z="0"/>
					<Vertex X="99187" Y="79104" Z="0"/>
					<Vertex X="99088" Y="79144" Z="0"/>
					<Vertex X="98909" Y="79144" Z="0"/>
					<Vertex X="98790" Y="79144" Z="0"/>
					<Vertex X="98632" Y="79144" Z="0"/>
					<Vertex X="98533" Y="79144" Z="0"/>
					<Vertex X="98433" Y="79144" Z="0"/>
					<Vertex X="98334" Y="79104" Z="0"/>
					<Vertex X="98235" Y="79104" Z="0"/>
					<Vertex X="98156" Y="79084" Z="0"/>
					<Vertex X="98037" Y="79084" Z="0"/>
					<Vertex X="97997" Y="79084" Z="0"/>
					<Vertex X="97859" Y="79084" Z="0"/>
					<Vertex X="97740" Y="79104" Z="0"/>
					<Vertex X="97700" Y="79144" Z="0"/>
					<Vertex X="97561" Y="79163" Z="0"/>
					<Vertex X="97502" Y="79203" Z="0"/>
					<Vertex X="97422" Y="79302" Z="0"/>
					<Vertex X="97323" Y="79342" Z="0"/>
					<Vertex X="97264" Y="79401" Z="0"/>
					<Vertex X="97204" Y="79520" Z="0"/>
					<Vertex X="97184" Y="79600" Z="0"/>
					<Vertex X="97125" Y="79738" Z="0"/>
					<Vertex X="97085" Y="79897" Z="0"/>
					<Vertex X="97066" Y="80036" Z="0"/>
					<Vertex X="97026" Y="80234" Z="0"/>
					<Vertex X="97006" Y="80452" Z="0"/>
					<Vertex X="97006" Y="80591" Z="0"/>
					<Vertex X="97026" Y="80809" Z="0"/>
					<Vertex X="97066" Y="80928" Z="0"/>
					<Vertex X="97125" Y="81106" Z="0"/>
					<Vertex X="97184" Y="81305" Z="0"/>
					<Vertex X="97204" Y="81423" Z="0"/>
					<Vertex X="97323" Y="81602" Z="0"/>
					<Vertex X="97422" Y="81761" Z="0"/>
					<Vertex X="97541" Y="81879" Z="0"/>
					<Vertex X="97621" Y="81939" Z="0"/>
					<Vertex X="97779" Y="82018" Z="0"/>
					<Vertex X="97898" Y="82098" Z="0"/>
					<Vertex X="97997" Y="82117" Z="0"/>
					<Vertex X="98136" Y="82157" Z="0"/>
					<Vertex X="98255" Y="82177" Z="0"/>
					<Vertex X="98394" Y="82177" Z="0"/>
					<Vertex X="98533" Y="82177" Z="0"/>
					<Vertex X="98632" Y="82197" Z="0"/>
					<Vertex X="98790" Y="82197" Z="0"/>
					<Vertex X="98989" Y="82197" Z="0"/>
					<Vertex X="99108" Y="82197" Z="0"/>
					<Vertex X="99266" Y="82177" Z="0"/>
					<Vertex X="99385" Y="82177" Z="0"/>
					<Vertex X="99524" Y="82177" Z="0"/>
					<Vertex X="99663" Y="82157" Z="0"/>
					<Vertex X="99742" Y="82117" Z="0"/>
					<Vertex X="99841" Y="82058" Z="0"/>
					<Vertex X="99901" Y="82018" Z="0"/>
					<Vertex X="99960" Y="81998" Z="0"/>
					<Vertex X="100020" Y="81998" Z="0"/>
					<Vertex X="100039" Y="81998" Z="0"/>
					<Vertex X="100099" Y="81998" Z="0"/>
					<Vertex X="100138" Y="82018" Z="0"/>
					<Vertex X="100158" Y="82058" Z="0"/>
					<Vertex X="100158" Y="82098" Z="0"/>
					<Vertex X="100198" Y="82157" Z="0"/>
					<Vertex X="100198" Y="82236" Z="0"/>
					<Vertex X="100198" Y="82296" Z="0"/>
					<Vertex X="100158" Y="82395" Z="0"/>
					<Vertex X="100138" Y="82494" Z="0"/>
					<Vertex X="100099" Y="82593" Z="0"/>
					<Vertex X="100059" Y="82692" Z="0"/>
					<Vertex X="100039" Y="82791" Z="0"/>
					<Vertex X="100020" Y="82910" Z="0"/>
					<Vertex X="99960" Y="83069" Z="0"/>
					<Vertex X="99920" Y="83208" Z="0"/>
					<Vertex X="99901" Y="83366" Z="0"/>
					<Vertex X="99861" Y="83446" Z="0"/>
					<Vertex X="99861" Y="83644" Z="0"/>
					<Vertex X="99841" Y="83803" Z="0"/>
					<Vertex X="99841" Y="83981" Z="0"/>
					<Vertex X="99841" Y="84100" Z="0"/>
					<Vertex X="99861" Y="84278" Z="0"/>
					<Vertex X="99920" Y="84437" Z="0"/>
					<Vertex X="99980" Y="84536" Z="0"/>
					<Vertex X="100059" Y="84635" Z="0"/>
					<Vertex X="100158" Y="84774" Z="0"/>
					<Vertex X="100277" Y="84853" Z="0"/>
					<Vertex X="100357" Y="84913" Z="0"/>
					<Vertex X="100495" Y="84992" Z="0"/>
					<Vertex X="100575" Y="85032" Z="0"/>
					<Vertex X="100733" Y="85071" Z="0"/>
					<Vertex X="100872" Y="85091" Z="0"/>
					<Vertex X="100971" Y="85091" Z="0"/>
					<Vertex X="101110" Y="85111" Z="0"/>
					<Vertex X="101269" Y="85091" Z="0"/>
					<Vertex X="101407" Y="85071" Z="0"/>
					<Vertex X="101566" Y="84992" Z="0"/>
					<Vertex X="101705" Y="84933" Z="0"/>
					<Vertex X="101804" Y="84873" Z="0"/>
					<Vertex X="101943" Y="84794" Z="0"/>
					<Vertex X="102101" Y="84675" Z="0"/>
					<Vertex X="102220" Y="84615" Z="0"/>
					<Vertex X="102339" Y="84536" Z="0"/>
					<Vertex X="102379" Y="84496" Z="0"/>
					<Vertex X="102498" Y="84437" Z="0"/>
					<Vertex X="102577" Y="84397" Z="0"/>
					<Vertex X="102656" Y="84397" Z="0"/>
					<Vertex X="102755" Y="84377" Z="0"/>
					<Vertex X="102815" Y="84377" Z="0"/>
					<Vertex X="102894" Y="84397" Z="0"/>
					<Vertex X="102954" Y="84437" Z="0"/>
					<Vertex X="103033" Y="84496" Z="0"/>
					<Vertex X="103112" Y="84556" Z="0"/>
					<Vertex X="103172" Y="84615" Z="0"/>
					<Vertex X="103231" Y="84695" Z="0"/>
					<Vertex X="103291" Y="84774" Z="0"/>
					<Vertex X="103311" Y="84873" Z="0"/>
					<Vertex X="103350" Y="84972" Z="0"/>
					<Vertex X="103370" Y="85091" Z="0"/>
					<Vertex X="103410" Y="85171" Z="0"/>
					<Vertex X="103430" Y="85289" Z="0"/>
					<Vertex X="103449" Y="85468" Z="0"/>
					<Vertex X="103449" Y="85666" Z="0"/>
					<Vertex X="103430" Y="85765" Z="0"/>
					<Vertex X="103410" Y="85983" Z="0"/>
					<Vertex X="103350" Y="86182" Z="0"/>
					<Vertex X="103350" Y="86340" Z="0"/>
					<Vertex X="103311" Y="86519" Z="0"/>
					<Vertex X="103291" Y="86717" Z="0"/>
					<Vertex X="103251" Y="86895" Z="0"/>
					<Vertex X="103231" Y="87074" Z="0"/>
					<Vertex X="103231" Y="87193" Z="0"/>
					<Vertex X="103231" Y="87292" Z="0"/>
					<Vertex X="103251" Y="87411" Z="0"/>
					<Vertex X="103291" Y="87490" Z="0"/>
					<Vertex X="103311" Y="87589" Z="0"/>
					<Vertex X="103370" Y="87669" Z="0"/>
					<Vertex X="103430" Y="87728" Z="0"/>
					<Vertex X="103509" Y="87787" Z="0"/>
					<Vertex X="103548" Y="87827" Z="0"/>
					<Vertex X="103667" Y="87887" Z="0"/>
					<Vertex X="103767" Y="87906" Z="0"/>
					<Vertex X="103905" Y="87946" Z="0"/>
					<Vertex X="104024" Y="87966" Z="0"/>
					<Vertex X="104183" Y="87966" Z="0"/>
					<Vertex X="104262" Y="87966" Z="0"/>
					<Vertex X="104381" Y="87966" Z="0"/>
					<Vertex X="104520" Y="88006" Z="0"/>
					<Vertex X="104639" Y="87966" Z="0"/>
					<Vertex X="104738" Y="87966" Z="0"/>
					<Vertex X="104857" Y="87946" Z="0"/>
					<Vertex X="104976" Y="87887" Z="0"/>
					<Vertex X="105115" Y="87847" Z="0"/>
					<Vertex X="105273" Y="87787" Z="0"/>
					<Vertex X="105452" Y="87708" Z="0"/>
					<Vertex X="105690" Y="87609" Z="0"/>
					<Vertex X="105848" Y="87550" Z="0"/>
					<Vertex X="106046" Y="87450" Z="0"/>
					<Vertex X="106284" Y="87351" Z="0"/>
					<Vertex X="106542" Y="87193" Z="0"/>
					<Vertex X="106760" Y="87113" Z="0"/>
					<Vertex X="107038" Y="86955" Z="0"/>
					<Vertex X="107295" Y="86816" Z="0"/>
					<Vertex X="107573" Y="86638" Z="0"/>
					<Vertex X="107831" Y="86459" Z="0"/>
					<Vertex X="108009" Y="86301" Z="0"/>
					<Vertex X="108287" Y="86122" Z="0"/>
					<Vertex X="108525" Y="85964" Z="0"/>
					<Vertex X="108763" Y="85765" Z="0"/>
					<Vertex X="108981" Y="85567" Z="0"/>
					<Vertex X="109199" Y="85389" Z="0"/>
					<Vertex X="109318" Y="85230" Z="0"/>
					<Vertex X="109496" Y="85071" Z="0"/>
					<Vertex X="109655" Y="84913" Z="0"/>
					<Vertex X="109754" Y="84774" Z="0"/>
					<Vertex X="109833" Y="84635" Z="0"/>
					<Vertex X="109893" Y="84536" Z="0"/>
					<Vertex X="109932" Y="84377" Z="0"/>
					<Vertex X="109972" Y="84239" Z="0"/>
					<Vertex X="109992" Y="84100" Z="0"/>
					<Vertex X="110051" Y="83961" Z="0"/>
					<Vertex X="110091" Y="83803" Z="0"/>
					<Vertex X="110131" Y="83644" Z="0"/>
					<Vertex X="110150" Y="83446" Z="0"/>
					<Vertex X="110150" Y="83307" Z="0"/>
					<Vertex X="110150" Y="83188" Z="0"/>
					<Vertex X="110131" Y="83010" Z="0"/>
					<Vertex X="110051" Y="82831" Z="0"/>
					<Vertex X="109972" Y="82692" Z="0"/>
					<Vertex X="109893" Y="82474" Z="0"/>
					<Vertex X="109794" Y="82355" Z="0"/>
					<Vertex X="109675" Y="82177" Z="0"/>
					<Vertex X="109516" Y="81998" Z="0"/>
					<Vertex X="109397" Y="81879" Z="0"/>
					<Vertex X="109258" Y="81681" Z="0"/>
					<Vertex X="109139" Y="81503" Z="0"/>
					<Vertex X="109020" Y="81344" Z="0"/>
					<Vertex X="108842" Y="81166" Z="0"/>
					<Vertex X="108683" Y="80987" Z="0"/>
					<Vertex X="108525" Y="80809" Z="0"/>
					<Vertex X="108426" Y="80650" Z="0"/>
					<Vertex X="108227" Y="80472" Z="0"/>
					<Vertex X="108049" Y="80293" Z="0"/>
					<Vertex X="107831" Y="80115" Z="0"/>
					<Vertex X="107712" Y="79976" Z="0"/>
					<Vertex X="107533" Y="79798" Z="0"/>
					<Vertex X="107355" Y="79619" Z="0"/>
					<Vertex X="107177" Y="79441" Z="0"/>
					<Vertex X="106998" Y="79223" Z="0"/>
					<Vertex X="106820" Y="79044" Z="0"/>
					<Vertex X="106641" Y="78866" Z="0"/>
					<Vertex X="106463" Y="78707" Z="0"/>
					<Vertex X="106324" Y="78569" Z="0"/>
					<Vertex X="106165" Y="78450" Z="0"/>
					<Vertex X="105987" Y="78311" Z="0"/>
					<Vertex X="105908" Y="78212" Z="0"/>
					<Vertex X="105709" Y="78073" Z="0"/>
					<Vertex X="105571" Y="77895" Z="0"/>
					<Vertex X="105452" Y="77716" Z="0"/>
					<Vertex X="105392" Y="77617" Z="0"/>
					<Vertex X="105273" Y="77439" Z="0"/>
					<Vertex X="105174" Y="77240" Z="0"/>
					<Vertex X="105095" Y="77082" Z="0"/>
					<Vertex X="105035" Y="76923" Z="0"/>
					<Vertex X="104936" Y="76705" Z="0"/>
					<Vertex X="104897" Y="76527" Z="0"/>
					<Vertex X="104837" Y="76328" Z="0"/>
					<Vertex X="104778" Y="76190" Z="0"/>
					<Vertex X="104639" Y="75932" Z="0"/>
					<Vertex X="104560" Y="75813" Z="0"/>
					<Vertex X="104441" Y="75634" Z="0"/>
					<Vertex X="104302" Y="75416" Z="0"/>
					<Vertex X="104104" Y="75198" Z="0"/>
					<Vertex X="103945" Y="74980" Z="0"/>
					<Vertex X="103747" Y="74802" Z="0"/>
					<Vertex X="103548" Y="74623" Z="0"/>
					<Vertex X="103370" Y="74465" Z="0"/>
					<Vertex X="103152" Y="74326" Z="0"/>
					<Vertex X="102914" Y="74148" Z="0"/>
					<Vertex X="102736" Y="73989" Z="0"/>
					<Vertex X="102597" Y="73870" Z="0"/>
					<Vertex X="102379" Y="73731" Z="0"/>
					<Vertex X="102200" Y="73573" Z="0"/>
					<Vertex X="102022" Y="73434" Z="0"/>
					<Vertex X="101843" Y="73275" Z="0"/>
					<Vertex X="101744" Y="73196" Z="0"/>
					<Vertex X="101586" Y="73077" Z="0"/>
					<Vertex X="101427" Y="72958" Z="0"/>
					<Vertex X="101288" Y="72839" Z="0"/>
					<Vertex X="101209" Y="72720" Z="0"/>
					<Vertex X="101070" Y="72581" Z="0"/>
					<Vertex X="101050" Y="72502" Z="0"/>
					<Vertex X="100991" Y="72363" Z="0"/>
					<Vertex X="100931" Y="72205" Z="0"/>
					<Vertex X="100931" Y="72066" Z="0"/>
					<Vertex X="100951" Y="71947" Z="0"/>
					<Vertex X="101011" Y="71788" Z="0"/>
					<Vertex X="101070" Y="71649" Z="0"/>
					<Vertex X="101169" Y="71511" Z="0"/>
					<Vertex X="101288" Y="71352" Z="0"/>
					<Vertex X="101368" Y="71194" Z="0"/>
					<Vertex X="101467" Y="71055" Z="0"/>
					<Vertex X="101606" Y="70896" Z="0"/>
					<Vertex X="101705" Y="70777" Z="0"/>
					<Vertex X="101784" Y="70658" Z="0"/>
					<Vertex X="101843" Y="70539" Z="0"/>
					<Vertex X="101903" Y="70420" Z="0"/>
					<Vertex X="101962" Y="70341" Z="0"/>
					<Vertex X="102002" Y="70282" Z="0"/>
					<Vertex X="102062" Y="70163" Z="0"/>
					<Vertex X="102141" Y="70063" Z="0"/>
					<Vertex X="102200" Y="69984" Z="0"/>
					<Vertex X="102299" Y="69865" Z="0"/>
					<Vertex X="102418" Y="69766" Z="0"/>
					<Vertex X="102498" Y="69707" Z="0"/>
					<Vertex X="102537" Y="69647" Z="0"/>
					<Vertex X="102617" Y="69588" Z="0"/>
					<Vertex X="102716" Y="69508" Z="0"/>
					<Vertex X="102815" Y="69449" Z="0"/>
					<Vertex X="102855" Y="69389" Z="0"/>
					<Vertex X="102894" Y="69350" Z="0"/>
					<Vertex X="102954" Y="69290" Z="0"/>
					<Vertex X="103033" Y="69231" Z="0"/>
					<Vertex X="103092" Y="69151" Z="0"/>
					<Vertex X="103152" Y="69092" Z="0"/>
					<Vertex X="103271" Y="69033" Z="0"/>
					<Vertex X="103370" Y="68933" Z="0"/>
					<Vertex X="103489" Y="68874" Z="0"/>
					<Vertex X="103568" Y="68814" Z="0"/>
					<Vertex X="103667" Y="68755" Z="0"/>
					<Vertex X="103747" Y="68695" Z="0"/>
					<Vertex X="103806" Y="68636" Z="0"/>
					<Vertex X="103925" Y="68577" Z="0"/>
					<Vertex X="104024" Y="68517" Z="0"/>
					<Vertex X="104143" Y="68438" Z="0"/>
					<Vertex X="104163" Y="68378" Z="0"/>
					<Vertex X="104262" Y="68319" Z="0"/>
					<Vertex X="104341" Y="68259" Z="0"/>
					<Vertex X="104401" Y="68200" Z="0"/>
					<Vertex X="104520" Y="68140" Z="0"/>
					<Vertex X="104639" Y="68081" Z="0"/>
					<Vertex X="104738" Y="67982" Z="0"/>
					<Vertex X="104817" Y="67922" Z="0"/>
					<Vertex X="104976" Y="67843" Z="0"/>
					<Vertex X="105115" Y="67744" Z="0"/>
					<Vertex X="105293" Y="67665" Z="0"/>
					<Vertex X="105452" Y="67565" Z="0"/>
					<Vertex X="105511" Y="67546" Z="0"/>
					<Vertex X="104471" Y="67310" Z="0"/>
					<Vertex X="104598" Y="66991" Z="0"/>
					<Vertex X="104662" Y="66737" Z="0"/>
					<Vertex X="104790" Y="66545" Z="0"/>
					<Vertex X="104853" Y="66354" Z="0"/>
					<Vertex X="104917" Y="66163" Z="0"/>
					<Vertex X="104917" Y="66035" Z="0"/>
					<Vertex X="105044" Y="65780" Z="0"/>
					<Vertex X="105044" Y="65717" Z="0"/>
					<Vertex X="105044" Y="65462" Z="0"/>
					<Vertex X="105108" Y="65398" Z="0"/>
					<Vertex X="105108" Y="65207" Z="0"/>
					<Vertex X="105108" Y="65016" Z="0"/>
					<Vertex X="105108" Y="64824" Z="0"/>
					<Vertex X="105236" Y="64633" Z="0"/>
					<Vertex X="105299" Y="64442" Z="0"/>
					<Vertex X="105427" Y="64123" Z="0"/>
					<Vertex X="105618" Y="63996" Z="0"/>
					<Vertex X="105746" Y="63804" Z="0"/>
					<Vertex X="105937" Y="63549" Z="0"/>
					<Vertex X="105937" Y="63486" Z="0"/>
					<Vertex X="106001" Y="63295" Z="0"/>
					<Vertex X="106192" Y="63167" Z="0"/>
					<Vertex X="106383" Y="62912" Z="0"/>
					<Vertex X="106638" Y="62721" Z="0"/>
					<Vertex X="106765" Y="62530" Z="0"/>
					<Vertex X="107020" Y="62211" Z="0"/>
					<Vertex X="107275" Y="62083" Z="0"/>
					<Vertex X="107339" Y="61892" Z="0"/>
					<Vertex X="107467" Y="61637" Z="0"/>
					<Vertex X="107530" Y="61382" Z="0"/>
					<Vertex X="107658" Y="61127" Z="0"/>
					<Vertex X="107722" Y="60809" Z="0"/>
					<Vertex X="107722" Y="60554" Z="0"/>
					<Vertex X="107849" Y="60299" Z="0"/>
					<Vertex X="107849" Y="60044" Z="0"/>
					<Vertex X="107913" Y="59725" Z="0"/>
					<Vertex X="108040" Y="59343" Z="0"/>
					<Vertex X="108040" Y="59151" Z="0"/>
					<Vertex X="108104" Y="58705" Z="0"/>
					<Vertex X="108231" Y="58323" Z="0"/>
					<Vertex X="108295" Y="57940" Z="0"/>
					<Vertex X="108295" Y="57749" Z="0"/>
					<Vertex X="108359" Y="57367" Z="0"/>
					<Vertex X="108486" Y="56984" Z="0"/>
					<Vertex X="108486" Y="56602" Z="0"/>
					<Vertex X="108550" Y="56219" Z="0"/>
					<Vertex X="108678" Y="56028" Z="0"/>
					<Vertex X="108678" Y="55646" Z="0"/>
					<Vertex X="108678" Y="55327" Z="0"/>
					<Vertex X="108741" Y="54945" Z="0"/>
					<Vertex X="108741" Y="54690" Z="0"/>
					<Vertex X="108869" Y="54307" Z="0"/>
					<Vertex X="108996" Y="53988" Z="0"/>
					<Vertex X="109060" Y="53733" Z="0"/>
					<Vertex X="109251" Y="53542" Z="0"/>
					<Vertex X="109379" Y="53224" Z="0"/>
					<Vertex X="109570" Y="53032" Z="0"/>
					<Vertex X="109761" Y="52905" Z="0"/>
					<Vertex X="109825" Y="52777" Z="0"/>
					<Vertex X="110016" Y="52777" Z="0"/>
					<Vertex X="110080" Y="52650" Z="0"/>
					<Vertex X="110271" Y="52650" Z="0"/>
					<Vertex X="110462" Y="52586" Z="0"/>
					<Vertex X="110590" Y="52459" Z="0"/>
					<Vertex X="110717" Y="52267" Z="0"/>
					<Vertex X="110909" Y="52076" Z="0"/>
					<Vertex X="110972" Y="51821" Z="0"/>
					<Vertex X="111164" Y="51630" Z="0"/>
					<Vertex X="111291" Y="51311" Z="0"/>
					<Vertex X="111419" Y="50993" Z="0"/>
					<Vertex X="111673" Y="50546" Z="0"/>
					<Vertex X="111737" Y="50291" Z="0"/>
					<Vertex X="111801" Y="50037" Z="0"/>
					<Vertex X="111928" Y="49718" Z="0"/>
					<Vertex X="111992" Y="49399" Z="0"/>
					<Vertex X="112120" Y="49144" Z="0"/>
					<Vertex X="112120" Y="48825" Z="0"/>
					<Vertex X="112183" Y="48507" Z="0"/>
					<Vertex X="112311" Y="48188" Z="0"/>
					<Vertex X="112502" Y="47806" Z="0"/>
					<Vertex X="112630" Y="47551" Z="0"/>
					<Vertex X="112821" Y="47168" Z="0"/>
					<Vertex X="112885" Y="46849" Z="0"/>
					<Vertex X="113076" Y="46467" Z="0"/>
					<Vertex X="113267" Y="46085" Z="0"/>
					<Vertex X="113394" Y="45893" Z="0"/>
					<Vertex X="113649" Y="45447" Z="0"/>
					<Vertex X="113713" Y="45256" Z="0"/>
					<Vertex X="113904" Y="44937" Z="0"/>
					<Vertex X="114159" Y="44682" Z="0"/>
					<Vertex X="114223" Y="44300" Z="0"/>
					<Vertex X="114351" Y="43981" Z="0"/>
					<Vertex X="114542" Y="43726" Z="0"/>
					<Vertex X="114606" Y="43407" Z="0"/>
					<Vertex X="114797" Y="43089" Z="0"/>
					<Vertex X="114988" Y="42834" Z="0"/>
					<Vertex X="115115" Y="42643" Z="0"/>
					<Vertex X="115243" Y="42260" Z="0"/>
					<Vertex X="115562" Y="41941" Z="0"/>
					<Vertex X="115753" Y="41687" Z="0"/>
					<Vertex X="116072" Y="41432" Z="0"/>
					<Vertex X="116263" Y="41113" Z="0"/>
					<Vertex X="116454" Y="40858" Z="0"/>
					<Vertex X="116518" Y="40539" Z="0"/>
					<Vertex X="116709" Y="40220" Z="0"/>
					<Vertex X="116836" Y="39966" Z="0"/>
					<Vertex X="116900" Y="39711" Z="0"/>
					<Vertex X="116964" Y="39392" Z="0"/>
					<Vertex X="117155" Y="39009" Z="0"/>
					<Vertex X="117283" Y="38627" Z="0"/>
					<Vertex X="117474" Y="38245" Z="0"/>
					<Vertex X="117601" Y="37862" Z="0"/>
					<Vertex X="117793" Y="37480" Z="0"/>
					<Vertex X="117984" Y="37097" Z="0"/>
					<Vertex X="118175" Y="36715" Z="0"/>
					<Vertex X="118302" Y="36332" Z="0"/>
					<Vertex X="118430" Y="35950" Z="0"/>
					<Vertex X="118621" Y="35695" Z="0"/>
					<Vertex X="118685" Y="35312" Z="0"/>
					<Vertex X="118812" Y="34866" Z="0"/>
					<Vertex X="118876" Y="34484" Z="0"/>
					<Vertex X="119067" Y="34101" Z="0"/>
					<Vertex X="119195" Y="33655" Z="0"/>
					<Vertex X="119322" Y="33209" Z="0"/>
					<Vertex X="119386" Y="32763" Z="0"/>
					<Vertex X="119450" Y="32380" Z="0"/>
					<Vertex X="119577" Y="31934" Z="0"/>
					<Vertex X="119641" Y="31552" Z="0"/>
					<Vertex X="119641" Y="31233" Z="0"/>
					<Vertex X="119577" Y="30978" Z="0"/>
					<Vertex X="119577" Y="30659" Z="0"/>
					<Vertex X="119450" Y="30404" Z="0"/>
					<Vertex X="119386" Y="30022" Z="0"/>
					<Vertex X="119386" Y="29767" Z="0"/>
					<Vertex X="119322" Y="29448" Z="0"/>
					<Vertex X="119322" Y="29066" Z="0"/>
					<Vertex X="119386" Y="28683" Z="0"/>
					<Vertex X="119386" Y="28301" Z="0"/>
					<Vertex X="119386" Y="27982" Z="0"/>
					<Vertex X="119386" Y="27727" Z="0"/>
					<Vertex X="119386" Y="27536" Z="0"/>
					<Vertex X="119386" Y="27345" Z="0"/>
					<Vertex X="119322" Y="27154" Z="0"/>
					<Vertex X="119322" Y="26962" Z="0"/>
					<Vertex X="119322" Y="26835" Z="0"/>
					<Vertex X="119386" Y="26644" Z="0"/>
					<Vertex X="119450" Y="26453" Z="0"/>
					<Vertex X="119577" Y="26261" Z="0"/>
					<Vertex X="119769" Y="26198" Z="0"/>
					<Vertex X="119832" Y="26006" Z="0"/>
					<Vertex X="120023" Y="25815" Z="0"/>
					<Vertex X="120215" Y="25688" Z="0"/>
					<Vertex X="120342" Y="25624" Z="0"/>
					<Vertex X="120406" Y="25433" Z="0"/>
					<Vertex X="120533" Y="25241" Z="0"/>
					<Vertex X="120597" Y="25050" Z="0"/>
					<Vertex X="120725" Y="24859" Z="0"/>
					<Vertex X="120788" Y="24668" Z="0"/>
					<Vertex X="120916" Y="24477" Z="0"/>
					<Vertex X="120916" Y="24158" Z="0"/>
					<Vertex X="121043" Y="23967" Z="0"/>
					<Vertex X="121107" Y="23712" Z="0"/>
					<Vertex X="121107" Y="23520" Z="0"/>
					<Vertex X="121107" Y="23329" Z="0"/>
					<Vertex X="121171" Y="22947" Z="0"/>
					<Vertex X="121171" Y="22628" Z="0"/>
					<Vertex X="121298" Y="22246" Z="0"/>
					<Vertex X="121298" Y="21991" Z="0"/>
					<Vertex X="121298" Y="21672" Z="0"/>
					<Vertex X="121298" Y="21226" Z="0"/>
					<Vertex X="121298" Y="20907" Z="0"/>
					<Vertex X="121171" Y="20652" Z="0"/>
					<Vertex X="121107" Y="20461" Z="0"/>
					<Vertex X="121043" Y="20270" Z="0"/>
					<Vertex X="120916" Y="19951" Z="0"/>
					<Vertex X="120725" Y="19760" Z="0"/>
					<Vertex X="120533" Y="19569" Z="0"/>
					<Vertex X="120406" Y="19377" Z="0"/>
					<Vertex X="120215" Y="19314" Z="0"/>
					<Vertex X="119960" Y="19186" Z="0"/>
					<Vertex X="119577" Y="19122" Z="0"/>
					<Vertex X="119322" Y="18995" Z="0"/>
					<Vertex X="119004" Y="18995" Z="0"/>
					<Vertex X="118685" Y="18995" Z="0"/>
					<Vertex X="118302" Y="18995" Z="0"/>
					<Vertex X="118048" Y="18995" Z="0"/>
					<Vertex X="117856" Y="18931" Z="0"/>
					<Vertex X="117665" Y="18931" Z="0"/>
					<Vertex X="117474" Y="18804" Z="0"/>
					<Vertex X="117283" Y="18740" Z="0"/>
					<Vertex X="117091" Y="18740" Z="0"/>
					<Vertex X="116900" Y="18549" Z="0"/>
					<Vertex X="116709" Y="18421" Z="0"/>
					<Vertex X="116518" Y="18357" Z="0"/>
					<Vertex X="116390" Y="18166" Z="0"/>
					<Vertex X="116135" Y="17975" Z="0"/>
					<Vertex X="115880" Y="17848" Z="0"/>
					<Vertex X="115625" Y="17784" Z="0"/>
					<Vertex X="115434" Y="17593" Z="0"/>
					<Vertex X="115243" Y="17401" Z="0"/>
					<Vertex X="115052" Y="17210" Z="0"/>
					<Vertex X="114797" Y="17019" Z="0"/>
					<Vertex X="114606" Y="16828" Z="0"/>
					<Vertex X="114478" Y="16636" Z="0"/>
					<Vertex X="114287" Y="16445" Z="0"/>
					<Vertex X="114159" Y="16127" Z="0"/>
					<Vertex X="114032" Y="15935" Z="0"/>
					<Vertex X="114016" Y="15840" Z="0"/>
					<Vertex X="113620" Y="14571" Z="0"/>
					<Vertex X="113620" Y="14333" Z="0"/>
					<Vertex X="113620" Y="14214" Z="0"/>
					<Vertex X="113620" Y="14036" Z="0"/>
					<Vertex X="113620" Y="13917" Z="0"/>
					<Vertex X="113620" Y="13758" Z="0"/>
					<Vertex X="113620" Y="13679" Z="0"/>
					<Vertex X="113600" Y="13501" Z="0"/>
					<Vertex X="113600" Y="13382" Z="0"/>
					<Vertex X="113600" Y="13223" Z="0"/>
					<Vertex X="113600" Y="13104" Z="0"/>
					<Vertex X="113600" Y="13005" Z="0"/>
					<Vertex X="113560" Y="12827" Z="0"/>
					<Vertex X="113560" Y="12728" Z="0"/>
					<Vertex X="113521" Y="12549" Z="0"/>
					<Vertex X="113521" Y="12450" Z="0"/>
					<Vertex X="113501" Y="12371" Z="0"/>
					<Vertex X="113461" Y="12252" Z="0"/>
					<Vertex X="113441" Y="12133" Z="0"/>
					<Vertex X="113342" Y="12034" Z="0"/>
					<Vertex X="113302" Y="11974" Z="0"/>
					<Vertex X="113203" Y="11915" Z="0"/>
					<Vertex X="113104" Y="11895" Z="0"/>
					<Vertex X="112985" Y="11835" Z="0"/>
					<Vertex X="112906" Y="11776" Z="0"/>
					<Vertex X="112787" Y="11716" Z="0"/>
					<Vertex X="112688" Y="11677" Z="0"/>
					<Vertex X="112609" Y="11657" Z="0"/>
					<Vertex X="112430" Y="11597" Z="0"/>
					<Vertex X="112311" Y="11558" Z="0"/>
					<Vertex X="112192" Y="11538" Z="0"/>
					<Vertex X="111974" Y="11498" Z="0"/>
					<Vertex X="111776" Y="11479" Z="0"/>
					<Vertex X="111657" Y="11439" Z="0"/>
					<Vertex X="111479" Y="11419" Z="0"/>
					<Vertex X="111320" Y="11379" Z="0"/>
					<Vertex X="111082" Y="11379" Z="0"/>
					<Vertex X="110943" Y="11360" Z="0"/>
					<Vertex X="110666" Y="11360" Z="0"/>
					<Vertex X="110428" Y="11360" Z="0"/>
					<Vertex X="110289" Y="11320" Z="0"/>
					<Vertex X="110111" Y="11320" Z="0"/>
					<Vertex X="109873" Y="11300" Z="0"/>
					<Vertex X="109694" Y="11280" Z="0"/>
					<Vertex X="109456" Y="11241" Z="0"/>
					<Vertex X="109278" Y="11201" Z="0"/>
					<Vertex X="109159" Y="11181" Z="0"/>
					<Vertex X="108941" Y="11142" Z="0"/>
					<Vertex X="108802" Y="11122" Z="0"/>
					<Vertex X="108584" Y="11062" Z="0"/>
					<Vertex X="108445" Y="11023" Z="0"/>
					<Vertex X="108227" Y="11003" Z="0"/>
					<Vertex X="108088" Y="10963" Z="0"/>
					<Vertex X="107870" Y="10943" Z="0"/>
					<Vertex X="107751" Y="10943" Z="0"/>
					<Vertex X="107553" Y="10943" Z="0"/>
					<Vertex X="107315" Y="10904" Z="0"/>
					<Vertex X="107157" Y="10904" Z="0"/>
					<Vertex X="106978" Y="10884" Z="0"/>
					<Vertex X="106859" Y="10844" Z="0"/>
					<Vertex X="106681" Y="10844" Z="0"/>
					<Vertex X="106562" Y="10824" Z="0"/>
					<Vertex X="106423" Y="10824" Z="0"/>
					<Vertex X="106304" Y="10844" Z="0"/>
					<Vertex X="106086" Y="10904" Z="0"/>
					<Vertex X="105947" Y="10963" Z="0"/>
					<Vertex X="105828" Y="11062" Z="0"/>
					<Vertex X="105670" Y="11181" Z="0"/>
					<Vertex X="105551" Y="11320" Z="0"/>
					<Vertex X="105471" Y="11419" Z="0"/>
					<Vertex X="105352" Y="11558" Z="0"/>
					<Vertex X="105293" Y="11657" Z="0"/>
					<Vertex X="105194" Y="11796" Z="0"/>
					<Vertex X="105115" Y="11974" Z="0"/>
					<Vertex X="105055" Y="12093" Z="0"/>
					<Vertex X="104956" Y="12272" Z="0"/>
					<Vertex X="104896" Y="12450" Z="0"/>
					<Vertex X="104877" Y="12609" Z="0"/>
					<Vertex X="104817" Y="12847" Z="0"/>
					<Vertex X="104817" Y="13084" Z="0"/>
					<Vertex X="104777" Y="13263" Z="0"/>
					<Vertex X="104817" Y="13501" Z="0"/>
					<Vertex X="104817" Y="13739" Z="0"/>
					<Vertex X="104877" Y="13996" Z="0"/>
					<Vertex X="104896" Y="14155" Z="0"/>
					<Vertex X="104996" Y="14353" Z="0"/>
					<Vertex X="105055" Y="14472" Z="0"/>
					<Vertex X="105174" Y="14651" Z="0"/>
					<Vertex X="105253" Y="14809" Z="0"/>
					<Vertex X="105313" Y="14928" Z="0"/>
					<Vertex X="105432" Y="15067" Z="0"/>
					<Vertex X="105590" Y="15226" Z="0"/>
					<Vertex X="105670" Y="15345" Z="0"/>
					<Vertex X="105769" Y="15424" Z="0"/>
					<Vertex X="105908" Y="15543" Z="0"/>
					<Vertex X="106007" Y="15642" Z="0"/>
					<Vertex X="106126" Y="15761" Z="0"/>
					<Vertex X="106245" Y="15840" Z="0"/>
					<Vertex X="106383" Y="15999" Z="0"/>
					<Vertex X="106482" Y="16078" Z="0"/>
					<Vertex X="106601" Y="16237" Z="0"/>
					<Vertex X="106740" Y="16375" Z="0"/>
					<Vertex X="106839" Y="16475" Z="0"/>
					<Vertex X="106958" Y="16653" Z="0"/>
					<Vertex X="107038" Y="16772" Z="0"/>
					<Vertex X="107137" Y="16851" Z="0"/>
					<Vertex X="107236" Y="17030" Z="0"/>
					<Vertex X="107275" Y="17149" Z="0"/>
					<Vertex X="107375" Y="17307" Z="0"/>
					<Vertex X="107434" Y="17426" Z="0"/>
					<Vertex X="107494" Y="17605" Z="0"/>
					<Vertex X="107553" Y="17724" Z="0"/>
					<Vertex X="107573" Y="17902" Z="0"/>
					<Vertex X="107613" Y="18041" Z="0"/>
					<Vertex X="107652" Y="18219" Z="0"/>
					<Vertex X="107652" Y="18358" Z="0"/>
					<Vertex X="107672" Y="18596" Z="0"/>
					<Vertex X="107672" Y="18695" Z="0"/>
					<Vertex X="107652" Y="18794" Z="0"/>
					<Vertex X="106978" Y="20004" Z="0"/>
					<Vertex X="106740" Y="20400" Z="0"/>
					<Vertex X="106661" Y="20578" Z="0"/>
					<Vertex X="106601" Y="20697" Z="0"/>
					<Vertex X="106582" Y="20797" Z="0"/>
					<Vertex X="106502" Y="20955" Z="0"/>
					<Vertex X="106443" Y="21114" Z="0"/>
					<Vertex X="106443" Y="21272" Z="0"/>
					<Vertex X="106423" Y="21391" Z="0"/>
					<Vertex X="106383" Y="21530" Z="0"/>
					<Vertex X="106383" Y="21649" Z="0"/>
					<Vertex X="106383" Y="21788" Z="0"/>
					<Vertex X="106383" Y="21847" Z="0"/>
					<Vertex X="106383" Y="21986" Z="0"/>
					<Vertex X="106383" Y="22125" Z="0"/>
					<Vertex X="106383" Y="22244" Z="0"/>
					<Vertex X="106423" Y="22343" Z="0"/>
					<Vertex X="106443" Y="22462" Z="0"/>
					<Vertex X="106443" Y="22541" Z="0"/>
					<Vertex X="106482" Y="22660" Z="0"/>
					<Vertex X="106502" Y="22779" Z="0"/>
					<Vertex X="106542" Y="22878" Z="0"/>
					<Vertex X="106542" Y="22977" Z="0"/>
					<Vertex X="106582" Y="23096" Z="0"/>
					<Vertex X="106601" Y="23235" Z="0"/>
					<Vertex X="106601" Y="23314" Z="0"/>
					<Vertex X="106601" Y="23394" Z="0"/>
					<Vertex X="106621" Y="23513" Z="0"/>
					<Vertex X="106621" Y="23572" Z="0"/>
					<Vertex X="106621" Y="23632" Z="0"/>
					<Vertex X="106621" Y="23671" Z="0"/>
					<Vertex X="106601" Y="23731" Z="0"/>
					<Vertex X="106582" Y="23770" Z="0"/>
					<Vertex X="106542" Y="23770" Z="0"/>
					<Vertex X="106502" Y="23731" Z="0"/>
					<Vertex X="106443" Y="23691" Z="0"/>
					<Vertex X="106383" Y="23632" Z="0"/>
					<Vertex X="106304" Y="23612" Z="0"/>
					<Vertex X="106185" Y="23552" Z="0"/>
					<Vertex X="106086" Y="23513" Z="0"/>
					<Vertex X="105947" Y="23473" Z="0"/>
					<Vertex X="105848" Y="23433" Z="0"/>
					<Vertex X="105749" Y="23374" Z="0"/>
					<Vertex X="105551" Y="23334" Z="0"/>
					<Vertex X="105432" Y="23334" Z="0"/>
					<Vertex X="105233" Y="23314" Z="0"/>
					<Vertex X="105055" Y="23275" Z="0"/>
					<Vertex X="104837" Y="23275" Z="0"/>
					<Vertex X="104698" Y="23275" Z="0"/>
					<Vertex X="104520" Y="23255" Z="0"/>
					<Vertex X="104401" Y="23255" Z="0"/>
					<Vertex X="104222" Y="23235" Z="0"/>
					<Vertex X="104143" Y="23195" Z="0"/>
					<Vertex X="103984" Y="23195" Z="0"/>
					<Vertex X="103846" Y="23195" Z="0"/>
					<Vertex X="103707" Y="23235" Z="0"/>
					<Vertex X="103509" Y="23255" Z="0"/>
					<Vertex X="103390" Y="23275" Z="0"/>
					<Vertex X="103172" Y="23314" Z="0"/>
					<Vertex X="102934" Y="23334" Z="0"/>
					<Vertex X="102775" Y="23394" Z="0"/>
					<Vertex X="102636" Y="23433" Z="0"/>
					<Vertex X="102438" Y="23473" Z="0"/>
					<Vertex X="102240" Y="23513" Z="0"/>
					<Vertex X="102101" Y="23552" Z="0"/>
					<Vertex X="101923" Y="23632" Z="0"/>
					<Vertex X="101784" Y="23691" Z="0"/>
					<Vertex X="101625" Y="23790" Z="0"/>
					<Vertex X="101486" Y="23909" Z="0"/>
					<Vertex X="101367" Y="23988" Z="0"/>
					<Vertex X="101268" Y="24068" Z="0"/>
					<Vertex X="101169" Y="24147" Z="0"/>
					<Vertex X="101130" Y="24207" Z="0"/>
					<Vertex X="101030" Y="24286" Z="0"/>
					<Vertex X="100971" Y="24385" Z="0"/>
					<Vertex X="100892" Y="24524" Z="0"/>
					<Vertex X="100832" Y="24663" Z="0"/>
					<Vertex X="100713" Y="24821" Z="0"/>
					<Vertex X="100634" Y="24981" Z="0"/>
					<Vertex X="100475" Y="26289" Z="0"/>
					<Vertex X="100475" Y="26666" Z="0"/>
					<Vertex X="100475" Y="26785" Z="0"/>
					<Vertex X="100416" Y="26963" Z="0"/>
					<Vertex X="100396" Y="27122" Z="0"/>
					<Vertex X="100337" Y="27360" Z="0"/>
					<Vertex X="100277" Y="27498" Z="0"/>
					<Vertex X="100218" Y="27677" Z="0"/>
					<Vertex X="100178" Y="27836" Z="0"/>
					<Vertex X="100158" Y="27954" Z="0"/>
					<Vertex X="100119" Y="28093" Z="0"/>
					<Vertex X="100059" Y="28272" Z="0"/>
					<Vertex X="100000" Y="28450" Z="0"/>
					<Vertex X="99980" Y="28569" Z="0"/>
					<Vertex X="99940" Y="28747" Z="0"/>
					<Vertex X="99920" Y="28906" Z="0"/>
					<Vertex X="99861" Y="29104" Z="0"/>
					<Vertex X="99801" Y="29263" Z="0"/>
					<Vertex X="99742" Y="29441" Z="0"/>
					<Vertex X="99702" Y="29620" Z="0"/>
					<Vertex X="99682" Y="29739" Z="0"/>
					<Vertex X="99643" Y="29917" Z="0"/>
					<Vertex X="99623" Y="30036" Z="0"/>
					<Vertex X="99583" Y="30234" Z="0"/>
					<Vertex X="99563" Y="30393" Z="0"/>
					<Vertex X="99563" Y="30571" Z="0"/>
					<Vertex X="99563" Y="30690" Z="0"/>
					<Vertex X="99563" Y="30829" Z="0"/>
					<Vertex X="99563" Y="31008" Z="0"/>
					<Vertex X="99563" Y="31226" Z="0"/>
					<Vertex X="99583" Y="31345" Z="0"/>
					<Vertex X="99623" Y="31523" Z="0"/>
					<Vertex X="99643" Y="31602" Z="0"/>
					<Vertex X="99702" Y="31781" Z="0"/>
					<Vertex X="99742" Y="31880" Z="0"/>
					<Vertex X="99801" Y="32019" Z="0"/>
					<Vertex X="99821" Y="32118" Z="0"/>
					<Vertex X="99920" Y="32257" Z="0"/>
					<Vertex X="99940" Y="32415" Z="0"/>
					<Vertex X="99980" Y="32534" Z="0"/>
					<Vertex X="100039" Y="32713" Z="0"/>
					<Vertex X="100099" Y="32891" Z="0"/>
					<Vertex X="100119" Y="33010" Z="0"/>
					<Vertex X="100218" Y="33188" Z="0"/>
					<Vertex X="100237" Y="33307" Z="0"/>
					<Vertex X="100297" Y="33506" Z="0"/>
					<Vertex X="100356" Y="33724" Z="0"/>
					<Vertex X="100416" Y="33862" Z="0"/>
					<Vertex X="100475" Y="34081" Z="0"/>
					<Vertex X="100535" Y="34200" Z="0"/>
					<Vertex X="100594" Y="34398" Z="0"/>
					<Vertex X="100634" Y="34576" Z="0"/>
					<Vertex X="100693" Y="34755" Z="0"/>
					<Vertex X="100713" Y="34874" Z="0"/>
					<Vertex X="100753" Y="35032" Z="0"/>
					<Vertex X="100773" Y="35111" Z="0"/>
					<Vertex X="100832" Y="35270" Z="0"/>
					<Vertex X="100872" Y="35349" Z="0"/>
					<Vertex X="100931" Y="35508" Z="0"/>
					<Vertex X="100951" Y="35587" Z="0"/>
					<Vertex X="101011" Y="35706" Z="0"/>
					<Vertex X="101050" Y="35805" Z="0"/>
					<Vertex X="101110" Y="35944" Z="0"/>
					<Vertex X="101169" Y="36083" Z="0"/>
					<Vertex X="101189" Y="36162" Z="0"/>
					<Vertex X="101249" Y="36301" Z="0"/>
					<Vertex X="101288" Y="36420" Z="0"/>
					<Vertex X="101348" Y="36579" Z="0"/>
					<Vertex X="101407" Y="36698" Z="0"/>
					<Vertex X="101467" Y="36836" Z="0"/>
					<Vertex X="101486" Y="36975" Z="0"/>
					<Vertex X="101526" Y="37114" Z="0"/>
					<Vertex X="101586" Y="37193" Z="0"/>
					<Vertex X="101605" Y="37352" Z="0"/>
					<Vertex X="101665" Y="37471" Z="0"/>
					<Vertex X="101665" Y="37550" Z="0"/>
					<Vertex X="101724" Y="37709" Z="0"/>
					<Vertex X="101764" Y="37828" Z="0"/>
					<Vertex X="101784" Y="37887" Z="0"/>
					<Vertex X="101824" Y="38006" Z="0"/>
					<Vertex X="101843" Y="38065" Z="0"/>
					<Vertex X="101883" Y="38184" Z="0"/>
					<Vertex X="101942" Y="38264" Z="0"/>
					<Vertex X="101962" Y="38323" Z="0"/>
					<Vertex X="102002" Y="38462" Z="0"/>
					<Vertex X="102022" Y="38502" Z="0"/>
					<Vertex X="102061" Y="38621" Z="0"/>
					<Vertex X="102081" Y="38700" Z="0"/>
					<Vertex X="102121" Y="38799" Z="0"/>
					<Vertex X="102180" Y="38898" Z="0"/>
					<Vertex X="102240" Y="39037" Z="0"/>
					<Vertex X="102299" Y="39136" Z="0"/>
					<Vertex X="102359" Y="39215" Z="0"/>
					<Vertex X="102161" Y="38660" Z="0"/>
				</Vertices>
			</Region>
			<Region Id="2" Type="0" Zoom="0.050000" Selected="0" ImageLocation="" ImageFocus="-1" Length="6893.9" Area="3305839.5" LengthMicrons="1738.6" AreaMicrons="210267.4" Text="" NegativeROA="0" InputRegionId="0" Analyze="1" DisplayId="2">
				<Attributes/>
				<Vertices>
					<Vertex X="103568" Y="20578" Z="0"/>
					<Vertex X="101923" Y="20499" Z="0"/>
					<Vertex X="101863" Y="20559" Z="0"/>
					<Vertex X="101804" Y="20598" Z="0"/>
					<Vertex X="101744" Y="20757" Z="0"/>
					<Vertex X="101705" Y="20816" Z="0"/>
					<Vertex X="101625" Y="20935" Z="0"/>
					<Vertex X="101625" Y="21054" Z="0"/>
					<Vertex X="101605" Y="21312" Z="0"/>
					<Vertex X="101605" Y="21451" Z="0"/>
					<Vertex X="101605" Y="21530" Z="0"/>
					<Vertex X="101605" Y="21649" Z="0"/>
					<Vertex X="101625" Y="21748" Z="0"/>
					<Vertex X="101665" Y="21827" Z="0"/>
					<Vertex X="101705" Y="21907" Z="0"/>
					<Vertex X="101724" Y="22006" Z="0"/>
					<Vertex X="101744" Y="22065" Z="0"/>
					<Vertex X="101804" Y="22125" Z="0"/>
					<Vertex X="101863" Y="22204" Z="0"/>
					<Vertex X="101923" Y="22283" Z="0"/>
					<Vertex X="101962" Y="22303" Z="0"/>
					<Vertex X="102042" Y="22363" Z="0"/>
					<Vertex X="102081" Y="22383" Z="0"/>
					<Vertex X="102141" Y="22422" Z="0"/>
					<Vertex X="102200" Y="22422" Z="0"/>
					<Vertex X="102260" Y="22462" Z="0"/>
					<Vertex X="102339" Y="22462" Z="0"/>
					<Vertex X="102398" Y="22462" Z="0"/>
					<Vertex X="102498" Y="22462" Z="0"/>
					<Vertex X="102537" Y="22462" Z="0"/>
					<Vertex X="102616" Y="22422" Z="0"/>
					<Vertex X="102676" Y="22422" Z="0"/>
					<Vertex X="102696" Y="22422" Z="0"/>
					<Vertex X="102735" Y="22422" Z="0"/>
					<Vertex X="102815" Y="22383" Z="0"/>
					<Vertex X="102854" Y="22383" Z="0"/>
					<Vertex X="102914" Y="22383" Z="0"/>
					<Vertex X="102993" Y="22363" Z="0"/>
					<Vertex X="103033" Y="22343" Z="0"/>
					<Vertex X="103092" Y="22303" Z="0"/>
					<Vertex X="103172" Y="22204" Z="0"/>
					<Vertex X="103211" Y="22184" Z="0"/>
					<Vertex X="103271" Y="22125" Z="0"/>
					<Vertex X="103310" Y="22065" Z="0"/>
					<Vertex X="103350" Y="21986" Z="0"/>
					<Vertex X="103410" Y="21907" Z="0"/>
					<Vertex X="103469" Y="21827" Z="0"/>
					<Vertex X="103509" Y="21768" Z="0"/>
					<Vertex X="103509" Y="21709" Z="0"/>
					<Vertex X="103528" Y="21649" Z="0"/>
					<Vertex X="103568" Y="21590" Z="0"/>
					<Vertex X="103568" Y="21530" Z="0"/>
					<Vertex X="103568" Y="21490" Z="0"/>
					<Vertex X="103568" Y="21451" Z="0"/>
					<Vertex X="103568" Y="21411" Z="0"/>
					<Vertex X="103568" Y="21312" Z="0"/>
					<Vertex X="103568" Y="21292" Z="0"/>
					<Vertex X="103608" Y="21233" Z="0"/>
					<Vertex X="103608" Y="21134" Z="0"/>
					<Vertex X="103608" Y="21114" Z="0"/>
					<Vertex X="103608" Y="21094" Z="0"/>
					<Vertex X="103608" Y="21054" Z="0"/>
					<Vertex X="103608" Y="21015" Z="0"/>
					<Vertex X="103608" Y="20995" Z="0"/>
					<Vertex X="103608" Y="20935" Z="0"/>
					<Vertex X="103608" Y="20896" Z="0"/>
					<Vertex X="103608" Y="20876" Z="0"/>
					<Vertex X="103568" Y="20876" Z="0"/>
					<Vertex X="103568" Y="20856" Z="0"/>
					<Vertex X="103568" Y="20816" Z="0"/>
					<Vertex X="103568" Y="20797" Z="0"/>
					<Vertex X="103568" Y="20757" Z="0"/>
					<Vertex X="103568" Y="20717" Z="0"/>
					<Vertex X="103568" Y="20697" Z="0"/>
					<Vertex X="103528" Y="20697" Z="0"/>
					<Vertex X="103528" Y="20678" Z="0"/>
					<Vertex X="103528" Y="20638" Z="0"/>
					<Vertex X="103528" Y="20598" Z="0"/>
					<Vertex X="103568" Y="20578" Z="0"/>
				</Vertices>
			</Region>
		</Regions>
		<Plots/>
	</Annotation>
</Annotations>
