<Annotations MicronsPerPixel="0.252200">
	<Annotation Id="1" Name="" ReadOnly="0" NameReadOnly="0" LineColorReadOnly="0" Incremental="0" Type="4" LineColor="65535" Visible="1" Selected="1" MarkupImagePath="" MacroName="">
		<Attributes/>
		<Regions>
			<RegionAttributeHeaders>
				<AttributeHeader Id="9999" Name="Region" ColumnWidth="-1"/>
				<AttributeHeader Id="9997" Name="Length" ColumnWidth="-1"/>
				<AttributeHeader Id="9996" Name="Area" ColumnWidth="-1"/>
				<AttributeHeader Id="9998" Name="Text" ColumnWidth="-1"/>
			</RegionAttributeHeaders>
			<Region Id="1" Type="0" Zoom="0.016003" Selected="1" ImageLocation="" ImageFocus="-1" Length="165287.3" Area="1303809259.5" LengthMicrons="41685.5" AreaMicrons="82928579.3" Text="" NegativeROA="0" InputRegionId="0" Analyze="1" DisplayId="1">
				<Attributes/>
				<Vertices>
					<Vertex X="17839" Y="81084" Z="0"/>
					<Vertex X="21246" Y="78110" Z="0"/>
					<Vertex X="21556" Y="77677" Z="0"/>
					<Vertex X="21742" Y="77367" Z="0"/>
					<Vertex X="21928" Y="77243" Z="0"/>
					<Vertex X="22114" Y="76810" Z="0"/>
					<Vertex X="22299" Y="76624" Z="0"/>
					<Vertex X="22361" Y="76376" Z="0"/>
					<Vertex X="22485" Y="76066" Z="0"/>
					<Vertex X="22671" Y="75880" Z="0"/>
					<Vertex X="22733" Y="75633" Z="0"/>
					<Vertex X="22857" Y="75385" Z="0"/>
					<Vertex X="22981" Y="75137" Z="0"/>
					<Vertex X="23043" Y="74889" Z="0"/>
					<Vertex X="23105" Y="74580" Z="0"/>
					<Vertex X="23105" Y="74456" Z="0"/>
					<Vertex X="23105" Y="74208" Z="0"/>
					<Vertex X="23229" Y="73960" Z="0"/>
					<Vertex X="23229" Y="73774" Z="0"/>
					<Vertex X="23290" Y="73527" Z="0"/>
					<Vertex X="23290" Y="73279" Z="0"/>
					<Vertex X="23414" Y="72907" Z="0"/>
					<Vertex X="23476" Y="72721" Z="0"/>
					<Vertex X="23600" Y="72474" Z="0"/>
					<Vertex X="23600" Y="72164" Z="0"/>
					<Vertex X="23600" Y="71916" Z="0"/>
					<Vertex X="23662" Y="71668" Z="0"/>
					<Vertex X="23786" Y="71359" Z="0"/>
					<Vertex X="23786" Y="71049" Z="0"/>
					<Vertex X="23786" Y="70739" Z="0"/>
					<Vertex X="23848" Y="70429" Z="0"/>
					<Vertex X="23972" Y="70058" Z="0"/>
					<Vertex X="23972" Y="69810" Z="0"/>
					<Vertex X="24034" Y="69500" Z="0"/>
					<Vertex X="24158" Y="69191" Z="0"/>
					<Vertex X="24220" Y="68943" Z="0"/>
					<Vertex X="24343" Y="68633" Z="0"/>
					<Vertex X="24405" Y="68385" Z="0"/>
					<Vertex X="24653" Y="68014" Z="0"/>
					<Vertex X="24715" Y="67704" Z="0"/>
					<Vertex X="24777" Y="67456" Z="0"/>
					<Vertex X="24963" Y="67023" Z="0"/>
					<Vertex X="25149" Y="66713" Z="0"/>
					<Vertex X="25273" Y="66527" Z="0"/>
					<Vertex X="25335" Y="66279" Z="0"/>
					<Vertex X="25520" Y="66093" Z="0"/>
					<Vertex X="25644" Y="65846" Z="0"/>
					<Vertex X="25706" Y="65722" Z="0"/>
					<Vertex X="25830" Y="65474" Z="0"/>
					<Vertex X="26016" Y="65412" Z="0"/>
					<Vertex X="26078" Y="65226" Z="0"/>
					<Vertex X="26202" Y="65164" Z="0"/>
					<Vertex X="26388" Y="65164" Z="0"/>
					<Vertex X="26450" Y="65040" Z="0"/>
					<Vertex X="26759" Y="64917" Z="0"/>
					<Vertex X="26945" Y="64917" Z="0"/>
					<Vertex X="27131" Y="64855" Z="0"/>
					<Vertex X="27379" Y="64731" Z="0"/>
					<Vertex X="27688" Y="64545" Z="0"/>
					<Vertex X="27874" Y="64483" Z="0"/>
					<Vertex X="28122" Y="64235" Z="0"/>
					<Vertex X="28308" Y="63987" Z="0"/>
					<Vertex X="28618" Y="63802" Z="0"/>
					<Vertex X="28803" Y="63616" Z="0"/>
					<Vertex X="28989" Y="63492" Z="0"/>
					<Vertex X="29051" Y="63306" Z="0"/>
					<Vertex X="29175" Y="63058" Z="0"/>
					<Vertex X="29237" Y="62810" Z="0"/>
					<Vertex X="29423" Y="62687" Z="0"/>
					<Vertex X="29423" Y="62563" Z="0"/>
					<Vertex X="29547" Y="62439" Z="0"/>
					<Vertex X="29733" Y="62253" Z="0"/>
					<Vertex X="29918" Y="62067" Z="0"/>
					<Vertex X="30104" Y="61881" Z="0"/>
					<Vertex X="30290" Y="61695" Z="0"/>
					<Vertex X="30476" Y="61572" Z="0"/>
					<Vertex X="30662" Y="61510" Z="0"/>
					<Vertex X="30848" Y="61324" Z="0"/>
					<Vertex X="31033" Y="61200" Z="0"/>
					<Vertex X="31219" Y="61138" Z="0"/>
					<Vertex X="31343" Y="61138" Z="0"/>
					<Vertex X="31467" Y="61014" Z="0"/>
					<Vertex X="31591" Y="60952" Z="0"/>
					<Vertex X="31777" Y="60828" Z="0"/>
					<Vertex X="31963" Y="60828" Z="0"/>
					<Vertex X="32148" Y="60766" Z="0"/>
					<Vertex X="32334" Y="60581" Z="0"/>
					<Vertex X="32582" Y="60519" Z="0"/>
					<Vertex X="32892" Y="60271" Z="0"/>
					<Vertex X="33139" Y="60147" Z="0"/>
					<Vertex X="33325" Y="60023" Z="0"/>
					<Vertex X="33449" Y="59837" Z="0"/>
					<Vertex X="33635" Y="59775" Z="0"/>
					<Vertex X="33759" Y="59651" Z="0"/>
					<Vertex X="33821" Y="59589" Z="0"/>
					<Vertex X="33883" Y="59342" Z="0"/>
					<Vertex X="34007" Y="59280" Z="0"/>
					<Vertex X="34007" Y="59218" Z="0"/>
					<Vertex X="34069" Y="59094" Z="0"/>
					<Vertex X="34069" Y="58970" Z="0"/>
					<Vertex X="34069" Y="58908" Z="0"/>
					<Vertex X="34192" Y="58846" Z="0"/>
					<Vertex X="34254" Y="58660" Z="0"/>
					<Vertex X="34254" Y="58536" Z="0"/>
					<Vertex X="34254" Y="58412" Z="0"/>
					<Vertex X="34378" Y="58227" Z="0"/>
					<Vertex X="34378" Y="58165" Z="0"/>
					<Vertex X="34440" Y="57979" Z="0"/>
					<Vertex X="34564" Y="57731" Z="0"/>
					<Vertex X="34564" Y="57421" Z="0"/>
					<Vertex X="34688" Y="57236" Z="0"/>
					<Vertex X="34750" Y="57050" Z="0"/>
					<Vertex X="34750" Y="56864" Z="0"/>
					<Vertex X="34812" Y="56678" Z="0"/>
					<Vertex X="34936" Y="56492" Z="0"/>
					<Vertex X="34936" Y="56306" Z="0"/>
					<Vertex X="34998" Y="56183" Z="0"/>
					<Vertex X="34998" Y="55997" Z="0"/>
					<Vertex X="35122" Y="55811" Z="0"/>
					<Vertex X="35122" Y="55749" Z="0"/>
					<Vertex X="35122" Y="55563" Z="0"/>
					<Vertex X="35184" Y="55439" Z="0"/>
					<Vertex X="35184" Y="55253" Z="0"/>
					<Vertex X="35307" Y="55068" Z="0"/>
					<Vertex X="35307" Y="55006" Z="0"/>
					<Vertex X="35431" Y="54882" Z="0"/>
					<Vertex X="35431" Y="54820" Z="0"/>
					<Vertex X="35493" Y="54634" Z="0"/>
					<Vertex X="35493" Y="54572" Z="0"/>
					<Vertex X="35555" Y="54448" Z="0"/>
					<Vertex X="35679" Y="54262" Z="0"/>
					<Vertex X="35679" Y="54138" Z="0"/>
					<Vertex X="35741" Y="54076" Z="0"/>
					<Vertex X="35865" Y="53953" Z="0"/>
					<Vertex X="35927" Y="53891" Z="0"/>
					<Vertex X="36051" Y="53705" Z="0"/>
					<Vertex X="36113" Y="53643" Z="0"/>
					<Vertex X="36360" Y="53519" Z="0"/>
					<Vertex X="36422" Y="53333" Z="0"/>
					<Vertex X="36484" Y="53209" Z="0"/>
					<Vertex X="36608" Y="53147" Z="0"/>
					<Vertex X="36794" Y="53147" Z="0"/>
					<Vertex X="36856" Y="53023" Z="0"/>
					<Vertex X="36980" Y="52900" Z="0"/>
					<Vertex X="37104" Y="52900" Z="0"/>
					<Vertex X="37228" Y="52776" Z="0"/>
					<Vertex X="37228" Y="52714" Z="0"/>
					<Vertex X="37414" Y="52590" Z="0"/>
					<Vertex X="37537" Y="52466" Z="0"/>
					<Vertex X="37599" Y="52466" Z="0"/>
					<Vertex X="37723" Y="52404" Z="0"/>
					<Vertex X="37785" Y="52280" Z="0"/>
					<Vertex X="37909" Y="52218" Z="0"/>
					<Vertex X="38033" Y="52094" Z="0"/>
					<Vertex X="38095" Y="52094" Z="0"/>
					<Vertex X="38157" Y="52032" Z="0"/>
					<Vertex X="38281" Y="51908" Z="0"/>
					<Vertex X="38343" Y="51847" Z="0"/>
					<Vertex X="38467" Y="51785" Z="0"/>
					<Vertex X="38529" Y="51661" Z="0"/>
					<Vertex X="38652" Y="51537" Z="0"/>
					<Vertex X="38776" Y="51537" Z="0"/>
					<Vertex X="38838" Y="51475" Z="0"/>
					<Vertex X="39024" Y="51351" Z="0"/>
					<Vertex X="39086" Y="51289" Z="0"/>
					<Vertex X="39210" Y="51165" Z="0"/>
					<Vertex X="39272" Y="51103" Z="0"/>
					<Vertex X="39396" Y="50979" Z="0"/>
					<Vertex X="39458" Y="50979" Z="0"/>
					<Vertex X="39705" Y="50917" Z="0"/>
					<Vertex X="39767" Y="50917" Z="0"/>
					<Vertex X="39953" Y="50855" Z="0"/>
					<Vertex X="40015" Y="50855" Z="0"/>
					<Vertex X="40139" Y="50855" Z="0"/>
					<Vertex X="40201" Y="50855" Z="0"/>
					<Vertex X="40325" Y="50917" Z="0"/>
					<Vertex X="40511" Y="50917" Z="0"/>
					<Vertex X="40573" Y="50917" Z="0"/>
					<Vertex X="40697" Y="50979" Z="0"/>
					<Vertex X="40758" Y="50979" Z="0"/>
					<Vertex X="40882" Y="51103" Z="0"/>
					<Vertex X="40944" Y="51165" Z="0"/>
					<Vertex X="40944" Y="51289" Z="0"/>
					<Vertex X="40944" Y="51351" Z="0"/>
					<Vertex X="41068" Y="51475" Z="0"/>
					<Vertex X="41068" Y="51537" Z="0"/>
					<Vertex X="41130" Y="51785" Z="0"/>
					<Vertex X="41130" Y="51847" Z="0"/>
					<Vertex X="41130" Y="52094" Z="0"/>
					<Vertex X="41130" Y="52218" Z="0"/>
					<Vertex X="41130" Y="52280" Z="0"/>
					<Vertex X="41254" Y="52404" Z="0"/>
					<Vertex X="41254" Y="52466" Z="0"/>
					<Vertex X="41254" Y="52590" Z="0"/>
					<Vertex X="41378" Y="52590" Z="0"/>
					<Vertex X="41378" Y="52714" Z="0"/>
					<Vertex X="41378" Y="52776" Z="0"/>
					<Vertex X="41440" Y="52900" Z="0"/>
					<Vertex X="41502" Y="52900" Z="0"/>
					<Vertex X="41502" Y="52961" Z="0"/>
					<Vertex X="41626" Y="52961" Z="0"/>
					<Vertex X="41626" Y="53023" Z="0"/>
					<Vertex X="41688" Y="53023" Z="0"/>
					<Vertex X="41811" Y="53147" Z="0"/>
					<Vertex X="41873" Y="53147" Z="0"/>
					<Vertex X="42059" Y="53147" Z="0"/>
					<Vertex X="42245" Y="53147" Z="0"/>
					<Vertex X="42369" Y="53147" Z="0"/>
					<Vertex X="42431" Y="53147" Z="0"/>
					<Vertex X="42617" Y="53147" Z="0"/>
					<Vertex X="42741" Y="53023" Z="0"/>
					<Vertex X="42926" Y="53023" Z="0"/>
					<Vertex X="43112" Y="53023" Z="0"/>
					<Vertex X="43174" Y="52961" Z="0"/>
					<Vertex X="43360" Y="52961" Z="0"/>
					<Vertex X="43484" Y="52900" Z="0"/>
					<Vertex X="43546" Y="52900" Z="0"/>
					<Vertex X="43670" Y="52776" Z="0"/>
					<Vertex X="43856" Y="52776" Z="0"/>
					<Vertex X="43980" Y="52714" Z="0"/>
					<Vertex X="44041" Y="52590" Z="0"/>
					<Vertex X="44103" Y="52590" Z="0"/>
					<Vertex X="44227" Y="52466" Z="0"/>
					<Vertex X="44289" Y="52404" Z="0"/>
					<Vertex X="44413" Y="52280" Z="0"/>
					<Vertex X="44475" Y="52218" Z="0"/>
					<Vertex X="44475" Y="52094" Z="0"/>
					<Vertex X="44599" Y="52032" Z="0"/>
					<Vertex X="44723" Y="51908" Z="0"/>
					<Vertex X="44723" Y="51847" Z="0"/>
					<Vertex X="44723" Y="51785" Z="0"/>
					<Vertex X="44723" Y="51661" Z="0"/>
					<Vertex X="44723" Y="51537" Z="0"/>
					<Vertex X="44723" Y="51475" Z="0"/>
					<Vertex X="44785" Y="51351" Z="0"/>
					<Vertex X="44785" Y="51289" Z="0"/>
					<Vertex X="44785" Y="51103" Z="0"/>
					<Vertex X="44847" Y="50979" Z="0"/>
					<Vertex X="44847" Y="50855" Z="0"/>
					<Vertex X="44971" Y="50732" Z="0"/>
					<Vertex X="44971" Y="50546" Z="0"/>
					<Vertex X="44971" Y="50422" Z="0"/>
					<Vertex X="44971" Y="50360" Z="0"/>
					<Vertex X="45033" Y="50174" Z="0"/>
					<Vertex X="45033" Y="49988" Z="0"/>
					<Vertex X="45033" Y="49926" Z="0"/>
					<Vertex X="45033" Y="49678" Z="0"/>
					<Vertex X="45156" Y="49617" Z="0"/>
					<Vertex X="45156" Y="49431" Z="0"/>
					<Vertex X="45156" Y="49307" Z="0"/>
					<Vertex X="45156" Y="49245" Z="0"/>
					<Vertex X="45218" Y="49121" Z="0"/>
					<Vertex X="45218" Y="49059" Z="0"/>
					<Vertex X="45342" Y="48935" Z="0"/>
					<Vertex X="45342" Y="48873" Z="0"/>
					<Vertex X="45404" Y="48749" Z="0"/>
					<Vertex X="45404" Y="48687" Z="0"/>
					<Vertex X="45528" Y="48564" Z="0"/>
					<Vertex X="45652" Y="48564" Z="0"/>
					<Vertex X="45652" Y="48502" Z="0"/>
					<Vertex X="45714" Y="48378" Z="0"/>
					<Vertex X="45714" Y="48192" Z="0"/>
					<Vertex X="45776" Y="48130" Z="0"/>
					<Vertex X="45776" Y="48068" Z="0"/>
					<Vertex X="45776" Y="47944" Z="0"/>
					<Vertex X="45776" Y="47758" Z="0"/>
					<Vertex X="45776" Y="47572" Z="0"/>
					<Vertex X="45776" Y="47387" Z="0"/>
					<Vertex X="45776" Y="47263" Z="0"/>
					<Vertex X="45776" Y="47077" Z="0"/>
					<Vertex X="45776" Y="47015" Z="0"/>
					<Vertex X="45714" Y="46891" Z="0"/>
					<Vertex X="45590" Y="46705" Z="0"/>
					<Vertex X="45590" Y="46643" Z="0"/>
					<Vertex X="45528" Y="46519" Z="0"/>
					<Vertex X="45404" Y="46457" Z="0"/>
					<Vertex X="45404" Y="46334" Z="0"/>
					<Vertex X="45404" Y="46272" Z="0"/>
					<Vertex X="45342" Y="46148" Z="0"/>
					<Vertex X="45218" Y="45962" Z="0"/>
					<Vertex X="45218" Y="45900" Z="0"/>
					<Vertex X="45156" Y="45776" Z="0"/>
					<Vertex X="45033" Y="45714" Z="0"/>
					<Vertex X="44971" Y="45590" Z="0"/>
					<Vertex X="44971" Y="45528" Z="0"/>
					<Vertex X="44847" Y="45466" Z="0"/>
					<Vertex X="44847" Y="45342" Z="0"/>
					<Vertex X="44785" Y="45219" Z="0"/>
					<Vertex X="44785" Y="45157" Z="0"/>
					<Vertex X="44785" Y="44971" Z="0"/>
					<Vertex X="44785" Y="44847" Z="0"/>
					<Vertex X="44785" Y="44785" Z="0"/>
					<Vertex X="44785" Y="44723" Z="0"/>
					<Vertex X="44847" Y="44599" Z="0"/>
					<Vertex X="44847" Y="44475" Z="0"/>
					<Vertex X="44847" Y="44413" Z="0"/>
					<Vertex X="44847" Y="44289" Z="0"/>
					<Vertex X="44847" Y="44104" Z="0"/>
					<Vertex X="44785" Y="43918" Z="0"/>
					<Vertex X="44785" Y="43732" Z="0"/>
					<Vertex X="44661" Y="43670" Z="0"/>
					<Vertex X="44661" Y="43484" Z="0"/>
					<Vertex X="44599" Y="43360" Z="0"/>
					<Vertex X="44475" Y="43174" Z="0"/>
					<Vertex X="44475" Y="43113" Z="0"/>
					<Vertex X="44413" Y="42927" Z="0"/>
					<Vertex X="44289" Y="42741" Z="0"/>
					<Vertex X="44227" Y="42617" Z="0"/>
					<Vertex X="44227" Y="42555" Z="0"/>
					<Vertex X="44103" Y="42245" Z="0"/>
					<Vertex X="44041" Y="42183" Z="0"/>
					<Vertex X="43918" Y="42059" Z="0"/>
					<Vertex X="43856" Y="41998" Z="0"/>
					<Vertex X="43670" Y="41874" Z="0"/>
					<Vertex X="43546" Y="41812" Z="0"/>
					<Vertex X="43484" Y="41812" Z="0"/>
					<Vertex X="43298" Y="41812" Z="0"/>
					<Vertex X="43112" Y="41688" Z="0"/>
					<Vertex X="42988" Y="41688" Z="0"/>
					<Vertex X="42988" Y="41502" Z="0"/>
					<Vertex X="42926" Y="41440" Z="0"/>
					<Vertex X="42926" Y="41316" Z="0"/>
					<Vertex X="42988" Y="41068" Z="0"/>
					<Vertex X="43112" Y="40944" Z="0"/>
					<Vertex X="43112" Y="40759" Z="0"/>
					<Vertex X="43174" Y="40697" Z="0"/>
					<Vertex X="43174" Y="40511" Z="0"/>
					<Vertex X="43298" Y="40325" Z="0"/>
					<Vertex X="43298" Y="40139" Z="0"/>
					<Vertex X="43360" Y="40015" Z="0"/>
					<Vertex X="43360" Y="39830" Z="0"/>
					<Vertex X="43484" Y="39582" Z="0"/>
					<Vertex X="43484" Y="39458" Z="0"/>
					<Vertex X="43546" Y="39272" Z="0"/>
					<Vertex X="43546" Y="39210" Z="0"/>
					<Vertex X="43670" Y="38900" Z="0"/>
					<Vertex X="43670" Y="38838" Z="0"/>
					<Vertex X="43732" Y="38653" Z="0"/>
					<Vertex X="43732" Y="38467" Z="0"/>
					<Vertex X="43856" Y="38343" Z="0"/>
					<Vertex X="43856" Y="38157" Z="0"/>
					<Vertex X="43856" Y="37971" Z="0"/>
					<Vertex X="43856" Y="37785" Z="0"/>
					<Vertex X="43918" Y="37600" Z="0"/>
					<Vertex X="43918" Y="37414" Z="0"/>
					<Vertex X="43918" Y="37352" Z="0"/>
					<Vertex X="44041" Y="37042" Z="0"/>
					<Vertex X="44041" Y="36980" Z="0"/>
					<Vertex X="44041" Y="36670" Z="0"/>
					<Vertex X="44041" Y="36608" Z="0"/>
					<Vertex X="44041" Y="36423" Z="0"/>
					<Vertex X="44041" Y="36237" Z="0"/>
					<Vertex X="44103" Y="36051" Z="0"/>
					<Vertex X="44103" Y="35927" Z="0"/>
					<Vertex X="44103" Y="35741" Z="0"/>
					<Vertex X="44103" Y="35555" Z="0"/>
					<Vertex X="44103" Y="35493" Z="0"/>
					<Vertex X="44103" Y="35308" Z="0"/>
					<Vertex X="44041" Y="35122" Z="0"/>
					<Vertex X="44041" Y="34998" Z="0"/>
					<Vertex X="44041" Y="34812" Z="0"/>
					<Vertex X="44041" Y="34626" Z="0"/>
					<Vertex X="43918" Y="34564" Z="0"/>
					<Vertex X="43918" Y="34379" Z="0"/>
					<Vertex X="43856" Y="34193" Z="0"/>
					<Vertex X="43856" Y="34007" Z="0"/>
					<Vertex X="43732" Y="33821" Z="0"/>
					<Vertex X="43670" Y="33511" Z="0"/>
					<Vertex X="43670" Y="33449" Z="0"/>
					<Vertex X="43546" Y="33264" Z="0"/>
					<Vertex X="43484" Y="33078" Z="0"/>
					<Vertex X="43360" Y="32954" Z="0"/>
					<Vertex X="43360" Y="32768" Z="0"/>
					<Vertex X="43298" Y="32706" Z="0"/>
					<Vertex X="43174" Y="32520" Z="0"/>
					<Vertex X="43174" Y="32396" Z="0"/>
					<Vertex X="43112" Y="32334" Z="0"/>
					<Vertex X="42988" Y="32210" Z="0"/>
					<Vertex X="42988" Y="32149" Z="0"/>
					<Vertex X="42926" Y="32025" Z="0"/>
					<Vertex X="42926" Y="31963" Z="0"/>
					<Vertex X="42803" Y="31839" Z="0"/>
					<Vertex X="42803" Y="31777" Z="0"/>
					<Vertex X="42803" Y="31653" Z="0"/>
					<Vertex X="42741" Y="31591" Z="0"/>
					<Vertex X="42741" Y="31467" Z="0"/>
					<Vertex X="42617" Y="31405" Z="0"/>
					<Vertex X="42555" Y="31281" Z="0"/>
					<Vertex X="42555" Y="31096" Z="0"/>
					<Vertex X="42431" Y="31034" Z="0"/>
					<Vertex X="42369" Y="30910" Z="0"/>
					<Vertex X="42369" Y="30848" Z="0"/>
					<Vertex X="42245" Y="30786" Z="0"/>
					<Vertex X="42183" Y="30662" Z="0"/>
					<Vertex X="42059" Y="30538" Z="0"/>
					<Vertex X="41997" Y="30476" Z="0"/>
					<Vertex X="41873" Y="30352" Z="0"/>
					<Vertex X="41873" Y="30290" Z="0"/>
					<Vertex X="41811" Y="30290" Z="0"/>
					<Vertex X="41688" Y="30166" Z="0"/>
					<Vertex X="41626" Y="30104" Z="0"/>
					<Vertex X="41502" Y="29981" Z="0"/>
					<Vertex X="41440" Y="29981" Z="0"/>
					<Vertex X="41316" Y="29919" Z="0"/>
					<Vertex X="41254" Y="29919" Z="0"/>
					<Vertex X="41130" Y="29919" Z="0"/>
					<Vertex X="40944" Y="29795" Z="0"/>
					<Vertex X="40882" Y="29733" Z="0"/>
					<Vertex X="40758" Y="29733" Z="0"/>
					<Vertex X="40573" Y="29609" Z="0"/>
					<Vertex X="40511" Y="29547" Z="0"/>
					<Vertex X="40325" Y="29361" Z="0"/>
					<Vertex X="40201" Y="29361" Z="0"/>
					<Vertex X="40139" Y="29237" Z="0"/>
					<Vertex X="40015" Y="29051" Z="0"/>
					<Vertex X="39953" Y="29051" Z="0"/>
					<Vertex X="39829" Y="28866" Z="0"/>
					<Vertex X="39767" Y="28866" Z="0"/>
					<Vertex X="39767" Y="28804" Z="0"/>
					<Vertex X="39643" Y="28680" Z="0"/>
					<Vertex X="39582" Y="28618" Z="0"/>
					<Vertex X="39458" Y="28494" Z="0"/>
					<Vertex X="39458" Y="28432" Z="0"/>
					<Vertex X="39396" Y="28308" Z="0"/>
					<Vertex X="39396" Y="28246" Z="0"/>
					<Vertex X="39272" Y="28122" Z="0"/>
					<Vertex X="39210" Y="28060" Z="0"/>
					<Vertex X="39086" Y="27998" Z="0"/>
					<Vertex X="39024" Y="27874" Z="0"/>
					<Vertex X="38900" Y="27689" Z="0"/>
					<Vertex X="38714" Y="27689" Z="0"/>
					<Vertex X="38529" Y="27503" Z="0"/>
					<Vertex X="38467" Y="27441" Z="0"/>
					<Vertex X="38281" Y="27317" Z="0"/>
					<Vertex X="38095" Y="27193" Z="0"/>
					<Vertex X="37785" Y="27131" Z="0"/>
					<Vertex X="37599" Y="27007" Z="0"/>
					<Vertex X="37414" Y="27007" Z="0"/>
					<Vertex X="37228" Y="27007" Z="0"/>
					<Vertex X="37042" Y="26945" Z="0"/>
					<Vertex X="36856" Y="26945" Z="0"/>
					<Vertex X="36608" Y="26945" Z="0"/>
					<Vertex X="36484" Y="26945" Z="0"/>
					<Vertex X="36237" Y="26945" Z="0"/>
					<Vertex X="36051" Y="27007" Z="0"/>
					<Vertex X="35865" Y="27007" Z="0"/>
					<Vertex X="35679" Y="27007" Z="0"/>
					<Vertex X="35493" Y="27007" Z="0"/>
					<Vertex X="35307" Y="27007" Z="0"/>
					<Vertex X="35184" Y="27131" Z="0"/>
					<Vertex X="34936" Y="27131" Z="0"/>
					<Vertex X="34750" Y="27131" Z="0"/>
					<Vertex X="34440" Y="27131" Z="0"/>
					<Vertex X="34254" Y="27131" Z="0"/>
					<Vertex X="34007" Y="27007" Z="0"/>
					<Vertex X="33635" Y="27007" Z="0"/>
					<Vertex X="33449" Y="27007" Z="0"/>
					<Vertex X="33139" Y="27007" Z="0"/>
					<Vertex X="32892" Y="27007" Z="0"/>
					<Vertex X="32706" Y="27007" Z="0"/>
					<Vertex X="32334" Y="27131" Z="0"/>
					<Vertex X="32148" Y="27317" Z="0"/>
					<Vertex X="31839" Y="27503" Z="0"/>
					<Vertex X="31653" Y="27689" Z="0"/>
					<Vertex X="31405" Y="27998" Z="0"/>
					<Vertex X="31219" Y="28122" Z="0"/>
					<Vertex X="30909" Y="28494" Z="0"/>
					<Vertex X="30724" Y="28804" Z="0"/>
					<Vertex X="30538" Y="28989" Z="0"/>
					<Vertex X="30166" Y="29361" Z="0"/>
					<Vertex X="29795" Y="29795" Z="0"/>
					<Vertex X="29609" Y="30104" Z="0"/>
					<Vertex X="29361" Y="30538" Z="0"/>
					<Vertex X="29175" Y="30910" Z="0"/>
					<Vertex X="28865" Y="31281" Z="0"/>
					<Vertex X="28803" Y="31591" Z="0"/>
					<Vertex X="28618" Y="31963" Z="0"/>
					<Vertex X="28432" Y="32396" Z="0"/>
					<Vertex X="28308" Y="32706" Z="0"/>
					<Vertex X="28122" Y="32954" Z="0"/>
					<Vertex X="28122" Y="33140" Z="0"/>
					<Vertex X="28060" Y="33264" Z="0"/>
					<Vertex X="27936" Y="33325" Z="0"/>
					<Vertex X="27874" Y="33449" Z="0"/>
					<Vertex X="27750" Y="33449" Z="0"/>
					<Vertex X="27565" Y="33449" Z="0"/>
					<Vertex X="27503" Y="33449" Z="0"/>
					<Vertex X="27193" Y="33449" Z="0"/>
					<Vertex X="27131" Y="33449" Z="0"/>
					<Vertex X="26759" Y="33449" Z="0"/>
					<Vertex X="26573" Y="33449" Z="0"/>
					<Vertex X="26202" Y="33449" Z="0"/>
					<Vertex X="26016" Y="33449" Z="0"/>
					<Vertex X="25706" Y="33449" Z="0"/>
					<Vertex X="25520" Y="33511" Z="0"/>
					<Vertex X="25335" Y="33511" Z="0"/>
					<Vertex X="25149" Y="33511" Z="0"/>
					<Vertex X="24963" Y="33635" Z="0"/>
					<Vertex X="24901" Y="33635" Z="0"/>
					<Vertex X="24591" Y="33635" Z="0"/>
					<Vertex X="24405" Y="33697" Z="0"/>
					<Vertex X="24158" Y="33821" Z="0"/>
					<Vertex X="23972" Y="33821" Z="0"/>
					<Vertex X="23600" Y="33883" Z="0"/>
					<Vertex X="23414" Y="33883" Z="0"/>
					<Vertex X="23105" Y="33883" Z="0"/>
					<Vertex X="22671" Y="33883" Z="0"/>
					<Vertex X="22361" Y="33883" Z="0"/>
					<Vertex X="21928" Y="33883" Z="0"/>
					<Vertex X="21618" Y="33883" Z="0"/>
					<Vertex X="21184" Y="34007" Z="0"/>
					<Vertex X="20875" Y="34007" Z="0"/>
					<Vertex X="20503" Y="34007" Z="0"/>
					<Vertex X="20255" Y="34007" Z="0"/>
					<Vertex X="19946" Y="34069" Z="0"/>
					<Vertex X="19698" Y="34193" Z="0"/>
					<Vertex X="19388" Y="34255" Z="0"/>
					<Vertex X="19140" Y="34379" Z="0"/>
					<Vertex X="18954" Y="34564" Z="0"/>
					<Vertex X="18645" Y="34626" Z="0"/>
					<Vertex X="18459" Y="34936" Z="0"/>
					<Vertex X="18273" Y="35122" Z="0"/>
					<Vertex X="18087" Y="35308" Z="0"/>
					<Vertex X="17839" Y="35679" Z="0"/>
					<Vertex X="17654" Y="35927" Z="0"/>
					<Vertex X="17344" Y="36423" Z="0"/>
					<Vertex X="17096" Y="36670" Z="0"/>
					<Vertex X="16724" Y="37166" Z="0"/>
					<Vertex X="16539" Y="37414" Z="0"/>
					<Vertex X="16167" Y="37971" Z="0"/>
					<Vertex X="15795" Y="38529" Z="0"/>
					<Vertex X="15486" Y="38900" Z="0"/>
					<Vertex X="15238" Y="39396" Z="0"/>
					<Vertex X="15052" Y="39644" Z="0"/>
					<Vertex X="14742" Y="40139" Z="0"/>
					<Vertex X="14556" Y="40325" Z="0"/>
					<Vertex X="14309" Y="40759" Z="0"/>
					<Vertex X="13999" Y="41130" Z="0"/>
					<Vertex X="13813" Y="41440" Z="0"/>
					<Vertex X="13441" Y="41874" Z="0"/>
					<Vertex X="13194" Y="42369" Z="0"/>
					<Vertex X="13008" Y="42617" Z="0"/>
					<Vertex X="12636" Y="43174" Z="0"/>
					<Vertex X="12327" Y="43546" Z="0"/>
					<Vertex X="11955" Y="44227" Z="0"/>
					<Vertex X="11769" Y="44599" Z="0"/>
					<Vertex X="11521" Y="44971" Z="0"/>
					<Vertex X="11212" Y="45528" Z="0"/>
					<Vertex X="11026" Y="45900" Z="0"/>
					<Vertex X="10778" Y="46519" Z="0"/>
					<Vertex X="10592" Y="46891" Z="0"/>
					<Vertex X="10282" Y="47449" Z="0"/>
					<Vertex X="10097" Y="47944" Z="0"/>
					<Vertex X="9911" Y="48378" Z="0"/>
					<Vertex X="9849" Y="48687" Z="0"/>
					<Vertex X="9663" Y="49059" Z="0"/>
					<Vertex X="9663" Y="49431" Z="0"/>
					<Vertex X="9477" Y="49864" Z="0"/>
					<Vertex X="9477" Y="50174" Z="0"/>
					<Vertex X="9291" Y="50608" Z="0"/>
					<Vertex X="9167" Y="51041" Z="0"/>
					<Vertex X="9167" Y="51475" Z="0"/>
					<Vertex X="8982" Y="51908" Z="0"/>
					<Vertex X="8982" Y="52280" Z="0"/>
					<Vertex X="8920" Y="52652" Z="0"/>
					<Vertex X="8796" Y="52961" Z="0"/>
					<Vertex X="8610" Y="53209" Z="0"/>
					<Vertex X="8548" Y="53519" Z="0"/>
					<Vertex X="8362" Y="53953" Z="0"/>
					<Vertex X="8176" Y="54262" Z="0"/>
					<Vertex X="7867" Y="54820" Z="0"/>
					<Vertex X="7681" Y="55068" Z="0"/>
					<Vertex X="7433" Y="55749" Z="0"/>
					<Vertex X="7247" Y="56121" Z="0"/>
					<Vertex X="7061" Y="56678" Z="0"/>
					<Vertex X="6875" Y="57050" Z="0"/>
					<Vertex X="6566" Y="57793" Z="0"/>
					<Vertex X="6380" Y="58165" Z="0"/>
					<Vertex X="6194" Y="58908" Z="0"/>
					<Vertex X="5946" Y="59651" Z="0"/>
					<Vertex X="5822" Y="60209" Z="0"/>
					<Vertex X="5637" Y="60828" Z="0"/>
					<Vertex X="5451" Y="61634" Z="0"/>
					<Vertex X="5389" Y="62067" Z="0"/>
					<Vertex X="5265" Y="62687" Z="0"/>
					<Vertex X="5203" Y="63182" Z="0"/>
					<Vertex X="5079" Y="63802" Z="0"/>
					<Vertex X="5017" Y="64483" Z="0"/>
					<Vertex X="4831" Y="65040" Z="0"/>
					<Vertex X="4707" Y="65412" Z="0"/>
					<Vertex X="4646" Y="65970" Z="0"/>
					<Vertex X="4460" Y="66527" Z="0"/>
					<Vertex X="4336" Y="66899" Z="0"/>
					<Vertex X="4274" Y="67456" Z="0"/>
					<Vertex X="4150" Y="68014" Z="0"/>
					<Vertex X="4088" Y="68261" Z="0"/>
					<Vertex X="3902" Y="68819" Z="0"/>
					<Vertex X="3778" Y="69191" Z="0"/>
					<Vertex X="3716" Y="69748" Z="0"/>
					<Vertex X="3593" Y="70120" Z="0"/>
					<Vertex X="3531" Y="70739" Z="0"/>
					<Vertex X="3407" Y="71235" Z="0"/>
					<Vertex X="3345" Y="71668" Z="0"/>
					<Vertex X="3221" Y="72164" Z="0"/>
					<Vertex X="3221" Y="72474" Z="0"/>
					<Vertex X="3159" Y="72907" Z="0"/>
					<Vertex X="3159" Y="73279" Z="0"/>
					<Vertex X="3035" Y="73589" Z="0"/>
					<Vertex X="3035" Y="74022" Z="0"/>
					<Vertex X="3035" Y="74456" Z="0"/>
					<Vertex X="2973" Y="74704" Z="0"/>
					<Vertex X="2973" Y="75075" Z="0"/>
					<Vertex X="2973" Y="75447" Z="0"/>
					<Vertex X="2973" Y="75695" Z="0"/>
					<Vertex X="2973" Y="76066" Z="0"/>
					<Vertex X="2973" Y="76376" Z="0"/>
					<Vertex X="2849" Y="76748" Z="0"/>
					<Vertex X="2849" Y="77119" Z="0"/>
					<Vertex X="2787" Y="77491" Z="0"/>
					<Vertex X="2787" Y="77677" Z="0"/>
					<Vertex X="2787" Y="78048" Z="0"/>
					<Vertex X="2787" Y="78234" Z="0"/>
					<Vertex X="2787" Y="78482" Z="0"/>
					<Vertex X="2849" Y="78668" Z="0"/>
					<Vertex X="2849" Y="78854" Z="0"/>
					<Vertex X="3035" Y="79102" Z="0"/>
					<Vertex X="3035" Y="79225" Z="0"/>
					<Vertex X="3221" Y="79411" Z="0"/>
					<Vertex X="3531" Y="79721" Z="0"/>
					<Vertex X="3593" Y="79783" Z="0"/>
					<Vertex X="3778" Y="79969" Z="0"/>
					<Vertex X="3964" Y="80093" Z="0"/>
					<Vertex X="4336" Y="80155" Z="0"/>
					<Vertex X="4646" Y="80278" Z="0"/>
					<Vertex X="5017" Y="80340" Z="0"/>
					<Vertex X="5203" Y="80464" Z="0"/>
					<Vertex X="5451" Y="80526" Z="0"/>
					<Vertex X="5761" Y="80650" Z="0"/>
					<Vertex X="5946" Y="80712" Z="0"/>
					<Vertex X="6194" Y="80712" Z="0"/>
					<Vertex X="6566" Y="80836" Z="0"/>
					<Vertex X="6752" Y="80836" Z="0"/>
					<Vertex X="7309" Y="80836" Z="0"/>
					<Vertex X="7619" Y="80898" Z="0"/>
					<Vertex X="7867" Y="81022" Z="0"/>
					<Vertex X="8362" Y="81022" Z="0"/>
					<Vertex X="8734" Y="81022" Z="0"/>
					<Vertex X="8982" Y="81022" Z="0"/>
					<Vertex X="9477" Y="81022" Z="0"/>
					<Vertex X="10592" Y="81084" Z="0"/>
					<Vertex X="10840" Y="81084" Z="0"/>
					<Vertex X="11212" Y="81208" Z="0"/>
					<Vertex X="11521" Y="81208" Z="0"/>
					<Vertex X="11707" Y="81270" Z="0"/>
					<Vertex X="11955" Y="81208" Z="0"/>
					<Vertex X="12265" Y="81208" Z="0"/>
					<Vertex X="12512" Y="81208" Z="0"/>
					<Vertex X="12822" Y="81208" Z="0"/>
					<Vertex X="13070" Y="81208" Z="0"/>
					<Vertex X="13256" Y="81208" Z="0"/>
					<Vertex X="13441" Y="81084" Z="0"/>
					<Vertex X="13627" Y="81084" Z="0"/>
					<Vertex X="13813" Y="81084" Z="0"/>
					<Vertex X="14123" Y="81022" Z="0"/>
					<Vertex X="14371" Y="81022" Z="0"/>
					<Vertex X="14495" Y="80898" Z="0"/>
					<Vertex X="14680" Y="80898" Z="0"/>
					<Vertex X="14866" Y="80898" Z="0"/>
					<Vertex X="14928" Y="80898" Z="0"/>
					<Vertex X="15114" Y="80898" Z="0"/>
					<Vertex X="15238" Y="80898" Z="0"/>
					<Vertex X="15300" Y="80898" Z="0"/>
					<Vertex X="15424" Y="80898" Z="0"/>
					<Vertex X="15486" Y="80898" Z="0"/>
					<Vertex X="15609" Y="80898" Z="0"/>
					<Vertex X="15671" Y="80898" Z="0"/>
					<Vertex X="15795" Y="80898" Z="0"/>
					<Vertex X="15857" Y="81022" Z="0"/>
					<Vertex X="16043" Y="81022" Z="0"/>
					<Vertex X="16167" Y="81022" Z="0"/>
					<Vertex X="16229" Y="81022" Z="0"/>
					<Vertex X="16353" Y="81084" Z="0"/>
					<Vertex X="16539" Y="81084" Z="0"/>
					<Vertex X="16601" Y="81084" Z="0"/>
					<Vertex X="16724" Y="81084" Z="0"/>
					<Vertex X="16786" Y="81084" Z="0"/>
					<Vertex X="16910" Y="81084" Z="0"/>
					<Vertex X="17034" Y="81084" Z="0"/>
					<Vertex X="17096" Y="81084" Z="0"/>
					<Vertex X="17096" Y="81022" Z="0"/>
					<Vertex X="17158" Y="81022" Z="0"/>
					<Vertex X="17282" Y="81022" Z="0"/>
					<Vertex X="17344" Y="81022" Z="0"/>
					<Vertex X="17468" Y="81022" Z="0"/>
					<Vertex X="17530" Y="81022" Z="0"/>
					<Vertex X="17654" Y="81022" Z="0"/>
					<Vertex X="17654" Y="81208" Z="0"/>
					<Vertex X="17716" Y="81084" Z="0"/>
					<Vertex X="17839" Y="81084" Z="0"/>
				</Vertices>
			</Region>
		</Regions>
		<Plots/>
	</Annotation>
</Annotations>
