<Annotations MicronsPerPixel="0.252200">
	<Annotation Id="1" Name="" ReadOnly="0" NameReadOnly="0" LineColorReadOnly="0" Incremental="0" Type="4" LineColor="65535" Visible="1" Selected="1" MarkupImagePath="" MacroName="">
		<Attributes/>
		<Regions>
			<RegionAttributeHeaders>
				<AttributeHeader Id="9999" Name="Region" ColumnWidth="-1"/>
				<AttributeHeader Id="9997" Name="Length" ColumnWidth="-1"/>
				<AttributeHeader Id="9996" Name="Area" ColumnWidth="-1"/>
				<AttributeHeader Id="9998" Name="Text" ColumnWidth="-1"/>
			</RegionAttributeHeaders>
			<Region Id="1" Type="0" Zoom="0.015450" Selected="1" ImageLocation="" ImageFocus="-1" Length="182786.2" Area="854106880.5" LengthMicrons="46098.7" AreaMicrons="54325331.5" Text="" NegativeROA="0" InputRegionId="0" Analyze="1" DisplayId="1">
				<Attributes/>
				<Vertices>
					<Vertex X="86241" Y="26447" Z="0"/>
					<Vertex X="86241" Y="26507" Z="0"/>
					<Vertex X="86281" Y="26586" Z="0"/>
					<Vertex X="86301" Y="26646" Z="0"/>
					<Vertex X="86340" Y="26745" Z="0"/>
					<Vertex X="86340" Y="26804" Z="0"/>
					<Vertex X="86360" Y="26923" Z="0"/>
					<Vertex X="86360" Y="27003" Z="0"/>
					<Vertex X="86360" Y="27102" Z="0"/>
					<Vertex X="86360" Y="27221" Z="0"/>
					<Vertex X="86360" Y="27300" Z="0"/>
					<Vertex X="86360" Y="27399" Z="0"/>
					<Vertex X="86360" Y="27518" Z="0"/>
					<Vertex X="86360" Y="27597" Z="0"/>
					<Vertex X="86360" Y="27716" Z="0"/>
					<Vertex X="86360" Y="27815" Z="0"/>
					<Vertex X="86360" Y="27895" Z="0"/>
					<Vertex X="86360" Y="27994" Z="0"/>
					<Vertex X="86360" Y="28053" Z="0"/>
					<Vertex X="86340" Y="28133" Z="0"/>
					<Vertex X="86340" Y="28232" Z="0"/>
					<Vertex X="86301" Y="28291" Z="0"/>
					<Vertex X="86301" Y="28371" Z="0"/>
					<Vertex X="86281" Y="28470" Z="0"/>
					<Vertex X="86221" Y="28589" Z="0"/>
					<Vertex X="86182" Y="28668" Z="0"/>
					<Vertex X="86162" Y="28727" Z="0"/>
					<Vertex X="86122" Y="28866" Z="0"/>
					<Vertex X="86102" Y="28906" Z="0"/>
					<Vertex X="86063" Y="29025" Z="0"/>
					<Vertex X="86003" Y="29144" Z="0"/>
					<Vertex X="85944" Y="29203" Z="0"/>
					<Vertex X="85944" Y="29263" Z="0"/>
					<Vertex X="85884" Y="29382" Z="0"/>
					<Vertex X="85865" Y="29441" Z="0"/>
					<Vertex X="85825" Y="29540" Z="0"/>
					<Vertex X="85765" Y="29659" Z="0"/>
					<Vertex X="85706" Y="29719" Z="0"/>
					<Vertex X="85686" Y="29838" Z="0"/>
					<Vertex X="85646" Y="29917" Z="0"/>
					<Vertex X="85627" Y="30016" Z="0"/>
					<Vertex X="85587" Y="30076" Z="0"/>
					<Vertex X="85528" Y="30194" Z="0"/>
					<Vertex X="85468" Y="30274" Z="0"/>
					<Vertex X="85448" Y="30333" Z="0"/>
					<Vertex X="85409" Y="30373" Z="0"/>
					<Vertex X="85389" Y="30452" Z="0"/>
					<Vertex X="85349" Y="30492" Z="0"/>
					<Vertex X="85349" Y="30551" Z="0"/>
					<Vertex X="85349" Y="30571" Z="0"/>
					<Vertex X="85349" Y="30611" Z="0"/>
					<Vertex X="85349" Y="30670" Z="0"/>
					<Vertex X="85349" Y="30730" Z="0"/>
					<Vertex X="85349" Y="30789" Z="0"/>
					<Vertex X="85389" Y="30849" Z="0"/>
					<Vertex X="85389" Y="30908" Z="0"/>
					<Vertex X="85409" Y="30988" Z="0"/>
					<Vertex X="85448" Y="31047" Z="0"/>
					<Vertex X="85468" Y="31166" Z="0"/>
					<Vertex X="85468" Y="31225" Z="0"/>
					<Vertex X="85508" Y="31344" Z="0"/>
					<Vertex X="85528" Y="31404" Z="0"/>
					<Vertex X="85528" Y="31523" Z="0"/>
					<Vertex X="85528" Y="31642" Z="0"/>
					<Vertex X="85528" Y="31741" Z="0"/>
					<Vertex X="85508" Y="31880" Z="0"/>
					<Vertex X="85508" Y="31979" Z="0"/>
					<Vertex X="85508" Y="32098" Z="0"/>
					<Vertex X="85468" Y="32276" Z="0"/>
					<Vertex X="85448" Y="32395" Z="0"/>
					<Vertex X="85409" Y="32593" Z="0"/>
					<Vertex X="85389" Y="32752" Z="0"/>
					<Vertex X="85329" Y="32950" Z="0"/>
					<Vertex X="85270" Y="33188" Z="0"/>
					<Vertex X="85230" Y="33367" Z="0"/>
					<Vertex X="85171" Y="33585" Z="0"/>
					<Vertex X="85111" Y="33902" Z="0"/>
					<Vertex X="85052" Y="34120" Z="0"/>
					<Vertex X="84992" Y="34338" Z="0"/>
					<Vertex X="84972" Y="34655" Z="0"/>
					<Vertex X="84913" Y="34893" Z="0"/>
					<Vertex X="84873" Y="35309" Z="0"/>
					<Vertex X="84814" Y="35567" Z="0"/>
					<Vertex X="84794" Y="35845" Z="0"/>
					<Vertex X="84734" Y="36261" Z="0"/>
					<Vertex X="84695" Y="36519" Z="0"/>
					<Vertex X="84675" Y="36876" Z="0"/>
					<Vertex X="84576" Y="37490" Z="0"/>
					<Vertex X="84457" Y="38759" Z="0"/>
					<Vertex X="84501" Y="38882" Z="0"/>
					<Vertex X="84501" Y="39202" Z="0"/>
					<Vertex X="84501" Y="39395" Z="0"/>
					<Vertex X="84501" Y="39587" Z="0"/>
					<Vertex X="84372" Y="39844" Z="0"/>
					<Vertex X="84372" Y="40165" Z="0"/>
					<Vertex X="84372" Y="40357" Z="0"/>
					<Vertex X="84372" Y="40614" Z="0"/>
					<Vertex X="84308" Y="40935" Z="0"/>
					<Vertex X="84308" Y="41191" Z="0"/>
					<Vertex X="84180" Y="41576" Z="0"/>
					<Vertex X="84180" Y="41705" Z="0"/>
					<Vertex X="84180" Y="42154" Z="0"/>
					<Vertex X="84180" Y="42410" Z="0"/>
					<Vertex X="84180" Y="42667" Z="0"/>
					<Vertex X="84180" Y="42988" Z="0"/>
					<Vertex X="84116" Y="43245" Z="0"/>
					<Vertex X="84116" Y="43501" Z="0"/>
					<Vertex X="84116" Y="43822" Z="0"/>
					<Vertex X="84116" Y="44079" Z="0"/>
					<Vertex X="84116" Y="44271" Z="0"/>
					<Vertex X="84180" Y="44464" Z="0"/>
					<Vertex X="84180" Y="44977" Z="0"/>
					<Vertex X="84180" Y="45234" Z="0"/>
					<Vertex X="84180" Y="45426" Z="0"/>
					<Vertex X="84180" Y="45747" Z="0"/>
					<Vertex X="84308" Y="45939" Z="0"/>
					<Vertex X="84308" Y="46196" Z="0"/>
					<Vertex X="84308" Y="46388" Z="0"/>
					<Vertex X="84308" Y="46581" Z="0"/>
					<Vertex X="84372" Y="46773" Z="0"/>
					<Vertex X="84372" Y="46966" Z="0"/>
					<Vertex X="84501" Y="47158" Z="0"/>
					<Vertex X="84501" Y="47351" Z="0"/>
					<Vertex X="84565" Y="47479" Z="0"/>
					<Vertex X="84693" Y="47543" Z="0"/>
					<Vertex X="84757" Y="47672" Z="0"/>
					<Vertex X="84886" Y="47672" Z="0"/>
					<Vertex X="84950" Y="47736" Z="0"/>
					<Vertex X="85142" Y="47736" Z="0"/>
					<Vertex X="85270" Y="47736" Z="0"/>
					<Vertex X="85335" Y="47864" Z="0"/>
					<Vertex X="85335" Y="47928" Z="0"/>
					<Vertex X="85463" Y="48057" Z="0"/>
					<Vertex X="85463" Y="48249" Z="0"/>
					<Vertex X="85463" Y="48442" Z="0"/>
					<Vertex X="85527" Y="48634" Z="0"/>
					<Vertex X="85527" Y="48891" Z="0"/>
					<Vertex X="85527" Y="49212" Z="0"/>
					<Vertex X="85527" Y="49468" Z="0"/>
					<Vertex X="85463" Y="49789" Z="0"/>
					<Vertex X="85463" Y="49981" Z="0"/>
					<Vertex X="85335" Y="50238" Z="0"/>
					<Vertex X="85335" Y="50559" Z="0"/>
					<Vertex X="85335" Y="50816" Z="0"/>
					<Vertex X="85270" Y="51136" Z="0"/>
					<Vertex X="85142" Y="51521" Z="0"/>
					<Vertex X="85078" Y="51714" Z="0"/>
					<Vertex X="84950" Y="51970" Z="0"/>
					<Vertex X="84950" Y="52163" Z="0"/>
					<Vertex X="84886" Y="52484" Z="0"/>
					<Vertex X="84757" Y="52676" Z="0"/>
					<Vertex X="84693" Y="52933" Z="0"/>
					<Vertex X="84693" Y="53254" Z="0"/>
					<Vertex X="84565" Y="53446" Z="0"/>
					<Vertex X="84501" Y="53703" Z="0"/>
					<Vertex X="84372" Y="54024" Z="0"/>
					<Vertex X="84372" Y="54280" Z="0"/>
					<Vertex X="84308" Y="54601" Z="0"/>
					<Vertex X="84180" Y="54858" Z="0"/>
					<Vertex X="84180" Y="55050" Z="0"/>
					<Vertex X="84116" Y="55243" Z="0"/>
					<Vertex X="83987" Y="55563" Z="0"/>
					<Vertex X="83987" Y="55756" Z="0"/>
					<Vertex X="83987" Y="55948" Z="0"/>
					<Vertex X="83923" Y="56205" Z="0"/>
					<Vertex X="83795" Y="56398" Z="0"/>
					<Vertex X="83795" Y="56718" Z="0"/>
					<Vertex X="83731" Y="56911" Z="0"/>
					<Vertex X="83731" Y="57103" Z="0"/>
					<Vertex X="83602" Y="57488" Z="0"/>
					<Vertex X="83538" Y="57745" Z="0"/>
					<Vertex X="83538" Y="58066" Z="0"/>
					<Vertex X="83410" Y="58258" Z="0"/>
					<Vertex X="83346" Y="58451" Z="0"/>
					<Vertex X="83346" Y="58707" Z="0"/>
					<Vertex X="83217" Y="58900" Z="0"/>
					<Vertex X="83153" Y="59221" Z="0"/>
					<Vertex X="83153" Y="59413" Z="0"/>
					<Vertex X="83025" Y="59606" Z="0"/>
					<Vertex X="82961" Y="59862" Z="0"/>
					<Vertex X="82832" Y="60055" Z="0"/>
					<Vertex X="82752" Y="60270" Z="0"/>
					<Vertex X="82533" Y="61539" Z="0"/>
					<Vertex X="82415" Y="62292" Z="0"/>
					<Vertex X="82355" Y="62609" Z="0"/>
					<Vertex X="82296" Y="62946" Z="0"/>
					<Vertex X="82276" Y="63263" Z="0"/>
					<Vertex X="82216" Y="63600" Z="0"/>
					<Vertex X="82157" Y="63918" Z="0"/>
					<Vertex X="82058" Y="64255" Z="0"/>
					<Vertex X="81998" Y="64552" Z="0"/>
					<Vertex X="81939" Y="64731" Z="0"/>
					<Vertex X="81919" Y="64929" Z="0"/>
					<Vertex X="81859" Y="65167" Z="0"/>
					<Vertex X="81820" Y="65286" Z="0"/>
					<Vertex X="81800" Y="65524" Z="0"/>
					<Vertex X="81740" Y="65742" Z="0"/>
					<Vertex X="81681" Y="65940" Z="0"/>
					<Vertex X="81681" Y="66059" Z="0"/>
					<Vertex X="81622" Y="66297" Z="0"/>
					<Vertex X="81562" Y="66515" Z="0"/>
					<Vertex X="81503" Y="66753" Z="0"/>
					<Vertex X="81443" Y="66991" Z="0"/>
					<Vertex X="81384" Y="67129" Z="0"/>
					<Vertex X="81324" Y="67367" Z="0"/>
					<Vertex X="81284" Y="67605" Z="0"/>
					<Vertex X="81265" Y="67823" Z="0"/>
					<Vertex X="81205" Y="68002" Z="0"/>
					<Vertex X="81205" Y="68121" Z="0"/>
					<Vertex X="81166" Y="68299" Z="0"/>
					<Vertex X="81146" Y="68259" Z="0"/>
					<Vertex X="81146" Y="68299" Z="0"/>
					<Vertex X="81146" Y="68319" Z="0"/>
					<Vertex X="81146" Y="68378" Z="0"/>
					<Vertex X="81106" Y="68418" Z="0"/>
					<Vertex X="81106" Y="68478" Z="0"/>
					<Vertex X="81086" Y="68557" Z="0"/>
					<Vertex X="81086" Y="68656" Z="0"/>
					<Vertex X="81047" Y="68715" Z="0"/>
					<Vertex X="81047" Y="68795" Z="0"/>
					<Vertex X="81027" Y="68854" Z="0"/>
					<Vertex X="80987" Y="68953" Z="0"/>
					<Vertex X="80987" Y="68993" Z="0"/>
					<Vertex X="80967" Y="69072" Z="0"/>
					<Vertex X="80908" Y="69152" Z="0"/>
					<Vertex X="80848" Y="69251" Z="0"/>
					<Vertex X="80789" Y="69330" Z="0"/>
					<Vertex X="80729" Y="69449" Z="0"/>
					<Vertex X="80690" Y="69548" Z="0"/>
					<Vertex X="80630" Y="69667" Z="0"/>
					<Vertex X="80610" Y="69786" Z="0"/>
					<Vertex X="80551" Y="69905" Z="0"/>
					<Vertex X="80511" Y="70044" Z="0"/>
					<Vertex X="80452" Y="70202" Z="0"/>
					<Vertex X="80432" Y="70321" Z="0"/>
					<Vertex X="80432" Y="70460" Z="0"/>
					<Vertex X="80392" Y="70639" Z="0"/>
					<Vertex X="80333" Y="70817" Z="0"/>
					<Vertex X="80313" Y="70916" Z="0"/>
					<Vertex X="80273" Y="71055" Z="0"/>
					<Vertex X="80214" Y="71213" Z="0"/>
					<Vertex X="80194" Y="71332" Z="0"/>
					<Vertex X="80135" Y="71471" Z="0"/>
					<Vertex X="80095" Y="71590" Z="0"/>
					<Vertex X="80035" Y="71709" Z="0"/>
					<Vertex X="80016" Y="71868" Z="0"/>
					<Vertex X="79976" Y="71947" Z="0"/>
					<Vertex X="79917" Y="72106" Z="0"/>
					<Vertex X="79857" Y="72225" Z="0"/>
					<Vertex X="79837" Y="72344" Z="0"/>
					<Vertex X="79837" Y="72463" Z="0"/>
					<Vertex X="79798" Y="72542" Z="0"/>
					<Vertex X="79778" Y="72661" Z="0"/>
					<Vertex X="79778" Y="72780" Z="0"/>
					<Vertex X="79778" Y="72899" Z="0"/>
					<Vertex X="79798" Y="73037" Z="0"/>
					<Vertex X="79837" Y="73117" Z="0"/>
					<Vertex X="79837" Y="73176" Z="0"/>
					<Vertex X="79897" Y="73256" Z="0"/>
					<Vertex X="79917" Y="73355" Z="0"/>
					<Vertex X="79996" Y="73414" Z="0"/>
					<Vertex X="80035" Y="73454" Z="0"/>
					<Vertex X="80135" Y="73454" Z="0"/>
					<Vertex X="80214" Y="73454" Z="0"/>
					<Vertex X="80313" Y="73414" Z="0"/>
					<Vertex X="80372" Y="73414" Z="0"/>
					<Vertex X="80452" Y="73355" Z="0"/>
					<Vertex X="80531" Y="73315" Z="0"/>
					<Vertex X="80610" Y="73256" Z="0"/>
					<Vertex X="80670" Y="73236" Z="0"/>
					<Vertex X="80729" Y="73176" Z="0"/>
					<Vertex X="80828" Y="73117" Z="0"/>
					<Vertex X="80868" Y="73057" Z="0"/>
					<Vertex X="80967" Y="72998" Z="0"/>
					<Vertex X="80987" Y="72958" Z="0"/>
					<Vertex X="81066" Y="72899" Z="0"/>
					<Vertex X="81106" Y="72839" Z="0"/>
					<Vertex X="81146" Y="72780" Z="0"/>
					<Vertex X="81166" Y="72760" Z="0"/>
					<Vertex X="81225" Y="72700" Z="0"/>
					<Vertex X="81265" Y="72641" Z="0"/>
					<Vertex X="81324" Y="72581" Z="0"/>
					<Vertex X="81384" Y="72522" Z="0"/>
					<Vertex X="81443" Y="72423" Z="0"/>
					<Vertex X="81503" Y="72344" Z="0"/>
					<Vertex X="81562" Y="72244" Z="0"/>
					<Vertex X="81622" Y="72185" Z="0"/>
					<Vertex X="81641" Y="72145" Z="0"/>
					<Vertex X="81701" Y="72007" Z="0"/>
					<Vertex X="81740" Y="71927" Z="0"/>
					<Vertex X="81800" Y="71848" Z="0"/>
					<Vertex X="81820" Y="71769" Z="0"/>
					<Vertex X="81899" Y="71650" Z="0"/>
					<Vertex X="81919" Y="71610" Z="0"/>
					<Vertex X="81939" Y="71511" Z="0"/>
					<Vertex X="81998" Y="71471" Z="0"/>
					<Vertex X="82038" Y="71392" Z="0"/>
					<Vertex X="82097" Y="71332" Z="0"/>
					<Vertex X="82097" Y="71293" Z="0"/>
					<Vertex X="82117" Y="71253" Z="0"/>
					<Vertex X="82157" Y="71213" Z="0"/>
					<Vertex X="82177" Y="71174" Z="0"/>
					<Vertex X="82216" Y="71154" Z="0"/>
					<Vertex X="82216" Y="71114" Z="0"/>
					<Vertex X="82236" Y="71095" Z="0"/>
					<Vertex X="82276" Y="71055" Z="0"/>
					<Vertex X="82296" Y="71035" Z="0"/>
					<Vertex X="82296" Y="70995" Z="0"/>
					<Vertex X="82335" Y="70976" Z="0"/>
					<Vertex X="82355" Y="70956" Z="0"/>
					<Vertex X="82395" Y="70916" Z="0"/>
					<Vertex X="82395" Y="70876" Z="0"/>
					<Vertex X="82434" Y="70857" Z="0"/>
					<Vertex X="82454" Y="70797" Z="0"/>
					<Vertex X="82474" Y="70758" Z="0"/>
					<Vertex X="82474" Y="70738" Z="0"/>
					<Vertex X="82514" Y="70678" Z="0"/>
					<Vertex X="82514" Y="70658" Z="0"/>
					<Vertex X="82533" Y="70579" Z="0"/>
					<Vertex X="82573" Y="70520" Z="0"/>
					<Vertex X="82593" Y="70460" Z="0"/>
					<Vertex X="82633" Y="70381" Z="0"/>
					<Vertex X="82652" Y="70262" Z="0"/>
					<Vertex X="82652" Y="70202" Z="0"/>
					<Vertex X="82712" Y="70083" Z="0"/>
					<Vertex X="82752" Y="69925" Z="0"/>
					<Vertex X="82771" Y="69806" Z="0"/>
					<Vertex X="82811" Y="69727" Z="0"/>
					<Vertex X="82811" Y="69608" Z="0"/>
					<Vertex X="82811" Y="69548" Z="0"/>
					<Vertex X="82831" Y="69449" Z="0"/>
					<Vertex X="82831" Y="69370" Z="0"/>
					<Vertex X="82871" Y="69310" Z="0"/>
					<Vertex X="82871" Y="69231" Z="0"/>
					<Vertex X="82930" Y="69152" Z="0"/>
					<Vertex X="82989" Y="69072" Z="0"/>
					<Vertex X="83049" Y="69013" Z="0"/>
					<Vertex X="83128" Y="68914" Z="0"/>
					<Vertex X="83227" Y="68795" Z="0"/>
					<Vertex X="83287" Y="68676" Z="0"/>
					<Vertex X="83346" Y="68597" Z="0"/>
					<Vertex X="83426" Y="68418" Z="0"/>
					<Vertex X="83485" Y="68259" Z="0"/>
					<Vertex X="83525" Y="68141" Z="0"/>
					<Vertex X="83545" Y="68002" Z="0"/>
					<Vertex X="83545" Y="67843" Z="0"/>
					<Vertex X="83545" Y="67764" Z="0"/>
					<Vertex X="83545" Y="67605" Z="0"/>
					<Vertex X="83545" Y="67526" Z="0"/>
					<Vertex X="83525" Y="67407" Z="0"/>
					<Vertex X="83525" Y="67288" Z="0"/>
					<Vertex X="83485" Y="67229" Z="0"/>
					<Vertex X="83485" Y="67110" Z="0"/>
					<Vertex X="83485" Y="67010" Z="0"/>
					<Vertex X="83465" Y="66892" Z="0"/>
					<Vertex X="83465" Y="66812" Z="0"/>
					<Vertex X="83465" Y="66693" Z="0"/>
					<Vertex X="83465" Y="66594" Z="0"/>
					<Vertex X="83465" Y="66475" Z="0"/>
					<Vertex X="83465" Y="66416" Z="0"/>
					<Vertex X="83465" Y="66297" Z="0"/>
					<Vertex X="83465" Y="66217" Z="0"/>
					<Vertex X="83485" Y="66099" Z="0"/>
					<Vertex X="83485" Y="65999" Z="0"/>
					<Vertex X="83485" Y="65920" Z="0"/>
					<Vertex X="83525" Y="65801" Z="0"/>
					<Vertex X="83545" Y="65702" Z="0"/>
					<Vertex X="83584" Y="65643" Z="0"/>
					<Vertex X="83644" Y="65524" Z="0"/>
					<Vertex X="83703" Y="65444" Z="0"/>
					<Vertex X="83763" Y="65345" Z="0"/>
					<Vertex X="83842" Y="65226" Z="0"/>
					<Vertex X="83901" Y="65147" Z="0"/>
					<Vertex X="84001" Y="65028" Z="0"/>
					<Vertex X="84060" Y="64909" Z="0"/>
					<Vertex X="84139" Y="64750" Z="0"/>
					<Vertex X="84199" Y="64612" Z="0"/>
					<Vertex X="84199" Y="64532" Z="0"/>
					<Vertex X="84238" Y="64394" Z="0"/>
					<Vertex X="84258" Y="64275" Z="0"/>
					<Vertex X="84258" Y="64195" Z="0"/>
					<Vertex X="84298" Y="64076" Z="0"/>
					<Vertex X="84318" Y="63957" Z="0"/>
					<Vertex X="84357" Y="63858" Z="0"/>
					<Vertex X="84417" Y="63719" Z="0"/>
					<Vertex X="84476" Y="63600" Z="0"/>
					<Vertex X="84556" Y="63462" Z="0"/>
					<Vertex X="84615" Y="63323" Z="0"/>
					<Vertex X="84714" Y="63184" Z="0"/>
					<Vertex X="84794" Y="63026" Z="0"/>
					<Vertex X="84853" Y="62907" Z="0"/>
					<Vertex X="84972" Y="62728" Z="0"/>
					<Vertex X="85131" Y="62550" Z="0"/>
					<Vertex X="85606" Y="61955" Z="0"/>
					<Vertex X="87034" Y="61340" Z="0"/>
					<Vertex X="87003" Y="61146" Z="0"/>
					<Vertex X="87067" Y="61146" Z="0"/>
					<Vertex X="87259" Y="61210" Z="0"/>
					<Vertex X="87388" Y="61210" Z="0"/>
					<Vertex X="87452" Y="61402" Z="0"/>
					<Vertex X="87580" Y="61530" Z="0"/>
					<Vertex X="87644" Y="61723" Z="0"/>
					<Vertex X="87644" Y="61915" Z="0"/>
					<Vertex X="87773" Y="62108" Z="0"/>
					<Vertex X="87837" Y="62300" Z="0"/>
					<Vertex X="87837" Y="62493" Z="0"/>
					<Vertex X="87965" Y="62685" Z="0"/>
					<Vertex X="87965" Y="62878" Z="0"/>
					<Vertex X="88094" Y="63135" Z="0"/>
					<Vertex X="88158" Y="63455" Z="0"/>
					<Vertex X="88158" Y="63648" Z="0"/>
					<Vertex X="88158" Y="63840" Z="0"/>
					<Vertex X="88158" Y="64097" Z="0"/>
					<Vertex X="88158" Y="64289" Z="0"/>
					<Vertex X="88158" Y="64610" Z="0"/>
					<Vertex X="88158" Y="64803" Z="0"/>
					<Vertex X="88158" Y="65059" Z="0"/>
					<Vertex X="88158" Y="65252" Z="0"/>
					<Vertex X="88158" Y="65573" Z="0"/>
					<Vertex X="88158" Y="65765" Z="0"/>
					<Vertex X="88158" Y="65958" Z="0"/>
					<Vertex X="88158" Y="66343" Z="0"/>
					<Vertex X="88158" Y="66407" Z="0"/>
					<Vertex X="88222" Y="66663" Z="0"/>
					<Vertex X="88222" Y="66792" Z="0"/>
					<Vertex X="88350" Y="67113" Z="0"/>
					<Vertex X="88414" Y="67177" Z="0"/>
					<Vertex X="88543" Y="67369" Z="0"/>
					<Vertex X="88607" Y="67497" Z="0"/>
					<Vertex X="88735" Y="67626" Z="0"/>
					<Vertex X="88992" Y="67497" Z="0"/>
					<Vertex X="91943" Y="71026" Z="0"/>
					<Vertex X="92328" Y="71347" Z="0"/>
					<Vertex X="92585" Y="71540" Z="0"/>
					<Vertex X="92777" Y="71668" Z="0"/>
					<Vertex X="93162" Y="71796" Z="0"/>
					<Vertex X="93355" Y="71925" Z="0"/>
					<Vertex X="93547" Y="71989" Z="0"/>
					<Vertex X="93740" Y="72181" Z="0"/>
					<Vertex X="93932" Y="72310" Z="0"/>
					<Vertex X="94073" Y="72284" Z="0"/>
					<Vertex X="95619" Y="72720" Z="0"/>
					<Vertex X="95897" Y="72800" Z="0"/>
					<Vertex X="95976" Y="72839" Z="0"/>
					<Vertex X="96095" Y="72899" Z="0"/>
					<Vertex X="96194" Y="72899" Z="0"/>
					<Vertex X="96273" Y="72919" Z="0"/>
					<Vertex X="96392" Y="72958" Z="0"/>
					<Vertex X="96511" Y="72978" Z="0"/>
					<Vertex X="96610" Y="73018" Z="0"/>
					<Vertex X="96690" Y="73057" Z="0"/>
					<Vertex X="96809" Y="73077" Z="0"/>
					<Vertex X="96908" Y="73077" Z="0"/>
					<Vertex X="97007" Y="73097" Z="0"/>
					<Vertex X="97146" Y="73097" Z="0"/>
					<Vertex X="97205" Y="73097" Z="0"/>
					<Vertex X="97324" Y="73097" Z="0"/>
					<Vertex X="97423" Y="73097" Z="0"/>
					<Vertex X="97562" Y="73077" Z="0"/>
					<Vertex X="97661" Y="73057" Z="0"/>
					<Vertex X="97760" Y="73018" Z="0"/>
					<Vertex X="97919" Y="72978" Z="0"/>
					<Vertex X="98038" Y="72958" Z="0"/>
					<Vertex X="98196" Y="72899" Z="0"/>
					<Vertex X="98276" Y="72879" Z="0"/>
					<Vertex X="98395" Y="72800" Z="0"/>
					<Vertex X="98454" Y="72780" Z="0"/>
					<Vertex X="98533" Y="72740" Z="0"/>
					<Vertex X="98632" Y="72681" Z="0"/>
					<Vertex X="98672" Y="72661" Z="0"/>
					<Vertex X="98751" Y="72601" Z="0"/>
					<Vertex X="98791" Y="72582" Z="0"/>
					<Vertex X="98851" Y="72542" Z="0"/>
					<Vertex X="98870" Y="72502" Z="0"/>
					<Vertex X="98910" Y="72482" Z="0"/>
					<Vertex X="98989" Y="72423" Z="0"/>
					<Vertex X="99009" Y="72383" Z="0"/>
					<Vertex X="99128" Y="72344" Z="0"/>
					<Vertex X="99207" Y="72304" Z="0"/>
					<Vertex X="99287" Y="72284" Z="0"/>
					<Vertex X="99386" Y="72245" Z="0"/>
					<Vertex X="99445" Y="72205" Z="0"/>
					<Vertex X="99544" Y="72205" Z="0"/>
					<Vertex X="99604" Y="72185" Z="0"/>
					<Vertex X="99703" Y="72185" Z="0"/>
					<Vertex X="99802" Y="72185" Z="0"/>
					<Vertex X="99862" Y="72205" Z="0"/>
					<Vertex X="99921" Y="72205" Z="0"/>
					<Vertex X="99981" Y="72245" Z="0"/>
					<Vertex X="100060" Y="72284" Z="0"/>
					<Vertex X="100119" Y="72284" Z="0"/>
					<Vertex X="100179" Y="72304" Z="0"/>
					<Vertex X="100278" Y="72344" Z="0"/>
					<Vertex X="100357" Y="72363" Z="0"/>
					<Vertex X="100476" Y="72363" Z="0"/>
					<Vertex X="100536" Y="72383" Z="0"/>
					<Vertex X="100615" Y="72383" Z="0"/>
					<Vertex X="100714" Y="72463" Z="0"/>
					<Vertex X="100774" Y="72482" Z="0"/>
					<Vertex X="100873" Y="72482" Z="0"/>
					<Vertex X="100952" Y="72502" Z="0"/>
					<Vertex X="101012" Y="72542" Z="0"/>
					<Vertex X="101111" Y="72542" Z="0"/>
					<Vertex X="101150" Y="72582" Z="0"/>
					<Vertex X="101249" Y="72582" Z="0"/>
					<Vertex X="101309" Y="72601" Z="0"/>
					<Vertex X="101408" Y="72601" Z="0"/>
					<Vertex X="101468" Y="72601" Z="0"/>
					<Vertex X="101547" Y="72641" Z="0"/>
					<Vertex X="101666" Y="72641" Z="0"/>
					<Vertex X="101725" Y="72661" Z="0"/>
					<Vertex X="101805" Y="72661" Z="0"/>
					<Vertex X="101884" Y="72681" Z="0"/>
					<Vertex X="101943" Y="72720" Z="0"/>
					<Vertex X="102023" Y="72740" Z="0"/>
					<Vertex X="102082" Y="72780" Z="0"/>
					<Vertex X="102181" Y="72800" Z="0"/>
					<Vertex X="102201" Y="72839" Z="0"/>
					<Vertex X="102261" Y="72879" Z="0"/>
					<Vertex X="102320" Y="72899" Z="0"/>
					<Vertex X="102340" Y="72919" Z="0"/>
					<Vertex X="102419" Y="72978" Z="0"/>
					<Vertex X="102439" Y="73057" Z="0"/>
					<Vertex X="102479" Y="73097" Z="0"/>
					<Vertex X="102498" Y="73137" Z="0"/>
					<Vertex X="102558" Y="73196" Z="0"/>
					<Vertex X="102598" Y="73236" Z="0"/>
					<Vertex X="102617" Y="73275" Z="0"/>
					<Vertex X="102637" Y="73315" Z="0"/>
					<Vertex X="102717" Y="73375" Z="0"/>
					<Vertex X="102736" Y="73394" Z="0"/>
					<Vertex X="102756" Y="73434" Z="0"/>
					<Vertex X="102796" Y="73494" Z="0"/>
					<Vertex X="102855" Y="73573" Z="0"/>
					<Vertex X="102875" Y="73612" Z="0"/>
					<Vertex X="102915" Y="73672" Z="0"/>
					<Vertex X="102954" Y="73731" Z="0"/>
					<Vertex X="102974" Y="73771" Z="0"/>
					<Vertex X="103034" Y="73811" Z="0"/>
					<Vertex X="103073" Y="73850" Z="0"/>
					<Vertex X="103093" Y="73910" Z="0"/>
					<Vertex X="103153" Y="73930" Z="0"/>
					<Vertex X="103173" Y="73969" Z="0"/>
					<Vertex X="103212" Y="73989" Z="0"/>
					<Vertex X="103272" Y="74068" Z="0"/>
					<Vertex X="103291" Y="74088" Z="0"/>
					<Vertex X="103351" Y="74088" Z="0"/>
					<Vertex X="103410" Y="74128" Z="0"/>
					<Vertex X="103490" Y="74148" Z="0"/>
					<Vertex X="103549" Y="74168" Z="0"/>
					<Vertex X="103609" Y="74168" Z="0"/>
					<Vertex X="103668" Y="74207" Z="0"/>
					<Vertex X="103708" Y="74207" Z="0"/>
					<Vertex X="103747" Y="74207" Z="0"/>
					<Vertex X="103787" Y="74207" Z="0"/>
					<Vertex X="103807" Y="74207" Z="0"/>
					<Vertex X="103866" Y="74207" Z="0"/>
					<Vertex X="103886" Y="74207" Z="0"/>
					<Vertex X="103946" Y="74207" Z="0"/>
					<Vertex X="103985" Y="74207" Z="0"/>
					<Vertex X="104085" Y="74168" Z="0"/>
					<Vertex X="104144" Y="74168" Z="0"/>
					<Vertex X="104223" Y="74168" Z="0"/>
					<Vertex X="104283" Y="74168" Z="0"/>
					<Vertex X="104342" Y="74168" Z="0"/>
					<Vertex X="104402" Y="74168" Z="0"/>
					<Vertex X="104461" Y="74207" Z="0"/>
					<Vertex X="104560" Y="74247" Z="0"/>
					<Vertex X="104580" Y="74267" Z="0"/>
					<Vertex X="104640" Y="74287" Z="0"/>
					<Vertex X="104759" Y="74326" Z="0"/>
					<Vertex X="104878" Y="74366" Z="0"/>
					<Vertex X="104957" Y="74366" Z="0"/>
					<Vertex X="105056" Y="74386" Z="0"/>
					<Vertex X="105155" Y="74386" Z="0"/>
					<Vertex X="105234" Y="74425" Z="0"/>
					<Vertex X="105314" Y="74445" Z="0"/>
					<Vertex X="105413" Y="74445" Z="0"/>
					<Vertex X="105492" Y="74465" Z="0"/>
					<Vertex X="105631" Y="74465" Z="0"/>
					<Vertex X="105690" Y="74465" Z="0"/>
					<Vertex X="105770" Y="74465" Z="0"/>
					<Vertex X="105829" Y="74465" Z="0"/>
					<Vertex X="105889" Y="74465" Z="0"/>
					<Vertex X="105928" Y="74445" Z="0"/>
					<Vertex X="105948" Y="74425" Z="0"/>
					<Vertex X="105988" Y="74366" Z="0"/>
					<Vertex X="105988" Y="74326" Z="0"/>
					<Vertex X="105988" Y="74247" Z="0"/>
					<Vertex X="105988" Y="74168" Z="0"/>
					<Vertex X="105988" Y="74088" Z="0"/>
					<Vertex X="105988" Y="74029" Z="0"/>
					<Vertex X="105948" Y="73930" Z="0"/>
					<Vertex X="105928" Y="73850" Z="0"/>
					<Vertex X="105889" Y="73791" Z="0"/>
					<Vertex X="105829" Y="73672" Z="0"/>
					<Vertex X="105770" Y="73612" Z="0"/>
					<Vertex X="105710" Y="73533" Z="0"/>
					<Vertex X="105690" Y="73434" Z="0"/>
					<Vertex X="105631" Y="73375" Z="0"/>
					<Vertex X="105591" Y="73315" Z="0"/>
					<Vertex X="105552" Y="73236" Z="0"/>
					<Vertex X="105532" Y="73196" Z="0"/>
					<Vertex X="105532" Y="73176" Z="0"/>
					<Vertex X="105532" Y="73137" Z="0"/>
					<Vertex X="105492" Y="73137" Z="0"/>
					<Vertex X="105492" Y="73097" Z="0"/>
					<Vertex X="105472" Y="73097" Z="0"/>
					<Vertex X="105452" Y="73077" Z="0"/>
					<Vertex X="105393" Y="73057" Z="0"/>
					<Vertex X="105353" Y="73018" Z="0"/>
					<Vertex X="105274" Y="72958" Z="0"/>
					<Vertex X="105175" Y="72899" Z="0"/>
					<Vertex X="105115" Y="72879" Z="0"/>
					<Vertex X="105056" Y="72800" Z="0"/>
					<Vertex X="104957" Y="72720" Z="0"/>
					<Vertex X="104858" Y="72661" Z="0"/>
					<Vertex X="104759" Y="72601" Z="0"/>
					<Vertex X="104640" Y="72542" Z="0"/>
					<Vertex X="104560" Y="72482" Z="0"/>
					<Vertex X="104402" Y="72383" Z="0"/>
					<Vertex X="104322" Y="72363" Z="0"/>
					<Vertex X="104164" Y="72284" Z="0"/>
					<Vertex X="104025" Y="72185" Z="0"/>
					<Vertex X="103926" Y="72126" Z="0"/>
					<Vertex X="103787" Y="72066" Z="0"/>
					<Vertex X="103688" Y="72046" Z="0"/>
					<Vertex X="103569" Y="71947" Z="0"/>
					<Vertex X="103450" Y="71888" Z="0"/>
					<Vertex X="103351" Y="71828" Z="0"/>
					<Vertex X="103272" Y="71749" Z="0"/>
					<Vertex X="103173" Y="71650" Z="0"/>
					<Vertex X="103133" Y="71590" Z="0"/>
					<Vertex X="103034" Y="71491" Z="0"/>
					<Vertex X="103014" Y="71432" Z="0"/>
					<Vertex X="102915" Y="71352" Z="0"/>
					<Vertex X="102875" Y="71293" Z="0"/>
					<Vertex X="102816" Y="71174" Z="0"/>
					<Vertex X="102756" Y="71055" Z="0"/>
					<Vertex X="102736" Y="70996" Z="0"/>
					<Vertex X="102717" Y="70877" Z="0"/>
					<Vertex X="102677" Y="70817" Z="0"/>
					<Vertex X="102637" Y="70718" Z="0"/>
					<Vertex X="102637" Y="70678" Z="0"/>
					<Vertex X="102617" Y="70579" Z="0"/>
					<Vertex X="102617" Y="70520" Z="0"/>
					<Vertex X="102617" Y="70460" Z="0"/>
					<Vertex X="102617" Y="70381" Z="0"/>
					<Vertex X="102617" Y="70302" Z="0"/>
					<Vertex X="102637" Y="70222" Z="0"/>
					<Vertex X="102637" Y="70143" Z="0"/>
					<Vertex X="102677" Y="70103" Z="0"/>
					<Vertex X="102677" Y="70004" Z="0"/>
					<Vertex X="102677" Y="69945" Z="0"/>
					<Vertex X="102717" Y="69885" Z="0"/>
					<Vertex X="102736" Y="69806" Z="0"/>
					<Vertex X="102736" Y="69746" Z="0"/>
					<Vertex X="102736" Y="69687" Z="0"/>
					<Vertex X="102756" Y="69588" Z="0"/>
					<Vertex X="102796" Y="69568" Z="0"/>
					<Vertex X="102816" Y="69509" Z="0"/>
					<Vertex X="102875" Y="69489" Z="0"/>
					<Vertex X="102915" Y="69449" Z="0"/>
					<Vertex X="102974" Y="69390" Z="0"/>
					<Vertex X="103014" Y="69390" Z="0"/>
					<Vertex X="103034" Y="69330" Z="0"/>
					<Vertex X="103093" Y="69291" Z="0"/>
					<Vertex X="103093" Y="69271" Z="0"/>
					<Vertex X="103153" Y="69211" Z="0"/>
					<Vertex X="103212" Y="69191" Z="0"/>
					<Vertex X="103252" Y="69112" Z="0"/>
					<Vertex X="103291" Y="69053" Z="0"/>
					<Vertex X="103351" Y="68993" Z="0"/>
					<Vertex X="103410" Y="68973" Z="0"/>
					<Vertex X="103510" Y="68934" Z="0"/>
					<Vertex X="103549" Y="68914" Z="0"/>
					<Vertex X="103609" Y="68874" Z="0"/>
					<Vertex X="103668" Y="68874" Z="0"/>
					<Vertex X="103688" Y="68854" Z="0"/>
					<Vertex X="103747" Y="68854" Z="0"/>
					<Vertex X="103807" Y="68815" Z="0"/>
					<Vertex X="103866" Y="68795" Z="0"/>
					<Vertex X="103926" Y="68795" Z="0"/>
					<Vertex X="103985" Y="68755" Z="0"/>
					<Vertex X="104025" Y="68735" Z="0"/>
					<Vertex X="104085" Y="68696" Z="0"/>
					<Vertex X="104144" Y="68696" Z="0"/>
					<Vertex X="104203" Y="68636" Z="0"/>
					<Vertex X="104243" Y="68616" Z="0"/>
					<Vertex X="104283" Y="68597" Z="0"/>
					<Vertex X="104322" Y="68557" Z="0"/>
					<Vertex X="104342" Y="68517" Z="0"/>
					<Vertex X="104362" Y="68497" Z="0"/>
					<Vertex X="104402" Y="68497" Z="0"/>
					<Vertex X="104422" Y="68458" Z="0"/>
					<Vertex X="104461" Y="68438" Z="0"/>
					<Vertex X="104481" Y="68398" Z="0"/>
					<Vertex X="104521" Y="68379" Z="0"/>
					<Vertex X="104560" Y="68339" Z="0"/>
					<Vertex X="104580" Y="68319" Z="0"/>
					<Vertex X="104620" Y="68299" Z="0"/>
					<Vertex X="104620" Y="68260" Z="0"/>
					<Vertex X="104640" Y="68260" Z="0"/>
					<Vertex X="104640" Y="68220" Z="0"/>
					<Vertex X="104679" Y="68200" Z="0"/>
					<Vertex X="104699" Y="68200" Z="0"/>
					<Vertex X="104699" Y="68160" Z="0"/>
					<Vertex X="104739" Y="68141" Z="0"/>
					<Vertex X="104759" Y="68141" Z="0"/>
					<Vertex X="104759" Y="68101" Z="0"/>
					<Vertex X="104778" Y="68101" Z="0"/>
					<Vertex X="104818" Y="68101" Z="0"/>
					<Vertex X="104818" Y="68081" Z="0"/>
					<Vertex X="104858" Y="68061" Z="0"/>
					<Vertex X="104957" Y="67982" Z="0"/>
					<Vertex X="105115" Y="67903" Z="0"/>
					<Vertex X="105274" Y="67823" Z="0"/>
					<Vertex X="105393" Y="67744" Z="0"/>
					<Vertex X="105829" Y="67526" Z="0"/>
					<Vertex X="107296" Y="66951" Z="0"/>
					<Vertex X="107276" Y="66832" Z="0"/>
					<Vertex X="107316" Y="66773" Z="0"/>
					<Vertex X="107356" Y="66674" Z="0"/>
					<Vertex X="107395" Y="66634" Z="0"/>
					<Vertex X="107455" Y="66535" Z="0"/>
					<Vertex X="107475" Y="66436" Z="0"/>
					<Vertex X="107514" Y="66356" Z="0"/>
					<Vertex X="107554" Y="66297" Z="0"/>
					<Vertex X="107613" Y="66178" Z="0"/>
					<Vertex X="107633" Y="66079" Z="0"/>
					<Vertex X="107673" Y="65999" Z="0"/>
					<Vertex X="107693" Y="65881" Z="0"/>
					<Vertex X="107732" Y="65821" Z="0"/>
					<Vertex X="107752" Y="65702" Z="0"/>
					<Vertex X="107752" Y="65603" Z="0"/>
					<Vertex X="107772" Y="65484" Z="0"/>
					<Vertex X="107772" Y="65405" Z="0"/>
					<Vertex X="107772" Y="65246" Z="0"/>
					<Vertex X="107772" Y="65187" Z="0"/>
					<Vertex X="107752" Y="65048" Z="0"/>
					<Vertex X="107752" Y="64929" Z="0"/>
					<Vertex X="107732" Y="64850" Z="0"/>
					<Vertex X="107693" Y="64691" Z="0"/>
					<Vertex X="107673" Y="64552" Z="0"/>
					<Vertex X="107633" Y="64433" Z="0"/>
					<Vertex X="107633" Y="64255" Z="0"/>
					<Vertex X="107613" Y="64136" Z="0"/>
					<Vertex X="107613" Y="63957" Z="0"/>
					<Vertex X="107613" Y="63799" Z="0"/>
					<Vertex X="107613" Y="63581" Z="0"/>
					<Vertex X="107574" Y="63383" Z="0"/>
					<Vertex X="107574" Y="63244" Z="0"/>
					<Vertex X="107574" Y="62986" Z="0"/>
					<Vertex X="107574" Y="62788" Z="0"/>
					<Vertex X="107574" Y="62550" Z="0"/>
					<Vertex X="107574" Y="62391" Z="0"/>
					<Vertex X="107574" Y="62173" Z="0"/>
					<Vertex X="107574" Y="62015" Z="0"/>
					<Vertex X="107613" Y="61737" Z="0"/>
					<Vertex X="107633" Y="61578" Z="0"/>
					<Vertex X="107673" Y="61261" Z="0"/>
					<Vertex X="107693" Y="61083" Z="0"/>
					<Vertex X="107752" Y="60766" Z="0"/>
					<Vertex X="107812" Y="60429" Z="0"/>
					<Vertex X="107871" Y="60230" Z="0"/>
					<Vertex X="107931" Y="59893" Z="0"/>
					<Vertex X="107990" Y="59536" Z="0"/>
					<Vertex X="108010" Y="59298" Z="0"/>
					<Vertex X="108089" Y="58942" Z="0"/>
					<Vertex X="108109" Y="58684" Z="0"/>
					<Vertex X="108168" Y="58268" Z="0"/>
					<Vertex X="108228" Y="57970" Z="0"/>
					<Vertex X="108287" Y="57554" Z="0"/>
					<Vertex X="108347" Y="57296" Z="0"/>
					<Vertex X="108406" Y="56880" Z="0"/>
					<Vertex X="108426" Y="56463" Z="0"/>
					<Vertex X="108466" Y="56226" Z="0"/>
					<Vertex X="108486" Y="55829" Z="0"/>
					<Vertex X="108525" Y="55571" Z="0"/>
					<Vertex X="108585" Y="55135" Z="0"/>
					<Vertex X="108624" Y="54758" Z="0"/>
					<Vertex X="108644" Y="54501" Z="0"/>
					<Vertex X="108664" Y="54104" Z="0"/>
					<Vertex X="108724" Y="53807" Z="0"/>
					<Vertex X="108763" Y="53410" Z="0"/>
					<Vertex X="108843" Y="52994" Z="0"/>
					<Vertex X="108902" Y="52697" Z="0"/>
					<Vertex X="108961" Y="52280" Z="0"/>
					<Vertex X="108961" Y="52062" Z="0"/>
					<Vertex X="109001" Y="51666" Z="0"/>
					<Vertex X="109021" Y="51269" Z="0"/>
					<Vertex X="109021" Y="51011" Z="0"/>
					<Vertex X="109061" Y="50615" Z="0"/>
					<Vertex X="109061" Y="50357" Z="0"/>
					<Vertex X="109061" Y="49961" Z="0"/>
					<Vertex X="109021" Y="49584" Z="0"/>
					<Vertex X="109001" Y="49306" Z="0"/>
					<Vertex X="108942" Y="48950" Z="0"/>
					<Vertex X="108882" Y="48751" Z="0"/>
					<Vertex X="108763" Y="48454" Z="0"/>
					<Vertex X="108624" Y="48157" Z="0"/>
					<Vertex X="108545" Y="47938" Z="0"/>
					<Vertex X="108367" Y="47681" Z="0"/>
					<Vertex X="108287" Y="47522" Z="0"/>
					<Vertex X="108129" Y="47324" Z="0"/>
					<Vertex X="108050" Y="47165" Z="0"/>
					<Vertex X="107891" Y="46987" Z="0"/>
					<Vertex X="107772" Y="46789" Z="0"/>
					<Vertex X="107712" Y="46670" Z="0"/>
					<Vertex X="107653" Y="46491" Z="0"/>
					<Vertex X="107633" Y="46313" Z="0"/>
					<Vertex X="107653" Y="46194" Z="0"/>
					<Vertex X="107712" Y="45976" Z="0"/>
					<Vertex X="108050" Y="45321" Z="0"/>
					<Vertex X="108843" Y="44172" Z="0"/>
					<Vertex X="108818" Y="43886" Z="0"/>
					<Vertex X="108946" Y="43629" Z="0"/>
					<Vertex X="108946" Y="43437" Z="0"/>
					<Vertex X="109010" Y="43052" Z="0"/>
					<Vertex X="109010" Y="42667" Z="0"/>
					<Vertex X="109138" Y="42475" Z="0"/>
					<Vertex X="109138" Y="42090" Z="0"/>
					<Vertex X="109138" Y="41897" Z="0"/>
					<Vertex X="109203" Y="41576" Z="0"/>
					<Vertex X="109203" Y="41384" Z="0"/>
					<Vertex X="109203" Y="41127" Z="0"/>
					<Vertex X="109203" Y="40935" Z="0"/>
					<Vertex X="109203" Y="40614" Z="0"/>
					<Vertex X="109331" Y="40357" Z="0"/>
					<Vertex X="109331" Y="40165" Z="0"/>
					<Vertex X="109331" Y="39972" Z="0"/>
					<Vertex X="109331" Y="39651" Z="0"/>
					<Vertex X="109331" Y="39459" Z="0"/>
					<Vertex X="109331" Y="39267" Z="0"/>
					<Vertex X="109203" Y="39010" Z="0"/>
					<Vertex X="109203" Y="38689" Z="0"/>
					<Vertex X="109203" Y="38497" Z="0"/>
					<Vertex X="109138" Y="38304" Z="0"/>
					<Vertex X="109138" Y="38112" Z="0"/>
					<Vertex X="109010" Y="37855" Z="0"/>
					<Vertex X="109010" Y="37727" Z="0"/>
					<Vertex X="108946" Y="37534" Z="0"/>
					<Vertex X="108946" Y="37342" Z="0"/>
					<Vertex X="108818" Y="37149" Z="0"/>
					<Vertex X="108818" Y="37085" Z="0"/>
					<Vertex X="108754" Y="36893" Z="0"/>
					<Vertex X="108625" Y="36764" Z="0"/>
					<Vertex X="108625" Y="36572" Z="0"/>
					<Vertex X="108561" Y="36508" Z="0"/>
					<Vertex X="108433" Y="36379" Z="0"/>
					<Vertex X="108433" Y="36315" Z="0"/>
					<Vertex X="108240" Y="36187" Z="0"/>
					<Vertex X="108176" Y="36187" Z="0"/>
					<Vertex X="107984" Y="36123" Z="0"/>
					<Vertex X="107855" Y="36123" Z="0"/>
					<Vertex X="107470" Y="36123" Z="0"/>
					<Vertex X="107406" Y="35994" Z="0"/>
					<Vertex X="107085" Y="35994" Z="0"/>
					<Vertex X="106893" Y="35994" Z="0"/>
					<Vertex X="106700" Y="35994" Z="0"/>
					<Vertex X="106444" Y="35994" Z="0"/>
					<Vertex X="106251" Y="35994" Z="0"/>
					<Vertex X="106166" Y="36142" Z="0"/>
					<Vertex X="104738" Y="36816" Z="0"/>
					<Vertex X="104362" Y="36995" Z="0"/>
					<Vertex X="104223" Y="37114" Z="0"/>
					<Vertex X="104025" Y="37213" Z="0"/>
					<Vertex X="103886" Y="37332" Z="0"/>
					<Vertex X="103767" Y="37411" Z="0"/>
					<Vertex X="103529" Y="37530" Z="0"/>
					<Vertex X="103410" Y="37589" Z="0"/>
					<Vertex X="103192" Y="37689" Z="0"/>
					<Vertex X="102994" Y="37808" Z="0"/>
					<Vertex X="102835" Y="37867" Z="0"/>
					<Vertex X="102637" Y="37986" Z="0"/>
					<Vertex X="102459" Y="38085" Z="0"/>
					<Vertex X="102340" Y="38105" Z="0"/>
					<Vertex X="102161" Y="38164" Z="0"/>
					<Vertex X="102042" Y="38184" Z="0"/>
					<Vertex X="101903" Y="38184" Z="0"/>
					<Vertex X="101804" Y="38184" Z="0"/>
					<Vertex X="101705" Y="38184" Z="0"/>
					<Vertex X="101626" Y="38125" Z="0"/>
					<Vertex X="101606" Y="38105" Z="0"/>
					<Vertex X="101547" Y="38006" Z="0"/>
					<Vertex X="101507" Y="37926" Z="0"/>
					<Vertex X="101487" Y="37847" Z="0"/>
					<Vertex X="101487" Y="37708" Z="0"/>
					<Vertex X="101507" Y="37570" Z="0"/>
					<Vertex X="101547" Y="37490" Z="0"/>
					<Vertex X="101626" Y="37332" Z="0"/>
					<Vertex X="101685" Y="37213" Z="0"/>
					<Vertex X="101745" Y="37054" Z="0"/>
					<Vertex X="101804" Y="36975" Z="0"/>
					<Vertex X="101903" Y="36816" Z="0"/>
					<Vertex X="101963" Y="36677" Z="0"/>
					<Vertex X="101983" Y="36598" Z="0"/>
					<Vertex X="102082" Y="36440" Z="0"/>
					<Vertex X="102121" Y="36321" Z="0"/>
					<Vertex X="102201" Y="36221" Z="0"/>
					<Vertex X="102240" Y="36103" Z="0"/>
					<Vertex X="102300" Y="35964" Z="0"/>
					<Vertex X="102359" Y="35865" Z="0"/>
					<Vertex X="102439" Y="35746" Z="0"/>
					<Vertex X="102498" Y="35627" Z="0"/>
					<Vertex X="102518" Y="35547" Z="0"/>
					<Vertex X="102558" Y="35448" Z="0"/>
					<Vertex X="102558" Y="35369" Z="0"/>
					<Vertex X="102518" Y="35309" Z="0"/>
					<Vertex X="102498" Y="35210" Z="0"/>
					<Vertex X="102439" Y="35131" Z="0"/>
					<Vertex X="102399" Y="35072" Z="0"/>
					<Vertex X="102340" Y="34972" Z="0"/>
					<Vertex X="102240" Y="34893" Z="0"/>
					<Vertex X="102201" Y="34834" Z="0"/>
					<Vertex X="102121" Y="34774" Z="0"/>
					<Vertex X="102082" Y="34675" Z="0"/>
					<Vertex X="102042" Y="34635" Z="0"/>
					<Vertex X="101963" Y="34536" Z="0"/>
					<Vertex X="101864" Y="34477" Z="0"/>
					<Vertex X="101745" Y="34417" Z="0"/>
					<Vertex X="101685" Y="34378" Z="0"/>
					<Vertex X="101566" Y="34358" Z="0"/>
					<Vertex X="101487" Y="34338" Z="0"/>
					<Vertex X="101368" Y="34358" Z="0"/>
					<Vertex X="101170" Y="34417" Z="0"/>
					<Vertex X="101091" Y="34477" Z="0"/>
					<Vertex X="100912" Y="34556" Z="0"/>
					<Vertex X="100793" Y="34655" Z="0"/>
					<Vertex X="100674" Y="34774" Z="0"/>
					<Vertex X="100535" Y="34913" Z="0"/>
					<Vertex X="100357" Y="35032" Z="0"/>
					<Vertex X="100198" Y="35151" Z="0"/>
					<Vertex X="100099" Y="35250" Z="0"/>
					<Vertex X="99961" Y="35369" Z="0"/>
					<Vertex X="99822" Y="35428" Z="0"/>
					<Vertex X="99683" Y="35488" Z="0"/>
					<Vertex X="99544" Y="35508" Z="0"/>
					<Vertex X="99465" Y="35508" Z="0"/>
					<Vertex X="99366" Y="35508" Z="0"/>
					<Vertex X="99247" Y="35508" Z="0"/>
					<Vertex X="99187" Y="35508" Z="0"/>
					<Vertex X="99068" Y="35448" Z="0"/>
					<Vertex X="98989" Y="35428" Z="0"/>
					<Vertex X="98850" Y="35409" Z="0"/>
					<Vertex X="98771" Y="35329" Z="0"/>
					<Vertex X="98711" Y="35309" Z="0"/>
					<Vertex X="98593" Y="35250" Z="0"/>
					<Vertex X="98493" Y="35191" Z="0"/>
					<Vertex X="98394" Y="35131" Z="0"/>
					<Vertex X="98295" Y="35111" Z="0"/>
					<Vertex X="98216" Y="35032" Z="0"/>
					<Vertex X="98097" Y="34972" Z="0"/>
					<Vertex X="98018" Y="34953" Z="0"/>
					<Vertex X="97918" Y="34893" Z="0"/>
					<Vertex X="97819" Y="34873" Z="0"/>
					<Vertex X="97740" Y="34834" Z="0"/>
					<Vertex X="97681" Y="34774" Z="0"/>
					<Vertex X="97581" Y="34735" Z="0"/>
					<Vertex X="97522" Y="34715" Z="0"/>
					<Vertex X="97462" Y="34675" Z="0"/>
					<Vertex X="97403" Y="34655" Z="0"/>
					<Vertex X="97363" Y="34635" Z="0"/>
					<Vertex X="97324" Y="34596" Z="0"/>
					<Vertex X="97225" Y="34556" Z="0"/>
					<Vertex X="97205" Y="34556" Z="0"/>
					<Vertex X="97106" Y="34536" Z="0"/>
					<Vertex X="97046" Y="34516" Z="0"/>
					<Vertex X="96987" Y="34477" Z="0"/>
					<Vertex X="96927" Y="34437" Z="0"/>
					<Vertex X="96828" Y="34417" Z="0"/>
					<Vertex X="96749" Y="34417" Z="0"/>
					<Vertex X="96689" Y="34378" Z="0"/>
					<Vertex X="96610" Y="34358" Z="0"/>
					<Vertex X="96551" Y="34338" Z="0"/>
					<Vertex X="96511" Y="34338" Z="0"/>
					<Vertex X="96511" Y="34358" Z="0"/>
					<Vertex X="96570" Y="34259" Z="0"/>
					<Vertex X="96451" Y="34259" Z="0"/>
					<Vertex X="96332" Y="34239" Z="0"/>
					<Vertex X="96154" Y="34259" Z="0"/>
					<Vertex X="96015" Y="34259" Z="0"/>
					<Vertex X="95797" Y="34259" Z="0"/>
					<Vertex X="95559" Y="34239" Z="0"/>
					<Vertex X="95420" Y="34239" Z="0"/>
					<Vertex X="95183" Y="34239" Z="0"/>
					<Vertex X="94945" Y="34259" Z="0"/>
					<Vertex X="94786" Y="34259" Z="0"/>
					<Vertex X="94548" Y="34298" Z="0"/>
					<Vertex X="94409" Y="34298" Z="0"/>
					<Vertex X="94191" Y="34338" Z="0"/>
					<Vertex X="93993" Y="34358" Z="0"/>
					<Vertex X="93874" Y="34378" Z="0"/>
					<Vertex X="93715" Y="34417" Z="0"/>
					<Vertex X="93597" Y="34437" Z="0"/>
					<Vertex X="93418" Y="34516" Z="0"/>
					<Vertex X="93240" Y="34596" Z="0"/>
					<Vertex X="93061" Y="34655" Z="0"/>
					<Vertex X="92982" Y="34715" Z="0"/>
					<Vertex X="92823" Y="34774" Z="0"/>
					<Vertex X="92645" Y="34873" Z="0"/>
					<Vertex X="92546" Y="34913" Z="0"/>
					<Vertex X="92407" Y="34972" Z="0"/>
					<Vertex X="92328" Y="35032" Z="0"/>
					<Vertex X="92169" Y="35111" Z="0"/>
					<Vertex X="92050" Y="35151" Z="0"/>
					<Vertex X="91911" Y="35270" Z="0"/>
					<Vertex X="91792" Y="35329" Z="0"/>
					<Vertex X="91594" Y="35448" Z="0"/>
					<Vertex X="91475" Y="35567" Z="0"/>
					<Vertex X="91317" Y="35686" Z="0"/>
					<Vertex X="91198" Y="35805" Z="0"/>
					<Vertex X="90999" Y="36003" Z="0"/>
					<Vertex X="90861" Y="36162" Z="0"/>
					<Vertex X="90742" Y="36321" Z="0"/>
					<Vertex X="90662" Y="36440" Z="0"/>
					<Vertex X="90524" Y="36598" Z="0"/>
					<Vertex X="90424" Y="36757" Z="0"/>
					<Vertex X="90325" Y="36896" Z="0"/>
					<Vertex X="90226" Y="37034" Z="0"/>
					<Vertex X="90147" Y="37153" Z="0"/>
					<Vertex X="90068" Y="37332" Z="0"/>
					<Vertex X="90008" Y="37490" Z="0"/>
					<Vertex X="89929" Y="37649" Z="0"/>
					<Vertex X="89889" Y="37768" Z="0"/>
					<Vertex X="89830" Y="37867" Z="0"/>
					<Vertex X="89770" Y="37986" Z="0"/>
					<Vertex X="89731" Y="38045" Z="0"/>
					<Vertex X="89671" Y="38125" Z="0"/>
					<Vertex X="89651" Y="38125" Z="0"/>
					<Vertex X="89592" Y="38164" Z="0"/>
					<Vertex X="89552" Y="38164" Z="0"/>
					<Vertex X="89473" Y="38164" Z="0"/>
					<Vertex X="89354" Y="38164" Z="0"/>
					<Vertex X="89275" Y="38125" Z="0"/>
					<Vertex X="89156" Y="38105" Z="0"/>
					<Vertex X="89017" Y="38085" Z="0"/>
					<Vertex X="88938" Y="38045" Z="0"/>
					<Vertex X="88739" Y="37986" Z="0"/>
					<Vertex X="88620" Y="37926" Z="0"/>
					<Vertex X="88482" Y="37847" Z="0"/>
					<Vertex X="88363" Y="37768" Z="0"/>
					<Vertex X="88244" Y="37649" Z="0"/>
					<Vertex X="88164" Y="37570" Z="0"/>
					<Vertex X="88065" Y="37451" Z="0"/>
					<Vertex X="88006" Y="37391" Z="0"/>
					<Vertex X="87946" Y="37233" Z="0"/>
					<Vertex X="87887" Y="37193" Z="0"/>
					<Vertex X="87867" Y="37034" Z="0"/>
					<Vertex X="87867" Y="36896" Z="0"/>
					<Vertex X="87827" Y="36757" Z="0"/>
					<Vertex X="87827" Y="36618" Z="0"/>
					<Vertex X="87827" Y="36499" Z="0"/>
					<Vertex X="87827" Y="36321" Z="0"/>
					<Vertex X="87827" Y="36103" Z="0"/>
					<Vertex X="87827" Y="36003" Z="0"/>
					<Vertex X="87827" Y="35785" Z="0"/>
					<Vertex X="87827" Y="35567" Z="0"/>
					<Vertex X="87827" Y="35448" Z="0"/>
					<Vertex X="87827" Y="35210" Z="0"/>
					<Vertex X="87788" Y="35012" Z="0"/>
					<Vertex X="87788" Y="34853" Z="0"/>
					<Vertex X="87788" Y="34655" Z="0"/>
					<Vertex X="87768" Y="34437" Z="0"/>
					<Vertex X="87768" Y="34298" Z="0"/>
					<Vertex X="87768" Y="34060" Z="0"/>
					<Vertex X="87788" Y="33882" Z="0"/>
					<Vertex X="87788" Y="33604" Z="0"/>
					<Vertex X="87768" Y="33367" Z="0"/>
					<Vertex X="87768" Y="33188" Z="0"/>
					<Vertex X="87768" Y="32990" Z="0"/>
					<Vertex X="87728" Y="32752" Z="0"/>
					<Vertex X="87728" Y="32534" Z="0"/>
					<Vertex X="87708" Y="32395" Z="0"/>
					<Vertex X="87669" Y="32217" Z="0"/>
					<Vertex X="87649" Y="32098" Z="0"/>
					<Vertex X="87609" Y="31919" Z="0"/>
					<Vertex X="87609" Y="31800" Z="0"/>
					<Vertex X="87589" Y="31642" Z="0"/>
					<Vertex X="87550" Y="31463" Z="0"/>
					<Vertex X="87530" Y="31344" Z="0"/>
					<Vertex X="87530" Y="31166" Z="0"/>
					<Vertex X="87490" Y="30988" Z="0"/>
					<Vertex X="87490" Y="30849" Z="0"/>
					<Vertex X="87490" Y="30631" Z="0"/>
					<Vertex X="87470" Y="30512" Z="0"/>
					<Vertex X="87431" Y="30333" Z="0"/>
					<Vertex X="87431" Y="30254" Z="0"/>
					<Vertex X="87411" Y="30076" Z="0"/>
					<Vertex X="87371" Y="29897" Z="0"/>
					<Vertex X="87351" Y="29798" Z="0"/>
					<Vertex X="87312" Y="29659" Z="0"/>
					<Vertex X="87252" Y="29540" Z="0"/>
					<Vertex X="87233" Y="29421" Z="0"/>
					<Vertex X="87173" Y="29322" Z="0"/>
					<Vertex X="87114" Y="29243" Z="0"/>
					<Vertex X="87054" Y="29144" Z="0"/>
					<Vertex X="87014" Y="29084" Z="0"/>
					<Vertex X="86935" Y="29025" Z="0"/>
					<Vertex X="86895" Y="28985" Z="0"/>
					<Vertex X="86836" Y="28886" Z="0"/>
					<Vertex X="86816" Y="28866" Z="0"/>
					<Vertex X="86777" Y="28807" Z="0"/>
					<Vertex X="86757" Y="28708" Z="0"/>
					<Vertex X="86757" Y="28608" Z="0"/>
					<Vertex X="86717" Y="28549" Z="0"/>
					<Vertex X="86717" Y="28430" Z="0"/>
					<Vertex X="86717" Y="28311" Z="0"/>
					<Vertex X="86717" Y="28232" Z="0"/>
					<Vertex X="86717" Y="28113" Z="0"/>
					<Vertex X="86717" Y="28053" Z="0"/>
					<Vertex X="86717" Y="27954" Z="0"/>
					<Vertex X="86717" Y="27895" Z="0"/>
					<Vertex X="86717" Y="27776" Z="0"/>
					<Vertex X="86757" Y="27696" Z="0"/>
					<Vertex X="86757" Y="27538" Z="0"/>
					<Vertex X="86757" Y="27478" Z="0"/>
					<Vertex X="86777" Y="27359" Z="0"/>
					<Vertex X="86777" Y="27240" Z="0"/>
					<Vertex X="86777" Y="27181" Z="0"/>
					<Vertex X="86816" Y="27062" Z="0"/>
					<Vertex X="86816" Y="27003" Z="0"/>
					<Vertex X="86816" Y="26923" Z="0"/>
					<Vertex X="86836" Y="26804" Z="0"/>
					<Vertex X="86836" Y="26745" Z="0"/>
					<Vertex X="86876" Y="26646" Z="0"/>
					<Vertex X="86876" Y="26586" Z="0"/>
					<Vertex X="86895" Y="26467" Z="0"/>
					<Vertex X="86935" Y="26408" Z="0"/>
					<Vertex X="86935" Y="26329" Z="0"/>
					<Vertex X="86955" Y="26210" Z="0"/>
					<Vertex X="86995" Y="26150" Z="0"/>
					<Vertex X="87014" Y="26031" Z="0"/>
					<Vertex X="87054" Y="25932" Z="0"/>
					<Vertex X="87074" Y="25853" Z="0"/>
					<Vertex X="87074" Y="25734" Z="0"/>
					<Vertex X="87114" Y="25674" Z="0"/>
					<Vertex X="87133" Y="25555" Z="0"/>
					<Vertex X="87173" Y="25456" Z="0"/>
					<Vertex X="87193" Y="25377" Z="0"/>
					<Vertex X="87233" Y="25278" Z="0"/>
					<Vertex X="87233" Y="25218" Z="0"/>
					<Vertex X="87233" Y="25139" Z="0"/>
					<Vertex X="87233" Y="25080" Z="0"/>
					<Vertex X="87233" Y="24961" Z="0"/>
					<Vertex X="87233" Y="24861" Z="0"/>
					<Vertex X="87193" Y="24742" Z="0"/>
					<Vertex X="87193" Y="24683" Z="0"/>
					<Vertex X="87173" Y="24604" Z="0"/>
					<Vertex X="87133" Y="24544" Z="0"/>
					<Vertex X="87114" Y="24425" Z="0"/>
					<Vertex X="87074" Y="24326" Z="0"/>
					<Vertex X="87054" Y="24247" Z="0"/>
					<Vertex X="86995" Y="24148" Z="0"/>
					<Vertex X="86955" Y="24088" Z="0"/>
					<Vertex X="86935" Y="24009" Z="0"/>
					<Vertex X="86895" Y="23949" Z="0"/>
					<Vertex X="86876" Y="23910" Z="0"/>
					<Vertex X="86836" Y="23831" Z="0"/>
					<Vertex X="86816" Y="23791" Z="0"/>
					<Vertex X="86777" Y="23731" Z="0"/>
					<Vertex X="86757" Y="23712" Z="0"/>
					<Vertex X="86717" Y="23672" Z="0"/>
					<Vertex X="86658" Y="23672" Z="0"/>
					<Vertex X="86598" Y="23652" Z="0"/>
					<Vertex X="86578" Y="23652" Z="0"/>
					<Vertex X="86479" Y="23652" Z="0"/>
					<Vertex X="86459" Y="23652" Z="0"/>
					<Vertex X="86360" Y="23652" Z="0"/>
					<Vertex X="86340" Y="23672" Z="0"/>
					<Vertex X="86241" Y="23731" Z="0"/>
					<Vertex X="86221" Y="23771" Z="0"/>
					<Vertex X="86182" Y="23831" Z="0"/>
					<Vertex X="86122" Y="23910" Z="0"/>
					<Vertex X="86102" Y="23969" Z="0"/>
					<Vertex X="86043" Y="24088" Z="0"/>
					<Vertex X="86003" Y="24148" Z="0"/>
					<Vertex X="86003" Y="24207" Z="0"/>
					<Vertex X="85984" Y="24306" Z="0"/>
					<Vertex X="85984" Y="24386" Z="0"/>
					<Vertex X="85944" Y="24445" Z="0"/>
					<Vertex X="85944" Y="24544" Z="0"/>
					<Vertex X="85944" Y="24604" Z="0"/>
					<Vertex X="85944" Y="24663" Z="0"/>
					<Vertex X="85924" Y="24742" Z="0"/>
					<Vertex X="85924" Y="24802" Z="0"/>
					<Vertex X="85884" Y="24901" Z="0"/>
					<Vertex X="85884" Y="24961" Z="0"/>
					<Vertex X="85865" Y="25080" Z="0"/>
					<Vertex X="85865" Y="25159" Z="0"/>
					<Vertex X="85865" Y="25278" Z="0"/>
					<Vertex X="85825" Y="25337" Z="0"/>
					<Vertex X="85825" Y="25436" Z="0"/>
					<Vertex X="85865" Y="25496" Z="0"/>
					<Vertex X="85865" Y="25615" Z="0"/>
					<Vertex X="85884" Y="25674" Z="0"/>
					<Vertex X="85884" Y="25734" Z="0"/>
					<Vertex X="85924" Y="25813" Z="0"/>
					<Vertex X="85944" Y="25873" Z="0"/>
					<Vertex X="85944" Y="25932" Z="0"/>
					<Vertex X="86003" Y="25991" Z="0"/>
					<Vertex X="86003" Y="26031" Z="0"/>
					<Vertex X="86043" Y="26091" Z="0"/>
					<Vertex X="86063" Y="26150" Z="0"/>
					<Vertex X="86102" Y="26170" Z="0"/>
					<Vertex X="86122" Y="26229" Z="0"/>
					<Vertex X="86162" Y="26269" Z="0"/>
					<Vertex X="86182" Y="26348" Z="0"/>
					<Vertex X="86241" Y="26447" Z="0"/>
				</Vertices>
			</Region>
		</Regions>
		<Plots/>
	</Annotation>
</Annotations>
