<Annotations MicronsPerPixel="0.252200">
	<Annotation Id="1" Name="" ReadOnly="0" NameReadOnly="0" LineColorReadOnly="0" Incremental="0" Type="4" LineColor="16711935" Visible="1" Selected="1" MarkupImagePath="" MacroName="">
		<Attributes/>
		<Regions>
			<RegionAttributeHeaders>
				<AttributeHeader Id="9999" Name="Region" ColumnWidth="-1"/>
				<AttributeHeader Id="9997" Name="Length" ColumnWidth="-1"/>
				<AttributeHeader Id="9996" Name="Area" ColumnWidth="-1"/>
				<AttributeHeader Id="9998" Name="Text" ColumnWidth="-1"/>
			</RegionAttributeHeaders>
			<Region Id="1" Type="0" Zoom="0.015391" Selected="0" ImageLocation="" ImageFocus="-1" Length="156369.9" Area="945343868.0" LengthMicrons="39436.5" AreaMicrons="60128445.5" Text="" NegativeROA="0" InputRegionId="0" Analyze="1" DisplayId="1">
				<Attributes/>
				<Vertices>
					<Vertex X="110138" Y="64344" Z="0"/>
					<Vertex X="105694" Y="62025" Z="0"/>
					<Vertex X="105501" Y="61768" Z="0"/>
					<Vertex X="105308" Y="61639" Z="0"/>
					<Vertex X="105114" Y="61446" Z="0"/>
					<Vertex X="105050" Y="61446" Z="0"/>
					<Vertex X="104857" Y="61253" Z="0"/>
					<Vertex X="104728" Y="61188" Z="0"/>
					<Vertex X="104535" Y="61059" Z="0"/>
					<Vertex X="104341" Y="60995" Z="0"/>
					<Vertex X="104148" Y="60866" Z="0"/>
					<Vertex X="103955" Y="60737" Z="0"/>
					<Vertex X="103762" Y="60673" Z="0"/>
					<Vertex X="103697" Y="60480" Z="0"/>
					<Vertex X="103440" Y="60351" Z="0"/>
					<Vertex X="103311" Y="60286" Z="0"/>
					<Vertex X="103118" Y="60158" Z="0"/>
					<Vertex X="102796" Y="60093" Z="0"/>
					<Vertex X="102602" Y="60029" Z="0"/>
					<Vertex X="102409" Y="59900" Z="0"/>
					<Vertex X="102216" Y="59836" Z="0"/>
					<Vertex X="102023" Y="59707" Z="0"/>
					<Vertex X="101958" Y="59578" Z="0"/>
					<Vertex X="101765" Y="59578" Z="0"/>
					<Vertex X="101572" Y="59514" Z="0"/>
					<Vertex X="101379" Y="59514" Z="0"/>
					<Vertex X="101185" Y="59449" Z="0"/>
					<Vertex X="100992" Y="59449" Z="0"/>
					<Vertex X="100863" Y="59449" Z="0"/>
					<Vertex X="100670" Y="59320" Z="0"/>
					<Vertex X="100541" Y="59320" Z="0"/>
					<Vertex X="100348" Y="59320" Z="0"/>
					<Vertex X="100219" Y="59320" Z="0"/>
					<Vertex X="100090" Y="59320" Z="0"/>
					<Vertex X="99768" Y="59320" Z="0"/>
					<Vertex X="99704" Y="59320" Z="0"/>
					<Vertex X="99511" Y="59320" Z="0"/>
					<Vertex X="99253" Y="59320" Z="0"/>
					<Vertex X="98996" Y="59449" Z="0"/>
					<Vertex X="98802" Y="59449" Z="0"/>
					<Vertex X="98545" Y="59514" Z="0"/>
					<Vertex X="98480" Y="59578" Z="0"/>
					<Vertex X="98287" Y="59707" Z="0"/>
					<Vertex X="98158" Y="59836" Z="0"/>
					<Vertex X="97965" Y="59900" Z="0"/>
					<Vertex X="97901" Y="60093" Z="0"/>
					<Vertex X="97707" Y="60158" Z="0"/>
					<Vertex X="97579" Y="60286" Z="0"/>
					<Vertex X="97514" Y="60351" Z="0"/>
					<Vertex X="97257" Y="60480" Z="0"/>
					<Vertex X="97257" Y="60608" Z="0"/>
					<Vertex X="97192" Y="60608" Z="0"/>
					<Vertex X="96999" Y="60673" Z="0"/>
					<Vertex X="96870" Y="60673" Z="0"/>
					<Vertex X="96806" Y="60673" Z="0"/>
					<Vertex X="96741" Y="60737" Z="0"/>
					<Vertex X="96548" Y="60737" Z="0"/>
					<Vertex X="96419" Y="60737" Z="0"/>
					<Vertex X="96290" Y="60737" Z="0"/>
					<Vertex X="96033" Y="60737" Z="0"/>
					<Vertex X="95840" Y="60737" Z="0"/>
					<Vertex X="95646" Y="60737" Z="0"/>
					<Vertex X="95453" Y="60737" Z="0"/>
					<Vertex X="95324" Y="60737" Z="0"/>
					<Vertex X="95131" Y="60737" Z="0"/>
					<Vertex X="95002" Y="60737" Z="0"/>
					<Vertex X="94873" Y="60737" Z="0"/>
					<Vertex X="94551" Y="60737" Z="0"/>
					<Vertex X="94487" Y="60866" Z="0"/>
					<Vertex X="94423" Y="60866" Z="0"/>
					<Vertex X="94229" Y="60995" Z="0"/>
					<Vertex X="94101" Y="60995" Z="0"/>
					<Vertex X="93907" Y="61059" Z="0"/>
					<Vertex X="93778" Y="61059" Z="0"/>
					<Vertex X="93585" Y="61188" Z="0"/>
					<Vertex X="93521" Y="61188" Z="0"/>
					<Vertex X="93328" Y="61253" Z="0"/>
					<Vertex X="93134" Y="61317" Z="0"/>
					<Vertex X="93070" Y="61446" Z="0"/>
					<Vertex X="92812" Y="61446" Z="0"/>
					<Vertex X="92748" Y="61575" Z="0"/>
					<Vertex X="92684" Y="61639" Z="0"/>
					<Vertex X="92555" Y="61768" Z="0"/>
					<Vertex X="92490" Y="61832" Z="0"/>
					<Vertex X="92361" Y="61832" Z="0"/>
					<Vertex X="92297" Y="61961" Z="0"/>
					<Vertex X="92168" Y="62025" Z="0"/>
					<Vertex X="91975" Y="62090" Z="0"/>
					<Vertex X="91846" Y="62090" Z="0"/>
					<Vertex X="91782" Y="62090" Z="0"/>
					<Vertex X="91653" Y="62219" Z="0"/>
					<Vertex X="91524" Y="62219" Z="0"/>
					<Vertex X="91395" Y="62219" Z="0"/>
					<Vertex X="91202" Y="62219" Z="0"/>
					<Vertex X="91009" Y="62347" Z="0"/>
					<Vertex X="90816" Y="62347" Z="0"/>
					<Vertex X="90751" Y="62347" Z="0"/>
					<Vertex X="90558" Y="62347" Z="0"/>
					<Vertex X="90429" Y="62347" Z="0"/>
					<Vertex X="90236" Y="62347" Z="0"/>
					<Vertex X="90043" Y="62347" Z="0"/>
					<Vertex X="89850" Y="62347" Z="0"/>
					<Vertex X="89656" Y="62347" Z="0"/>
					<Vertex X="89463" Y="62347" Z="0"/>
					<Vertex X="89270" Y="62347" Z="0"/>
					<Vertex X="89077" Y="62347" Z="0"/>
					<Vertex X="88819" Y="62347" Z="0"/>
					<Vertex X="88626" Y="62347" Z="0"/>
					<Vertex X="88368" Y="62347" Z="0"/>
					<Vertex X="88175" Y="62219" Z="0"/>
					<Vertex X="87853" Y="62219" Z="0"/>
					<Vertex X="87595" Y="62219" Z="0"/>
					<Vertex X="87338" Y="62219" Z="0"/>
					<Vertex X="87144" Y="62090" Z="0"/>
					<Vertex X="86887" Y="62090" Z="0"/>
					<Vertex X="86565" Y="62090" Z="0"/>
					<Vertex X="86178" Y="62090" Z="0"/>
					<Vertex X="85792" Y="62090" Z="0"/>
					<Vertex X="85534" Y="62090" Z="0"/>
					<Vertex X="85212" Y="62090" Z="0"/>
					<Vertex X="84826" Y="62090" Z="0"/>
					<Vertex X="84632" Y="62025" Z="0"/>
					<Vertex X="84375" Y="62025" Z="0"/>
					<Vertex X="83860" Y="62025" Z="0"/>
					<Vertex X="83602" Y="62025" Z="0"/>
					<Vertex X="83280" Y="62025" Z="0"/>
					<Vertex X="82958" Y="62025" Z="0"/>
					<Vertex X="82507" Y="62025" Z="0"/>
					<Vertex X="82249" Y="62090" Z="0"/>
					<Vertex X="81927" Y="62090" Z="0"/>
					<Vertex X="81670" Y="62090" Z="0"/>
					<Vertex X="81412" Y="62090" Z="0"/>
					<Vertex X="81026" Y="62090" Z="0"/>
					<Vertex X="80768" Y="62219" Z="0"/>
					<Vertex X="80510" Y="62219" Z="0"/>
					<Vertex X="80317" Y="62347" Z="0"/>
					<Vertex X="79995" Y="62347" Z="0"/>
					<Vertex X="79480" Y="62412" Z="0"/>
					<Vertex X="79415" Y="62412" Z="0"/>
					<Vertex X="78900" Y="62476" Z="0"/>
					<Vertex X="78643" Y="62605" Z="0"/>
					<Vertex X="78385" Y="62605" Z="0"/>
					<Vertex X="78063" Y="62734" Z="0"/>
					<Vertex X="77870" Y="62734" Z="0"/>
					<Vertex X="77548" Y="62798" Z="0"/>
					<Vertex X="77290" Y="62798" Z="0"/>
					<Vertex X="77032" Y="62927" Z="0"/>
					<Vertex X="76710" Y="62992" Z="0"/>
					<Vertex X="76453" Y="63185" Z="0"/>
					<Vertex X="76131" Y="63249" Z="0"/>
					<Vertex X="75809" Y="63378" Z="0"/>
					<Vertex X="75680" Y="63507" Z="0"/>
					<Vertex X="75487" Y="63571" Z="0"/>
					<Vertex X="75293" Y="63636" Z="0"/>
					<Vertex X="75100" Y="63764" Z="0"/>
					<Vertex X="74971" Y="63893" Z="0"/>
					<Vertex X="74714" Y="63958" Z="0"/>
					<Vertex X="74456" Y="64215" Z="0"/>
					<Vertex X="74263" Y="64344" Z="0"/>
					<Vertex X="74070" Y="64537" Z="0"/>
					<Vertex X="74005" Y="64731" Z="0"/>
					<Vertex X="73812" Y="64924" Z="0"/>
					<Vertex X="73619" Y="65181" Z="0"/>
					<Vertex X="73425" Y="65439" Z="0"/>
					<Vertex X="73232" Y="65632" Z="0"/>
					<Vertex X="73039" Y="65890" Z="0"/>
					<Vertex X="72717" Y="66148" Z="0"/>
					<Vertex X="72524" Y="66470" Z="0"/>
					<Vertex X="72331" Y="66792" Z="0"/>
					<Vertex X="72266" Y="66920" Z="0"/>
					<Vertex X="72073" Y="67243" Z="0"/>
					<Vertex X="71880" Y="67629" Z="0"/>
					<Vertex X="71815" Y="67822" Z="0"/>
					<Vertex X="71622" Y="68080" Z="0"/>
					<Vertex X="71493" Y="68337" Z="0"/>
					<Vertex X="71300" Y="68724" Z="0"/>
					<Vertex X="71236" Y="68982" Z="0"/>
					<Vertex X="71107" Y="69497" Z="0"/>
					<Vertex X="70914" Y="69754" Z="0"/>
					<Vertex X="70914" Y="70012" Z="0"/>
					<Vertex X="70785" Y="70334" Z="0"/>
					<Vertex X="70720" Y="70721" Z="0"/>
					<Vertex X="70591" Y="71107" Z="0"/>
					<Vertex X="70591" Y="71365" Z="0"/>
					<Vertex X="70591" Y="71558" Z="0"/>
					<Vertex X="70527" Y="71880" Z="0"/>
					<Vertex X="70527" Y="72073" Z="0"/>
					<Vertex X="70527" Y="72266" Z="0"/>
					<Vertex X="70527" Y="72460" Z="0"/>
					<Vertex X="70527" Y="72524" Z="0"/>
					<Vertex X="70527" Y="72717" Z="0"/>
					<Vertex X="70527" Y="72910" Z="0"/>
					<Vertex X="70463" Y="73168" Z="0"/>
					<Vertex X="70463" Y="73297" Z="0"/>
					<Vertex X="70334" Y="73426" Z="0"/>
					<Vertex X="70334" Y="73490" Z="0"/>
					<Vertex X="70269" Y="73619" Z="0"/>
					<Vertex X="70076" Y="73812" Z="0"/>
					<Vertex X="69947" Y="73877" Z="0"/>
					<Vertex X="69883" Y="74005" Z="0"/>
					<Vertex X="69754" Y="74134" Z="0"/>
					<Vertex X="69690" Y="74134" Z="0"/>
					<Vertex X="69561" Y="74199" Z="0"/>
					<Vertex X="69497" Y="74263" Z="0"/>
					<Vertex X="69368" Y="74263" Z="0"/>
					<Vertex X="69175" Y="74392" Z="0"/>
					<Vertex X="69046" Y="74456" Z="0"/>
					<Vertex X="68788" Y="74585" Z="0"/>
					<Vertex X="68724" Y="74649" Z="0"/>
					<Vertex X="68595" Y="74778" Z="0"/>
					<Vertex X="68402" Y="74843" Z="0"/>
					<Vertex X="68337" Y="74972" Z="0"/>
					<Vertex X="68208" Y="75100" Z="0"/>
					<Vertex X="68015" Y="75100" Z="0"/>
					<Vertex X="67951" Y="75229" Z="0"/>
					<Vertex X="67758" Y="75358" Z="0"/>
					<Vertex X="67629" Y="75422" Z="0"/>
					<Vertex X="67435" Y="75616" Z="0"/>
					<Vertex X="67242" Y="75744" Z="0"/>
					<Vertex X="67049" Y="75809" Z="0"/>
					<Vertex X="66985" Y="75809" Z="0"/>
					<Vertex X="66791" Y="75938" Z="0"/>
					<Vertex X="66663" Y="75938" Z="0"/>
					<Vertex X="66469" Y="76066" Z="0"/>
					<Vertex X="66405" Y="76131" Z="0"/>
					<Vertex X="66212" Y="76131" Z="0"/>
					<Vertex X="66083" Y="76260" Z="0"/>
					<Vertex X="66018" Y="76260" Z="0"/>
					<Vertex X="65761" Y="76324" Z="0"/>
					<Vertex X="65568" Y="76389" Z="0"/>
					<Vertex X="65503" Y="76389" Z="0"/>
					<Vertex X="65310" Y="76517" Z="0"/>
					<Vertex X="65246" Y="76582" Z="0"/>
					<Vertex X="65117" Y="76582" Z="0"/>
					<Vertex X="64924" Y="76711" Z="0"/>
					<Vertex X="64730" Y="76711" Z="0"/>
					<Vertex X="64666" Y="76711" Z="0"/>
					<Vertex X="64537" Y="76582" Z="0"/>
					<Vertex X="64473" Y="76582" Z="0"/>
					<Vertex X="64344" Y="76517" Z="0"/>
					<Vertex X="64279" Y="76517" Z="0"/>
					<Vertex X="64151" Y="76517" Z="0"/>
					<Vertex X="63957" Y="76389" Z="0"/>
					<Vertex X="63764" Y="76389" Z="0"/>
					<Vertex X="63700" Y="76389" Z="0"/>
					<Vertex X="63507" Y="76389" Z="0"/>
					<Vertex X="63378" Y="76389" Z="0"/>
					<Vertex X="63185" Y="76517" Z="0"/>
					<Vertex X="62991" Y="76517" Z="0"/>
					<Vertex X="62798" Y="76582" Z="0"/>
					<Vertex X="62605" Y="76582" Z="0"/>
					<Vertex X="62347" Y="76711" Z="0"/>
					<Vertex X="62218" Y="76775" Z="0"/>
					<Vertex X="61961" Y="76904" Z="0"/>
					<Vertex X="61832" Y="77033" Z="0"/>
					<Vertex X="61639" Y="77033" Z="0"/>
					<Vertex X="61574" Y="77097" Z="0"/>
					<Vertex X="61252" Y="77161" Z="0"/>
					<Vertex X="61059" Y="77290" Z="0"/>
					<Vertex X="60930" Y="77355" Z="0"/>
					<Vertex X="60673" Y="77483" Z="0"/>
					<Vertex X="60608" Y="77548" Z="0"/>
					<Vertex X="60351" Y="77548" Z="0"/>
					<Vertex X="60157" Y="77677" Z="0"/>
					<Vertex X="59964" Y="77741" Z="0"/>
					<Vertex X="59835" Y="77999" Z="0"/>
					<Vertex X="59706" Y="78063" Z="0"/>
					<Vertex X="59578" Y="78128" Z="0"/>
					<Vertex X="59513" Y="78128" Z="0"/>
					<Vertex X="59384" Y="78256" Z="0"/>
					<Vertex X="59384" Y="78321" Z="0"/>
					<Vertex X="59384" Y="78450" Z="0"/>
					<Vertex X="59384" Y="78514" Z="0"/>
					<Vertex X="59384" Y="78643" Z="0"/>
					<Vertex X="59384" Y="78707" Z="0"/>
					<Vertex X="59320" Y="78836" Z="0"/>
					<Vertex X="59191" Y="78836" Z="0"/>
					<Vertex X="59191" Y="78900" Z="0"/>
					<Vertex X="59127" Y="78900" Z="0"/>
					<Vertex X="58998" Y="78900" Z="0"/>
					<Vertex X="58934" Y="79029" Z="0"/>
					<Vertex X="58869" Y="79029" Z="0"/>
					<Vertex X="58612" Y="79029" Z="0"/>
					<Vertex X="58418" Y="79158" Z="0"/>
					<Vertex X="58225" Y="79158" Z="0"/>
					<Vertex X="58096" Y="79222" Z="0"/>
					<Vertex X="57967" Y="79222" Z="0"/>
					<Vertex X="57774" Y="79287" Z="0"/>
					<Vertex X="57581" Y="79287" Z="0"/>
					<Vertex X="57388" Y="79287" Z="0"/>
					<Vertex X="57130" Y="79416" Z="0"/>
					<Vertex X="56873" Y="79416" Z="0"/>
					<Vertex X="56679" Y="79480" Z="0"/>
					<Vertex X="56486" Y="79480" Z="0"/>
					<Vertex X="56422" Y="79480" Z="0"/>
					<Vertex X="56228" Y="79609" Z="0"/>
					<Vertex X="56035" Y="79673" Z="0"/>
					<Vertex X="55906" Y="79802" Z="0"/>
					<Vertex X="55713" Y="79995" Z="0"/>
					<Vertex X="55649" Y="80060" Z="0"/>
					<Vertex X="55520" Y="80253" Z="0"/>
					<Vertex X="55456" Y="80446" Z="0"/>
					<Vertex X="55456" Y="80768" Z="0"/>
					<Vertex X="55456" Y="81026" Z="0"/>
					<Vertex X="55391" Y="81348" Z="0"/>
					<Vertex X="55391" Y="81734" Z="0"/>
					<Vertex X="55391" Y="81992" Z="0"/>
					<Vertex X="55391" Y="82443" Z="0"/>
					<Vertex X="55391" Y="82701" Z="0"/>
					<Vertex X="55262" Y="83280" Z="0"/>
					<Vertex X="55262" Y="83667" Z="0"/>
					<Vertex X="55262" Y="83924" Z="0"/>
					<Vertex X="55262" Y="84375" Z="0"/>
					<Vertex X="55262" Y="84697" Z="0"/>
					<Vertex X="55262" Y="85277" Z="0"/>
					<Vertex X="55262" Y="85728" Z="0"/>
					<Vertex X="55262" Y="86114" Z="0"/>
					<Vertex X="55391" Y="86436" Z="0"/>
					<Vertex X="55391" Y="86758" Z="0"/>
					<Vertex X="55391" Y="87145" Z="0"/>
					<Vertex X="55391" Y="87531" Z="0"/>
					<Vertex X="55391" Y="87789" Z="0"/>
					<Vertex X="55456" Y="88304" Z="0"/>
					<Vertex X="55456" Y="88497" Z="0"/>
					<Vertex X="55456" Y="88755" Z="0"/>
					<Vertex X="55520" Y="89013" Z="0"/>
					<Vertex X="55649" Y="89270" Z="0"/>
					<Vertex X="55713" Y="89657" Z="0"/>
					<Vertex X="55842" Y="89850" Z="0"/>
					<Vertex X="55906" Y="90043" Z="0"/>
					<Vertex X="56035" Y="90236" Z="0"/>
					<Vertex X="56357" Y="90558" Z="0"/>
					<Vertex X="56422" Y="90623" Z="0"/>
					<Vertex X="56615" Y="90816" Z="0"/>
					<Vertex X="56808" Y="90945" Z="0"/>
					<Vertex X="57001" Y="91138" Z="0"/>
					<Vertex X="57130" Y="91202" Z="0"/>
					<Vertex X="57388" Y="91267" Z="0"/>
					<Vertex X="57581" Y="91396" Z="0"/>
					<Vertex X="57774" Y="91460" Z="0"/>
					<Vertex X="57967" Y="91460" Z="0"/>
					<Vertex X="58225" Y="91589" Z="0"/>
					<Vertex X="58547" Y="91589" Z="0"/>
					<Vertex X="58869" Y="91589" Z="0"/>
					<Vertex X="59127" Y="91589" Z="0"/>
					<Vertex X="59320" Y="91589" Z="0"/>
					<Vertex X="59578" Y="91460" Z="0"/>
					<Vertex X="59835" Y="91460" Z="0"/>
					<Vertex X="60093" Y="91460" Z="0"/>
					<Vertex X="60351" Y="91396" Z="0"/>
					<Vertex X="60737" Y="91396" Z="0"/>
					<Vertex X="61059" Y="91267" Z="0"/>
					<Vertex X="61252" Y="91267" Z="0"/>
					<Vertex X="61446" Y="91202" Z="0"/>
					<Vertex X="61703" Y="91138" Z="0"/>
					<Vertex X="61961" Y="91009" Z="0"/>
					<Vertex X="62090" Y="90945" Z="0"/>
					<Vertex X="62412" Y="90687" Z="0"/>
					<Vertex X="62605" Y="90623" Z="0"/>
					<Vertex X="62927" Y="90430" Z="0"/>
					<Vertex X="63056" Y="90236" Z="0"/>
					<Vertex X="63507" Y="89979" Z="0"/>
					<Vertex X="63764" Y="89657" Z="0"/>
					<Vertex X="63957" Y="89335" Z="0"/>
					<Vertex X="64279" Y="89206" Z="0"/>
					<Vertex X="64473" Y="89013" Z="0"/>
					<Vertex X="64795" Y="88562" Z="0"/>
					<Vertex X="65117" Y="88368" Z="0"/>
					<Vertex X="65439" Y="88111" Z="0"/>
					<Vertex X="65696" Y="87918" Z="0"/>
					<Vertex X="66018" Y="87596" Z="0"/>
					<Vertex X="66276" Y="87274" Z="0"/>
					<Vertex X="66856" Y="86823" Z="0"/>
					<Vertex X="67178" Y="86694" Z="0"/>
					<Vertex X="67435" Y="86436" Z="0"/>
					<Vertex X="67822" Y="86307" Z="0"/>
					<Vertex X="68144" Y="86179" Z="0"/>
					<Vertex X="68530" Y="85857" Z="0"/>
					<Vertex X="68852" Y="85792" Z="0"/>
					<Vertex X="69561" Y="85470" Z="0"/>
					<Vertex X="70076" Y="85277" Z="0"/>
					<Vertex X="70463" Y="85148" Z="0"/>
					<Vertex X="70914" Y="84890" Z="0"/>
					<Vertex X="71300" Y="84697" Z="0"/>
					<Vertex X="71686" Y="84504" Z="0"/>
					<Vertex X="72202" Y="84053" Z="0"/>
					<Vertex X="72459" Y="83795" Z="0"/>
					<Vertex X="72653" Y="83473" Z="0"/>
					<Vertex X="72846" Y="83216" Z="0"/>
					<Vertex X="73039" Y="82894" Z="0"/>
					<Vertex X="73232" Y="82572" Z="0"/>
					<Vertex X="73554" Y="82121" Z="0"/>
					<Vertex X="73747" Y="81799" Z="0"/>
					<Vertex X="73941" Y="81606" Z="0"/>
					<Vertex X="74263" Y="81348" Z="0"/>
					<Vertex X="74585" Y="81155" Z="0"/>
					<Vertex X="74907" Y="81026" Z="0"/>
					<Vertex X="75164" Y="80897" Z="0"/>
					<Vertex X="75680" Y="80639" Z="0"/>
					<Vertex X="76002" Y="80575" Z="0"/>
					<Vertex X="76324" Y="80446" Z="0"/>
					<Vertex X="76710" Y="80382" Z="0"/>
					<Vertex X="77290" Y="80253" Z="0"/>
					<Vertex X="77676" Y="80060" Z="0"/>
					<Vertex X="78192" Y="79995" Z="0"/>
					<Vertex X="78578" Y="79931" Z="0"/>
					<Vertex X="78900" Y="79802" Z="0"/>
					<Vertex X="79287" Y="79673" Z="0"/>
					<Vertex X="79931" Y="79480" Z="0"/>
					<Vertex X="80188" Y="79287" Z="0"/>
					<Vertex X="80510" Y="79222" Z="0"/>
					<Vertex X="80768" Y="79158" Z="0"/>
					<Vertex X="81154" Y="79029" Z="0"/>
					<Vertex X="81412" Y="78900" Z="0"/>
					<Vertex X="81670" Y="78836" Z="0"/>
					<Vertex X="81927" Y="78836" Z="0"/>
					<Vertex X="82121" Y="78836" Z="0"/>
					<Vertex X="82507" Y="78836" Z="0"/>
					<Vertex X="82765" Y="78836" Z="0"/>
					<Vertex X="83087" Y="78836" Z="0"/>
					<Vertex X="83409" Y="78900" Z="0"/>
					<Vertex X="83795" Y="78900" Z="0"/>
					<Vertex X="84053" Y="79029" Z="0"/>
					<Vertex X="84504" Y="79158" Z="0"/>
					<Vertex X="84826" Y="79222" Z="0"/>
					<Vertex X="85212" Y="79287" Z="0"/>
					<Vertex X="85534" Y="79416" Z="0"/>
					<Vertex X="85856" Y="79480" Z="0"/>
					<Vertex X="86372" Y="79609" Z="0"/>
					<Vertex X="86565" Y="79673" Z="0"/>
					<Vertex X="86887" Y="79802" Z="0"/>
					<Vertex X="87144" Y="79995" Z="0"/>
					<Vertex X="87338" Y="80060" Z="0"/>
					<Vertex X="87531" Y="80253" Z="0"/>
					<Vertex X="87917" Y="80446" Z="0"/>
					<Vertex X="88111" Y="80575" Z="0"/>
					<Vertex X="88304" Y="80639" Z="0"/>
					<Vertex X="88497" Y="80897" Z="0"/>
					<Vertex X="88690" Y="80961" Z="0"/>
					<Vertex X="88819" Y="81155" Z="0"/>
					<Vertex X="89077" Y="81348" Z="0"/>
					<Vertex X="89270" Y="81477" Z="0"/>
					<Vertex X="89463" Y="81606" Z="0"/>
					<Vertex X="89656" Y="81734" Z="0"/>
					<Vertex X="89850" Y="81799" Z="0"/>
					<Vertex X="89914" Y="81992" Z="0"/>
					<Vertex X="90107" Y="82121" Z="0"/>
					<Vertex X="90236" Y="82250" Z="0"/>
					<Vertex X="90365" Y="82314" Z="0"/>
					<Vertex X="90365" Y="82443" Z="0"/>
					<Vertex X="90558" Y="82572" Z="0"/>
					<Vertex X="90622" Y="82701" Z="0"/>
					<Vertex X="90751" Y="82829" Z="0"/>
					<Vertex X="90945" Y="82958" Z="0"/>
					<Vertex X="91009" Y="83087" Z="0"/>
					<Vertex X="91202" Y="83280" Z="0"/>
					<Vertex X="91395" Y="83409" Z="0"/>
					<Vertex X="91524" Y="83473" Z="0"/>
					<Vertex X="91782" Y="83795" Z="0"/>
					<Vertex X="91975" Y="83860" Z="0"/>
					<Vertex X="92168" Y="84053" Z="0"/>
					<Vertex X="92297" Y="84182" Z="0"/>
					<Vertex X="92555" Y="84375" Z="0"/>
					<Vertex X="92684" Y="84504" Z="0"/>
					<Vertex X="92812" Y="84633" Z="0"/>
					<Vertex X="92941" Y="84826" Z="0"/>
					<Vertex X="93328" Y="84890" Z="0"/>
					<Vertex X="93521" Y="85019" Z="0"/>
					<Vertex X="93778" Y="85212" Z="0"/>
					<Vertex X="94101" Y="85277" Z="0"/>
					<Vertex X="94423" Y="85406" Z="0"/>
					<Vertex X="94680" Y="85470" Z="0"/>
					<Vertex X="95002" Y="85599" Z="0"/>
					<Vertex X="95131" Y="85728" Z="0"/>
					<Vertex X="95324" Y="85728" Z="0"/>
					<Vertex X="95646" Y="85792" Z="0"/>
					<Vertex X="95840" Y="85857" Z="0"/>
					<Vertex X="96033" Y="85857" Z="0"/>
					<Vertex X="96162" Y="85985" Z="0"/>
					<Vertex X="96290" Y="85985" Z="0"/>
					<Vertex X="96548" Y="86114" Z="0"/>
					<Vertex X="96741" Y="86179" Z="0"/>
					<Vertex X="96806" Y="86179" Z="0"/>
					<Vertex X="96999" Y="86179" Z="0"/>
					<Vertex X="97192" Y="86307" Z="0"/>
					<Vertex X="97385" Y="86179" Z="0"/>
					<Vertex X="97772" Y="86179" Z="0"/>
					<Vertex X="98029" Y="86179" Z="0"/>
					<Vertex X="98351" Y="86114" Z="0"/>
					<Vertex X="98609" Y="85985" Z="0"/>
					<Vertex X="98996" Y="85857" Z="0"/>
					<Vertex X="99446" Y="85792" Z="0"/>
					<Vertex X="99704" Y="85728" Z="0"/>
					<Vertex X="100026" Y="85599" Z="0"/>
					<Vertex X="100477" Y="85406" Z="0"/>
					<Vertex X="100863" Y="85277" Z="0"/>
					<Vertex X="101185" Y="85212" Z="0"/>
					<Vertex X="101636" Y="85148" Z="0"/>
					<Vertex X="101958" Y="84890" Z="0"/>
					<Vertex X="102216" Y="84890" Z="0"/>
					<Vertex X="102474" Y="84826" Z="0"/>
					<Vertex X="102796" Y="84633" Z="0"/>
					<Vertex X="103182" Y="84504" Z="0"/>
					<Vertex X="103375" Y="84440" Z="0"/>
					<Vertex X="103697" Y="84246" Z="0"/>
					<Vertex X="104019" Y="84182" Z="0"/>
					<Vertex X="104341" Y="84053" Z="0"/>
					<Vertex X="104535" Y="83924" Z="0"/>
					<Vertex X="104728" Y="83860" Z="0"/>
					<Vertex X="104857" Y="83860" Z="0"/>
					<Vertex X="105050" Y="83667" Z="0"/>
					<Vertex X="105114" Y="83667" Z="0"/>
					<Vertex X="105179" Y="83538" Z="0"/>
					<Vertex X="105308" Y="83473" Z="0"/>
					<Vertex X="105436" Y="83473" Z="0"/>
					<Vertex X="105501" Y="83409" Z="0"/>
					<Vertex X="105501" Y="83280" Z="0"/>
					<Vertex X="105694" Y="83216" Z="0"/>
					<Vertex X="105887" Y="83087" Z="0"/>
					<Vertex X="105952" Y="82958" Z="0"/>
					<Vertex X="106080" Y="82829" Z="0"/>
					<Vertex X="106274" Y="82701" Z="0"/>
					<Vertex X="106274" Y="82507" Z="0"/>
					<Vertex X="106338" Y="82443" Z="0"/>
					<Vertex X="106338" Y="82250" Z="0"/>
					<Vertex X="106467" Y="82121" Z="0"/>
					<Vertex X="106467" Y="81928" Z="0"/>
					<Vertex X="106596" Y="81606" Z="0"/>
					<Vertex X="106596" Y="81348" Z="0"/>
					<Vertex X="106660" Y="81155" Z="0"/>
					<Vertex X="106660" Y="80897" Z="0"/>
					<Vertex X="106789" Y="80575" Z="0"/>
					<Vertex X="106853" Y="80253" Z="0"/>
					<Vertex X="106853" Y="79931" Z="0"/>
					<Vertex X="106918" Y="79609" Z="0"/>
					<Vertex X="107047" Y="79158" Z="0"/>
					<Vertex X="107047" Y="78836" Z="0"/>
					<Vertex X="107047" Y="78450" Z="0"/>
					<Vertex X="107111" Y="77999" Z="0"/>
					<Vertex X="107240" Y="77677" Z="0"/>
					<Vertex X="107240" Y="77355" Z="0"/>
					<Vertex X="107240" Y="77033" Z="0"/>
					<Vertex X="107304" Y="76582" Z="0"/>
					<Vertex X="107304" Y="76260" Z="0"/>
					<Vertex X="107304" Y="75938" Z="0"/>
					<Vertex X="107433" Y="75551" Z="0"/>
					<Vertex X="107433" Y="75165" Z="0"/>
					<Vertex X="107497" Y="74843" Z="0"/>
					<Vertex X="107497" Y="74392" Z="0"/>
					<Vertex X="107626" Y="74134" Z="0"/>
					<Vertex X="107626" Y="73812" Z="0"/>
					<Vertex X="107691" Y="73426" Z="0"/>
					<Vertex X="107819" Y="73039" Z="0"/>
					<Vertex X="107884" Y="72717" Z="0"/>
					<Vertex X="108013" Y="72266" Z="0"/>
					<Vertex X="108013" Y="71944" Z="0"/>
					<Vertex X="108206" Y="71558" Z="0"/>
					<Vertex X="108206" Y="71236" Z="0"/>
					<Vertex X="108399" Y="70721" Z="0"/>
					<Vertex X="108399" Y="70334" Z="0"/>
					<Vertex X="108528" Y="70012" Z="0"/>
					<Vertex X="108528" Y="69497" Z="0"/>
					<Vertex X="108592" Y="69175" Z="0"/>
					<Vertex X="108592" Y="68788" Z="0"/>
					<Vertex X="108657" Y="68466" Z="0"/>
					<Vertex X="108657" Y="68015" Z="0"/>
					<Vertex X="108657" Y="67758" Z="0"/>
					<Vertex X="108786" Y="67500" Z="0"/>
					<Vertex X="108850" Y="67114" Z="0"/>
					<Vertex X="108979" Y="66856" Z="0"/>
					<Vertex X="108979" Y="66663" Z="0"/>
					<Vertex X="109043" Y="66276" Z="0"/>
					<Vertex X="109043" Y="66083" Z="0"/>
					<Vertex X="109172" Y="65890" Z="0"/>
					<Vertex X="109172" Y="65632" Z="0"/>
					<Vertex X="109236" Y="65504" Z="0"/>
					<Vertex X="109365" Y="65439" Z="0"/>
					<Vertex X="109365" Y="65181" Z="0"/>
					<Vertex X="109559" Y="64988" Z="0"/>
					<Vertex X="109559" Y="64924" Z="0"/>
					<Vertex X="109559" Y="64859" Z="0"/>
					<Vertex X="109623" Y="64731" Z="0"/>
					<Vertex X="109752" Y="64666" Z="0"/>
					<Vertex X="109752" Y="64537" Z="0"/>
					<Vertex X="109816" Y="64537" Z="0"/>
					<Vertex X="109816" Y="64473" Z="0"/>
					<Vertex X="109816" Y="64344" Z="0"/>
					<Vertex X="109816" Y="64344" Z="0"/>
					<Vertex X="109945" Y="64344" Z="0"/>
					<Vertex X="109816" Y="64344" Z="0"/>
					<Vertex X="109816" Y="64215" Z="0"/>
					<Vertex X="110138" Y="64344" Z="0"/>
				</Vertices>
			</Region>
			<Region Id="2" Type="0" Zoom="0.100000" Selected="1" ImageLocation="" ImageFocus="-1" Length="28049.5" Area="33947900.5" LengthMicrons="7074.1" AreaMicrons="2159250.8" Text="" NegativeROA="0" InputRegionId="0" Analyze="1" DisplayId="2">
				<Attributes/>
				<Vertices>
					<Vertex X="78093" Y="85805" Z="0"/>
					<Vertex X="77290" Y="85686" Z="0"/>
					<Vertex X="77221" Y="85686" Z="0"/>
					<Vertex X="77142" Y="85686" Z="0"/>
					<Vertex X="77102" Y="85686" Z="0"/>
					<Vertex X="77023" Y="85656" Z="0"/>
					<Vertex X="76983" Y="85626" Z="0"/>
					<Vertex X="76953" Y="85596" Z="0"/>
					<Vertex X="76924" Y="85567" Z="0"/>
					<Vertex X="76894" Y="85537" Z="0"/>
					<Vertex X="76874" Y="85487" Z="0"/>
					<Vertex X="76834" Y="85448" Z="0"/>
					<Vertex X="76815" Y="85418" Z="0"/>
					<Vertex X="76775" Y="85358" Z="0"/>
					<Vertex X="76725" Y="85309" Z="0"/>
					<Vertex X="76666" Y="85269" Z="0"/>
					<Vertex X="76626" Y="85240" Z="0"/>
					<Vertex X="76567" Y="85190" Z="0"/>
					<Vertex X="76497" Y="85150" Z="0"/>
					<Vertex X="76448" Y="85101" Z="0"/>
					<Vertex X="76388" Y="85071" Z="0"/>
					<Vertex X="76329" Y="85041" Z="0"/>
					<Vertex X="76279" Y="85012" Z="0"/>
					<Vertex X="76230" Y="84982" Z="0"/>
					<Vertex X="76131" Y="84952" Z="0"/>
					<Vertex X="76071" Y="84922" Z="0"/>
					<Vertex X="76012" Y="84912" Z="0"/>
					<Vertex X="75912" Y="84883" Z="0"/>
					<Vertex X="75863" Y="84853" Z="0"/>
					<Vertex X="75793" Y="84833" Z="0"/>
					<Vertex X="75734" Y="84833" Z="0"/>
					<Vertex X="75615" Y="84823" Z="0"/>
					<Vertex X="75536" Y="84803" Z="0"/>
					<Vertex X="75447" Y="84803" Z="0"/>
					<Vertex X="75377" Y="84803" Z="0"/>
					<Vertex X="75288" Y="84803" Z="0"/>
					<Vertex X="75209" Y="84803" Z="0"/>
					<Vertex X="75080" Y="84803" Z="0"/>
					<Vertex X="74991" Y="84823" Z="0"/>
					<Vertex X="74901" Y="84823" Z="0"/>
					<Vertex X="74812" Y="84833" Z="0"/>
					<Vertex X="74703" Y="84853" Z="0"/>
					<Vertex X="74614" Y="84863" Z="0"/>
					<Vertex X="74475" Y="84893" Z="0"/>
					<Vertex X="74366" Y="84912" Z="0"/>
					<Vertex X="74247" Y="84942" Z="0"/>
					<Vertex X="74128" Y="84972" Z="0"/>
					<Vertex X="73989" Y="85002" Z="0"/>
					<Vertex X="73870" Y="85041" Z="0"/>
					<Vertex X="73692" Y="85091" Z="0"/>
					<Vertex X="73563" Y="85121" Z="0"/>
					<Vertex X="73424" Y="85160" Z="0"/>
					<Vertex X="73295" Y="85190" Z="0"/>
					<Vertex X="73157" Y="85240" Z="0"/>
					<Vertex X="73028" Y="85289" Z="0"/>
					<Vertex X="72889" Y="85329" Z="0"/>
					<Vertex X="72701" Y="85398" Z="0"/>
					<Vertex X="72582" Y="85448" Z="0"/>
					<Vertex X="72463" Y="85477" Z="0"/>
					<Vertex X="72294" Y="85517" Z="0"/>
					<Vertex X="72195" Y="85537" Z="0"/>
					<Vertex X="72106" Y="85567" Z="0"/>
					<Vertex X="72027" Y="85577" Z="0"/>
					<Vertex X="71908" Y="85606" Z="0"/>
					<Vertex X="71838" Y="85636" Z="0"/>
					<Vertex X="71749" Y="85656" Z="0"/>
					<Vertex X="71670" Y="85686" Z="0"/>
					<Vertex X="71600" Y="85696" Z="0"/>
					<Vertex X="71462" Y="85745" Z="0"/>
					<Vertex X="71372" Y="85775" Z="0"/>
					<Vertex X="71283" Y="85805" Z="0"/>
					<Vertex X="71184" Y="85864" Z="0"/>
					<Vertex X="71006" Y="85933" Z="0"/>
					<Vertex X="70887" Y="86023" Z="0"/>
					<Vertex X="70768" Y="86102" Z="0"/>
					<Vertex X="70629" Y="86201" Z="0"/>
					<Vertex X="70500" Y="86310" Z="0"/>
					<Vertex X="70292" Y="86489" Z="0"/>
					<Vertex X="70143" Y="86607" Z="0"/>
					<Vertex X="70004" Y="86736" Z="0"/>
					<Vertex X="69876" Y="86885" Z="0"/>
					<Vertex X="69737" Y="87034" Z="0"/>
					<Vertex X="69588" Y="87202" Z="0"/>
					<Vertex X="69400" Y="87440" Z="0"/>
					<Vertex X="69281" Y="87599" Z="0"/>
					<Vertex X="69142" Y="87767" Z="0"/>
					<Vertex X="69023" Y="87926" Z="0"/>
					<Vertex X="68924" Y="88075" Z="0"/>
					<Vertex X="68815" Y="88243" Z="0"/>
					<Vertex X="68726" Y="88402" Z="0"/>
					<Vertex X="68597" Y="88640" Z="0"/>
					<Vertex X="68508" Y="88788" Z="0"/>
					<Vertex X="68428" Y="88927" Z="0"/>
					<Vertex X="68369" Y="89076" Z="0"/>
					<Vertex X="68299" Y="89284" Z="0"/>
					<Vertex X="68250" Y="89403" Z="0"/>
					<Vertex X="68210" Y="89532" Z="0"/>
					<Vertex X="68161" Y="89710" Z="0"/>
					<Vertex X="68131" Y="89829" Z="0"/>
					<Vertex X="68121" Y="89948" Z="0"/>
					<Vertex X="68091" Y="90107" Z="0"/>
					<Vertex X="68071" Y="90206" Z="0"/>
					<Vertex X="68062" Y="90305" Z="0"/>
					<Vertex X="68042" Y="90444" Z="0"/>
					<Vertex X="68042" Y="90533" Z="0"/>
					<Vertex X="68042" Y="90602" Z="0"/>
					<Vertex X="68062" Y="90682" Z="0"/>
					<Vertex X="68071" Y="90771" Z="0"/>
					<Vertex X="68091" Y="90860" Z="0"/>
					<Vertex X="68121" Y="90979" Z="0"/>
					<Vertex X="68131" Y="91048" Z="0"/>
					<Vertex X="68151" Y="91128" Z="0"/>
					<Vertex X="68180" Y="91217" Z="0"/>
					<Vertex X="68190" Y="91296" Z="0"/>
					<Vertex X="68220" Y="91366" Z="0"/>
					<Vertex X="68240" Y="91445" Z="0"/>
					<Vertex X="68270" Y="91554" Z="0"/>
					<Vertex X="68280" Y="91633" Z="0"/>
					<Vertex X="68299" Y="91703" Z="0"/>
					<Vertex X="68339" Y="91792" Z="0"/>
					<Vertex X="68369" Y="91871" Z="0"/>
					<Vertex X="68399" Y="91941" Z="0"/>
					<Vertex X="68438" Y="92000" Z="0"/>
					<Vertex X="68458" Y="92060" Z="0"/>
					<Vertex X="68508" Y="92119" Z="0"/>
					<Vertex X="68537" Y="92188" Z="0"/>
					<Vertex X="68577" Y="92228" Z="0"/>
					<Vertex X="68607" Y="92258" Z="0"/>
					<Vertex X="68656" Y="92288" Z="0"/>
					<Vertex X="68706" Y="92317" Z="0"/>
					<Vertex X="68755" Y="92337" Z="0"/>
					<Vertex X="68805" Y="92337" Z="0"/>
					<Vertex X="68864" Y="92347" Z="0"/>
					<Vertex X="68904" Y="92347" Z="0"/>
					<Vertex X="68974" Y="92357" Z="0"/>
					<Vertex X="69023" Y="92357" Z="0"/>
					<Vertex X="69311" Y="92357" Z="0"/>
					<Vertex X="69410" Y="92377" Z="0"/>
					<Vertex X="69469" Y="92377" Z="0"/>
					<Vertex X="69529" Y="92377" Z="0"/>
					<Vertex X="69578" Y="92377" Z="0"/>
					<Vertex X="69667" Y="92377" Z="0"/>
					<Vertex X="69727" Y="92377" Z="0"/>
					<Vertex X="69816" Y="92377" Z="0"/>
					<Vertex X="69856" Y="92377" Z="0"/>
					<Vertex X="69915" Y="92377" Z="0"/>
					<Vertex X="69995" Y="92357" Z="0"/>
					<Vertex X="70044" Y="92357" Z="0"/>
					<Vertex X="70094" Y="92357" Z="0"/>
					<Vertex X="70143" Y="92347" Z="0"/>
					<Vertex X="70173" Y="92337" Z="0"/>
					<Vertex X="70213" Y="92337" Z="0"/>
					<Vertex X="70272" Y="92297" Z="0"/>
					<Vertex X="70322" Y="92288" Z="0"/>
					<Vertex X="70361" Y="92258" Z="0"/>
					<Vertex X="70411" Y="92228" Z="0"/>
					<Vertex X="70451" Y="92188" Z="0"/>
					<Vertex X="70480" Y="92149" Z="0"/>
					<Vertex X="70560" Y="92109" Z="0"/>
					<Vertex X="70589" Y="92060" Z="0"/>
					<Vertex X="70629" Y="92020" Z="0"/>
					<Vertex X="70698" Y="91960" Z="0"/>
					<Vertex X="70718" Y="91911" Z="0"/>
					<Vertex X="70748" Y="91891" Z="0"/>
					<Vertex X="70778" Y="91841" Z="0"/>
					<Vertex X="70807" Y="91792" Z="0"/>
					<Vertex X="70827" Y="91752" Z="0"/>
					<Vertex X="70847" Y="91703" Z="0"/>
					<Vertex X="70867" Y="91673" Z="0"/>
					<Vertex X="70897" Y="91623" Z="0"/>
					<Vertex X="70916" Y="91574" Z="0"/>
					<Vertex X="70926" Y="91534" Z="0"/>
					<Vertex X="70956" Y="91485" Z="0"/>
					<Vertex X="71006" Y="91405" Z="0"/>
					<Vertex X="71035" Y="91366" Z="0"/>
					<Vertex X="71075" Y="91326" Z="0"/>
					<Vertex X="71125" Y="91276" Z="0"/>
					<Vertex X="71154" Y="91227" Z="0"/>
					<Vertex X="71184" Y="91197" Z="0"/>
					<Vertex X="71224" Y="91157" Z="0"/>
					<Vertex X="71273" Y="91108" Z="0"/>
					<Vertex X="71313" Y="91068" Z="0"/>
					<Vertex X="71362" Y="91029" Z="0"/>
					<Vertex X="71402" Y="90949" Z="0"/>
					<Vertex X="71452" Y="90900" Z="0"/>
					<Vertex X="71491" Y="90850" Z="0"/>
					<Vertex X="71541" Y="90771" Z="0"/>
					<Vertex X="71581" Y="90721" Z="0"/>
					<Vertex X="71600" Y="90682" Z="0"/>
					<Vertex X="71630" Y="90622" Z="0"/>
					<Vertex X="71650" Y="90592" Z="0"/>
					<Vertex X="71650" Y="90553" Z="0"/>
					<Vertex X="71650" Y="90513" Z="0"/>
					<Vertex X="71660" Y="90473" Z="0"/>
					<Vertex X="71700" Y="90364" Z="0"/>
					<Vertex X="71719" Y="90325" Z="0"/>
					<Vertex X="71749" Y="90255" Z="0"/>
					<Vertex X="71799" Y="90206" Z="0"/>
					<Vertex X="71838" Y="90136" Z="0"/>
					<Vertex X="71918" Y="90027" Z="0"/>
					<Vertex X="72076" Y="89899" Z="0"/>
					<Vertex X="72136" Y="89849" Z="0"/>
					<Vertex X="72225" Y="89789" Z="0"/>
					<Vertex X="72294" Y="89730" Z="0"/>
					<Vertex X="72354" Y="89680" Z="0"/>
					<Vertex X="72433" Y="89641" Z="0"/>
					<Vertex X="72493" Y="89601" Z="0"/>
					<Vertex X="72602" Y="89522" Z="0"/>
					<Vertex X="72641" Y="89472" Z="0"/>
					<Vertex X="72681" Y="89413" Z="0"/>
					<Vertex X="72750" Y="89373" Z="0"/>
					<Vertex X="72820" Y="89304" Z="0"/>
					<Vertex X="72869" Y="89254" Z="0"/>
					<Vertex X="72909" Y="89205" Z="0"/>
					<Vertex X="72939" Y="89165" Z="0"/>
					<Vertex X="72968" Y="89106" Z="0"/>
					<Vertex X="72978" Y="89056" Z="0"/>
					<Vertex X="72998" Y="89006" Z="0"/>
					<Vertex X="73028" Y="88927" Z="0"/>
					<Vertex X="73028" Y="88878" Z="0"/>
					<Vertex X="73048" Y="88818" Z="0"/>
					<Vertex X="73058" Y="88778" Z="0"/>
					<Vertex X="73097" Y="88689" Z="0"/>
					<Vertex X="73137" Y="88640" Z="0"/>
					<Vertex X="73167" Y="88580" Z="0"/>
					<Vertex X="73196" Y="88540" Z="0"/>
					<Vertex X="73236" Y="88481" Z="0"/>
					<Vertex X="73295" Y="88412" Z="0"/>
					<Vertex X="73345" Y="88342" Z="0"/>
					<Vertex X="73385" Y="88303" Z="0"/>
					<Vertex X="73444" Y="88243" Z="0"/>
					<Vertex X="73533" Y="88154" Z="0"/>
					<Vertex X="73593" Y="88094" Z="0"/>
					<Vertex X="73672" Y="88045" Z="0"/>
					<Vertex X="73722" Y="88005" Z="0"/>
					<Vertex X="73831" Y="87926" Z="0"/>
					<Vertex X="73910" Y="87886" Z="0"/>
					<Vertex X="73970" Y="87857" Z="0"/>
					<Vertex X="74039" Y="87817" Z="0"/>
					<Vertex X="74118" Y="87777" Z="0"/>
					<Vertex X="74217" Y="87738" Z="0"/>
					<Vertex X="74287" Y="87708" Z="0"/>
					<Vertex X="74366" Y="87678" Z="0"/>
					<Vertex X="74445" Y="87629" Z="0"/>
					<Vertex X="74544" Y="87589" Z="0"/>
					<Vertex X="74604" Y="87559" Z="0"/>
					<Vertex X="74683" Y="87529" Z="0"/>
					<Vertex X="74792" Y="87480" Z="0"/>
					<Vertex X="74872" Y="87450" Z="0"/>
					<Vertex X="74961" Y="87430" Z="0"/>
					<Vertex X="75040" Y="87391" Z="0"/>
					<Vertex X="75139" Y="87371" Z="0"/>
					<Vertex X="75219" Y="87331" Z="0"/>
					<Vertex X="75288" Y="87321" Z="0"/>
					<Vertex X="75357" Y="87301" Z="0"/>
					<Vertex X="75437" Y="87291" Z="0"/>
					<Vertex X="75516" Y="87282" Z="0"/>
					<Vertex X="75615" Y="87282" Z="0"/>
					<Vertex X="75675" Y="87262" Z="0"/>
					<Vertex X="75754" Y="87262" Z="0"/>
					<Vertex X="75843" Y="87262" Z="0"/>
					<Vertex X="75893" Y="87262" Z="0"/>
					<Vertex X="75962" Y="87262" Z="0"/>
					<Vertex X="76021" Y="87262" Z="0"/>
					<Vertex X="76071" Y="87262" Z="0"/>
					<Vertex X="76180" Y="87252" Z="0"/>
					<Vertex X="76240" Y="87232" Z="0"/>
					<Vertex X="76299" Y="87212" Z="0"/>
					<Vertex X="76378" Y="87202" Z="0"/>
					<Vertex X="76428" Y="87192" Z="0"/>
					<Vertex X="76458" Y="87173" Z="0"/>
					<Vertex X="76507" Y="87153" Z="0"/>
					<Vertex X="76557" Y="87113" Z="0"/>
					<Vertex X="76596" Y="87073" Z="0"/>
					<Vertex X="76626" Y="87024" Z="0"/>
					<Vertex X="76656" Y="86984" Z="0"/>
					<Vertex X="76686" Y="86945" Z="0"/>
					<Vertex X="76696" Y="86925" Z="0"/>
					<Vertex X="76715" Y="86885" Z="0"/>
					<Vertex X="76745" Y="86845" Z="0"/>
					<Vertex X="76765" Y="86816" Z="0"/>
					<Vertex X="76775" Y="86806" Z="0"/>
					<Vertex X="76795" Y="86766" Z="0"/>
					<Vertex X="76805" Y="86756" Z="0"/>
					<Vertex X="76834" Y="86707" Z="0"/>
					<Vertex X="76864" Y="86687" Z="0"/>
					<Vertex X="76894" Y="86667" Z="0"/>
					<Vertex X="76924" Y="86637" Z="0"/>
					<Vertex X="76983" Y="86627" Z="0"/>
					<Vertex X="77013" Y="86607" Z="0"/>
					<Vertex X="77062" Y="86588" Z="0"/>
					<Vertex X="77102" Y="86588" Z="0"/>
					<Vertex X="77132" Y="86588" Z="0"/>
					<Vertex X="77161" Y="86607" Z="0"/>
					<Vertex X="77221" Y="86627" Z="0"/>
					<Vertex X="77251" Y="86627" Z="0"/>
					<Vertex X="77290" Y="86637" Z="0"/>
					<Vertex X="77370" Y="86657" Z="0"/>
					<Vertex X="77409" Y="86667" Z="0"/>
					<Vertex X="77479" Y="86667" Z="0"/>
					<Vertex X="77518" Y="86667" Z="0"/>
					<Vertex X="77578" Y="86657" Z="0"/>
					<Vertex X="77637" Y="86637" Z="0"/>
					<Vertex X="77677" Y="86627" Z="0"/>
					<Vertex X="77746" Y="86588" Z="0"/>
					<Vertex X="77786" Y="86578" Z="0"/>
					<Vertex X="77826" Y="86568" Z="0"/>
					<Vertex X="77875" Y="86548" Z="0"/>
					<Vertex X="77925" Y="86538" Z="0"/>
					<Vertex X="77964" Y="86489" Z="0"/>
					<Vertex X="77994" Y="86479" Z="0"/>
					<Vertex X="78034" Y="86439" Z="0"/>
					<Vertex X="78083" Y="86409" Z="0"/>
					<Vertex X="78113" Y="86399" Z="0"/>
					<Vertex X="78133" Y="86389" Z="0"/>
					<Vertex X="78163" Y="86360" Z="0"/>
					<Vertex X="78173" Y="86320" Z="0"/>
					<Vertex X="78173" Y="86310" Z="0"/>
					<Vertex X="78173" Y="86280" Z="0"/>
					<Vertex X="78173" Y="86241" Z="0"/>
					<Vertex X="78173" Y="86211" Z="0"/>
					<Vertex X="78173" Y="86181" Z="0"/>
					<Vertex X="78173" Y="86142" Z="0"/>
					<Vertex X="78173" Y="86122" Z="0"/>
					<Vertex X="78173" Y="86102" Z="0"/>
					<Vertex X="78173" Y="86092" Z="0"/>
					<Vertex X="78173" Y="86062" Z="0"/>
					<Vertex X="78173" Y="86033" Z="0"/>
					<Vertex X="78173" Y="86013" Z="0"/>
					<Vertex X="78173" Y="86003" Z="0"/>
					<Vertex X="78163" Y="85983" Z="0"/>
					<Vertex X="78163" Y="85963" Z="0"/>
					<Vertex X="78163" Y="85943" Z="0"/>
					<Vertex X="78163" Y="85924" Z="0"/>
					<Vertex X="78163" Y="85914" Z="0"/>
					<Vertex X="78163" Y="85894" Z="0"/>
					<Vertex X="78163" Y="85874" Z="0"/>
					<Vertex X="78163" Y="85864" Z="0"/>
					<Vertex X="78143" Y="85864" Z="0"/>
					<Vertex X="78133" Y="85864" Z="0"/>
					<Vertex X="78093" Y="85805" Z="0"/>
				</Vertices>
			</Region>
		</Regions>
		<Plots/>
	</Annotation>
</Annotations>
