<Annotations MicronsPerPixel="0.252200">
	<Annotation Id="1" Name="" ReadOnly="0" NameReadOnly="0" LineColorReadOnly="0" Incremental="0" Type="4" LineColor="255" Visible="1" Selected="1" MarkupImagePath="" MacroName="">
		<Attributes/>
		<Regions>
			<RegionAttributeHeaders>
				<AttributeHeader Id="9999" Name="Region" ColumnWidth="-1"/>
				<AttributeHeader Id="9997" Name="Length" ColumnWidth="-1"/>
				<AttributeHeader Id="9996" Name="Area" ColumnWidth="-1"/>
				<AttributeHeader Id="9998" Name="Text" ColumnWidth="-1"/>
			</RegionAttributeHeaders>
			<Region Id="1" Type="0" Zoom="0.015393" Selected="0" ImageLocation="" ImageFocus="-1" Length="129537.4" Area="587525164.0" LengthMicrons="32669.3" AreaMicrons="37369444.1" Text="" NegativeROA="0" InputRegionId="0" Analyze="1" DisplayId="1">
				<Attributes/>
				<Vertices>
					<Vertex X="8307" Y="65491" Z="0"/>
					<Vertex X="8372" Y="65877" Z="0"/>
					<Vertex X="8372" Y="66328" Z="0"/>
					<Vertex X="8372" Y="66714" Z="0"/>
					<Vertex X="8501" Y="67101" Z="0"/>
					<Vertex X="8501" Y="67487" Z="0"/>
					<Vertex X="8501" Y="67873" Z="0"/>
					<Vertex X="8501" Y="68195" Z="0"/>
					<Vertex X="8501" Y="68582" Z="0"/>
					<Vertex X="8565" Y="68968" Z="0"/>
					<Vertex X="8565" Y="69354" Z="0"/>
					<Vertex X="8565" Y="69741" Z="0"/>
					<Vertex X="8565" Y="70127" Z="0"/>
					<Vertex X="8694" Y="70514" Z="0"/>
					<Vertex X="8694" Y="70900" Z="0"/>
					<Vertex X="8758" Y="71480" Z="0"/>
					<Vertex X="8887" Y="71866" Z="0"/>
					<Vertex X="8887" Y="72252" Z="0"/>
					<Vertex X="8951" Y="72639" Z="0"/>
					<Vertex X="9080" Y="73089" Z="0"/>
					<Vertex X="9080" Y="73476" Z="0"/>
					<Vertex X="9273" Y="74184" Z="0"/>
					<Vertex X="9273" Y="74571" Z="0"/>
					<Vertex X="9338" Y="75021" Z="0"/>
					<Vertex X="9467" Y="75536" Z="0"/>
					<Vertex X="9660" Y="76180" Z="0"/>
					<Vertex X="9724" Y="76696" Z="0"/>
					<Vertex X="9853" Y="77275" Z="0"/>
					<Vertex X="9917" Y="77726" Z="0"/>
					<Vertex X="10046" Y="78241" Z="0"/>
					<Vertex X="10111" Y="78627" Z="0"/>
					<Vertex X="10239" Y="79143" Z="0"/>
					<Vertex X="10304" Y="79593" Z="0"/>
					<Vertex X="10432" Y="80109" Z="0"/>
					<Vertex X="10497" Y="80559" Z="0"/>
					<Vertex X="10690" Y="81203" Z="0"/>
					<Vertex X="10690" Y="81396" Z="0"/>
					<Vertex X="10883" Y="82105" Z="0"/>
					<Vertex X="11012" Y="82491" Z="0"/>
					<Vertex X="11076" Y="82942" Z="0"/>
					<Vertex X="11205" Y="83328" Z="0"/>
					<Vertex X="11270" Y="84037" Z="0"/>
					<Vertex X="11398" Y="84423" Z="0"/>
					<Vertex X="11398" Y="84874" Z="0"/>
					<Vertex X="11463" Y="85260" Z="0"/>
					<Vertex X="11463" Y="85775" Z="0"/>
					<Vertex X="11592" Y="86162" Z="0"/>
					<Vertex X="11592" Y="86548" Z="0"/>
					<Vertex X="11656" Y="86935" Z="0"/>
					<Vertex X="11656" Y="87514" Z="0"/>
					<Vertex X="11785" Y="87900" Z="0"/>
					<Vertex X="11785" Y="88287" Z="0"/>
					<Vertex X="11849" Y="88609" Z="0"/>
					<Vertex X="11849" Y="88931" Z="0"/>
					<Vertex X="11978" Y="89253" Z="0"/>
					<Vertex X="11978" Y="89639" Z="0"/>
					<Vertex X="11978" Y="89897" Z="0"/>
					<Vertex X="12107" Y="90283" Z="0"/>
					<Vertex X="12107" Y="90605" Z="0"/>
					<Vertex X="12107" Y="90863" Z="0"/>
					<Vertex X="12107" Y="91056" Z="0"/>
					<Vertex X="12107" Y="91378" Z="0"/>
					<Vertex X="12107" Y="91571" Z="0"/>
					<Vertex X="12107" Y="91764" Z="0"/>
					<Vertex X="12107" Y="91957" Z="0"/>
					<Vertex X="12107" Y="92151" Z="0"/>
					<Vertex X="12107" Y="92344" Z="0"/>
					<Vertex X="12107" Y="92408" Z="0"/>
					<Vertex X="12107" Y="92537" Z="0"/>
					<Vertex X="12107" Y="92730" Z="0"/>
					<Vertex X="12171" Y="92795" Z="0"/>
					<Vertex X="12171" Y="92923" Z="0"/>
					<Vertex X="12236" Y="92988" Z="0"/>
					<Vertex X="12236" Y="93117" Z="0"/>
					<Vertex X="12364" Y="93181" Z="0"/>
					<Vertex X="12429" Y="93310" Z="0"/>
					<Vertex X="12622" Y="93438" Z="0"/>
					<Vertex X="12815" Y="93438" Z="0"/>
					<Vertex X="12944" Y="93438" Z="0"/>
					<Vertex X="13137" Y="93438" Z="0"/>
					<Vertex X="13202" Y="93438" Z="0"/>
					<Vertex X="13395" Y="93438" Z="0"/>
					<Vertex X="13588" Y="93438" Z="0"/>
					<Vertex X="13845" Y="93438" Z="0"/>
					<Vertex X="13974" Y="93438" Z="0"/>
					<Vertex X="14361" Y="93310" Z="0"/>
					<Vertex X="14554" Y="93310" Z="0"/>
					<Vertex X="14747" Y="93310" Z="0"/>
					<Vertex X="14940" Y="93310" Z="0"/>
					<Vertex X="15262" Y="93438" Z="0"/>
					<Vertex X="15455" Y="93438" Z="0"/>
					<Vertex X="15713" Y="93438" Z="0"/>
					<Vertex X="16035" Y="93438" Z="0"/>
					<Vertex X="16228" Y="93438" Z="0"/>
					<Vertex X="16486" Y="93438" Z="0"/>
					<Vertex X="16808" Y="93503" Z="0"/>
					<Vertex X="17001" Y="93503" Z="0"/>
					<Vertex X="17452" Y="93503" Z="0"/>
					<Vertex X="17838" Y="93438" Z="0"/>
					<Vertex X="18160" Y="93438" Z="0"/>
					<Vertex X="18418" Y="93310" Z="0"/>
					<Vertex X="18740" Y="93310" Z="0"/>
					<Vertex X="18933" Y="93181" Z="0"/>
					<Vertex X="19190" Y="93117" Z="0"/>
					<Vertex X="19577" Y="92988" Z="0"/>
					<Vertex X="20027" Y="92730" Z="0"/>
					<Vertex X="20349" Y="92601" Z="0"/>
					<Vertex X="20671" Y="92408" Z="0"/>
					<Vertex X="20929" Y="92215" Z="0"/>
					<Vertex X="21122" Y="92151" Z="0"/>
					<Vertex X="21444" Y="91957" Z="0"/>
					<Vertex X="21637" Y="91764" Z="0"/>
					<Vertex X="21895" Y="91635" Z="0"/>
					<Vertex X="22217" Y="91507" Z="0"/>
					<Vertex X="22475" Y="91249" Z="0"/>
					<Vertex X="22668" Y="91185" Z="0"/>
					<Vertex X="22990" Y="90991" Z="0"/>
					<Vertex X="23376" Y="90669" Z="0"/>
					<Vertex X="23634" Y="90541" Z="0"/>
					<Vertex X="23956" Y="90283" Z="0"/>
					<Vertex X="24342" Y="90090" Z="0"/>
					<Vertex X="24535" Y="89897" Z="0"/>
					<Vertex X="24793" Y="89639" Z="0"/>
					<Vertex X="24986" Y="89446" Z="0"/>
					<Vertex X="25244" Y="89317" Z="0"/>
					<Vertex X="25372" Y="89124" Z="0"/>
					<Vertex X="25501" Y="88931" Z="0"/>
					<Vertex X="25566" Y="88673" Z="0"/>
					<Vertex X="25694" Y="88480" Z="0"/>
					<Vertex X="25694" Y="88287" Z="0"/>
					<Vertex X="25694" Y="88094" Z="0"/>
					<Vertex X="25694" Y="87900" Z="0"/>
					<Vertex X="25694" Y="87707" Z="0"/>
					<Vertex X="25694" Y="87385" Z="0"/>
					<Vertex X="25566" Y="87192" Z="0"/>
					<Vertex X="25566" Y="86999" Z="0"/>
					<Vertex X="25566" Y="86806" Z="0"/>
					<Vertex X="25566" Y="86677" Z="0"/>
					<Vertex X="25566" Y="86355" Z="0"/>
					<Vertex X="25566" Y="86033" Z="0"/>
					<Vertex X="25694" Y="85840" Z="0"/>
					<Vertex X="25759" Y="85711" Z="0"/>
					<Vertex X="25887" Y="85582" Z="0"/>
					<Vertex X="26016" Y="85389" Z="0"/>
					<Vertex X="26145" Y="85260" Z="0"/>
					<Vertex X="26274" Y="85260" Z="0"/>
					<Vertex X="26338" Y="85260" Z="0"/>
					<Vertex X="26531" Y="85260" Z="0"/>
					<Vertex X="26725" Y="85389" Z="0"/>
					<Vertex X="26982" Y="85453" Z="0"/>
					<Vertex X="27047" Y="85582" Z="0"/>
					<Vertex X="27111" Y="85711" Z="0"/>
					<Vertex X="27240" Y="85775" Z="0"/>
					<Vertex X="27304" Y="85840" Z="0"/>
					<Vertex X="27433" Y="85969" Z="0"/>
					<Vertex X="27626" Y="86033" Z="0"/>
					<Vertex X="27755" Y="86162" Z="0"/>
					<Vertex X="27884" Y="86162" Z="0"/>
					<Vertex X="28013" Y="86162" Z="0"/>
					<Vertex X="28206" Y="86162" Z="0"/>
					<Vertex X="28270" Y="86162" Z="0"/>
					<Vertex X="28463" Y="86162" Z="0"/>
					<Vertex X="28721" Y="86033" Z="0"/>
					<Vertex X="28850" Y="85840" Z="0"/>
					<Vertex X="29043" Y="85775" Z="0"/>
					<Vertex X="29236" Y="85582" Z="0"/>
					<Vertex X="29494" Y="85453" Z="0"/>
					<Vertex X="29751" Y="85196" Z="0"/>
					<Vertex X="29944" Y="85003" Z="0"/>
					<Vertex X="30138" Y="84874" Z="0"/>
					<Vertex X="30331" Y="84616" Z="0"/>
					<Vertex X="30524" Y="84423" Z="0"/>
					<Vertex X="30717" Y="84294" Z="0"/>
					<Vertex X="30782" Y="84101" Z="0"/>
					<Vertex X="30975" Y="83844" Z="0"/>
					<Vertex X="31232" Y="83650" Z="0"/>
					<Vertex X="31297" Y="83457" Z="0"/>
					<Vertex X="31297" Y="83135" Z="0"/>
					<Vertex X="31361" Y="83071" Z="0"/>
					<Vertex X="31490" Y="82813" Z="0"/>
					<Vertex X="31490" Y="82556" Z="0"/>
					<Vertex X="31490" Y="82362" Z="0"/>
					<Vertex X="31554" Y="82105" Z="0"/>
					<Vertex X="31683" Y="81912" Z="0"/>
					<Vertex X="31683" Y="81590" Z="0"/>
					<Vertex X="31748" Y="81332" Z="0"/>
					<Vertex X="31941" Y="81139" Z="0"/>
					<Vertex X="32069" Y="80881" Z="0"/>
					<Vertex X="32198" Y="80624" Z="0"/>
					<Vertex X="32327" Y="80366" Z="0"/>
					<Vertex X="32456" Y="80237" Z="0"/>
					<Vertex X="32520" Y="79980" Z="0"/>
					<Vertex X="32649" Y="79915" Z="0"/>
					<Vertex X="32842" Y="79658" Z="0"/>
					<Vertex X="32842" Y="79593" Z="0"/>
					<Vertex X="32971" Y="79400" Z="0"/>
					<Vertex X="33035" Y="79207" Z="0"/>
					<Vertex X="33100" Y="79143" Z="0"/>
					<Vertex X="33100" Y="78949" Z="0"/>
					<Vertex X="33229" Y="78821" Z="0"/>
					<Vertex X="33229" Y="78627" Z="0"/>
					<Vertex X="33229" Y="78499" Z="0"/>
					<Vertex X="33293" Y="78241" Z="0"/>
					<Vertex X="33293" Y="78112" Z="0"/>
					<Vertex X="33293" Y="77983" Z="0"/>
					<Vertex X="33229" Y="77855" Z="0"/>
					<Vertex X="33229" Y="77662" Z="0"/>
					<Vertex X="33100" Y="77533" Z="0"/>
					<Vertex X="33100" Y="77340" Z="0"/>
					<Vertex X="33100" Y="77211" Z="0"/>
					<Vertex X="33100" Y="77082" Z="0"/>
					<Vertex X="33100" Y="77018" Z="0"/>
					<Vertex X="33100" Y="76889" Z="0"/>
					<Vertex X="33229" Y="76696" Z="0"/>
					<Vertex X="33293" Y="76631" Z="0"/>
					<Vertex X="33422" Y="76502" Z="0"/>
					<Vertex X="33615" Y="76374" Z="0"/>
					<Vertex X="33679" Y="76309" Z="0"/>
					<Vertex X="33808" Y="76309" Z="0"/>
					<Vertex X="33937" Y="76245" Z="0"/>
					<Vertex X="34001" Y="76116" Z="0"/>
					<Vertex X="34066" Y="76116" Z="0"/>
					<Vertex X="34195" Y="76052" Z="0"/>
					<Vertex X="34388" Y="75794" Z="0"/>
					<Vertex X="34452" Y="75730" Z="0"/>
					<Vertex X="34581" Y="75665" Z="0"/>
					<Vertex X="34710" Y="75536" Z="0"/>
					<Vertex X="34774" Y="75343" Z="0"/>
					<Vertex X="34774" Y="75214" Z="0"/>
					<Vertex X="34839" Y="75086" Z="0"/>
					<Vertex X="34839" Y="74957" Z="0"/>
					<Vertex X="34839" Y="74764" Z="0"/>
					<Vertex X="34839" Y="74571" Z="0"/>
					<Vertex X="34839" Y="74442" Z="0"/>
					<Vertex X="34774" Y="74377" Z="0"/>
					<Vertex X="34774" Y="74184" Z="0"/>
					<Vertex X="34774" Y="74120" Z="0"/>
					<Vertex X="34774" Y="73862" Z="0"/>
					<Vertex X="34710" Y="73605" Z="0"/>
					<Vertex X="34710" Y="73411" Z="0"/>
					<Vertex X="34581" Y="73218" Z="0"/>
					<Vertex X="34581" Y="73025" Z="0"/>
					<Vertex X="34452" Y="72832" Z="0"/>
					<Vertex X="34452" Y="72639" Z="0"/>
					<Vertex X="34388" Y="72252" Z="0"/>
					<Vertex X="34259" Y="72059" Z="0"/>
					<Vertex X="34259" Y="71866" Z="0"/>
					<Vertex X="34195" Y="71673" Z="0"/>
					<Vertex X="34066" Y="71480" Z="0"/>
					<Vertex X="34001" Y="71286" Z="0"/>
					<Vertex X="33808" Y="70964" Z="0"/>
					<Vertex X="33679" Y="70836" Z="0"/>
					<Vertex X="33615" Y="70707" Z="0"/>
					<Vertex X="33486" Y="70514" Z="0"/>
					<Vertex X="33293" Y="70320" Z="0"/>
					<Vertex X="33229" Y="70192" Z="0"/>
					<Vertex X="33100" Y="69998" Z="0"/>
					<Vertex X="33035" Y="69934" Z="0"/>
					<Vertex X="32842" Y="69612" Z="0"/>
					<Vertex X="32649" Y="69419" Z="0"/>
					<Vertex X="32520" Y="69354" Z="0"/>
					<Vertex X="32456" Y="69161" Z="0"/>
					<Vertex X="32327" Y="68968" Z="0"/>
					<Vertex X="32198" Y="68839" Z="0"/>
					<Vertex X="32069" Y="68646" Z="0"/>
					<Vertex X="31941" Y="68453" Z="0"/>
					<Vertex X="31876" Y="68389" Z="0"/>
					<Vertex X="31748" Y="68260" Z="0"/>
					<Vertex X="31683" Y="68195" Z="0"/>
					<Vertex X="31554" Y="68067" Z="0"/>
					<Vertex X="31490" Y="68002" Z="0"/>
					<Vertex X="31361" Y="67938" Z="0"/>
					<Vertex X="31297" Y="67809" Z="0"/>
					<Vertex X="31232" Y="67809" Z="0"/>
					<Vertex X="31104" Y="67680" Z="0"/>
					<Vertex X="30975" Y="67680" Z="0"/>
					<Vertex X="30910" Y="67680" Z="0"/>
					<Vertex X="30782" Y="67680" Z="0"/>
					<Vertex X="30588" Y="67680" Z="0"/>
					<Vertex X="30524" Y="67680" Z="0"/>
					<Vertex X="30460" Y="67680" Z="0"/>
					<Vertex X="30331" Y="67680" Z="0"/>
					<Vertex X="30202" Y="67680" Z="0"/>
					<Vertex X="30138" Y="67809" Z="0"/>
					<Vertex X="30009" Y="67809" Z="0"/>
					<Vertex X="29944" Y="67809" Z="0"/>
					<Vertex X="29816" Y="67938" Z="0"/>
					<Vertex X="29838" Y="67863" Z="0"/>
					<Vertex X="29818" Y="67863" Z="0"/>
					<Vertex X="29778" Y="67863" Z="0"/>
					<Vertex X="29778" Y="67903" Z="0"/>
					<Vertex X="29778" Y="67923" Z="0"/>
					<Vertex X="29759" Y="68022" Z="0"/>
					<Vertex X="29719" Y="68081" Z="0"/>
					<Vertex X="29659" Y="68141" Z="0"/>
					<Vertex X="29640" Y="68220" Z="0"/>
					<Vertex X="29600" Y="68319" Z="0"/>
					<Vertex X="29580" Y="68398" Z="0"/>
					<Vertex X="29580" Y="68438" Z="0"/>
					<Vertex X="29540" Y="68517" Z="0"/>
					<Vertex X="29540" Y="68616" Z="0"/>
					<Vertex X="29521" Y="68696" Z="0"/>
					<Vertex X="29521" Y="68755" Z="0"/>
					<Vertex X="29521" Y="68874" Z="0"/>
					<Vertex X="29521" Y="68973" Z="0"/>
					<Vertex X="29521" Y="69092" Z="0"/>
					<Vertex X="29521" Y="69172" Z="0"/>
					<Vertex X="29521" Y="69350" Z="0"/>
					<Vertex X="29540" Y="69449" Z="0"/>
					<Vertex X="29580" Y="69568" Z="0"/>
					<Vertex X="29600" Y="69707" Z="0"/>
					<Vertex X="29640" Y="69826" Z="0"/>
					<Vertex X="29699" Y="69945" Z="0"/>
					<Vertex X="29759" Y="70103" Z="0"/>
					<Vertex X="29778" Y="70163" Z="0"/>
					<Vertex X="29838" Y="70302" Z="0"/>
					<Vertex X="29877" Y="70421" Z="0"/>
					<Vertex X="29937" Y="70540" Z="0"/>
					<Vertex X="29957" Y="70698" Z="0"/>
					<Vertex X="29996" Y="70837" Z="0"/>
					<Vertex X="30036" Y="71035" Z="0"/>
					<Vertex X="30036" Y="71134" Z="0"/>
					<Vertex X="30056" Y="71313" Z="0"/>
					<Vertex X="30076" Y="71491" Z="0"/>
					<Vertex X="30115" Y="71650" Z="0"/>
					<Vertex X="30135" Y="71769" Z="0"/>
					<Vertex X="30175" Y="71907" Z="0"/>
					<Vertex X="30195" Y="72066" Z="0"/>
					<Vertex X="30254" Y="72245" Z="0"/>
					<Vertex X="30294" Y="72363" Z="0"/>
					<Vertex X="30314" Y="72502" Z="0"/>
					<Vertex X="30373" Y="72661" Z="0"/>
					<Vertex X="30433" Y="72800" Z="0"/>
					<Vertex X="30472" Y="72958" Z="0"/>
					<Vertex X="30492" Y="73057" Z="0"/>
					<Vertex X="30571" Y="73196" Z="0"/>
					<Vertex X="30611" Y="73315" Z="0"/>
					<Vertex X="30670" Y="73474" Z="0"/>
					<Vertex X="30730" Y="73573" Z="0"/>
					<Vertex X="30789" Y="73632" Z="0"/>
					<Vertex X="30849" Y="73771" Z="0"/>
					<Vertex X="30889" Y="73850" Z="0"/>
					<Vertex X="30908" Y="73930" Z="0"/>
					<Vertex X="30948" Y="74068" Z="0"/>
					<Vertex X="30968" Y="74148" Z="0"/>
					<Vertex X="30968" Y="74168" Z="0"/>
					<Vertex X="30968" Y="74267" Z="0"/>
					<Vertex X="30968" Y="74326" Z="0"/>
					<Vertex X="30948" Y="74445" Z="0"/>
					<Vertex X="30948" Y="74505" Z="0"/>
					<Vertex X="30908" Y="74584" Z="0"/>
					<Vertex X="30849" Y="74743" Z="0"/>
					<Vertex X="30789" Y="74881" Z="0"/>
					<Vertex X="30770" Y="74980" Z="0"/>
					<Vertex X="30710" Y="75119" Z="0"/>
					<Vertex X="30611" Y="75258" Z="0"/>
					<Vertex X="30532" Y="75397" Z="0"/>
					<Vertex X="30492" Y="75476" Z="0"/>
					<Vertex X="30413" Y="75575" Z="0"/>
					<Vertex X="30373" Y="75635" Z="0"/>
					<Vertex X="30314" Y="75694" Z="0"/>
					<Vertex X="30294" Y="75694" Z="0"/>
					<Vertex X="30254" Y="75694" Z="0"/>
					<Vertex X="30195" Y="75655" Z="0"/>
					<Vertex X="30135" Y="75595" Z="0"/>
					<Vertex X="30115" Y="75575" Z="0"/>
					<Vertex X="30056" Y="75516" Z="0"/>
					<Vertex X="29957" Y="75417" Z="0"/>
					<Vertex X="29897" Y="75357" Z="0"/>
					<Vertex X="29838" Y="75278" Z="0"/>
					<Vertex X="29778" Y="75218" Z="0"/>
					<Vertex X="29699" Y="75119" Z="0"/>
					<Vertex X="29640" Y="75060" Z="0"/>
					<Vertex X="29540" Y="74980" Z="0"/>
					<Vertex X="29461" Y="74881" Z="0"/>
					<Vertex X="29362" Y="74802" Z="0"/>
					<Vertex X="29283" Y="74743" Z="0"/>
					<Vertex X="29164" Y="74683" Z="0"/>
					<Vertex X="28866" Y="74564" Z="0"/>
					<Vertex X="27598" Y="74148" Z="0"/>
					<Vertex X="26606" Y="73097" Z="0"/>
					<Vertex X="26428" Y="72919" Z="0"/>
					<Vertex X="26368" Y="72879" Z="0"/>
					<Vertex X="26289" Y="72800" Z="0"/>
					<Vertex X="26190" Y="72720" Z="0"/>
					<Vertex X="26150" Y="72681" Z="0"/>
					<Vertex X="26091" Y="72641" Z="0"/>
					<Vertex X="26031" Y="72582" Z="0"/>
					<Vertex X="26011" Y="72502" Z="0"/>
					<Vertex X="25972" Y="72482" Z="0"/>
					<Vertex X="25972" Y="72463" Z="0"/>
					<Vertex X="25912" Y="72383" Z="0"/>
					<Vertex X="25912" Y="72363" Z="0"/>
					<Vertex X="25893" Y="72344" Z="0"/>
					<Vertex X="25853" Y="72304" Z="0"/>
					<Vertex X="25793" Y="72284" Z="0"/>
					<Vertex X="25754" Y="72245" Z="0"/>
					<Vertex X="25714" Y="72245" Z="0"/>
					<Vertex X="25615" Y="72205" Z="0"/>
					<Vertex X="25555" Y="72245" Z="0"/>
					<Vertex X="25476" Y="72245" Z="0"/>
					<Vertex X="25377" Y="72245" Z="0"/>
					<Vertex X="25298" Y="72205" Z="0"/>
					<Vertex X="25238" Y="72165" Z="0"/>
					<Vertex X="25179" Y="72086" Z="0"/>
					<Vertex X="25119" Y="72046" Z="0"/>
					<Vertex X="25060" Y="71907" Z="0"/>
					<Vertex X="25000" Y="71789" Z="0"/>
					<Vertex X="24961" Y="71650" Z="0"/>
					<Vertex X="24901" Y="71531" Z="0"/>
					<Vertex X="24881" Y="71372" Z="0"/>
					<Vertex X="24881" Y="71233" Z="0"/>
					<Vertex X="24881" Y="71114" Z="0"/>
					<Vertex X="24881" Y="70956" Z="0"/>
					<Vertex X="24842" Y="70817" Z="0"/>
					<Vertex X="24842" Y="70658" Z="0"/>
					<Vertex X="24842" Y="70520" Z="0"/>
					<Vertex X="24881" Y="70401" Z="0"/>
					<Vertex X="24881" Y="70341" Z="0"/>
					<Vertex X="24901" Y="70183" Z="0"/>
					<Vertex X="24941" Y="70064" Z="0"/>
					<Vertex X="24941" Y="69945" Z="0"/>
					<Vertex X="25000" Y="69826" Z="0"/>
					<Vertex X="25020" Y="69707" Z="0"/>
					<Vertex X="25020" Y="69628" Z="0"/>
					<Vertex X="25060" Y="69509" Z="0"/>
					<Vertex X="25080" Y="69390" Z="0"/>
					<Vertex X="25080" Y="69291" Z="0"/>
					<Vertex X="25119" Y="69152" Z="0"/>
					<Vertex X="25119" Y="69033" Z="0"/>
					<Vertex X="25119" Y="68914" Z="0"/>
					<Vertex X="25119" Y="68795" Z="0"/>
					<Vertex X="25119" Y="68696" Z="0"/>
					<Vertex X="25080" Y="68616" Z="0"/>
					<Vertex X="25060" Y="68517" Z="0"/>
					<Vertex X="25020" Y="68438" Z="0"/>
					<Vertex X="25000" Y="68339" Z="0"/>
					<Vertex X="24941" Y="68220" Z="0"/>
					<Vertex X="24881" Y="68141" Z="0"/>
					<Vertex X="24842" Y="68081" Z="0"/>
					<Vertex X="24782" Y="67962" Z="0"/>
					<Vertex X="24723" Y="67863" Z="0"/>
					<Vertex X="24703" Y="67804" Z="0"/>
					<Vertex X="24663" Y="67724" Z="0"/>
					<Vertex X="24600" Y="67680" Z="0"/>
					<Vertex X="24535" Y="67616" Z="0"/>
					<Vertex X="24406" Y="67487" Z="0"/>
					<Vertex X="24406" Y="67294" Z="0"/>
					<Vertex X="24342" Y="67229" Z="0"/>
					<Vertex X="24213" Y="67101" Z="0"/>
					<Vertex X="24149" Y="67036" Z="0"/>
					<Vertex X="24020" Y="66907" Z="0"/>
					<Vertex X="23956" Y="66843" Z="0"/>
					<Vertex X="23762" Y="66714" Z="0"/>
					<Vertex X="23634" Y="66650" Z="0"/>
					<Vertex X="23569" Y="66521" Z="0"/>
					<Vertex X="23440" Y="66521" Z="0"/>
					<Vertex X="23376" Y="66328" Z="0"/>
					<Vertex X="23247" Y="66263" Z="0"/>
					<Vertex X="23183" Y="66135" Z="0"/>
					<Vertex X="23054" Y="66070" Z="0"/>
					<Vertex X="22990" Y="65877" Z="0"/>
					<Vertex X="22861" Y="65748" Z="0"/>
					<Vertex X="22796" Y="65684" Z="0"/>
					<Vertex X="22668" Y="65491" Z="0"/>
					<Vertex X="22603" Y="65298" Z="0"/>
					<Vertex X="22603" Y="65169" Z="0"/>
					<Vertex X="22603" Y="65104" Z="0"/>
					<Vertex X="22475" Y="64911" Z="0"/>
					<Vertex X="22475" Y="64782" Z="0"/>
					<Vertex X="22475" Y="64589" Z="0"/>
					<Vertex X="22475" Y="64396" Z="0"/>
					<Vertex X="22410" Y="64332" Z="0"/>
					<Vertex X="22410" Y="64138" Z="0"/>
					<Vertex X="22410" Y="63945" Z="0"/>
					<Vertex X="22281" Y="63752" Z="0"/>
					<Vertex X="22217" Y="63559" Z="0"/>
					<Vertex X="22217" Y="63430" Z="0"/>
					<Vertex X="22088" Y="63366" Z="0"/>
					<Vertex X="22088" Y="63172" Z="0"/>
					<Vertex X="22024" Y="62979" Z="0"/>
					<Vertex X="21927" Y="62926" Z="0"/>
					<Vertex X="21313" Y="61737" Z="0"/>
					<Vertex X="21233" Y="61499" Z="0"/>
					<Vertex X="21194" Y="61360" Z="0"/>
					<Vertex X="21154" Y="61221" Z="0"/>
					<Vertex X="21134" Y="61102" Z="0"/>
					<Vertex X="21134" Y="60983" Z="0"/>
					<Vertex X="21095" Y="60844" Z="0"/>
					<Vertex X="21075" Y="60686" Z="0"/>
					<Vertex X="21035" Y="60607" Z="0"/>
					<Vertex X="21015" Y="60448" Z="0"/>
					<Vertex X="20976" Y="60329" Z="0"/>
					<Vertex X="20956" Y="60250" Z="0"/>
					<Vertex X="20936" Y="60091" Z="0"/>
					<Vertex X="20936" Y="59992" Z="0"/>
					<Vertex X="20936" Y="59833" Z="0"/>
					<Vertex X="20896" Y="59754" Z="0"/>
					<Vertex X="20896" Y="59615" Z="0"/>
					<Vertex X="20857" Y="59476" Z="0"/>
					<Vertex X="20857" Y="59397" Z="0"/>
					<Vertex X="20857" Y="59239" Z="0"/>
					<Vertex X="20857" Y="59139" Z="0"/>
					<Vertex X="20857" Y="59001" Z="0"/>
					<Vertex X="20837" Y="58941" Z="0"/>
					<Vertex X="20797" Y="58822" Z="0"/>
					<Vertex X="20777" Y="58703" Z="0"/>
					<Vertex X="20777" Y="58604" Z="0"/>
					<Vertex X="20777" Y="58485" Z="0"/>
					<Vertex X="20777" Y="58426" Z="0"/>
					<Vertex X="20777" Y="58346" Z="0"/>
					<Vertex X="20777" Y="58287" Z="0"/>
					<Vertex X="20797" Y="58168" Z="0"/>
					<Vertex X="20837" Y="58069" Z="0"/>
					<Vertex X="20857" Y="58049" Z="0"/>
					<Vertex X="20857" Y="57950" Z="0"/>
					<Vertex X="20896" Y="57930" Z="0"/>
					<Vertex X="20916" Y="57871" Z="0"/>
					<Vertex X="20956" Y="57831" Z="0"/>
					<Vertex X="21015" Y="57752" Z="0"/>
					<Vertex X="21075" Y="57692" Z="0"/>
					<Vertex X="21134" Y="57593" Z="0"/>
					<Vertex X="21154" Y="57534" Z="0"/>
					<Vertex X="21213" Y="57415" Z="0"/>
					<Vertex X="21273" Y="57335" Z="0"/>
					<Vertex X="21332" Y="57236" Z="0"/>
					<Vertex X="21372" Y="57177" Z="0"/>
					<Vertex X="21432" Y="57137" Z="0"/>
					<Vertex X="21451" Y="57058" Z="0"/>
					<Vertex X="21511" Y="56998" Z="0"/>
					<Vertex X="21610" Y="56919" Z="0"/>
					<Vertex X="21630" Y="56879" Z="0"/>
					<Vertex X="21669" Y="56820" Z="0"/>
					<Vertex X="21689" Y="56760" Z="0"/>
					<Vertex X="21689" Y="56701" Z="0"/>
					<Vertex X="21729" Y="56641" Z="0"/>
					<Vertex X="21729" Y="56622" Z="0"/>
					<Vertex X="21729" Y="56562" Z="0"/>
					<Vertex X="21729" Y="56503" Z="0"/>
					<Vertex X="21729" Y="56463" Z="0"/>
					<Vertex X="21729" Y="56443" Z="0"/>
					<Vertex X="21689" Y="56403" Z="0"/>
					<Vertex X="21689" Y="56384" Z="0"/>
					<Vertex X="21669" Y="56384" Z="0"/>
					<Vertex X="21630" Y="56344" Z="0"/>
					<Vertex X="21610" Y="56344" Z="0"/>
					<Vertex X="21570" Y="56344" Z="0"/>
					<Vertex X="21551" Y="56344" Z="0"/>
					<Vertex X="21511" Y="56384" Z="0"/>
					<Vertex X="21491" Y="56384" Z="0"/>
					<Vertex X="21451" Y="56403" Z="0"/>
					<Vertex X="21432" Y="56403" Z="0"/>
					<Vertex X="21392" Y="56443" Z="0"/>
					<Vertex X="21372" Y="56463" Z="0"/>
					<Vertex X="21313" Y="56503" Z="0"/>
					<Vertex X="21273" Y="56522" Z="0"/>
					<Vertex X="21213" Y="56562" Z="0"/>
					<Vertex X="21154" Y="56622" Z="0"/>
					<Vertex X="21134" Y="56681" Z="0"/>
					<Vertex X="21075" Y="56741" Z="0"/>
					<Vertex X="20976" Y="56820" Z="0"/>
					<Vertex X="20956" Y="56859" Z="0"/>
					<Vertex X="20896" Y="56939" Z="0"/>
					<Vertex X="20797" Y="57038" Z="0"/>
					<Vertex X="20738" Y="57097" Z="0"/>
					<Vertex X="20678" Y="57177" Z="0"/>
					<Vertex X="20619" Y="57216" Z="0"/>
					<Vertex X="20559" Y="57296" Z="0"/>
					<Vertex X="20500" Y="57395" Z="0"/>
					<Vertex X="20480" Y="57415" Z="0"/>
					<Vertex X="20420" Y="57514" Z="0"/>
					<Vertex X="20381" Y="57593" Z="0"/>
					<Vertex X="20361" Y="57652" Z="0"/>
					<Vertex X="20302" Y="57712" Z="0"/>
					<Vertex X="20302" Y="57771" Z="0"/>
					<Vertex X="20242" Y="57831" Z="0"/>
					<Vertex X="20202" Y="57890" Z="0"/>
					<Vertex X="20183" Y="57930" Z="0"/>
					<Vertex X="20143" Y="57990" Z="0"/>
					<Vertex X="20123" Y="58009" Z="0"/>
					<Vertex X="20083" Y="58009" Z="0"/>
					<Vertex X="20064" Y="58069" Z="0"/>
					<Vertex X="20024" Y="58108" Z="0"/>
					<Vertex X="20004" Y="58168" Z="0"/>
					<Vertex X="19945" Y="58188" Z="0"/>
					<Vertex X="19905" Y="58267" Z="0"/>
					<Vertex X="19885" Y="58307" Z="0"/>
					<Vertex X="19826" Y="58346" Z="0"/>
					<Vertex X="19766" Y="58406" Z="0"/>
					<Vertex X="19727" Y="58426" Z="0"/>
					<Vertex X="19707" Y="58465" Z="0"/>
					<Vertex X="19647" Y="58525" Z="0"/>
					<Vertex X="19608" Y="58545" Z="0"/>
					<Vertex X="19548" Y="58604" Z="0"/>
					<Vertex X="19528" Y="58644" Z="0"/>
					<Vertex X="19469" Y="58703" Z="0"/>
					<Vertex X="19429" Y="58723" Z="0"/>
					<Vertex X="19429" Y="58763" Z="0"/>
					<Vertex X="19409" Y="58822" Z="0"/>
					<Vertex X="19370" Y="58882" Z="0"/>
					<Vertex X="19350" Y="58961" Z="0"/>
					<Vertex X="19310" Y="59001" Z="0"/>
					<Vertex X="19290" Y="59060" Z="0"/>
					<Vertex X="19290" Y="59139" Z="0"/>
					<Vertex X="19251" Y="59199" Z="0"/>
					<Vertex X="19251" Y="59318" Z="0"/>
					<Vertex X="19231" Y="59417" Z="0"/>
					<Vertex X="19231" Y="59496" Z="0"/>
					<Vertex X="19231" Y="59615" Z="0"/>
					<Vertex X="19231" Y="59714" Z="0"/>
					<Vertex X="19231" Y="59774" Z="0"/>
					<Vertex X="19231" Y="59893" Z="0"/>
					<Vertex X="19231" Y="59992" Z="0"/>
					<Vertex X="19191" Y="60071" Z="0"/>
					<Vertex X="19191" Y="60151" Z="0"/>
					<Vertex X="19171" Y="60210" Z="0"/>
					<Vertex X="19171" Y="60309" Z="0"/>
					<Vertex X="19132" Y="60369" Z="0"/>
					<Vertex X="19112" Y="60388" Z="0"/>
					<Vertex X="19072" Y="60448" Z="0"/>
					<Vertex X="19053" Y="60488" Z="0"/>
					<Vertex X="18993" Y="60547" Z="0"/>
					<Vertex X="18934" Y="60567" Z="0"/>
					<Vertex X="18894" Y="60607" Z="0"/>
					<Vertex X="18834" Y="60607" Z="0"/>
					<Vertex X="18755" Y="60607" Z="0"/>
					<Vertex X="18696" Y="60607" Z="0"/>
					<Vertex X="18656" Y="60607" Z="0"/>
					<Vertex X="18597" Y="60607" Z="0"/>
					<Vertex X="18537" Y="60567" Z="0"/>
					<Vertex X="18517" Y="60547" Z="0"/>
					<Vertex X="18458" Y="60547" Z="0"/>
					<Vertex X="18398" Y="60507" Z="0"/>
					<Vertex X="18339" Y="60488" Z="0"/>
					<Vertex X="18220" Y="60448" Z="0"/>
					<Vertex X="18121" Y="60448" Z="0"/>
					<Vertex X="18041" Y="60428" Z="0"/>
					<Vertex X="17962" Y="60428" Z="0"/>
					<Vertex X="17863" Y="60388" Z="0"/>
					<Vertex X="17764" Y="60388" Z="0"/>
					<Vertex X="17645" Y="60369" Z="0"/>
					<Vertex X="17566" Y="60309" Z="0"/>
					<Vertex X="17506" Y="60309" Z="0"/>
					<Vertex X="17447" Y="60289" Z="0"/>
					<Vertex X="17387" Y="60210" Z="0"/>
					<Vertex X="17328" Y="60190" Z="0"/>
					<Vertex X="17288" Y="60131" Z="0"/>
					<Vertex X="17229" Y="60091" Z="0"/>
					<Vertex X="17209" Y="60071" Z="0"/>
					<Vertex X="17149" Y="60032" Z="0"/>
					<Vertex X="17090" Y="60012" Z="0"/>
					<Vertex X="17030" Y="60012" Z="0"/>
					<Vertex X="16931" Y="59972" Z="0"/>
					<Vertex X="16872" Y="59972" Z="0"/>
					<Vertex X="16812" Y="59972" Z="0"/>
					<Vertex X="16733" Y="59972" Z="0"/>
					<Vertex X="16634" Y="59972" Z="0"/>
					<Vertex X="16554" Y="59952" Z="0"/>
					<Vertex X="16455" Y="59952" Z="0"/>
					<Vertex X="16396" Y="59972" Z="0"/>
					<Vertex X="16277" Y="59972" Z="0"/>
					<Vertex X="16158" Y="59972" Z="0"/>
					<Vertex X="16079" Y="59972" Z="0"/>
					<Vertex X="15960" Y="59972" Z="0"/>
					<Vertex X="15841" Y="59972" Z="0"/>
					<Vertex X="15722" Y="59972" Z="0"/>
					<Vertex X="15603" Y="59952" Z="0"/>
					<Vertex X="15484" Y="59952" Z="0"/>
					<Vertex X="15385" Y="59952" Z="0"/>
					<Vertex X="15246" Y="59952" Z="0"/>
					<Vertex X="15087" Y="59913" Z="0"/>
					<Vertex X="15008" Y="59913" Z="0"/>
					<Vertex X="14849" Y="59893" Z="0"/>
					<Vertex X="14731" Y="59853" Z="0"/>
					<Vertex X="14651" Y="59853" Z="0"/>
					<Vertex X="14532" Y="59833" Z="0"/>
					<Vertex X="14374" Y="59794" Z="0"/>
					<Vertex X="14255" Y="59774" Z="0"/>
					<Vertex X="14175" Y="59774" Z="0"/>
					<Vertex X="14056" Y="59734" Z="0"/>
					<Vertex X="13898" Y="59714" Z="0"/>
					<Vertex X="13819" Y="59714" Z="0"/>
					<Vertex X="13660" Y="59714" Z="0"/>
					<Vertex X="13521" Y="59675" Z="0"/>
					<Vertex X="13363" Y="59714" Z="0"/>
					<Vertex X="13244" Y="59714" Z="0"/>
					<Vertex X="13105" Y="59734" Z="0"/>
					<Vertex X="12986" Y="59774" Z="0"/>
					<Vertex X="12887" Y="59833" Z="0"/>
					<Vertex X="12768" Y="59893" Z="0"/>
					<Vertex X="12629" Y="59972" Z="0"/>
					<Vertex X="12530" Y="60032" Z="0"/>
					<Vertex X="12391" Y="60091" Z="0"/>
					<Vertex X="12272" Y="60131" Z="0"/>
					<Vertex X="12153" Y="60190" Z="0"/>
					<Vertex X="11995" Y="60210" Z="0"/>
					<Vertex X="11816" Y="60250" Z="0"/>
					<Vertex X="11677" Y="60250" Z="0"/>
					<Vertex X="11519" Y="60269" Z="0"/>
					<Vertex X="11380" Y="60309" Z="0"/>
					<Vertex X="11202" Y="60309" Z="0"/>
					<Vertex X="11043" Y="60329" Z="0"/>
					<Vertex X="10924" Y="60329" Z="0"/>
					<Vertex X="10746" Y="60369" Z="0"/>
					<Vertex X="10567" Y="60369" Z="0"/>
					<Vertex X="10428" Y="60369" Z="0"/>
					<Vertex X="10250" Y="60329" Z="0"/>
					<Vertex X="10131" Y="60309" Z="0"/>
					<Vertex X="9953" Y="60309" Z="0"/>
					<Vertex X="9774" Y="60269" Z="0"/>
					<Vertex X="9616" Y="60269" Z="0"/>
					<Vertex X="9536" Y="60250" Z="0"/>
					<Vertex X="9318" Y="60210" Z="0"/>
					<Vertex X="9199" Y="60210" Z="0"/>
					<Vertex X="9060" Y="60210" Z="0"/>
					<Vertex X="8941" Y="60190" Z="0"/>
					<Vertex X="8823" Y="60190" Z="0"/>
					<Vertex X="8664" Y="60210" Z="0"/>
					<Vertex X="8525" Y="60190" Z="0"/>
					<Vertex X="8367" Y="60190" Z="0"/>
					<Vertex X="8287" Y="60190" Z="0"/>
					<Vertex X="8129" Y="60210" Z="0"/>
					<Vertex X="7990" Y="60210" Z="0"/>
					<Vertex X="7891" Y="60210" Z="0"/>
					<Vertex X="7811" Y="60250" Z="0"/>
					<Vertex X="7692" Y="60309" Z="0"/>
					<Vertex X="7593" Y="60369" Z="0"/>
					<Vertex X="7514" Y="60428" Z="0"/>
					<Vertex X="7415" Y="60507" Z="0"/>
					<Vertex X="7395" Y="60567" Z="0"/>
					<Vertex X="7355" Y="60666" Z="0"/>
					<Vertex X="7355" Y="60785" Z="0"/>
					<Vertex X="7355" Y="60844" Z="0"/>
					<Vertex X="7355" Y="60983" Z="0"/>
					<Vertex X="7355" Y="61142" Z="0"/>
					<Vertex X="7336" Y="61320" Z="0"/>
					<Vertex X="7336" Y="61499" Z="0"/>
					<Vertex X="7355" Y="61737" Z="0"/>
					<Vertex X="7395" Y="61915" Z="0"/>
					<Vertex X="7415" Y="62153" Z="0"/>
					<Vertex X="7474" Y="62411" Z="0"/>
					<Vertex X="7534" Y="62629" Z="0"/>
					<Vertex X="7593" Y="62886" Z="0"/>
					<Vertex X="7653" Y="63065" Z="0"/>
					<Vertex X="7712" Y="63283" Z="0"/>
					<Vertex X="7772" Y="63481" Z="0"/>
					<Vertex X="7831" Y="63660" Z="0"/>
					<Vertex X="7891" Y="63818" Z="0"/>
					<Vertex X="7990" Y="63997" Z="0"/>
					<Vertex X="8049" Y="64116" Z="0"/>
					<Vertex X="8168" Y="64334" Z="0"/>
					<Vertex X="8287" Y="64532" Z="0"/>
					<Vertex X="8367" Y="64730" Z="0"/>
					<Vertex X="8406" Y="64889" Z="0"/>
					<Vertex X="8466" Y="65067" Z="0"/>
					<Vertex X="8525" Y="65206" Z="0"/>
					<Vertex X="8585" Y="65365" Z="0"/>
					<Vertex X="8604" Y="65384" Z="0"/>
					<Vertex X="8307" Y="65491" Z="0"/>
				</Vertices>
			</Region>
			<Region Id="2" Type="0" Zoom="0.015393" Selected="0" ImageLocation="" ImageFocus="-1" Length="60026.3" Area="220149970.0" LengthMicrons="15138.6" AreaMicrons="14002603.6" Text="" NegativeROA="0" InputRegionId="0" Analyze="1" DisplayId="2">
				<Attributes/>
				<Vertices>
					<Vertex X="29104" Y="39414" Z="0"/>
					<Vertex X="29005" Y="39493" Z="0"/>
					<Vertex X="28925" Y="39632" Z="0"/>
					<Vertex X="28807" Y="39770" Z="0"/>
					<Vertex X="28707" Y="39889" Z="0"/>
					<Vertex X="28628" Y="40008" Z="0"/>
					<Vertex X="28509" Y="40147" Z="0"/>
					<Vertex X="28410" Y="40266" Z="0"/>
					<Vertex X="28351" Y="40385" Z="0"/>
					<Vertex X="28271" Y="40564" Z="0"/>
					<Vertex X="28212" Y="40722" Z="0"/>
					<Vertex X="28152" Y="40801" Z="0"/>
					<Vertex X="28053" Y="40980" Z="0"/>
					<Vertex X="27994" Y="41079" Z="0"/>
					<Vertex X="27974" Y="41158" Z="0"/>
					<Vertex X="27934" Y="41218" Z="0"/>
					<Vertex X="27914" Y="41337" Z="0"/>
					<Vertex X="27875" Y="41396" Z="0"/>
					<Vertex X="27875" Y="41515" Z="0"/>
					<Vertex X="27875" Y="41614" Z="0"/>
					<Vertex X="27875" Y="41694" Z="0"/>
					<Vertex X="27914" Y="41852" Z="0"/>
					<Vertex X="27934" Y="41931" Z="0"/>
					<Vertex X="27974" Y="42110" Z="0"/>
					<Vertex X="27994" Y="42209" Z="0"/>
					<Vertex X="28152" Y="42447" Z="0"/>
					<Vertex X="28291" Y="42705" Z="0"/>
					<Vertex X="28450" Y="42923" Z="0"/>
					<Vertex X="28569" Y="43042" Z="0"/>
					<Vertex X="28648" Y="43101" Z="0"/>
					<Vertex X="28747" Y="43180" Z="0"/>
					<Vertex X="28826" Y="43280" Z="0"/>
					<Vertex X="28985" Y="43359" Z="0"/>
					<Vertex X="29064" Y="43458" Z="0"/>
					<Vertex X="29163" Y="43518" Z="0"/>
					<Vertex X="29302" Y="43597" Z="0"/>
					<Vertex X="29421" Y="43696" Z="0"/>
					<Vertex X="29540" Y="43755" Z="0"/>
					<Vertex X="29699" Y="43835" Z="0"/>
					<Vertex X="29778" Y="43894" Z="0"/>
					<Vertex X="29897" Y="43934" Z="0"/>
					<Vertex X="30056" Y="44013" Z="0"/>
					<Vertex X="30135" Y="44053" Z="0"/>
					<Vertex X="30254" Y="44112" Z="0"/>
					<Vertex X="30353" Y="44132" Z="0"/>
					<Vertex X="30472" Y="44192" Z="0"/>
					<Vertex X="30551" Y="44251" Z="0"/>
					<Vertex X="30670" Y="44291" Z="0"/>
					<Vertex X="30789" Y="44370" Z="0"/>
					<Vertex X="30888" Y="44410" Z="0"/>
					<Vertex X="31007" Y="44489" Z="0"/>
					<Vertex X="31067" Y="44548" Z="0"/>
					<Vertex X="31186" Y="44667" Z="0"/>
					<Vertex X="31245" Y="44707" Z="0"/>
					<Vertex X="31364" Y="44826" Z="0"/>
					<Vertex X="31423" Y="44885" Z="0"/>
					<Vertex X="31483" Y="44945" Z="0"/>
					<Vertex X="31542" Y="45024" Z="0"/>
					<Vertex X="31602" Y="45123" Z="0"/>
					<Vertex X="31622" Y="45203" Z="0"/>
					<Vertex X="31661" Y="45262" Z="0"/>
					<Vertex X="31721" Y="45361" Z="0"/>
					<Vertex X="31741" Y="45441" Z="0"/>
					<Vertex X="31780" Y="45500" Z="0"/>
					<Vertex X="31800" Y="45619" Z="0"/>
					<Vertex X="31840" Y="45718" Z="0"/>
					<Vertex X="31840" Y="45797" Z="0"/>
					<Vertex X="31840" Y="45857" Z="0"/>
					<Vertex X="31840" Y="45956" Z="0"/>
					<Vertex X="31800" Y="46035" Z="0"/>
					<Vertex X="31800" Y="46134" Z="0"/>
					<Vertex X="31741" Y="46293" Z="0"/>
					<Vertex X="31721" Y="46333" Z="0"/>
					<Vertex X="31661" Y="46452" Z="0"/>
					<Vertex X="31622" Y="46511" Z="0"/>
					<Vertex X="31562" Y="46630" Z="0"/>
					<Vertex X="31503" Y="46729" Z="0"/>
					<Vertex X="31423" Y="46809" Z="0"/>
					<Vertex X="31364" Y="46908" Z="0"/>
					<Vertex X="31245" Y="46987" Z="0"/>
					<Vertex X="31146" Y="47106" Z="0"/>
					<Vertex X="31086" Y="47185" Z="0"/>
					<Vertex X="31027" Y="47265" Z="0"/>
					<Vertex X="31007" Y="47344" Z="0"/>
					<Vertex X="30968" Y="47443" Z="0"/>
					<Vertex X="30968" Y="47522" Z="0"/>
					<Vertex X="30968" Y="47879" Z="0"/>
					<Vertex X="31007" Y="47939" Z="0"/>
					<Vertex X="31027" Y="48038" Z="0"/>
					<Vertex X="31067" Y="48117" Z="0"/>
					<Vertex X="31086" Y="48177" Z="0"/>
					<Vertex X="31146" Y="48236" Z="0"/>
					<Vertex X="31205" Y="48335" Z="0"/>
					<Vertex X="31245" Y="48355" Z="0"/>
					<Vertex X="31324" Y="48454" Z="0"/>
					<Vertex X="31384" Y="48474" Z="0"/>
					<Vertex X="31503" Y="48573" Z="0"/>
					<Vertex X="31562" Y="48633" Z="0"/>
					<Vertex X="31622" Y="48652" Z="0"/>
					<Vertex X="31721" Y="48751" Z="0"/>
					<Vertex X="31780" Y="48771" Z="0"/>
					<Vertex X="31840" Y="48831" Z="0"/>
					<Vertex X="31919" Y="48890" Z="0"/>
					<Vertex X="31979" Y="48930" Z="0"/>
					<Vertex X="32038" Y="48989" Z="0"/>
					<Vertex X="32137" Y="49049" Z="0"/>
					<Vertex X="32197" Y="49069" Z="0"/>
					<Vertex X="32256" Y="49108" Z="0"/>
					<Vertex X="32335" Y="49168" Z="0"/>
					<Vertex X="32375" Y="49188" Z="0"/>
					<Vertex X="32435" Y="49227" Z="0"/>
					<Vertex X="32514" Y="49247" Z="0"/>
					<Vertex X="32573" Y="49287" Z="0"/>
					<Vertex X="32672" Y="49326" Z="0"/>
					<Vertex X="32732" Y="49346" Z="0"/>
					<Vertex X="32791" Y="49366" Z="0"/>
					<Vertex X="32871" Y="49426" Z="0"/>
					<Vertex X="32930" Y="49465" Z="0"/>
					<Vertex X="33029" Y="49525" Z="0"/>
					<Vertex X="33109" Y="49544" Z="0"/>
					<Vertex X="33208" Y="49604" Z="0"/>
					<Vertex X="33347" Y="49683" Z="0"/>
					<Vertex X="33446" Y="49723" Z="0"/>
					<Vertex X="33525" Y="49782" Z="0"/>
					<Vertex X="33644" Y="49882" Z="0"/>
					<Vertex X="33803" Y="49961" Z="0"/>
					<Vertex X="33882" Y="50000" Z="0"/>
					<Vertex X="34001" Y="50060" Z="0"/>
					<Vertex X="34120" Y="50119" Z="0"/>
					<Vertex X="34219" Y="50179" Z="0"/>
					<Vertex X="34338" Y="50238" Z="0"/>
					<Vertex X="34477" Y="50298" Z="0"/>
					<Vertex X="34576" Y="50357" Z="0"/>
					<Vertex X="34655" Y="50377" Z="0"/>
					<Vertex X="34754" Y="50437" Z="0"/>
					<Vertex X="34873" Y="50496" Z="0"/>
					<Vertex X="34952" Y="50536" Z="0"/>
					<Vertex X="35012" Y="50575" Z="0"/>
					<Vertex X="35111" Y="50615" Z="0"/>
					<Vertex X="35230" Y="50655" Z="0"/>
					<Vertex X="35289" Y="50675" Z="0"/>
					<Vertex X="35349" Y="50734" Z="0"/>
					<Vertex X="35468" Y="50774" Z="0"/>
					<Vertex X="35527" Y="50833" Z="0"/>
					<Vertex X="35607" Y="50853" Z="0"/>
					<Vertex X="35666" Y="50912" Z="0"/>
					<Vertex X="35785" Y="50972" Z="0"/>
					<Vertex X="35845" Y="51031" Z="0"/>
					<Vertex X="35944" Y="51091" Z="0"/>
					<Vertex X="36003" Y="51150" Z="0"/>
					<Vertex X="36082" Y="51210" Z="0"/>
					<Vertex X="36182" Y="51269" Z="0"/>
					<Vertex X="36241" Y="51329" Z="0"/>
					<Vertex X="36360" Y="51428" Z="0"/>
					<Vertex X="36439" Y="51487" Z="0"/>
					<Vertex X="36538" Y="51547" Z="0"/>
					<Vertex X="36598" Y="51606" Z="0"/>
					<Vertex X="36677" Y="51666" Z="0"/>
					<Vertex X="36796" Y="51745" Z="0"/>
					<Vertex X="36915" Y="51805" Z="0"/>
					<Vertex X="37014" Y="51864" Z="0"/>
					<Vertex X="37094" Y="51904" Z="0"/>
					<Vertex X="37213" Y="51924" Z="0"/>
					<Vertex X="37312" Y="51983" Z="0"/>
					<Vertex X="37450" Y="52023" Z="0"/>
					<Vertex X="37550" Y="52023" Z="0"/>
					<Vertex X="37629" Y="52042" Z="0"/>
					<Vertex X="37728" Y="52042" Z="0"/>
					<Vertex X="37867" Y="52062" Z="0"/>
					<Vertex X="37966" Y="52082" Z="0"/>
					<Vertex X="38025" Y="52082" Z="0"/>
					<Vertex X="38164" Y="52082" Z="0"/>
					<Vertex X="38263" Y="52082" Z="0"/>
					<Vertex X="38343" Y="52102" Z="0"/>
					<Vertex X="38442" Y="52102" Z="0"/>
					<Vertex X="38521" Y="52102" Z="0"/>
					<Vertex X="38680" Y="52142" Z="0"/>
					<Vertex X="38759" Y="52142" Z="0"/>
					<Vertex X="38858" Y="52181" Z="0"/>
					<Vertex X="38977" Y="52221" Z="0"/>
					<Vertex X="39056" Y="52261" Z="0"/>
					<Vertex X="39155" Y="52300" Z="0"/>
					<Vertex X="39215" Y="52360" Z="0"/>
					<Vertex X="39334" Y="52399" Z="0"/>
					<Vertex X="39413" Y="52439" Z="0"/>
					<Vertex X="39473" Y="52498" Z="0"/>
					<Vertex X="39572" Y="52598" Z="0"/>
					<Vertex X="39671" Y="52677" Z="0"/>
					<Vertex X="39750" Y="52756" Z="0"/>
					<Vertex X="39830" Y="52855" Z="0"/>
					<Vertex X="39929" Y="52915" Z="0"/>
					<Vertex X="40048" Y="53034" Z="0"/>
					<Vertex X="40127" Y="53113" Z="0"/>
					<Vertex X="40246" Y="53212" Z="0"/>
					<Vertex X="40404" Y="53391" Z="0"/>
					<Vertex X="40484" Y="53490" Z="0"/>
					<Vertex X="40583" Y="53569" Z="0"/>
					<Vertex X="40702" Y="53648" Z="0"/>
					<Vertex X="40841" Y="53787" Z="0"/>
					<Vertex X="40940" Y="53827" Z="0"/>
					<Vertex X="41019" Y="53926" Z="0"/>
					<Vertex X="41118" Y="53985" Z="0"/>
					<Vertex X="41257" Y="54045" Z="0"/>
					<Vertex X="41356" Y="54085" Z="0"/>
					<Vertex X="41435" Y="54104" Z="0"/>
					<Vertex X="41535" Y="54124" Z="0"/>
					<Vertex X="41653" Y="54124" Z="0"/>
					<Vertex X="41733" Y="54124" Z="0"/>
					<Vertex X="41792" Y="54124" Z="0"/>
					<Vertex X="41911" Y="54104" Z="0"/>
					<Vertex X="42010" Y="54104" Z="0"/>
					<Vertex X="42129" Y="54085" Z="0"/>
					<Vertex X="42209" Y="54045" Z="0"/>
					<Vertex X="42268" Y="54005" Z="0"/>
					<Vertex X="42367" Y="53985" Z="0"/>
					<Vertex X="42446" Y="53926" Z="0"/>
					<Vertex X="42546" Y="53866" Z="0"/>
					<Vertex X="42605" Y="53807" Z="0"/>
					<Vertex X="42724" Y="53688" Z="0"/>
					<Vertex X="42784" Y="53589" Z="0"/>
					<Vertex X="42843" Y="53510" Z="0"/>
					<Vertex X="42902" Y="53410" Z="0"/>
					<Vertex X="42962" Y="53331" Z="0"/>
					<Vertex X="43021" Y="53212" Z="0"/>
					<Vertex X="43041" Y="53113" Z="0"/>
					<Vertex X="43101" Y="53034" Z="0"/>
					<Vertex X="43140" Y="52974" Z="0"/>
					<Vertex X="43180" Y="52895" Z="0"/>
					<Vertex X="43220" Y="52756" Z="0"/>
					<Vertex X="43259" Y="52697" Z="0"/>
					<Vertex X="43279" Y="52657" Z="0"/>
					<Vertex X="43279" Y="52598" Z="0"/>
					<Vertex X="43319" Y="52518" Z="0"/>
					<Vertex X="43339" Y="52399" Z="0"/>
					<Vertex X="43339" Y="52360" Z="0"/>
					<Vertex X="43339" Y="52300" Z="0"/>
					<Vertex X="43339" Y="52221" Z="0"/>
					<Vertex X="43319" Y="52102" Z="0"/>
					<Vertex X="43319" Y="52062" Z="0"/>
					<Vertex X="43279" Y="52003" Z="0"/>
					<Vertex X="43259" Y="51924" Z="0"/>
					<Vertex X="43259" Y="51884" Z="0"/>
					<Vertex X="43220" Y="51785" Z="0"/>
					<Vertex X="43200" Y="51725" Z="0"/>
					<Vertex X="43180" Y="51705" Z="0"/>
					<Vertex X="43140" Y="51626" Z="0"/>
					<Vertex X="43140" Y="51606" Z="0"/>
					<Vertex X="43101" Y="51567" Z="0"/>
					<Vertex X="43101" Y="51507" Z="0"/>
					<Vertex X="43101" Y="51448" Z="0"/>
					<Vertex X="43140" Y="51408" Z="0"/>
					<Vertex X="43180" Y="51329" Z="0"/>
					<Vertex X="43180" Y="51249" Z="0"/>
					<Vertex X="43220" Y="51131" Z="0"/>
					<Vertex X="43259" Y="51071" Z="0"/>
					<Vertex X="43319" Y="50992" Z="0"/>
					<Vertex X="43339" Y="50893" Z="0"/>
					<Vertex X="43418" Y="50813" Z="0"/>
					<Vertex X="43497" Y="50655" Z="0"/>
					<Vertex X="43557" Y="50556" Z="0"/>
					<Vertex X="43616" Y="50437" Z="0"/>
					<Vertex X="43676" Y="50357" Z="0"/>
					<Vertex X="43795" Y="50238" Z="0"/>
					<Vertex X="43854" Y="50119" Z="0"/>
					<Vertex X="43953" Y="50020" Z="0"/>
					<Vertex X="43993" Y="49921" Z="0"/>
					<Vertex X="44092" Y="49802" Z="0"/>
					<Vertex X="44151" Y="49703" Z="0"/>
					<Vertex X="44270" Y="49525" Z="0"/>
					<Vertex X="44330" Y="49406" Z="0"/>
					<Vertex X="44389" Y="49247" Z="0"/>
					<Vertex X="44449" Y="49128" Z="0"/>
					<Vertex X="44508" Y="49009" Z="0"/>
					<Vertex X="44568" Y="48831" Z="0"/>
					<Vertex X="44627" Y="48712" Z="0"/>
					<Vertex X="44687" Y="48593" Z="0"/>
					<Vertex X="44707" Y="48474" Z="0"/>
					<Vertex X="44746" Y="48315" Z="0"/>
					<Vertex X="44766" Y="48216" Z="0"/>
					<Vertex X="44766" Y="48117" Z="0"/>
					<Vertex X="44806" Y="48038" Z="0"/>
					<Vertex X="44806" Y="47939" Z="0"/>
					<Vertex X="44806" Y="47879" Z="0"/>
					<Vertex X="44806" Y="47760" Z="0"/>
					<Vertex X="44806" Y="47701" Z="0"/>
					<Vertex X="44806" Y="47681" Z="0"/>
					<Vertex X="44806" Y="47621" Z="0"/>
					<Vertex X="44766" Y="47562" Z="0"/>
					<Vertex X="44766" Y="47463" Z="0"/>
					<Vertex X="44766" Y="47383" Z="0"/>
					<Vertex X="44746" Y="47324" Z="0"/>
					<Vertex X="44746" Y="47225" Z="0"/>
					<Vertex X="44707" Y="47146" Z="0"/>
					<Vertex X="44707" Y="47027" Z="0"/>
					<Vertex X="44707" Y="46908" Z="0"/>
					<Vertex X="44707" Y="46789" Z="0"/>
					<Vertex X="44707" Y="46630" Z="0"/>
					<Vertex X="44707" Y="46511" Z="0"/>
					<Vertex X="44707" Y="46333" Z="0"/>
					<Vertex X="44707" Y="46214" Z="0"/>
					<Vertex X="44707" Y="46035" Z="0"/>
					<Vertex X="44707" Y="45916" Z="0"/>
					<Vertex X="44707" Y="45797" Z="0"/>
					<Vertex X="44707" Y="45678" Z="0"/>
					<Vertex X="44707" Y="45500" Z="0"/>
					<Vertex X="44707" Y="45401" Z="0"/>
					<Vertex X="44707" Y="45262" Z="0"/>
					<Vertex X="44707" Y="45183" Z="0"/>
					<Vertex X="44687" Y="45024" Z="0"/>
					<Vertex X="44647" Y="44905" Z="0"/>
					<Vertex X="44647" Y="44786" Z="0"/>
					<Vertex X="44647" Y="44667" Z="0"/>
					<Vertex X="44647" Y="44548" Z="0"/>
					<Vertex X="44627" Y="44370" Z="0"/>
					<Vertex X="44588" Y="44291" Z="0"/>
					<Vertex X="44588" Y="44112" Z="0"/>
					<Vertex X="44568" Y="43993" Z="0"/>
					<Vertex X="44568" Y="43815" Z="0"/>
					<Vertex X="44528" Y="43696" Z="0"/>
					<Vertex X="44528" Y="43577" Z="0"/>
					<Vertex X="44508" Y="43458" Z="0"/>
					<Vertex X="44508" Y="43339" Z="0"/>
					<Vertex X="44469" Y="43121" Z="0"/>
					<Vertex X="44449" Y="43002" Z="0"/>
					<Vertex X="44409" Y="42863" Z="0"/>
					<Vertex X="44350" Y="42744" Z="0"/>
					<Vertex X="44330" Y="42625" Z="0"/>
					<Vertex X="44290" Y="42506" Z="0"/>
					<Vertex X="44231" Y="42328" Z="0"/>
					<Vertex X="44211" Y="42209" Z="0"/>
					<Vertex X="44171" Y="42090" Z="0"/>
					<Vertex X="44151" Y="41971" Z="0"/>
					<Vertex X="44092" Y="41852" Z="0"/>
					<Vertex X="44052" Y="41733" Z="0"/>
					<Vertex X="43993" Y="41575" Z="0"/>
					<Vertex X="43933" Y="41456" Z="0"/>
					<Vertex X="43914" Y="41376" Z="0"/>
					<Vertex X="43854" Y="41257" Z="0"/>
					<Vertex X="43795" Y="41158" Z="0"/>
					<Vertex X="43735" Y="41019" Z="0"/>
					<Vertex X="43676" Y="40920" Z="0"/>
					<Vertex X="43616" Y="40801" Z="0"/>
					<Vertex X="43577" Y="40722" Z="0"/>
					<Vertex X="43497" Y="40564" Z="0"/>
					<Vertex X="43438" Y="40445" Z="0"/>
					<Vertex X="43339" Y="40365" Z="0"/>
					<Vertex X="43279" Y="40266" Z="0"/>
					<Vertex X="43220" Y="40207" Z="0"/>
					<Vertex X="43160" Y="40147" Z="0"/>
					<Vertex X="43081" Y="40028" Z="0"/>
					<Vertex X="43041" Y="39969" Z="0"/>
					<Vertex X="43021" Y="39889" Z="0"/>
					<Vertex X="42962" Y="39830" Z="0"/>
					<Vertex X="42922" Y="39731" Z="0"/>
					<Vertex X="42902" Y="39652" Z="0"/>
					<Vertex X="42902" Y="39493" Z="0"/>
					<Vertex X="42902" Y="39374" Z="0"/>
					<Vertex X="42843" Y="39235" Z="0"/>
					<Vertex X="42546" Y="37946" Z="0"/>
					<Vertex X="42466" Y="37768" Z="0"/>
					<Vertex X="42407" Y="37669" Z="0"/>
					<Vertex X="42308" Y="37490" Z="0"/>
					<Vertex X="42248" Y="37411" Z="0"/>
					<Vertex X="42189" Y="37312" Z="0"/>
					<Vertex X="42129" Y="37193" Z="0"/>
					<Vertex X="42090" Y="37114" Z="0"/>
					<Vertex X="42011" Y="36955" Z="0"/>
					<Vertex X="41931" Y="36836" Z="0"/>
					<Vertex X="41872" Y="36757" Z="0"/>
					<Vertex X="41773" Y="36658" Z="0"/>
					<Vertex X="41693" Y="36578" Z="0"/>
					<Vertex X="41555" Y="36479" Z="0"/>
					<Vertex X="41416" Y="36341" Z="0"/>
					<Vertex X="41336" Y="36261" Z="0"/>
					<Vertex X="41237" Y="36162" Z="0"/>
					<Vertex X="41118" Y="36063" Z="0"/>
					<Vertex X="40999" Y="35944" Z="0"/>
					<Vertex X="40880" Y="35825" Z="0"/>
					<Vertex X="40761" Y="35746" Z="0"/>
					<Vertex X="40643" Y="35666" Z="0"/>
					<Vertex X="40464" Y="35528" Z="0"/>
					<Vertex X="40345" Y="35488" Z="0"/>
					<Vertex X="40206" Y="35409" Z="0"/>
					<Vertex X="40087" Y="35369" Z="0"/>
					<Vertex X="39929" Y="35270" Z="0"/>
					<Vertex X="39790" Y="35210" Z="0"/>
					<Vertex X="39572" Y="35151" Z="0"/>
					<Vertex X="39453" Y="35131" Z="0"/>
					<Vertex X="39314" Y="35072" Z="0"/>
					<Vertex X="39136" Y="35032" Z="0"/>
					<Vertex X="38977" Y="35032" Z="0"/>
					<Vertex X="38799" Y="34992" Z="0"/>
					<Vertex X="38561" Y="34992" Z="0"/>
					<Vertex X="38382" Y="34992" Z="0"/>
					<Vertex X="38224" Y="35032" Z="0"/>
					<Vertex X="38045" Y="35032" Z="0"/>
					<Vertex X="37867" Y="35052" Z="0"/>
					<Vertex X="37609" Y="35151" Z="0"/>
					<Vertex X="37431" Y="35171" Z="0"/>
					<Vertex X="37252" Y="35230" Z="0"/>
					<Vertex X="36975" Y="35349" Z="0"/>
					<Vertex X="36777" Y="35409" Z="0"/>
					<Vertex X="36598" Y="35488" Z="0"/>
					<Vertex X="36380" Y="35528" Z="0"/>
					<Vertex X="36202" Y="35627" Z="0"/>
					<Vertex X="35904" Y="35726" Z="0"/>
					<Vertex X="35706" Y="35805" Z="0"/>
					<Vertex X="35528" Y="35865" Z="0"/>
					<Vertex X="35290" Y="35984" Z="0"/>
					<Vertex X="35131" Y="36003" Z="0"/>
					<Vertex X="34992" Y="36043" Z="0"/>
					<Vertex X="34893" Y="36063" Z="0"/>
					<Vertex X="34814" Y="36063" Z="0"/>
					<Vertex X="34774" Y="36043" Z="0"/>
					<Vertex X="34715" Y="36003" Z="0"/>
					<Vertex X="34695" Y="35984" Z="0"/>
					<Vertex X="34655" Y="35924" Z="0"/>
					<Vertex X="34635" Y="35865" Z="0"/>
					<Vertex X="34576" Y="35766" Z="0"/>
					<Vertex X="34536" Y="35726" Z="0"/>
					<Vertex X="34516" Y="35647" Z="0"/>
					<Vertex X="34477" Y="35587" Z="0"/>
					<Vertex X="34398" Y="35508" Z="0"/>
					<Vertex X="34358" Y="35448" Z="0"/>
					<Vertex X="34298" Y="35409" Z="0"/>
					<Vertex X="34219" Y="35349" Z="0"/>
					<Vertex X="34160" Y="35290" Z="0"/>
					<Vertex X="34100" Y="35270" Z="0"/>
					<Vertex X="34001" Y="35230" Z="0"/>
					<Vertex X="33922" Y="35171" Z="0"/>
					<Vertex X="33823" Y="35151" Z="0"/>
					<Vertex X="33743" Y="35151" Z="0"/>
					<Vertex X="33644" Y="35111" Z="0"/>
					<Vertex X="33565" Y="35092" Z="0"/>
					<Vertex X="33406" Y="35052" Z="0"/>
					<Vertex X="33327" Y="35052" Z="0"/>
					<Vertex X="33208" Y="35052" Z="0"/>
					<Vertex X="33109" Y="35052" Z="0"/>
					<Vertex X="32911" Y="35052" Z="0"/>
					<Vertex X="32792" Y="35052" Z="0"/>
					<Vertex X="32673" Y="35092" Z="0"/>
					<Vertex X="32514" Y="35111" Z="0"/>
					<Vertex X="32395" Y="35151" Z="0"/>
					<Vertex X="32256" Y="35171" Z="0"/>
					<Vertex X="32098" Y="35210" Z="0"/>
					<Vertex X="31919" Y="35290" Z="0"/>
					<Vertex X="31781" Y="35349" Z="0"/>
					<Vertex X="31562" Y="35448" Z="0"/>
					<Vertex X="31443" Y="35508" Z="0"/>
					<Vertex X="31265" Y="35587" Z="0"/>
					<Vertex X="31146" Y="35647" Z="0"/>
					<Vertex X="31067" Y="35726" Z="0"/>
					<Vertex X="30908" Y="35805" Z="0"/>
					<Vertex X="30789" Y="35865" Z="0"/>
					<Vertex X="30710" Y="35924" Z="0"/>
					<Vertex X="30611" Y="35984" Z="0"/>
					<Vertex X="30472" Y="36103" Z="0"/>
					<Vertex X="30373" Y="36162" Z="0"/>
					<Vertex X="30294" Y="36241" Z="0"/>
					<Vertex X="30194" Y="36301" Z="0"/>
					<Vertex X="30076" Y="36459" Z="0"/>
					<Vertex X="30016" Y="36539" Z="0"/>
					<Vertex X="29957" Y="36618" Z="0"/>
					<Vertex X="29897" Y="36697" Z="0"/>
					<Vertex X="29818" Y="36816" Z="0"/>
					<Vertex X="29778" Y="36896" Z="0"/>
					<Vertex X="29719" Y="36995" Z="0"/>
					<Vertex X="29699" Y="37074" Z="0"/>
					<Vertex X="29659" Y="37193" Z="0"/>
					<Vertex X="29639" Y="37292" Z="0"/>
					<Vertex X="29580" Y="37431" Z="0"/>
					<Vertex X="29540" Y="37550" Z="0"/>
					<Vertex X="29540" Y="37649" Z="0"/>
					<Vertex X="29520" Y="37788" Z="0"/>
					<Vertex X="29481" Y="37887" Z="0"/>
					<Vertex X="29481" Y="38006" Z="0"/>
					<Vertex X="29481" Y="38125" Z="0"/>
					<Vertex X="29461" Y="38204" Z="0"/>
					<Vertex X="29461" Y="38303" Z="0"/>
					<Vertex X="29461" Y="38363" Z="0"/>
					<Vertex X="29461" Y="38482" Z="0"/>
					<Vertex X="29421" Y="38541" Z="0"/>
					<Vertex X="29421" Y="38601" Z="0"/>
					<Vertex X="29421" Y="38680" Z="0"/>
					<Vertex X="29401" Y="38739" Z="0"/>
					<Vertex X="29362" Y="38779" Z="0"/>
					<Vertex X="29362" Y="38839" Z="0"/>
					<Vertex X="29342" Y="38898" Z="0"/>
					<Vertex X="29342" Y="38918" Z="0"/>
					<Vertex X="29302" Y="38977" Z="0"/>
					<Vertex X="29283" Y="39037" Z="0"/>
					<Vertex X="29283" Y="39096" Z="0"/>
					<Vertex X="29243" Y="39156" Z="0"/>
					<Vertex X="29223" Y="39255" Z="0"/>
					<Vertex X="29183" Y="39275" Z="0"/>
					<Vertex X="29164" Y="39334" Z="0"/>
					<Vertex X="29124" Y="39394" Z="0"/>
					<Vertex X="29104" Y="39433" Z="0"/>
					<Vertex X="29104" Y="39414" Z="0"/>
				</Vertices>
			</Region>
			<Region Id="3" Type="0" Zoom="0.050000" Selected="0" ImageLocation="" ImageFocus="-1" Length="8851.5" Area="5300946.0" LengthMicrons="2232.3" AreaMicrons="337165.8" Text="" NegativeROA="0" InputRegionId="0" Analyze="1" DisplayId="3">
				<Attributes/>
				<Vertices>
					<Vertex X="27855" Y="38422" Z="0"/>
					<Vertex X="26269" Y="38799" Z="0"/>
					<Vertex X="26210" Y="38858" Z="0"/>
					<Vertex X="26091" Y="38958" Z="0"/>
					<Vertex X="26031" Y="39037" Z="0"/>
					<Vertex X="25972" Y="39096" Z="0"/>
					<Vertex X="25892" Y="39195" Z="0"/>
					<Vertex X="25833" Y="39275" Z="0"/>
					<Vertex X="25773" Y="39334" Z="0"/>
					<Vertex X="25714" Y="39493" Z="0"/>
					<Vertex X="25714" Y="39572" Z="0"/>
					<Vertex X="25674" Y="39691" Z="0"/>
					<Vertex X="25674" Y="39790" Z="0"/>
					<Vertex X="25654" Y="39909" Z="0"/>
					<Vertex X="25654" Y="40028" Z="0"/>
					<Vertex X="25654" Y="40226" Z="0"/>
					<Vertex X="25674" Y="40385" Z="0"/>
					<Vertex X="25714" Y="40504" Z="0"/>
					<Vertex X="25734" Y="40583" Z="0"/>
					<Vertex X="25793" Y="40702" Z="0"/>
					<Vertex X="25912" Y="40861" Z="0"/>
					<Vertex X="25972" Y="40940" Z="0"/>
					<Vertex X="26091" Y="41059" Z="0"/>
					<Vertex X="26190" Y="41158" Z="0"/>
					<Vertex X="26269" Y="41237" Z="0"/>
					<Vertex X="26368" Y="41297" Z="0"/>
					<Vertex X="26447" Y="41356" Z="0"/>
					<Vertex X="26566" Y="41396" Z="0"/>
					<Vertex X="26666" Y="41416" Z="0"/>
					<Vertex X="26725" Y="41456" Z="0"/>
					<Vertex X="26784" Y="41456" Z="0"/>
					<Vertex X="26844" Y="41456" Z="0"/>
					<Vertex X="26923" Y="41416" Z="0"/>
					<Vertex X="26983" Y="41396" Z="0"/>
					<Vertex X="27042" Y="41356" Z="0"/>
					<Vertex X="27102" Y="41337" Z="0"/>
					<Vertex X="27141" Y="41297" Z="0"/>
					<Vertex X="27221" Y="41237" Z="0"/>
					<Vertex X="27280" Y="41178" Z="0"/>
					<Vertex X="27340" Y="41158" Z="0"/>
					<Vertex X="27379" Y="41099" Z="0"/>
					<Vertex X="27439" Y="41039" Z="0"/>
					<Vertex X="27459" Y="41000" Z="0"/>
					<Vertex X="27498" Y="40980" Z="0"/>
					<Vertex X="27518" Y="40940" Z="0"/>
					<Vertex X="27578" Y="40861" Z="0"/>
					<Vertex X="27617" Y="40821" Z="0"/>
					<Vertex X="27637" Y="40762" Z="0"/>
					<Vertex X="27677" Y="40742" Z="0"/>
					<Vertex X="27736" Y="40643" Z="0"/>
					<Vertex X="27756" Y="40623" Z="0"/>
					<Vertex X="27796" Y="40563" Z="0"/>
					<Vertex X="27815" Y="40504" Z="0"/>
					<Vertex X="27875" Y="40444" Z="0"/>
					<Vertex X="27915" Y="40345" Z="0"/>
					<Vertex X="27934" Y="40286" Z="0"/>
					<Vertex X="27934" Y="40207" Z="0"/>
					<Vertex X="27974" Y="40107" Z="0"/>
					<Vertex X="27994" Y="40008" Z="0"/>
					<Vertex X="27994" Y="39869" Z="0"/>
					<Vertex X="27994" Y="39810" Z="0"/>
					<Vertex X="27994" Y="39731" Z="0"/>
					<Vertex X="27994" Y="39651" Z="0"/>
					<Vertex X="27994" Y="39572" Z="0"/>
					<Vertex X="27974" Y="39453" Z="0"/>
					<Vertex X="27974" Y="39374" Z="0"/>
					<Vertex X="27934" Y="39334" Z="0"/>
					<Vertex X="27934" Y="39275" Z="0"/>
					<Vertex X="27934" Y="39156" Z="0"/>
					<Vertex X="27915" Y="39096" Z="0"/>
					<Vertex X="27915" Y="39037" Z="0"/>
					<Vertex X="27915" Y="38977" Z="0"/>
					<Vertex X="27915" Y="38958" Z="0"/>
					<Vertex X="27915" Y="38898" Z="0"/>
					<Vertex X="27915" Y="38858" Z="0"/>
					<Vertex X="27875" Y="38839" Z="0"/>
					<Vertex X="27875" Y="38799" Z="0"/>
					<Vertex X="27875" Y="38739" Z="0"/>
					<Vertex X="27875" Y="38720" Z="0"/>
					<Vertex X="27875" Y="38680" Z="0"/>
					<Vertex X="27875" Y="38660" Z="0"/>
					<Vertex X="27855" Y="38660" Z="0"/>
					<Vertex X="27855" Y="38620" Z="0"/>
					<Vertex X="27855" Y="38601" Z="0"/>
					<Vertex X="27855" Y="38561" Z="0"/>
					<Vertex X="27855" Y="38541" Z="0"/>
					<Vertex X="27855" Y="38502" Z="0"/>
					<Vertex X="27815" Y="38502" Z="0"/>
					<Vertex X="27815" Y="38482" Z="0"/>
					<Vertex X="27815" Y="38442" Z="0"/>
					<Vertex X="27815" Y="38422" Z="0"/>
					<Vertex X="27796" Y="38422" Z="0"/>
					<Vertex X="27855" Y="38422" Z="0"/>
				</Vertices>
			</Region>
			<Region Id="4" Type="0" Zoom="0.050000" Selected="0" ImageLocation="" ImageFocus="-1" Length="8630.2" Area="5290075.5" LengthMicrons="2176.5" AreaMicrons="336474.4" Text="" NegativeROA="0" InputRegionId="0" Analyze="1" DisplayId="4">
				<Attributes/>
				<Vertices>
					<Vertex X="23712" Y="23573" Z="0"/>
					<Vertex X="22245" Y="22978" Z="0"/>
					<Vertex X="22046" Y="22978" Z="0"/>
					<Vertex X="21927" Y="22978" Z="0"/>
					<Vertex X="21808" Y="23018" Z="0"/>
					<Vertex X="21709" Y="23038" Z="0"/>
					<Vertex X="21630" Y="23038" Z="0"/>
					<Vertex X="21571" Y="23077" Z="0"/>
					<Vertex X="21471" Y="23097" Z="0"/>
					<Vertex X="21412" Y="23157" Z="0"/>
					<Vertex X="21392" Y="23216" Z="0"/>
					<Vertex X="21352" Y="23276" Z="0"/>
					<Vertex X="21333" Y="23335" Z="0"/>
					<Vertex X="21333" Y="23434" Z="0"/>
					<Vertex X="21333" Y="23514" Z="0"/>
					<Vertex X="21333" Y="23632" Z="0"/>
					<Vertex X="21333" Y="23751" Z="0"/>
					<Vertex X="21352" Y="23970" Z="0"/>
					<Vertex X="21352" Y="24108" Z="0"/>
					<Vertex X="21392" Y="24227" Z="0"/>
					<Vertex X="21412" Y="24346" Z="0"/>
					<Vertex X="21452" Y="24465" Z="0"/>
					<Vertex X="21511" Y="24564" Z="0"/>
					<Vertex X="21571" Y="24683" Z="0"/>
					<Vertex X="21630" Y="24802" Z="0"/>
					<Vertex X="21689" Y="24881" Z="0"/>
					<Vertex X="21749" Y="25020" Z="0"/>
					<Vertex X="21808" Y="25100" Z="0"/>
					<Vertex X="21888" Y="25179" Z="0"/>
					<Vertex X="21987" Y="25278" Z="0"/>
					<Vertex X="22126" Y="25417" Z="0"/>
					<Vertex X="22225" Y="25516" Z="0"/>
					<Vertex X="22344" Y="25575" Z="0"/>
					<Vertex X="22423" Y="25635" Z="0"/>
					<Vertex X="22522" Y="25694" Z="0"/>
					<Vertex X="22601" Y="25714" Z="0"/>
					<Vertex X="22701" Y="25754" Z="0"/>
					<Vertex X="22780" Y="25774" Z="0"/>
					<Vertex X="22879" Y="25774" Z="0"/>
					<Vertex X="22998" Y="25754" Z="0"/>
					<Vertex X="23057" Y="25714" Z="0"/>
					<Vertex X="23117" Y="25694" Z="0"/>
					<Vertex X="23236" Y="25635" Z="0"/>
					<Vertex X="23295" Y="25575" Z="0"/>
					<Vertex X="23375" Y="25556" Z="0"/>
					<Vertex X="23434" Y="25476" Z="0"/>
					<Vertex X="23494" Y="25417" Z="0"/>
					<Vertex X="23553" Y="25337" Z="0"/>
					<Vertex X="23613" Y="25278" Z="0"/>
					<Vertex X="23652" Y="25219" Z="0"/>
					<Vertex X="23712" Y="25100" Z="0"/>
					<Vertex X="23732" Y="25020" Z="0"/>
					<Vertex X="23771" Y="24941" Z="0"/>
					<Vertex X="23791" Y="24862" Z="0"/>
					<Vertex X="23831" Y="24802" Z="0"/>
					<Vertex X="23831" Y="24703" Z="0"/>
					<Vertex X="23831" Y="24624" Z="0"/>
					<Vertex X="23831" Y="24564" Z="0"/>
					<Vertex X="23831" Y="24445" Z="0"/>
					<Vertex X="23850" Y="24386" Z="0"/>
					<Vertex X="23850" Y="24346" Z="0"/>
					<Vertex X="23831" Y="24287" Z="0"/>
					<Vertex X="23831" Y="24227" Z="0"/>
					<Vertex X="23831" Y="24207" Z="0"/>
					<Vertex X="23791" Y="24108" Z="0"/>
					<Vertex X="23791" Y="24088" Z="0"/>
					<Vertex X="23791" Y="24029" Z="0"/>
					<Vertex X="23791" Y="23989" Z="0"/>
					<Vertex X="23791" Y="23970" Z="0"/>
					<Vertex X="23771" Y="23910" Z="0"/>
					<Vertex X="23771" Y="23870" Z="0"/>
					<Vertex X="23771" Y="23851" Z="0"/>
					<Vertex X="23732" Y="23811" Z="0"/>
					<Vertex X="23732" Y="23791" Z="0"/>
					<Vertex X="23732" Y="23751" Z="0"/>
					<Vertex X="23732" Y="23732" Z="0"/>
					<Vertex X="23712" Y="23732" Z="0"/>
					<Vertex X="23712" Y="23692" Z="0"/>
					<Vertex X="23672" Y="23692" Z="0"/>
					<Vertex X="23672" Y="23672" Z="0"/>
					<Vertex X="23672" Y="23632" Z="0"/>
					<Vertex X="23672" Y="23613" Z="0"/>
					<Vertex X="23712" Y="23573" Z="0"/>
				</Vertices>
			</Region>
			<Region Id="5" Type="0" Zoom="0.050000" Selected="0" ImageLocation="" ImageFocus="-1" Length="7031.0" Area="3415396.5" LengthMicrons="1773.2" AreaMicrons="217235.7" Text="" NegativeROA="0" InputRegionId="0" Analyze="1" DisplayId="5">
				<Attributes/>
				<Vertices>
					<Vertex X="8644" Y="46352" Z="0"/>
					<Vertex X="7038" Y="46511" Z="0"/>
					<Vertex X="6959" Y="46570" Z="0"/>
					<Vertex X="6899" Y="46630" Z="0"/>
					<Vertex X="6800" Y="46709" Z="0"/>
					<Vertex X="6721" Y="46828" Z="0"/>
					<Vertex X="6661" Y="46927" Z="0"/>
					<Vertex X="6562" Y="47006" Z="0"/>
					<Vertex X="6542" Y="47105" Z="0"/>
					<Vertex X="6503" Y="47185" Z="0"/>
					<Vertex X="6483" Y="47284" Z="0"/>
					<Vertex X="6483" Y="47343" Z="0"/>
					<Vertex X="6443" Y="47482" Z="0"/>
					<Vertex X="6443" Y="47581" Z="0"/>
					<Vertex X="6483" Y="47700" Z="0"/>
					<Vertex X="6503" Y="47819" Z="0"/>
					<Vertex X="6503" Y="47898" Z="0"/>
					<Vertex X="6542" Y="47998" Z="0"/>
					<Vertex X="6602" Y="48077" Z="0"/>
					<Vertex X="6622" Y="48136" Z="0"/>
					<Vertex X="6721" Y="48255" Z="0"/>
					<Vertex X="6800" Y="48335" Z="0"/>
					<Vertex X="6860" Y="48354" Z="0"/>
					<Vertex X="6959" Y="48374" Z="0"/>
					<Vertex X="7038" Y="48434" Z="0"/>
					<Vertex X="7157" Y="48434" Z="0"/>
					<Vertex X="7256" Y="48434" Z="0"/>
					<Vertex X="7335" Y="48434" Z="0"/>
					<Vertex X="7435" Y="48414" Z="0"/>
					<Vertex X="7554" Y="48354" Z="0"/>
					<Vertex X="7613" Y="48354" Z="0"/>
					<Vertex X="7692" Y="48295" Z="0"/>
					<Vertex X="7791" Y="48235" Z="0"/>
					<Vertex X="7851" Y="48176" Z="0"/>
					<Vertex X="7930" Y="48077" Z="0"/>
					<Vertex X="8029" Y="48017" Z="0"/>
					<Vertex X="8109" Y="47938" Z="0"/>
					<Vertex X="8168" Y="47879" Z="0"/>
					<Vertex X="8267" Y="47760" Z="0"/>
					<Vertex X="8327" Y="47700" Z="0"/>
					<Vertex X="8386" Y="47601" Z="0"/>
					<Vertex X="8446" Y="47522" Z="0"/>
					<Vertex X="8505" Y="47403" Z="0"/>
					<Vertex X="8525" Y="47343" Z="0"/>
					<Vertex X="8565" Y="47304" Z="0"/>
					<Vertex X="8584" Y="47244" Z="0"/>
					<Vertex X="8624" Y="47185" Z="0"/>
					<Vertex X="8624" Y="47125" Z="0"/>
					<Vertex X="8624" Y="47105" Z="0"/>
					<Vertex X="8624" Y="47086" Z="0"/>
					<Vertex X="8644" Y="47006" Z="0"/>
					<Vertex X="8644" Y="46947" Z="0"/>
					<Vertex X="8644" Y="46927" Z="0"/>
					<Vertex X="8644" Y="46887" Z="0"/>
					<Vertex X="8644" Y="46867" Z="0"/>
					<Vertex X="8644" Y="46808" Z="0"/>
					<Vertex X="8644" Y="46768" Z="0"/>
					<Vertex X="8644" Y="46749" Z="0"/>
					<Vertex X="8644" Y="46709" Z="0"/>
					<Vertex X="8644" Y="46649" Z="0"/>
					<Vertex X="8644" Y="46630" Z="0"/>
					<Vertex X="8644" Y="46590" Z="0"/>
					<Vertex X="8644" Y="46570" Z="0"/>
					<Vertex X="8644" Y="46550" Z="0"/>
					<Vertex X="8644" Y="46511" Z="0"/>
					<Vertex X="8644" Y="46471" Z="0"/>
					<Vertex X="8644" Y="46451" Z="0"/>
					<Vertex X="8644" Y="46411" Z="0"/>
					<Vertex X="8644" Y="46392" Z="0"/>
					<Vertex X="8644" Y="46352" Z="0"/>
					<Vertex X="8644" Y="46352" Z="0"/>
				</Vertices>
			</Region>
			<Region Id="6" Type="0" Zoom="0.050000" Selected="0" ImageLocation="" ImageFocus="-1" Length="63550.8" Area="43464238.0" LengthMicrons="16027.5" AreaMicrons="2764535.9" Text="" NegativeROA="0" InputRegionId="0" Analyze="1" DisplayId="6">
				<Attributes/>
				<Vertices>
					<Vertex X="26784" Y="57911" Z="0"/>
					<Vertex X="26864" Y="57970" Z="0"/>
					<Vertex X="26923" Y="58030" Z="0"/>
					<Vertex X="26983" Y="58089" Z="0"/>
					<Vertex X="27102" Y="58149" Z="0"/>
					<Vertex X="27201" Y="58208" Z="0"/>
					<Vertex X="27260" Y="58267" Z="0"/>
					<Vertex X="27339" Y="58327" Z="0"/>
					<Vertex X="27458" Y="58406" Z="0"/>
					<Vertex X="27518" Y="58466" Z="0"/>
					<Vertex X="27577" Y="58525" Z="0"/>
					<Vertex X="27677" Y="58585" Z="0"/>
					<Vertex X="27736" Y="58644" Z="0"/>
					<Vertex X="27756" Y="58704" Z="0"/>
					<Vertex X="27855" Y="58803" Z="0"/>
					<Vertex X="27875" Y="58882" Z="0"/>
					<Vertex X="27914" Y="58942" Z="0"/>
					<Vertex X="27914" Y="59001" Z="0"/>
					<Vertex X="27974" Y="59120" Z="0"/>
					<Vertex X="27994" Y="59179" Z="0"/>
					<Vertex X="28033" Y="59239" Z="0"/>
					<Vertex X="28053" Y="59338" Z="0"/>
					<Vertex X="28093" Y="59417" Z="0"/>
					<Vertex X="28113" Y="59536" Z="0"/>
					<Vertex X="28152" Y="59596" Z="0"/>
					<Vertex X="28172" Y="59695" Z="0"/>
					<Vertex X="28212" Y="59834" Z="0"/>
					<Vertex X="28251" Y="59933" Z="0"/>
					<Vertex X="28271" Y="60012" Z="0"/>
					<Vertex X="28311" Y="60111" Z="0"/>
					<Vertex X="28311" Y="60191" Z="0"/>
					<Vertex X="28331" Y="60329" Z="0"/>
					<Vertex X="28331" Y="60409" Z="0"/>
					<Vertex X="28370" Y="60528" Z="0"/>
					<Vertex X="28370" Y="60607" Z="0"/>
					<Vertex X="28370" Y="60726" Z="0"/>
					<Vertex X="28370" Y="60785" Z="0"/>
					<Vertex X="28370" Y="60865" Z="0"/>
					<Vertex X="28370" Y="60964" Z="0"/>
					<Vertex X="28331" Y="61023" Z="0"/>
					<Vertex X="28331" Y="61142" Z="0"/>
					<Vertex X="28311" Y="61202" Z="0"/>
					<Vertex X="28311" Y="61261" Z="0"/>
					<Vertex X="28311" Y="61360" Z="0"/>
					<Vertex X="28271" Y="61459" Z="0"/>
					<Vertex X="28271" Y="61559" Z="0"/>
					<Vertex X="28271" Y="61658" Z="0"/>
					<Vertex X="28311" Y="61717" Z="0"/>
					<Vertex X="28311" Y="61796" Z="0"/>
					<Vertex X="28331" Y="61915" Z="0"/>
					<Vertex X="28370" Y="62014" Z="0"/>
					<Vertex X="28370" Y="62094" Z="0"/>
					<Vertex X="28410" Y="62252" Z="0"/>
					<Vertex X="28410" Y="62312" Z="0"/>
					<Vertex X="28450" Y="62371" Z="0"/>
					<Vertex X="28509" Y="62451" Z="0"/>
					<Vertex X="28549" Y="62510" Z="0"/>
					<Vertex X="28569" Y="62570" Z="0"/>
					<Vertex X="28628" Y="62649" Z="0"/>
					<Vertex X="28688" Y="62689" Z="0"/>
					<Vertex X="28787" Y="62728" Z="0"/>
					<Vertex X="28807" Y="62728" Z="0"/>
					<Vertex X="28866" Y="62748" Z="0"/>
					<Vertex X="28926" Y="62748" Z="0"/>
					<Vertex X="28985" Y="62748" Z="0"/>
					<Vertex X="29084" Y="62728" Z="0"/>
					<Vertex X="29163" Y="62669" Z="0"/>
					<Vertex X="29223" Y="62649" Z="0"/>
					<Vertex X="29282" Y="62550" Z="0"/>
					<Vertex X="29382" Y="62451" Z="0"/>
					<Vertex X="29401" Y="62371" Z="0"/>
					<Vertex X="29461" Y="62272" Z="0"/>
					<Vertex X="29520" Y="62193" Z="0"/>
					<Vertex X="29619" Y="62074" Z="0"/>
					<Vertex X="29639" Y="62014" Z="0"/>
					<Vertex X="29679" Y="61955" Z="0"/>
					<Vertex X="29738" Y="61836" Z="0"/>
					<Vertex X="29758" Y="61777" Z="0"/>
					<Vertex X="29798" Y="61677" Z="0"/>
					<Vertex X="29857" Y="61598" Z="0"/>
					<Vertex X="29917" Y="61499" Z="0"/>
					<Vertex X="29937" Y="61459" Z="0"/>
					<Vertex X="29996" Y="61360" Z="0"/>
					<Vertex X="30016" Y="61301" Z="0"/>
					<Vertex X="30075" Y="61241" Z="0"/>
					<Vertex X="30155" Y="61142" Z="0"/>
					<Vertex X="30214" Y="61083" Z="0"/>
					<Vertex X="30274" Y="61063" Z="0"/>
					<Vertex X="30293" Y="61003" Z="0"/>
					<Vertex X="30333" Y="60944" Z="0"/>
					<Vertex X="30412" Y="60884" Z="0"/>
					<Vertex X="30452" Y="60825" Z="0"/>
					<Vertex X="30492" Y="60765" Z="0"/>
					<Vertex X="30531" Y="60726" Z="0"/>
					<Vertex X="30551" Y="60706" Z="0"/>
					<Vertex X="30611" Y="60666" Z="0"/>
					<Vertex X="30650" Y="60647" Z="0"/>
					<Vertex X="30710" Y="60587" Z="0"/>
					<Vertex X="30769" Y="60587" Z="0"/>
					<Vertex X="30809" Y="60567" Z="0"/>
					<Vertex X="30868" Y="60528" Z="0"/>
					<Vertex X="30888" Y="60528" Z="0"/>
					<Vertex X="30928" Y="60528" Z="0"/>
					<Vertex X="30987" Y="60488" Z="0"/>
					<Vertex X="31007" Y="60488" Z="0"/>
					<Vertex X="31027" Y="60488" Z="0"/>
					<Vertex X="31067" Y="60468" Z="0"/>
					<Vertex X="31087" Y="60468" Z="0"/>
					<Vertex X="31126" Y="60468" Z="0"/>
					<Vertex X="31146" Y="60468" Z="0"/>
					<Vertex X="31186" Y="60468" Z="0"/>
					<Vertex X="31225" Y="60468" Z="0"/>
					<Vertex X="31245" Y="60468" Z="0"/>
					<Vertex X="31285" Y="60488" Z="0"/>
					<Vertex X="31344" Y="60488" Z="0"/>
					<Vertex X="31364" Y="60488" Z="0"/>
					<Vertex X="31424" Y="60488" Z="0"/>
					<Vertex X="31463" Y="60488" Z="0"/>
					<Vertex X="31523" Y="60488" Z="0"/>
					<Vertex X="31562" Y="60528" Z="0"/>
					<Vertex X="31602" Y="60528" Z="0"/>
					<Vertex X="31661" Y="60528" Z="0"/>
					<Vertex X="31721" Y="60567" Z="0"/>
					<Vertex X="31761" Y="60567" Z="0"/>
					<Vertex X="31820" Y="60587" Z="0"/>
					<Vertex X="31880" Y="60587" Z="0"/>
					<Vertex X="31939" Y="60607" Z="0"/>
					<Vertex X="31998" Y="60647" Z="0"/>
					<Vertex X="32058" Y="60647" Z="0"/>
					<Vertex X="32137" Y="60666" Z="0"/>
					<Vertex X="32157" Y="60706" Z="0"/>
					<Vertex X="32217" Y="60726" Z="0"/>
					<Vertex X="32256" Y="60765" Z="0"/>
					<Vertex X="32355" Y="60785" Z="0"/>
					<Vertex X="32415" Y="60825" Z="0"/>
					<Vertex X="32435" Y="60825" Z="0"/>
					<Vertex X="32494" Y="60865" Z="0"/>
					<Vertex X="32514" Y="60884" Z="0"/>
					<Vertex X="32593" Y="60944" Z="0"/>
					<Vertex X="32633" Y="60964" Z="0"/>
					<Vertex X="32673" Y="61003" Z="0"/>
					<Vertex X="32752" Y="61023" Z="0"/>
					<Vertex X="32792" Y="61063" Z="0"/>
					<Vertex X="32831" Y="61083" Z="0"/>
					<Vertex X="32851" Y="61122" Z="0"/>
					<Vertex X="32910" Y="61182" Z="0"/>
					<Vertex X="32950" Y="61202" Z="0"/>
					<Vertex X="33010" Y="61261" Z="0"/>
					<Vertex X="33029" Y="61321" Z="0"/>
					<Vertex X="33089" Y="61380" Z="0"/>
					<Vertex X="33129" Y="61459" Z="0"/>
					<Vertex X="33148" Y="61479" Z="0"/>
					<Vertex X="33208" Y="61539" Z="0"/>
					<Vertex X="33267" Y="61618" Z="0"/>
					<Vertex X="33287" Y="61677" Z="0"/>
					<Vertex X="33366" Y="61757" Z="0"/>
					<Vertex X="33386" Y="61836" Z="0"/>
					<Vertex X="33426" Y="61896" Z="0"/>
					<Vertex X="33485" Y="61955" Z="0"/>
					<Vertex X="33505" Y="62014" Z="0"/>
					<Vertex X="33545" Y="62074" Z="0"/>
					<Vertex X="33565" Y="62133" Z="0"/>
					<Vertex X="33585" Y="62153" Z="0"/>
					<Vertex X="33664" Y="62252" Z="0"/>
					<Vertex X="33664" Y="62272" Z="0"/>
					<Vertex X="33703" Y="62371" Z="0"/>
					<Vertex X="33703" Y="62411" Z="0"/>
					<Vertex X="33743" Y="62451" Z="0"/>
					<Vertex X="33763" Y="62490" Z="0"/>
					<Vertex X="33822" Y="62570" Z="0"/>
					<Vertex X="33862" Y="62649" Z="0"/>
					<Vertex X="33902" Y="62669" Z="0"/>
					<Vertex X="33922" Y="62728" Z="0"/>
					<Vertex X="33961" Y="62808" Z="0"/>
					<Vertex X="33981" Y="62847" Z="0"/>
					<Vertex X="34021" Y="62907" Z="0"/>
					<Vertex X="34041" Y="62966" Z="0"/>
					<Vertex X="34080" Y="63026" Z="0"/>
					<Vertex X="34100" Y="63085" Z="0"/>
					<Vertex X="34120" Y="63145" Z="0"/>
					<Vertex X="34120" Y="63164" Z="0"/>
					<Vertex X="34159" Y="63224" Z="0"/>
					<Vertex X="34199" Y="63323" Z="0"/>
					<Vertex X="34219" Y="63343" Z="0"/>
					<Vertex X="34219" Y="63402" Z="0"/>
					<Vertex X="34239" Y="63462" Z="0"/>
					<Vertex X="34278" Y="63501" Z="0"/>
					<Vertex X="34278" Y="63561" Z="0"/>
					<Vertex X="34278" Y="63581" Z="0"/>
					<Vertex X="34278" Y="63620" Z="0"/>
					<Vertex X="34298" Y="63680" Z="0"/>
					<Vertex X="34298" Y="63700" Z="0"/>
					<Vertex X="34298" Y="63739" Z="0"/>
					<Vertex X="34298" Y="63759" Z="0"/>
					<Vertex X="34298" Y="63838" Z="0"/>
					<Vertex X="34298" Y="63878" Z="0"/>
					<Vertex X="34278" Y="63918" Z="0"/>
					<Vertex X="34278" Y="63977" Z="0"/>
					<Vertex X="34278" Y="64037" Z="0"/>
					<Vertex X="34278" Y="64096" Z="0"/>
					<Vertex X="34239" Y="64116" Z="0"/>
					<Vertex X="34219" Y="64175" Z="0"/>
					<Vertex X="34219" Y="64255" Z="0"/>
					<Vertex X="34159" Y="64314" Z="0"/>
					<Vertex X="34159" Y="64334" Z="0"/>
					<Vertex X="34120" Y="64394" Z="0"/>
					<Vertex X="34080" Y="64433" Z="0"/>
					<Vertex X="34041" Y="64453" Z="0"/>
					<Vertex X="34021" Y="64513" Z="0"/>
					<Vertex X="33961" Y="64572" Z="0"/>
					<Vertex X="33922" Y="64612" Z="0"/>
					<Vertex X="33922" Y="64651" Z="0"/>
					<Vertex X="33862" Y="64750" Z="0"/>
					<Vertex X="33862" Y="64850" Z="0"/>
					<Vertex X="33822" Y="64909" Z="0"/>
					<Vertex X="33803" Y="64988" Z="0"/>
					<Vertex X="33763" Y="65068" Z="0"/>
					<Vertex X="33763" Y="65147" Z="0"/>
					<Vertex X="33763" Y="65226" Z="0"/>
					<Vertex X="33743" Y="65325" Z="0"/>
					<Vertex X="33743" Y="65365" Z="0"/>
					<Vertex X="33743" Y="65444" Z="0"/>
					<Vertex X="33743" Y="65524" Z="0"/>
					<Vertex X="33743" Y="65623" Z="0"/>
					<Vertex X="33763" Y="65662" Z="0"/>
					<Vertex X="33763" Y="65762" Z="0"/>
					<Vertex X="33763" Y="65841" Z="0"/>
					<Vertex X="33803" Y="65900" Z="0"/>
					<Vertex X="33803" Y="65960" Z="0"/>
					<Vertex X="33862" Y="66079" Z="0"/>
					<Vertex X="33902" Y="66138" Z="0"/>
					<Vertex X="33922" Y="66198" Z="0"/>
					<Vertex X="33961" Y="66297" Z="0"/>
					<Vertex X="34021" Y="66336" Z="0"/>
					<Vertex X="34041" Y="66396" Z="0"/>
					<Vertex X="34100" Y="66436" Z="0"/>
					<Vertex X="34120" Y="66475" Z="0"/>
					<Vertex X="34159" Y="66535" Z="0"/>
					<Vertex X="34199" Y="66555" Z="0"/>
					<Vertex X="34219" Y="66594" Z="0"/>
					<Vertex X="34278" Y="66654" Z="0"/>
					<Vertex X="34298" Y="66693" Z="0"/>
					<Vertex X="34358" Y="66733" Z="0"/>
					<Vertex X="34437" Y="66773" Z="0"/>
					<Vertex X="34457" Y="66773" Z="0"/>
					<Vertex X="34516" Y="66832" Z="0"/>
					<Vertex X="34576" Y="66852" Z="0"/>
					<Vertex X="34615" Y="66852" Z="0"/>
					<Vertex X="34635" Y="66892" Z="0"/>
					<Vertex X="34734" Y="66931" Z="0"/>
					<Vertex X="34754" Y="66951" Z="0"/>
					<Vertex X="34814" Y="66991" Z="0"/>
					<Vertex X="34873" Y="67011" Z="0"/>
					<Vertex X="34893" Y="67030" Z="0"/>
					<Vertex X="34992" Y="67070" Z="0"/>
					<Vertex X="35052" Y="67090" Z="0"/>
					<Vertex X="35091" Y="67090" Z="0"/>
					<Vertex X="35151" Y="67129" Z="0"/>
					<Vertex X="35230" Y="67129" Z="0"/>
					<Vertex X="35290" Y="67149" Z="0"/>
					<Vertex X="35309" Y="67189" Z="0"/>
					<Vertex X="35369" Y="67229" Z="0"/>
					<Vertex X="35428" Y="67248" Z="0"/>
					<Vertex X="35508" Y="67288" Z="0"/>
					<Vertex X="35527" Y="67308" Z="0"/>
					<Vertex X="35587" Y="67367" Z="0"/>
					<Vertex X="35646" Y="67387" Z="0"/>
					<Vertex X="35706" Y="67447" Z="0"/>
					<Vertex X="35726" Y="67486" Z="0"/>
					<Vertex X="35765" Y="67526" Z="0"/>
					<Vertex X="35825" Y="67605" Z="0"/>
					<Vertex X="35864" Y="67625" Z="0"/>
					<Vertex X="35904" Y="67685" Z="0"/>
					<Vertex X="35904" Y="67744" Z="0"/>
					<Vertex X="35964" Y="67823" Z="0"/>
					<Vertex X="36003" Y="67863" Z="0"/>
					<Vertex X="36003" Y="67903" Z="0"/>
					<Vertex X="36043" Y="67923" Z="0"/>
					<Vertex X="36102" Y="68022" Z="0"/>
					<Vertex X="36102" Y="68041" Z="0"/>
					<Vertex X="36162" Y="68121" Z="0"/>
					<Vertex X="36182" Y="68141" Z="0"/>
					<Vertex X="36241" Y="68220" Z="0"/>
					<Vertex X="36261" Y="68260" Z="0"/>
					<Vertex X="36301" Y="68279" Z="0"/>
					<Vertex X="36360" Y="68339" Z="0"/>
					<Vertex X="36400" Y="68378" Z="0"/>
					<Vertex X="36420" Y="68438" Z="0"/>
					<Vertex X="36479" Y="68497" Z="0"/>
					<Vertex X="36539" Y="68557" Z="0"/>
					<Vertex X="36558" Y="68616" Z="0"/>
					<Vertex X="36598" Y="68636" Z="0"/>
					<Vertex X="36638" Y="68716" Z="0"/>
					<Vertex X="36657" Y="68735" Z="0"/>
					<Vertex X="36657" Y="68755" Z="0"/>
					<Vertex X="36697" Y="68815" Z="0"/>
					<Vertex X="36717" Y="68854" Z="0"/>
					<Vertex X="36757" Y="68914" Z="0"/>
					<Vertex X="36757" Y="68934" Z="0"/>
					<Vertex X="36776" Y="69013" Z="0"/>
					<Vertex X="36796" Y="69033" Z="0"/>
					<Vertex X="36796" Y="69092" Z="0"/>
					<Vertex X="36836" Y="69152" Z="0"/>
					<Vertex X="36876" Y="69211" Z="0"/>
					<Vertex X="36876" Y="69271" Z="0"/>
					<Vertex X="36895" Y="69330" Z="0"/>
					<Vertex X="36895" Y="69409" Z="0"/>
					<Vertex X="36935" Y="69469" Z="0"/>
					<Vertex X="36955" Y="69528" Z="0"/>
					<Vertex X="36955" Y="69647" Z="0"/>
					<Vertex X="36975" Y="69746" Z="0"/>
					<Vertex X="37014" Y="69806" Z="0"/>
					<Vertex X="37014" Y="69865" Z="0"/>
					<Vertex X="37034" Y="69984" Z="0"/>
					<Vertex X="37074" Y="70044" Z="0"/>
					<Vertex X="37094" Y="70103" Z="0"/>
					<Vertex X="37133" Y="70202" Z="0"/>
					<Vertex X="37173" Y="70242" Z="0"/>
					<Vertex X="37193" Y="70341" Z="0"/>
					<Vertex X="37193" Y="70421" Z="0"/>
					<Vertex X="37232" Y="70480" Z="0"/>
					<Vertex X="37232" Y="70539" Z="0"/>
					<Vertex X="37252" Y="70639" Z="0"/>
					<Vertex X="37252" Y="70698" Z="0"/>
					<Vertex X="37352" Y="70758" Z="0"/>
					<Vertex X="37510" Y="72046" Z="0"/>
					<Vertex X="37550" Y="72245" Z="0"/>
					<Vertex X="37550" Y="72344" Z="0"/>
					<Vertex X="37550" Y="72423" Z="0"/>
					<Vertex X="37590" Y="72542" Z="0"/>
					<Vertex X="37609" Y="72641" Z="0"/>
					<Vertex X="37609" Y="72720" Z="0"/>
					<Vertex X="37649" Y="72879" Z="0"/>
					<Vertex X="37649" Y="72958" Z="0"/>
					<Vertex X="37649" Y="73097" Z="0"/>
					<Vertex X="37669" Y="73256" Z="0"/>
					<Vertex X="37669" Y="73375" Z="0"/>
					<Vertex X="37669" Y="73533" Z="0"/>
					<Vertex X="37669" Y="73612" Z="0"/>
					<Vertex X="37669" Y="73771" Z="0"/>
					<Vertex X="37669" Y="73850" Z="0"/>
					<Vertex X="37669" Y="73910" Z="0"/>
					<Vertex X="37669" Y="74029" Z="0"/>
					<Vertex X="37649" Y="74128" Z="0"/>
					<Vertex X="37649" Y="74247" Z="0"/>
					<Vertex X="37649" Y="74326" Z="0"/>
					<Vertex X="37609" Y="74425" Z="0"/>
					<Vertex X="37609" Y="74505" Z="0"/>
					<Vertex X="37590" Y="74584" Z="0"/>
					<Vertex X="37590" Y="74683" Z="0"/>
					<Vertex X="37550" Y="74743" Z="0"/>
					<Vertex X="37550" Y="74861" Z="0"/>
					<Vertex X="37510" Y="74961" Z="0"/>
					<Vertex X="37510" Y="75020" Z="0"/>
					<Vertex X="37490" Y="75119" Z="0"/>
					<Vertex X="37490" Y="75179" Z="0"/>
					<Vertex X="37451" Y="75278" Z="0"/>
					<Vertex X="37431" Y="75337" Z="0"/>
					<Vertex X="37391" Y="75476" Z="0"/>
					<Vertex X="37391" Y="75555" Z="0"/>
					<Vertex X="37372" Y="75655" Z="0"/>
					<Vertex X="37352" Y="75754" Z="0"/>
					<Vertex X="37352" Y="75873" Z="0"/>
					<Vertex X="37312" Y="75932" Z="0"/>
					<Vertex X="37292" Y="76051" Z="0"/>
					<Vertex X="37253" Y="76110" Z="0"/>
					<Vertex X="37253" Y="76190" Z="0"/>
					<Vertex X="37193" Y="76289" Z="0"/>
					<Vertex X="37193" Y="76368" Z="0"/>
					<Vertex X="37134" Y="76448" Z="0"/>
					<Vertex X="37114" Y="76487" Z="0"/>
					<Vertex X="37074" Y="76547" Z="0"/>
					<Vertex X="37054" Y="76606" Z="0"/>
					<Vertex X="37015" Y="76666" Z="0"/>
					<Vertex X="36975" Y="76745" Z="0"/>
					<Vertex X="36896" Y="76824" Z="0"/>
					<Vertex X="36856" Y="76884" Z="0"/>
					<Vertex X="36836" Y="76943" Z="0"/>
					<Vertex X="36816" Y="77042" Z="0"/>
					<Vertex X="36777" Y="77082" Z="0"/>
					<Vertex X="36757" Y="77141" Z="0"/>
					<Vertex X="36717" Y="77260" Z="0"/>
					<Vertex X="36697" Y="77360" Z="0"/>
					<Vertex X="36658" Y="77439" Z="0"/>
					<Vertex X="36638" Y="77498" Z="0"/>
					<Vertex X="36638" Y="77558" Z="0"/>
					<Vertex X="36598" Y="77677" Z="0"/>
					<Vertex X="36578" Y="77716" Z="0"/>
					<Vertex X="36578" Y="77776" Z="0"/>
					<Vertex X="36539" Y="77835" Z="0"/>
					<Vertex X="36539" Y="77855" Z="0"/>
					<Vertex X="36519" Y="77934" Z="0"/>
					<Vertex X="36519" Y="77954" Z="0"/>
					<Vertex X="36519" Y="77974" Z="0"/>
					<Vertex X="36479" Y="78034" Z="0"/>
					<Vertex X="36479" Y="78073" Z="0"/>
					<Vertex X="36479" Y="78153" Z="0"/>
					<Vertex X="36479" Y="78192" Z="0"/>
					<Vertex X="36479" Y="78252" Z="0"/>
					<Vertex X="36519" Y="78311" Z="0"/>
					<Vertex X="36519" Y="78371" Z="0"/>
					<Vertex X="36539" Y="78430" Z="0"/>
					<Vertex X="36578" Y="78529" Z="0"/>
					<Vertex X="36598" Y="78549" Z="0"/>
					<Vertex X="36638" Y="78569" Z="0"/>
					<Vertex X="36658" Y="78609" Z="0"/>
					<Vertex X="36697" Y="78628" Z="0"/>
					<Vertex X="36757" Y="78628" Z="0"/>
					<Vertex X="36816" Y="78668" Z="0"/>
					<Vertex X="36856" Y="78668" Z="0"/>
					<Vertex X="36896" Y="78668" Z="0"/>
					<Vertex X="36975" Y="78628" Z="0"/>
					<Vertex X="37074" Y="78628" Z="0"/>
					<Vertex X="37134" Y="78628" Z="0"/>
					<Vertex X="37173" Y="78609" Z="0"/>
					<Vertex X="37253" Y="78549" Z="0"/>
					<Vertex X="37292" Y="78529" Z="0"/>
					<Vertex X="37352" Y="78490" Z="0"/>
					<Vertex X="37391" Y="78390" Z="0"/>
					<Vertex X="37451" Y="78311" Z="0"/>
					<Vertex X="37510" Y="78192" Z="0"/>
					<Vertex X="37550" Y="78133" Z="0"/>
					<Vertex X="37609" Y="78014" Z="0"/>
					<Vertex X="37609" Y="77934" Z="0"/>
					<Vertex X="37649" Y="77796" Z="0"/>
					<Vertex X="37669" Y="77677" Z="0"/>
					<Vertex X="37709" Y="77558" Z="0"/>
					<Vertex X="37709" Y="77478" Z="0"/>
					<Vertex X="37709" Y="77379" Z="0"/>
					<Vertex X="37709" Y="77300" Z="0"/>
					<Vertex X="37709" Y="77141" Z="0"/>
					<Vertex X="37709" Y="77062" Z="0"/>
					<Vertex X="37728" Y="77003" Z="0"/>
					<Vertex X="37788" Y="76904" Z="0"/>
					<Vertex X="37827" Y="76884" Z="0"/>
					<Vertex X="37847" Y="76844" Z="0"/>
					<Vertex X="37927" Y="76785" Z="0"/>
					<Vertex X="37966" Y="76785" Z="0"/>
					<Vertex X="38046" Y="76765" Z="0"/>
					<Vertex X="38125" Y="76745" Z="0"/>
					<Vertex X="38184" Y="76745" Z="0"/>
					<Vertex X="38244" Y="76705" Z="0"/>
					<Vertex X="38303" Y="76666" Z="0"/>
					<Vertex X="38383" Y="76586" Z="0"/>
					<Vertex X="38442" Y="76487" Z="0"/>
					<Vertex X="38561" Y="76408" Z="0"/>
					<Vertex X="38581" Y="76348" Z="0"/>
					<Vertex X="38680" Y="76229" Z="0"/>
					<Vertex X="38720" Y="76150" Z="0"/>
					<Vertex X="38739" Y="76051" Z="0"/>
					<Vertex X="38779" Y="75873" Z="0"/>
					<Vertex X="38799" Y="75773" Z="0"/>
					<Vertex X="38839" Y="75694" Z="0"/>
					<Vertex X="38839" Y="75575" Z="0"/>
					<Vertex X="38839" Y="75476" Z="0"/>
					<Vertex X="38858" Y="75337" Z="0"/>
					<Vertex X="38858" Y="75218" Z="0"/>
					<Vertex X="38858" Y="75099" Z="0"/>
					<Vertex X="38878" Y="74961" Z="0"/>
					<Vertex X="38918" Y="74802" Z="0"/>
					<Vertex X="38958" Y="74723" Z="0"/>
					<Vertex X="38977" Y="74564" Z="0"/>
					<Vertex X="38997" Y="74465" Z="0"/>
					<Vertex X="38997" Y="74386" Z="0"/>
					<Vertex X="39037" Y="74267" Z="0"/>
					<Vertex X="39057" Y="74128" Z="0"/>
					<Vertex X="39057" Y="74029" Z="0"/>
					<Vertex X="39096" Y="73870" Z="0"/>
					<Vertex X="39096" Y="73791" Z="0"/>
					<Vertex X="39096" Y="73672" Z="0"/>
					<Vertex X="39096" Y="73533" Z="0"/>
					<Vertex X="39096" Y="73394" Z="0"/>
					<Vertex X="39057" Y="73236" Z="0"/>
					<Vertex X="39057" Y="73097" Z="0"/>
					<Vertex X="39037" Y="72899" Z="0"/>
					<Vertex X="39037" Y="72780" Z="0"/>
					<Vertex X="38997" Y="72601" Z="0"/>
					<Vertex X="38977" Y="72482" Z="0"/>
					<Vertex X="38958" Y="72304" Z="0"/>
					<Vertex X="38918" Y="72086" Z="0"/>
					<Vertex X="38918" Y="71987" Z="0"/>
					<Vertex X="38878" Y="71828" Z="0"/>
					<Vertex X="38858" Y="71709" Z="0"/>
					<Vertex X="38839" Y="71570" Z="0"/>
					<Vertex X="38839" Y="71372" Z="0"/>
					<Vertex X="38799" Y="71293" Z="0"/>
					<Vertex X="38779" Y="71134" Z="0"/>
					<Vertex X="38779" Y="71035" Z="0"/>
					<Vertex X="38739" Y="70837" Z="0"/>
					<Vertex X="38720" Y="70718" Z="0"/>
					<Vertex X="38720" Y="70599" Z="0"/>
					<Vertex X="38680" Y="70460" Z="0"/>
					<Vertex X="38660" Y="70341" Z="0"/>
					<Vertex X="38621" Y="70183" Z="0"/>
					<Vertex X="38581" Y="70103" Z="0"/>
					<Vertex X="38561" Y="70004" Z="0"/>
					<Vertex X="38502" Y="69865" Z="0"/>
					<Vertex X="38462" Y="69746" Z="0"/>
					<Vertex X="38442" Y="69588" Z="0"/>
					<Vertex X="38422" Y="69509" Z="0"/>
					<Vertex X="38343" Y="69390" Z="0"/>
					<Vertex X="38323" Y="69291" Z="0"/>
					<Vertex X="38303" Y="69152" Z="0"/>
					<Vertex X="38264" Y="69092" Z="0"/>
					<Vertex X="38264" Y="68993" Z="0"/>
					<Vertex X="38244" Y="68874" Z="0"/>
					<Vertex X="38204" Y="68815" Z="0"/>
					<Vertex X="38184" Y="68696" Z="0"/>
					<Vertex X="38145" Y="68636" Z="0"/>
					<Vertex X="38125" Y="68517" Z="0"/>
					<Vertex X="38085" Y="68398" Z="0"/>
					<Vertex X="38046" Y="68319" Z="0"/>
					<Vertex X="38026" Y="68200" Z="0"/>
					<Vertex X="37986" Y="68101" Z="0"/>
					<Vertex X="37966" Y="67982" Z="0"/>
					<Vertex X="37907" Y="67863" Z="0"/>
					<Vertex X="37847" Y="67724" Z="0"/>
					<Vertex X="37827" Y="67605" Z="0"/>
					<Vertex X="37728" Y="67486" Z="0"/>
					<Vertex X="37669" Y="67328" Z="0"/>
					<Vertex X="37590" Y="67189" Z="0"/>
					<Vertex X="37510" Y="67110" Z="0"/>
					<Vertex X="37431" Y="66991" Z="0"/>
					<Vertex X="37372" Y="66892" Z="0"/>
					<Vertex X="37292" Y="66773" Z="0"/>
					<Vertex X="37233" Y="66713" Z="0"/>
					<Vertex X="37134" Y="66634" Z="0"/>
					<Vertex X="37074" Y="66574" Z="0"/>
					<Vertex X="37015" Y="66436" Z="0"/>
					<Vertex X="36975" Y="66376" Z="0"/>
					<Vertex X="36955" Y="66297" Z="0"/>
					<Vertex X="36916" Y="66237" Z="0"/>
					<Vertex X="36896" Y="66118" Z="0"/>
					<Vertex X="36856" Y="65999" Z="0"/>
					<Vertex X="36856" Y="65940" Z="0"/>
					<Vertex X="36836" Y="65821" Z="0"/>
					<Vertex X="36797" Y="65702" Z="0"/>
					<Vertex X="36797" Y="65643" Z="0"/>
					<Vertex X="36777" Y="65524" Z="0"/>
					<Vertex X="36757" Y="65464" Z="0"/>
					<Vertex X="36717" Y="65345" Z="0"/>
					<Vertex X="36658" Y="65246" Z="0"/>
					<Vertex X="36618" Y="65167" Z="0"/>
					<Vertex X="36559" Y="65048" Z="0"/>
					<Vertex X="36499" Y="64929" Z="0"/>
					<Vertex X="36440" Y="64830" Z="0"/>
					<Vertex X="36380" Y="64691" Z="0"/>
					<Vertex X="36321" Y="64592" Z="0"/>
					<Vertex X="36261" Y="64473" Z="0"/>
					<Vertex X="36222" Y="64394" Z="0"/>
					<Vertex X="36142" Y="64275" Z="0"/>
					<Vertex X="36083" Y="64176" Z="0"/>
					<Vertex X="35964" Y="64057" Z="0"/>
					<Vertex X="35904" Y="63977" Z="0"/>
					<Vertex X="35825" Y="63858" Z="0"/>
					<Vertex X="35726" Y="63739" Z="0"/>
					<Vertex X="35706" Y="63680" Z="0"/>
					<Vertex X="35607" Y="63561" Z="0"/>
					<Vertex X="35587" Y="63462" Z="0"/>
					<Vertex X="35488" Y="63343" Z="0"/>
					<Vertex X="35468" Y="63264" Z="0"/>
					<Vertex X="35369" Y="63145" Z="0"/>
					<Vertex X="35349" Y="63065" Z="0"/>
					<Vertex X="35250" Y="62966" Z="0"/>
					<Vertex X="35171" Y="62847" Z="0"/>
					<Vertex X="35111" Y="62788" Z="0"/>
					<Vertex X="35012" Y="62669" Z="0"/>
					<Vertex X="34953" Y="62609" Z="0"/>
					<Vertex X="34873" Y="62510" Z="0"/>
					<Vertex X="34814" Y="62431" Z="0"/>
					<Vertex X="34755" Y="62332" Z="0"/>
					<Vertex X="34655" Y="62252" Z="0"/>
					<Vertex X="34596" Y="62173" Z="0"/>
					<Vertex X="34517" Y="62054" Z="0"/>
					<Vertex X="34457" Y="61995" Z="0"/>
					<Vertex X="34358" Y="61856" Z="0"/>
					<Vertex X="34279" Y="61737" Z="0"/>
					<Vertex X="34219" Y="61658" Z="0"/>
					<Vertex X="34160" Y="61559" Z="0"/>
					<Vertex X="34061" Y="61479" Z="0"/>
					<Vertex X="33981" Y="61380" Z="0"/>
					<Vertex X="33922" Y="61321" Z="0"/>
					<Vertex X="33862" Y="61241" Z="0"/>
					<Vertex X="33763" Y="61142" Z="0"/>
					<Vertex X="33704" Y="61122" Z="0"/>
					<Vertex X="33624" Y="61023" Z="0"/>
					<Vertex X="33565" Y="60964" Z="0"/>
					<Vertex X="33506" Y="60884" Z="0"/>
					<Vertex X="33387" Y="60785" Z="0"/>
					<Vertex X="33327" Y="60726" Z="0"/>
					<Vertex X="33228" Y="60607" Z="0"/>
					<Vertex X="33109" Y="60528" Z="0"/>
					<Vertex X="33030" Y="60409" Z="0"/>
					<Vertex X="32970" Y="60349" Z="0"/>
					<Vertex X="32851" Y="60250" Z="0"/>
					<Vertex X="32732" Y="60171" Z="0"/>
					<Vertex X="32613" Y="60072" Z="0"/>
					<Vertex X="32494" Y="60012" Z="0"/>
					<Vertex X="32395" Y="59953" Z="0"/>
					<Vertex X="32276" Y="59893" Z="0"/>
					<Vertex X="32197" Y="59873" Z="0"/>
					<Vertex X="32078" Y="59834" Z="0"/>
					<Vertex X="31959" Y="59774" Z="0"/>
					<Vertex X="31860" Y="59715" Z="0"/>
					<Vertex X="31781" Y="59695" Z="0"/>
					<Vertex X="31662" Y="59635" Z="0"/>
					<Vertex X="31602" Y="59596" Z="0"/>
					<Vertex X="31503" Y="59576" Z="0"/>
					<Vertex X="31424" Y="59517" Z="0"/>
					<Vertex X="31364" Y="59477" Z="0"/>
					<Vertex X="31265" Y="59417" Z="0"/>
					<Vertex X="31206" Y="59398" Z="0"/>
					<Vertex X="31146" Y="59358" Z="0"/>
					<Vertex X="31087" Y="59298" Z="0"/>
					<Vertex X="31027" Y="59239" Z="0"/>
					<Vertex X="31008" Y="59219" Z="0"/>
					<Vertex X="30908" Y="59160" Z="0"/>
					<Vertex X="30849" Y="59100" Z="0"/>
					<Vertex X="30789" Y="59061" Z="0"/>
					<Vertex X="30710" Y="59001" Z="0"/>
					<Vertex X="30611" Y="58942" Z="0"/>
					<Vertex X="30492" Y="58882" Z="0"/>
					<Vertex X="30433" Y="58862" Z="0"/>
					<Vertex X="30353" Y="58803" Z="0"/>
					<Vertex X="30234" Y="58743" Z="0"/>
					<Vertex X="30115" Y="58684" Z="0"/>
					<Vertex X="30056" Y="58644" Z="0"/>
					<Vertex X="29957" Y="58565" Z="0"/>
					<Vertex X="29877" Y="58505" Z="0"/>
					<Vertex X="29818" Y="58466" Z="0"/>
					<Vertex X="29719" Y="58406" Z="0"/>
					<Vertex X="29600" Y="58347" Z="0"/>
					<Vertex X="29521" Y="58287" Z="0"/>
					<Vertex X="29421" Y="58228" Z="0"/>
					<Vertex X="29362" Y="58208" Z="0"/>
					<Vertex X="29283" Y="58149" Z="0"/>
					<Vertex X="29164" Y="58049" Z="0"/>
					<Vertex X="29065" Y="58030" Z="0"/>
					<Vertex X="28946" Y="57970" Z="0"/>
					<Vertex X="28886" Y="57911" Z="0"/>
					<Vertex X="28767" Y="57851" Z="0"/>
					<Vertex X="28688" Y="57792" Z="0"/>
					<Vertex X="28589" Y="57693" Z="0"/>
					<Vertex X="28529" Y="57633" Z="0"/>
					<Vertex X="28470" Y="57574" Z="0"/>
					<Vertex X="28410" Y="57494" Z="0"/>
					<Vertex X="28331" Y="57435" Z="0"/>
					<Vertex X="28272" Y="57375" Z="0"/>
					<Vertex X="28232" Y="57316" Z="0"/>
					<Vertex X="28172" Y="57256" Z="0"/>
					<Vertex X="28153" Y="57157" Z="0"/>
					<Vertex X="28153" Y="57137" Z="0"/>
					<Vertex X="28113" Y="57078" Z="0"/>
					<Vertex X="28093" Y="57019" Z="0"/>
					<Vertex X="28054" Y="56979" Z="0"/>
					<Vertex X="28034" Y="56919" Z="0"/>
					<Vertex X="28034" Y="56860" Z="0"/>
					<Vertex X="27994" Y="56800" Z="0"/>
					<Vertex X="27974" Y="56781" Z="0"/>
					<Vertex X="27915" Y="56721" Z="0"/>
					<Vertex X="27855" Y="56662" Z="0"/>
					<Vertex X="27796" Y="56602" Z="0"/>
					<Vertex X="27697" Y="56563" Z="0"/>
					<Vertex X="27637" Y="56503" Z="0"/>
					<Vertex X="27558" Y="56444" Z="0"/>
					<Vertex X="27459" Y="56384" Z="0"/>
					<Vertex X="27379" Y="56325" Z="0"/>
					<Vertex X="27320" Y="56265" Z="0"/>
					<Vertex X="27260" Y="56245" Z="0"/>
					<Vertex X="27201" Y="56206" Z="0"/>
					<Vertex X="27142" Y="56146" Z="0"/>
					<Vertex X="27042" Y="56126" Z="0"/>
					<Vertex X="26983" Y="56087" Z="0"/>
					<Vertex X="26923" Y="56087" Z="0"/>
					<Vertex X="26864" Y="56067" Z="0"/>
					<Vertex X="26844" Y="56067" Z="0"/>
					<Vertex X="26804" Y="56027" Z="0"/>
					<Vertex X="26745" Y="56027" Z="0"/>
					<Vertex X="26725" Y="56027" Z="0"/>
					<Vertex X="26686" Y="56007" Z="0"/>
					<Vertex X="26666" Y="56007" Z="0"/>
					<Vertex X="26626" Y="56007" Z="0"/>
					<Vertex X="26606" Y="56007" Z="0"/>
					<Vertex X="26567" Y="56007" Z="0"/>
					<Vertex X="26547" Y="55968" Z="0"/>
					<Vertex X="26507" Y="55968" Z="0"/>
					<Vertex X="26487" Y="55968" Z="0"/>
					<Vertex X="26428" Y="55968" Z="0"/>
					<Vertex X="26388" Y="56007" Z="0"/>
					<Vertex X="26368" Y="56007" Z="0"/>
					<Vertex X="26309" Y="56027" Z="0"/>
					<Vertex X="26269" Y="56067" Z="0"/>
					<Vertex X="26210" Y="56087" Z="0"/>
					<Vertex X="26150" Y="56126" Z="0"/>
					<Vertex X="26130" Y="56146" Z="0"/>
					<Vertex X="26130" Y="56186" Z="0"/>
					<Vertex X="26091" Y="56245" Z="0"/>
					<Vertex X="26071" Y="56265" Z="0"/>
					<Vertex X="26031" Y="56325" Z="0"/>
					<Vertex X="26011" Y="56384" Z="0"/>
					<Vertex X="26011" Y="56444" Z="0"/>
					<Vertex X="26011" Y="56543" Z="0"/>
					<Vertex X="26011" Y="56602" Z="0"/>
					<Vertex X="26011" Y="56681" Z="0"/>
					<Vertex X="26011" Y="56741" Z="0"/>
					<Vertex X="26011" Y="56800" Z="0"/>
					<Vertex X="26031" Y="56860" Z="0"/>
					<Vertex X="26071" Y="56919" Z="0"/>
					<Vertex X="26091" Y="56979" Z="0"/>
					<Vertex X="26130" Y="57078" Z="0"/>
					<Vertex X="26130" Y="57137" Z="0"/>
					<Vertex X="26150" Y="57197" Z="0"/>
					<Vertex X="26190" Y="57217" Z="0"/>
					<Vertex X="26210" Y="57276" Z="0"/>
					<Vertex X="26269" Y="57316" Z="0"/>
					<Vertex X="26309" Y="57375" Z="0"/>
					<Vertex X="26329" Y="57395" Z="0"/>
					<Vertex X="26368" Y="57435" Z="0"/>
					<Vertex X="26388" Y="57494" Z="0"/>
					<Vertex X="26428" Y="57514" Z="0"/>
					<Vertex X="26487" Y="57554" Z="0"/>
					<Vertex X="26507" Y="57613" Z="0"/>
					<Vertex X="26547" Y="57633" Z="0"/>
					<Vertex X="26567" Y="57673" Z="0"/>
					<Vertex X="26626" Y="57732" Z="0"/>
					<Vertex X="26666" Y="57752" Z="0"/>
					<Vertex X="26686" Y="57792" Z="0"/>
					<Vertex X="26725" Y="57812" Z="0"/>
					<Vertex X="26745" Y="57851" Z="0"/>
					<Vertex X="26745" Y="57871" Z="0"/>
					<Vertex X="26785" Y="57871" Z="0"/>
					<Vertex X="26804" Y="57871" Z="0"/>
					<Vertex X="26864" Y="57871" Z="0"/>
					<Vertex X="26784" Y="57911" Z="0"/>
				</Vertices>
			</Region>
			<Region Id="7" Type="0" Zoom="0.050000" Selected="1" ImageLocation="" ImageFocus="-1" Length="4826.0" Area="1392249.5" LengthMicrons="1217.1" AreaMicrons="88553.8" Text="" NegativeROA="0" InputRegionId="0" Analyze="1" DisplayId="7">
				<Attributes/>
				<Vertices>
					<Vertex X="15563" Y="58842" Z="0"/>
					<Vertex X="15603" Y="58842" Z="0"/>
					<Vertex X="15662" Y="58842" Z="0"/>
					<Vertex X="15682" Y="58882" Z="0"/>
					<Vertex X="15742" Y="58882" Z="0"/>
					<Vertex X="15781" Y="58882" Z="0"/>
					<Vertex X="15841" Y="58882" Z="0"/>
					<Vertex X="15861" Y="58882" Z="0"/>
					<Vertex X="15900" Y="58882" Z="0"/>
					<Vertex X="15920" Y="58842" Z="0"/>
					<Vertex X="15960" Y="58842" Z="0"/>
					<Vertex X="15980" Y="58842" Z="0"/>
					<Vertex X="16019" Y="58822" Z="0"/>
					<Vertex X="16039" Y="58822" Z="0"/>
					<Vertex X="16079" Y="58783" Z="0"/>
					<Vertex X="16098" Y="58783" Z="0"/>
					<Vertex X="16138" Y="58763" Z="0"/>
					<Vertex X="16158" Y="58723" Z="0"/>
					<Vertex X="16198" Y="58703" Z="0"/>
					<Vertex X="16198" Y="58644" Z="0"/>
					<Vertex X="16217" Y="58604" Z="0"/>
					<Vertex X="16217" Y="58545" Z="0"/>
					<Vertex X="16217" Y="58525" Z="0"/>
					<Vertex X="16198" Y="58465" Z="0"/>
					<Vertex X="16198" Y="58426" Z="0"/>
					<Vertex X="16158" Y="58366" Z="0"/>
					<Vertex X="16138" Y="58346" Z="0"/>
					<Vertex X="16098" Y="58287" Z="0"/>
					<Vertex X="16039" Y="58267" Z="0"/>
					<Vertex X="16039" Y="58188" Z="0"/>
					<Vertex X="15980" Y="58168" Z="0"/>
					<Vertex X="15920" Y="58108" Z="0"/>
					<Vertex X="15900" Y="58069" Z="0"/>
					<Vertex X="15861" Y="58009" Z="0"/>
					<Vertex X="15841" Y="57990" Z="0"/>
					<Vertex X="15781" Y="57950" Z="0"/>
					<Vertex X="15722" Y="57930" Z="0"/>
					<Vertex X="15682" Y="57890" Z="0"/>
					<Vertex X="15662" Y="57871" Z="0"/>
					<Vertex X="15623" Y="57831" Z="0"/>
					<Vertex X="15603" Y="57831" Z="0"/>
					<Vertex X="15543" Y="57771" Z="0"/>
					<Vertex X="15484" Y="57752" Z="0"/>
					<Vertex X="15444" Y="57752" Z="0"/>
					<Vertex X="15424" Y="57712" Z="0"/>
					<Vertex X="15385" Y="57692" Z="0"/>
					<Vertex X="15365" Y="57692" Z="0"/>
					<Vertex X="15325" Y="57652" Z="0"/>
					<Vertex X="15305" Y="57633" Z="0"/>
					<Vertex X="15266" Y="57633" Z="0"/>
					<Vertex X="15246" Y="57593" Z="0"/>
					<Vertex X="15206" Y="57573" Z="0"/>
					<Vertex X="15187" Y="57573" Z="0"/>
					<Vertex X="15147" Y="57534" Z="0"/>
					<Vertex X="15147" Y="57514" Z="0"/>
					<Vertex X="15087" Y="57514" Z="0"/>
					<Vertex X="15068" Y="57514" Z="0"/>
					<Vertex X="15028" Y="57474" Z="0"/>
					<Vertex X="15008" Y="57474" Z="0"/>
					<Vertex X="14968" Y="57474" Z="0"/>
					<Vertex X="14949" Y="57474" Z="0"/>
					<Vertex X="14909" Y="57474" Z="0"/>
					<Vertex X="14889" Y="57474" Z="0"/>
					<Vertex X="14849" Y="57474" Z="0"/>
					<Vertex X="14849" Y="57514" Z="0"/>
					<Vertex X="14830" Y="57514" Z="0"/>
					<Vertex X="14790" Y="57534" Z="0"/>
					<Vertex X="14790" Y="57573" Z="0"/>
					<Vertex X="14770" Y="57593" Z="0"/>
					<Vertex X="14770" Y="57633" Z="0"/>
					<Vertex X="14731" Y="57652" Z="0"/>
					<Vertex X="14731" Y="57712" Z="0"/>
					<Vertex X="14711" Y="57752" Z="0"/>
					<Vertex X="14711" Y="57811" Z="0"/>
					<Vertex X="14711" Y="57831" Z="0"/>
					<Vertex X="14711" Y="57930" Z="0"/>
					<Vertex X="14711" Y="57990" Z="0"/>
					<Vertex X="14711" Y="58049" Z="0"/>
					<Vertex X="14731" Y="58128" Z="0"/>
					<Vertex X="14731" Y="58168" Z="0"/>
					<Vertex X="14770" Y="58267" Z="0"/>
					<Vertex X="14790" Y="58307" Z="0"/>
					<Vertex X="14790" Y="58346" Z="0"/>
					<Vertex X="14849" Y="58406" Z="0"/>
					<Vertex X="14849" Y="58426" Z="0"/>
					<Vertex X="14889" Y="58485" Z="0"/>
					<Vertex X="14909" Y="58525" Z="0"/>
					<Vertex X="14949" Y="58545" Z="0"/>
					<Vertex X="14949" Y="58584" Z="0"/>
					<Vertex X="15008" Y="58644" Z="0"/>
					<Vertex X="15028" Y="58664" Z="0"/>
					<Vertex X="15068" Y="58703" Z="0"/>
					<Vertex X="15127" Y="58723" Z="0"/>
					<Vertex X="15147" Y="58763" Z="0"/>
					<Vertex X="15187" Y="58783" Z="0"/>
					<Vertex X="15206" Y="58783" Z="0"/>
					<Vertex X="15266" Y="58822" Z="0"/>
					<Vertex X="15305" Y="58822" Z="0"/>
					<Vertex X="15325" Y="58822" Z="0"/>
					<Vertex X="15385" Y="58822" Z="0"/>
					<Vertex X="15424" Y="58822" Z="0"/>
					<Vertex X="15484" Y="58822" Z="0"/>
					<Vertex X="15504" Y="58822" Z="0"/>
					<Vertex X="15543" Y="58822" Z="0"/>
					<Vertex X="15563" Y="58842" Z="0"/>
				</Vertices>
			</Region>
		</Regions>
		<Plots/>
	</Annotation>
</Annotations>
