<Annotations MicronsPerPixel="0.252200">
	<Annotation Id="1" Name="" ReadOnly="0" NameReadOnly="0" LineColorReadOnly="0" Incremental="0" Type="4" LineColor="16776960" Visible="1" Selected="1" MarkupImagePath="" MacroName="">
		<Attributes/>
		<Regions>
			<RegionAttributeHeaders>
				<AttributeHeader Id="9999" Name="Region" ColumnWidth="-1"/>
				<AttributeHeader Id="9997" Name="Length" ColumnWidth="-1"/>
				<AttributeHeader Id="9996" Name="Area" ColumnWidth="-1"/>
				<AttributeHeader Id="9998" Name="Text" ColumnWidth="-1"/>
			</RegionAttributeHeaders>
			<Region Id="1" Type="0" Zoom="0.017429" Selected="1" ImageLocation="" ImageFocus="-1" Length="221801.8" Area="1826940288.5" LengthMicrons="55938.4" AreaMicrons="116202244.7" Text="" NegativeROA="0" InputRegionId="0" Analyze="1" DisplayId="1">
				<Attributes/>
				<Vertices>
					<Vertex X="3242" Y="44932" Z="0"/>
					<Vertex X="3071" Y="48629" Z="0"/>
					<Vertex X="3071" Y="49027" Z="0"/>
					<Vertex X="3071" Y="49312" Z="0"/>
					<Vertex X="3128" Y="49539" Z="0"/>
					<Vertex X="3242" Y="49710" Z="0"/>
					<Vertex X="3242" Y="49994" Z="0"/>
					<Vertex X="3299" Y="50165" Z="0"/>
					<Vertex X="3412" Y="50335" Z="0"/>
					<Vertex X="3583" Y="50677" Z="0"/>
					<Vertex X="3640" Y="50847" Z="0"/>
					<Vertex X="3754" Y="51018" Z="0"/>
					<Vertex X="3811" Y="51245" Z="0"/>
					<Vertex X="3811" Y="51416" Z="0"/>
					<Vertex X="3924" Y="51700" Z="0"/>
					<Vertex X="3924" Y="51871" Z="0"/>
					<Vertex X="3924" Y="52042" Z="0"/>
					<Vertex X="3924" Y="52212" Z="0"/>
					<Vertex X="3981" Y="52440" Z="0"/>
					<Vertex X="3981" Y="52724" Z="0"/>
					<Vertex X="3924" Y="52895" Z="0"/>
					<Vertex X="3924" Y="53122" Z="0"/>
					<Vertex X="3924" Y="53293" Z="0"/>
					<Vertex X="3924" Y="53577" Z="0"/>
					<Vertex X="3924" Y="53805" Z="0"/>
					<Vertex X="3924" Y="54089" Z="0"/>
					<Vertex X="3924" Y="54260" Z="0"/>
					<Vertex X="3981" Y="54487" Z="0"/>
					<Vertex X="3981" Y="54658" Z="0"/>
					<Vertex X="4095" Y="54942" Z="0"/>
					<Vertex X="4152" Y="55113" Z="0"/>
					<Vertex X="4266" Y="55340" Z="0"/>
					<Vertex X="4322" Y="55568" Z="0"/>
					<Vertex X="4436" Y="55682" Z="0"/>
					<Vertex X="4607" Y="55966" Z="0"/>
					<Vertex X="4777" Y="56137" Z="0"/>
					<Vertex X="4834" Y="56307" Z="0"/>
					<Vertex X="5005" Y="56364" Z="0"/>
					<Vertex X="5176" Y="56478" Z="0"/>
					<Vertex X="5289" Y="56592" Z="0"/>
					<Vertex X="5346" Y="56649" Z="0"/>
					<Vertex X="5517" Y="56649" Z="0"/>
					<Vertex X="5631" Y="56592" Z="0"/>
					<Vertex X="5801" Y="56592" Z="0"/>
					<Vertex X="5858" Y="56478" Z="0"/>
					<Vertex X="6029" Y="56478" Z="0"/>
					<Vertex X="6143" Y="56478" Z="0"/>
					<Vertex X="6199" Y="56364" Z="0"/>
					<Vertex X="6370" Y="56364" Z="0"/>
					<Vertex X="6541" Y="56364" Z="0"/>
					<Vertex X="6654" Y="56478" Z="0"/>
					<Vertex X="6882" Y="56649" Z="0"/>
					<Vertex X="6996" Y="56705" Z="0"/>
					<Vertex X="7166" Y="56990" Z="0"/>
					<Vertex X="7337" Y="57161" Z="0"/>
					<Vertex X="7394" Y="57388" Z="0"/>
					<Vertex X="7564" Y="57672" Z="0"/>
					<Vertex X="7678" Y="57900" Z="0"/>
					<Vertex X="7849" Y="58184" Z="0"/>
					<Vertex X="7849" Y="58412" Z="0"/>
					<Vertex X="7906" Y="58696" Z="0"/>
					<Vertex X="8019" Y="58924" Z="0"/>
					<Vertex X="8019" Y="59151" Z="0"/>
					<Vertex X="8076" Y="59549" Z="0"/>
					<Vertex X="8076" Y="59720" Z="0"/>
					<Vertex X="8076" Y="59947" Z="0"/>
					<Vertex X="8190" Y="60232" Z="0"/>
					<Vertex X="8190" Y="60459" Z="0"/>
					<Vertex X="8190" Y="60630" Z="0"/>
					<Vertex X="8247" Y="60914" Z="0"/>
					<Vertex X="8247" Y="61142" Z="0"/>
					<Vertex X="8247" Y="61426" Z="0"/>
					<Vertex X="8361" Y="61824" Z="0"/>
					<Vertex X="8418" Y="61995" Z="0"/>
					<Vertex X="8531" Y="62393" Z="0"/>
					<Vertex X="8588" Y="62621" Z="0"/>
					<Vertex X="8702" Y="62848" Z="0"/>
					<Vertex X="8702" Y="63132" Z="0"/>
					<Vertex X="8759" Y="63474" Z="0"/>
					<Vertex X="8873" Y="63701" Z="0"/>
					<Vertex X="8929" Y="63986" Z="0"/>
					<Vertex X="9043" Y="64384" Z="0"/>
					<Vertex X="9100" Y="64725" Z="0"/>
					<Vertex X="9214" Y="65009" Z="0"/>
					<Vertex X="9271" Y="65237" Z="0"/>
					<Vertex X="9384" Y="65578" Z="0"/>
					<Vertex X="9441" Y="65863" Z="0"/>
					<Vertex X="9441" Y="66090" Z="0"/>
					<Vertex X="9555" Y="66374" Z="0"/>
					<Vertex X="9555" Y="66716" Z="0"/>
					<Vertex X="9612" Y="66943" Z="0"/>
					<Vertex X="9612" Y="67284" Z="0"/>
					<Vertex X="9612" Y="67739" Z="0"/>
					<Vertex X="9612" Y="68081" Z="0"/>
					<Vertex X="9726" Y="68365" Z="0"/>
					<Vertex X="9726" Y="68649" Z="0"/>
					<Vertex X="9783" Y="68934" Z="0"/>
					<Vertex X="9783" Y="69275" Z="0"/>
					<Vertex X="9896" Y="69503" Z="0"/>
					<Vertex X="9953" Y="69787" Z="0"/>
					<Vertex X="10067" Y="69958" Z="0"/>
					<Vertex X="10238" Y="70185" Z="0"/>
					<Vertex X="10408" Y="70356" Z="0"/>
					<Vertex X="10465" Y="70526" Z="0"/>
					<Vertex X="10636" Y="70697" Z="0"/>
					<Vertex X="10806" Y="70811" Z="0"/>
					<Vertex X="10920" Y="70981" Z="0"/>
					<Vertex X="11091" Y="71038" Z="0"/>
					<Vertex X="11261" Y="71152" Z="0"/>
					<Vertex X="11432" Y="71209" Z="0"/>
					<Vertex X="11603" Y="71323" Z="0"/>
					<Vertex X="11773" Y="71380" Z="0"/>
					<Vertex X="11944" Y="71493" Z="0"/>
					<Vertex X="12115" Y="71550" Z="0"/>
					<Vertex X="12285" Y="71721" Z="0"/>
					<Vertex X="12456" Y="71835" Z="0"/>
					<Vertex X="12513" Y="72005" Z="0"/>
					<Vertex X="12683" Y="72233" Z="0"/>
					<Vertex X="12854" Y="72517" Z="0"/>
					<Vertex X="12968" Y="72745" Z="0"/>
					<Vertex X="13195" Y="73200" Z="0"/>
					<Vertex X="13309" Y="73427" Z="0"/>
					<Vertex X="13366" Y="73768" Z="0"/>
					<Vertex X="13480" Y="74053" Z="0"/>
					<Vertex X="13536" Y="74394" Z="0"/>
					<Vertex X="13650" Y="74735" Z="0"/>
					<Vertex X="13650" Y="75076" Z="0"/>
					<Vertex X="13707" Y="75475" Z="0"/>
					<Vertex X="13707" Y="75588" Z="0"/>
					<Vertex X="13821" Y="75987" Z="0"/>
					<Vertex X="13878" Y="76271" Z="0"/>
					<Vertex X="13991" Y="76612" Z="0"/>
					<Vertex X="13991" Y="76840" Z="0"/>
					<Vertex X="14048" Y="77124" Z="0"/>
					<Vertex X="14162" Y="77352" Z="0"/>
					<Vertex X="14219" Y="77636" Z="0"/>
					<Vertex X="14333" Y="77807" Z="0"/>
					<Vertex X="14390" Y="77977" Z="0"/>
					<Vertex X="14560" Y="78148" Z="0"/>
					<Vertex X="14731" Y="78375" Z="0"/>
					<Vertex X="14901" Y="78546" Z="0"/>
					<Vertex X="15072" Y="78717" Z="0"/>
					<Vertex X="15356" Y="78887" Z="0"/>
					<Vertex X="15527" Y="79058" Z="0"/>
					<Vertex X="15698" Y="79172" Z="0"/>
					<Vertex X="15925" Y="79228" Z="0"/>
					<Vertex X="16096" Y="79342" Z="0"/>
					<Vertex X="16266" Y="79399" Z="0"/>
					<Vertex X="16551" Y="79570" Z="0"/>
					<Vertex X="16721" Y="79683" Z="0"/>
					<Vertex X="16892" Y="79740" Z="0"/>
					<Vertex X="17233" Y="79911" Z="0"/>
					<Vertex X="17404" Y="80025" Z="0"/>
					<Vertex X="17575" Y="80082" Z="0"/>
					<Vertex X="17802" Y="80195" Z="0"/>
					<Vertex X="17973" Y="80252" Z="0"/>
					<Vertex X="18143" Y="80366" Z="0"/>
					<Vertex X="18485" Y="80537" Z="0"/>
					<Vertex X="18769" Y="80537" Z="0"/>
					<Vertex X="18940" Y="80593" Z="0"/>
					<Vertex X="19167" Y="80593" Z="0"/>
					<Vertex X="19338" Y="80707" Z="0"/>
					<Vertex X="19508" Y="80707" Z="0"/>
					<Vertex X="19679" Y="80764" Z="0"/>
					<Vertex X="19963" Y="80764" Z="0"/>
					<Vertex X="20134" Y="80764" Z="0"/>
					<Vertex X="20362" Y="80764" Z="0"/>
					<Vertex X="20532" Y="80764" Z="0"/>
					<Vertex X="20873" Y="80764" Z="0"/>
					<Vertex X="21101" Y="80764" Z="0"/>
					<Vertex X="21328" Y="80764" Z="0"/>
					<Vertex X="21556" Y="80764" Z="0"/>
					<Vertex X="21840" Y="80764" Z="0"/>
					<Vertex X="22011" Y="80764" Z="0"/>
					<Vertex X="22238" Y="80764" Z="0"/>
					<Vertex X="22523" Y="80764" Z="0"/>
					<Vertex X="22750" Y="80764" Z="0"/>
					<Vertex X="23035" Y="80764" Z="0"/>
					<Vertex X="23205" Y="80764" Z="0"/>
					<Vertex X="23433" Y="80764" Z="0"/>
					<Vertex X="23603" Y="80764" Z="0"/>
					<Vertex X="23888" Y="80764" Z="0"/>
					<Vertex X="24059" Y="80764" Z="0"/>
					<Vertex X="24229" Y="80764" Z="0"/>
					<Vertex X="24400" Y="80878" Z="0"/>
					<Vertex X="24570" Y="80878" Z="0"/>
					<Vertex X="24741" Y="80878" Z="0"/>
					<Vertex X="24969" Y="80878" Z="0"/>
					<Vertex X="25139" Y="80878" Z="0"/>
					<Vertex X="25310" Y="80764" Z="0"/>
					<Vertex X="25480" Y="80764" Z="0"/>
					<Vertex X="25708" Y="80707" Z="0"/>
					<Vertex X="25765" Y="80707" Z="0"/>
					<Vertex X="25935" Y="80593" Z="0"/>
					<Vertex X="26106" Y="80537" Z="0"/>
					<Vertex X="26277" Y="80252" Z="0"/>
					<Vertex X="26447" Y="80195" Z="0"/>
					<Vertex X="26618" Y="80025" Z="0"/>
					<Vertex X="26675" Y="79854" Z="0"/>
					<Vertex X="26845" Y="79683" Z="0"/>
					<Vertex X="26959" Y="79513" Z="0"/>
					<Vertex X="27016" Y="79342" Z="0"/>
					<Vertex X="27130" Y="79172" Z="0"/>
					<Vertex X="27300" Y="79058" Z="0"/>
					<Vertex X="27357" Y="78830" Z="0"/>
					<Vertex X="27471" Y="78660" Z="0"/>
					<Vertex X="27528" Y="78489" Z="0"/>
					<Vertex X="27642" Y="78318" Z="0"/>
					<Vertex X="27812" Y="78034" Z="0"/>
					<Vertex X="27926" Y="77863" Z="0"/>
					<Vertex X="28040" Y="77693" Z="0"/>
					<Vertex X="28154" Y="77465" Z="0"/>
					<Vertex X="28324" Y="77295" Z="0"/>
					<Vertex X="28381" Y="77124" Z="0"/>
					<Vertex X="28381" Y="76953" Z="0"/>
					<Vertex X="28495" Y="76612" Z="0"/>
					<Vertex X="28552" Y="76442" Z="0"/>
					<Vertex X="28665" Y="76157" Z="0"/>
					<Vertex X="28665" Y="75987" Z="0"/>
					<Vertex X="28665" Y="75759" Z="0"/>
					<Vertex X="28779" Y="75588" Z="0"/>
					<Vertex X="28779" Y="75418" Z="0"/>
					<Vertex X="28779" Y="75247" Z="0"/>
					<Vertex X="28779" Y="75076" Z="0"/>
					<Vertex X="28779" Y="74735" Z="0"/>
					<Vertex X="28779" Y="74565" Z="0"/>
					<Vertex X="28779" Y="74394" Z="0"/>
					<Vertex X="28779" Y="74110" Z="0"/>
					<Vertex X="28779" Y="73939" Z="0"/>
					<Vertex X="28779" Y="73711" Z="0"/>
					<Vertex X="28665" Y="73541" Z="0"/>
					<Vertex X="28665" Y="73256" Z="0"/>
					<Vertex X="28552" Y="73029" Z="0"/>
					<Vertex X="28495" Y="72858" Z="0"/>
					<Vertex X="28495" Y="72631" Z="0"/>
					<Vertex X="28495" Y="72403" Z="0"/>
					<Vertex X="28381" Y="72233" Z="0"/>
					<Vertex X="28381" Y="72062" Z="0"/>
					<Vertex X="28324" Y="71891" Z="0"/>
					<Vertex X="28210" Y="71721" Z="0"/>
					<Vertex X="28154" Y="71493" Z="0"/>
					<Vertex X="28040" Y="71323" Z="0"/>
					<Vertex X="28040" Y="71152" Z="0"/>
					<Vertex X="27983" Y="70981" Z="0"/>
					<Vertex X="27926" Y="70811" Z="0"/>
					<Vertex X="27812" Y="70640" Z="0"/>
					<Vertex X="27699" Y="70356" Z="0"/>
					<Vertex X="27642" Y="70185" Z="0"/>
					<Vertex X="27528" Y="70071" Z="0"/>
					<Vertex X="27471" Y="69844" Z="0"/>
					<Vertex X="27357" Y="69673" Z="0"/>
					<Vertex X="27300" Y="69503" Z="0"/>
					<Vertex X="27244" Y="69332" Z="0"/>
					<Vertex X="27130" Y="69104" Z="0"/>
					<Vertex X="27016" Y="68934" Z="0"/>
					<Vertex X="27016" Y="68763" Z="0"/>
					<Vertex X="26959" Y="68593" Z="0"/>
					<Vertex X="26845" Y="68479" Z="0"/>
					<Vertex X="26845" Y="68422" Z="0"/>
					<Vertex X="26845" Y="68365" Z="0"/>
					<Vertex X="26789" Y="68251" Z="0"/>
					<Vertex X="26789" Y="68138" Z="0"/>
					<Vertex X="26845" Y="68138" Z="0"/>
					<Vertex X="26845" Y="68081" Z="0"/>
					<Vertex X="26959" Y="68081" Z="0"/>
					<Vertex X="27016" Y="68081" Z="0"/>
					<Vertex X="27130" Y="68081" Z="0"/>
					<Vertex X="27300" Y="68081" Z="0"/>
					<Vertex X="27471" Y="68081" Z="0"/>
					<Vertex X="27528" Y="68138" Z="0"/>
					<Vertex X="27699" Y="68138" Z="0"/>
					<Vertex X="27812" Y="68251" Z="0"/>
					<Vertex X="27926" Y="68251" Z="0"/>
					<Vertex X="27983" Y="68365" Z="0"/>
					<Vertex X="28040" Y="68422" Z="0"/>
					<Vertex X="28154" Y="68479" Z="0"/>
					<Vertex X="28210" Y="68593" Z="0"/>
					<Vertex X="28324" Y="68763" Z="0"/>
					<Vertex X="28381" Y="68820" Z="0"/>
					<Vertex X="28495" Y="68934" Z="0"/>
					<Vertex X="28495" Y="68991" Z="0"/>
					<Vertex X="28552" Y="69104" Z="0"/>
					<Vertex X="28665" Y="69275" Z="0"/>
					<Vertex X="28779" Y="69332" Z="0"/>
					<Vertex X="28779" Y="69503" Z="0"/>
					<Vertex X="28836" Y="69673" Z="0"/>
					<Vertex X="28893" Y="69844" Z="0"/>
					<Vertex X="28893" Y="69958" Z="0"/>
					<Vertex X="28893" Y="70128" Z="0"/>
					<Vertex X="29007" Y="70185" Z="0"/>
					<Vertex X="29007" Y="70356" Z="0"/>
					<Vertex X="29064" Y="70526" Z="0"/>
					<Vertex X="29064" Y="70697" Z="0"/>
					<Vertex X="29064" Y="70925" Z="0"/>
					<Vertex X="29177" Y="70981" Z="0"/>
					<Vertex X="29234" Y="71209" Z="0"/>
					<Vertex X="29234" Y="71323" Z="0"/>
					<Vertex X="29348" Y="71493" Z="0"/>
					<Vertex X="29462" Y="71664" Z="0"/>
					<Vertex X="29519" Y="71721" Z="0"/>
					<Vertex X="29689" Y="71891" Z="0"/>
					<Vertex X="29860" Y="72176" Z="0"/>
					<Vertex X="30030" Y="72346" Z="0"/>
					<Vertex X="30087" Y="72517" Z="0"/>
					<Vertex X="30315" Y="72688" Z="0"/>
					<Vertex X="30429" Y="72858" Z="0"/>
					<Vertex X="30599" Y="72915" Z="0"/>
					<Vertex X="30770" Y="73086" Z="0"/>
					<Vertex X="30997" Y="73200" Z="0"/>
					<Vertex X="31111" Y="73370" Z="0"/>
					<Vertex X="31452" Y="73541" Z="0"/>
					<Vertex X="31623" Y="73598" Z="0"/>
					<Vertex X="31851" Y="73598" Z="0"/>
					<Vertex X="32078" Y="73711" Z="0"/>
					<Vertex X="32249" Y="73768" Z="0"/>
					<Vertex X="32590" Y="73768" Z="0"/>
					<Vertex X="32761" Y="73768" Z="0"/>
					<Vertex X="32931" Y="73768" Z="0"/>
					<Vertex X="33159" Y="73768" Z="0"/>
					<Vertex X="33443" Y="73768" Z="0"/>
					<Vertex X="33614" Y="73711" Z="0"/>
					<Vertex X="33955" Y="73711" Z="0"/>
					<Vertex X="34182" Y="73598" Z="0"/>
					<Vertex X="34353" Y="73598" Z="0"/>
					<Vertex X="34637" Y="73541" Z="0"/>
					<Vertex X="34808" Y="73427" Z="0"/>
					<Vertex X="35036" Y="73370" Z="0"/>
					<Vertex X="35320" Y="73256" Z="0"/>
					<Vertex X="35491" Y="73086" Z="0"/>
					<Vertex X="35832" Y="72915" Z="0"/>
					<Vertex X="36002" Y="72745" Z="0"/>
					<Vertex X="36173" Y="72517" Z="0"/>
					<Vertex X="36230" Y="72346" Z="0"/>
					<Vertex X="36571" Y="72005" Z="0"/>
					<Vertex X="36742" Y="71835" Z="0"/>
					<Vertex X="36913" Y="71664" Z="0"/>
					<Vertex X="37083" Y="71493" Z="0"/>
					<Vertex X="37368" Y="71323" Z="0"/>
					<Vertex X="37538" Y="71209" Z="0"/>
					<Vertex X="37879" Y="71038" Z="0"/>
					<Vertex X="38050" Y="70925" Z="0"/>
					<Vertex X="38278" Y="70811" Z="0"/>
					<Vertex X="38562" Y="70811" Z="0"/>
					<Vertex X="38733" Y="70811" Z="0"/>
					<Vertex X="39074" Y="70925" Z="0"/>
					<Vertex X="39244" Y="70981" Z="0"/>
					<Vertex X="39586" Y="71038" Z="0"/>
					<Vertex X="39813" Y="71152" Z="0"/>
					<Vertex X="39984" Y="71209" Z="0"/>
					<Vertex X="40268" Y="71209" Z="0"/>
					<Vertex X="40609" Y="71323" Z="0"/>
					<Vertex X="40951" Y="71323" Z="0"/>
					<Vertex X="41292" Y="71152" Z="0"/>
					<Vertex X="41633" Y="71038" Z="0"/>
					<Vertex X="41918" Y="70925" Z="0"/>
					<Vertex X="42316" Y="70640" Z="0"/>
					<Vertex X="42600" Y="70470" Z="0"/>
					<Vertex X="42828" Y="70185" Z="0"/>
					<Vertex X="42998" Y="70071" Z="0"/>
					<Vertex X="43169" Y="69787" Z="0"/>
					<Vertex X="43453" Y="69503" Z="0"/>
					<Vertex X="43567" Y="69218" Z="0"/>
					<Vertex X="43738" Y="68991" Z="0"/>
					<Vertex X="43851" Y="68934" Z="0"/>
					<Vertex X="44022" Y="68763" Z="0"/>
					<Vertex X="44136" Y="68649" Z="0"/>
					<Vertex X="44250" Y="68479" Z="0"/>
					<Vertex X="44363" Y="68479" Z="0"/>
					<Vertex X="44420" Y="68479" Z="0"/>
					<Vertex X="44591" Y="68422" Z="0"/>
					<Vertex X="44705" Y="68422" Z="0"/>
					<Vertex X="44989" Y="68479" Z="0"/>
					<Vertex X="45103" Y="68479" Z="0"/>
					<Vertex X="45216" Y="68479" Z="0"/>
					<Vertex X="45387" Y="68593" Z="0"/>
					<Vertex X="45558" Y="68649" Z="0"/>
					<Vertex X="45728" Y="68763" Z="0"/>
					<Vertex X="45842" Y="68763" Z="0"/>
					<Vertex X="46013" Y="68934" Z="0"/>
					<Vertex X="46070" Y="68991" Z="0"/>
					<Vertex X="46183" Y="69218" Z="0"/>
					<Vertex X="46240" Y="69332" Z="0"/>
					<Vertex X="46240" Y="69503" Z="0"/>
					<Vertex X="46240" Y="69673" Z="0"/>
					<Vertex X="46240" Y="69844" Z="0"/>
					<Vertex X="46183" Y="70185" Z="0"/>
					<Vertex X="46070" Y="70356" Z="0"/>
					<Vertex X="46013" Y="70640" Z="0"/>
					<Vertex X="45899" Y="70811" Z="0"/>
					<Vertex X="46013" Y="71038" Z="0"/>
					<Vertex X="46013" Y="71152" Z="0"/>
					<Vertex X="46070" Y="71323" Z="0"/>
					<Vertex X="46183" Y="71380" Z="0"/>
					<Vertex X="46297" Y="71664" Z="0"/>
					<Vertex X="46525" Y="71721" Z="0"/>
					<Vertex X="46581" Y="71891" Z="0"/>
					<Vertex X="46866" Y="72005" Z="0"/>
					<Vertex X="46980" Y="72005" Z="0"/>
					<Vertex X="47207" Y="72062" Z="0"/>
					<Vertex X="47435" Y="72062" Z="0"/>
					<Vertex X="47605" Y="72062" Z="0"/>
					<Vertex X="47946" Y="72062" Z="0"/>
					<Vertex X="48117" Y="72062" Z="0"/>
					<Vertex X="48288" Y="72062" Z="0"/>
					<Vertex X="48401" Y="72062" Z="0"/>
					<Vertex X="48515" Y="72176" Z="0"/>
					<Vertex X="48686" Y="72233" Z="0"/>
					<Vertex X="48800" Y="72346" Z="0"/>
					<Vertex X="48970" Y="72403" Z="0"/>
					<Vertex X="48970" Y="72517" Z="0"/>
					<Vertex X="49141" Y="72688" Z="0"/>
					<Vertex X="49141" Y="72858" Z="0"/>
					<Vertex X="49141" Y="72915" Z="0"/>
					<Vertex X="49141" Y="73200" Z="0"/>
					<Vertex X="49141" Y="73370" Z="0"/>
					<Vertex X="49084" Y="73541" Z="0"/>
					<Vertex X="48913" Y="73768" Z="0"/>
					<Vertex X="48686" Y="73939" Z="0"/>
					<Vertex X="48629" Y="74110" Z="0"/>
					<Vertex X="48401" Y="74280" Z="0"/>
					<Vertex X="48288" Y="74451" Z="0"/>
					<Vertex X="48231" Y="74621" Z="0"/>
					<Vertex X="48117" Y="74906" Z="0"/>
					<Vertex X="48060" Y="75076" Z="0"/>
					<Vertex X="48060" Y="75247" Z="0"/>
					<Vertex X="47946" Y="75418" Z="0"/>
					<Vertex X="47946" Y="75759" Z="0"/>
					<Vertex X="47946" Y="75930" Z="0"/>
					<Vertex X="48060" Y="76100" Z="0"/>
					<Vertex X="48117" Y="76271" Z="0"/>
					<Vertex X="48288" Y="76498" Z="0"/>
					<Vertex X="48401" Y="76612" Z="0"/>
					<Vertex X="48458" Y="76783" Z="0"/>
					<Vertex X="48629" Y="76953" Z="0"/>
					<Vertex X="48800" Y="77124" Z="0"/>
					<Vertex X="48970" Y="77181" Z="0"/>
					<Vertex X="49141" Y="77295" Z="0"/>
					<Vertex X="49368" Y="77352" Z="0"/>
					<Vertex X="49653" Y="77465" Z="0"/>
					<Vertex X="49937" Y="77522" Z="0"/>
					<Vertex X="50051" Y="77522" Z="0"/>
					<Vertex X="50335" Y="77636" Z="0"/>
					<Vertex X="50506" Y="77693" Z="0"/>
					<Vertex X="50847" Y="77693" Z="0"/>
					<Vertex X="51018" Y="77807" Z="0"/>
					<Vertex X="51359" Y="77863" Z="0"/>
					<Vertex X="51530" Y="77977" Z="0"/>
					<Vertex X="51757" Y="78034" Z="0"/>
					<Vertex X="52042" Y="78148" Z="0"/>
					<Vertex X="52212" Y="78205" Z="0"/>
					<Vertex X="52383" Y="78318" Z="0"/>
					<Vertex X="52553" Y="78375" Z="0"/>
					<Vertex X="52895" Y="78660" Z="0"/>
					<Vertex X="53065" Y="78717" Z="0"/>
					<Vertex X="53236" Y="78887" Z="0"/>
					<Vertex X="53407" Y="79001" Z="0"/>
					<Vertex X="53577" Y="79172" Z="0"/>
					<Vertex X="53862" Y="79342" Z="0"/>
					<Vertex X="54032" Y="79399" Z="0"/>
					<Vertex X="54203" Y="79513" Z="0"/>
					<Vertex X="54430" Y="79570" Z="0"/>
					<Vertex X="54601" Y="79683" Z="0"/>
					<Vertex X="54772" Y="79683" Z="0"/>
					<Vertex X="55056" Y="79740" Z="0"/>
					<Vertex X="55227" Y="79683" Z="0"/>
					<Vertex X="55283" Y="79683" Z="0"/>
					<Vertex X="55454" Y="79683" Z="0"/>
					<Vertex X="55625" Y="79570" Z="0"/>
					<Vertex X="55739" Y="79513" Z="0"/>
					<Vertex X="55909" Y="79399" Z="0"/>
					<Vertex X="56023" Y="79228" Z="0"/>
					<Vertex X="56137" Y="79228" Z="0"/>
					<Vertex X="56194" Y="79172" Z="0"/>
					<Vertex X="56364" Y="79172" Z="0"/>
					<Vertex X="56592" Y="79172" Z="0"/>
					<Vertex X="56762" Y="79058" Z="0"/>
					<Vertex X="56819" Y="79172" Z="0"/>
					<Vertex X="56990" Y="79228" Z="0"/>
					<Vertex X="57160" Y="79228" Z="0"/>
					<Vertex X="57331" Y="79342" Z="0"/>
					<Vertex X="57445" Y="79399" Z="0"/>
					<Vertex X="57672" Y="79513" Z="0"/>
					<Vertex X="57843" Y="79513" Z="0"/>
					<Vertex X="58127" Y="79570" Z="0"/>
					<Vertex X="58469" Y="79683" Z="0"/>
					<Vertex X="58696" Y="79683" Z="0"/>
					<Vertex X="58867" Y="79740" Z="0"/>
					<Vertex X="59208" Y="79854" Z="0"/>
					<Vertex X="59435" Y="79854" Z="0"/>
					<Vertex X="59720" Y="79911" Z="0"/>
					<Vertex X="59890" Y="79911" Z="0"/>
					<Vertex X="60061" Y="79911" Z="0"/>
					<Vertex X="60232" Y="79911" Z="0"/>
					<Vertex X="60402" Y="79911" Z="0"/>
					<Vertex X="60573" Y="80025" Z="0"/>
					<Vertex X="60800" Y="80025" Z="0"/>
					<Vertex X="60971" Y="79911" Z="0"/>
					<Vertex X="61199" Y="79911" Z="0"/>
					<Vertex X="61540" Y="79911" Z="0"/>
					<Vertex X="61710" Y="79854" Z="0"/>
					<Vertex X="61824" Y="79854" Z="0"/>
					<Vertex X="62279" Y="79683" Z="0"/>
					<Vertex X="62507" Y="79683" Z="0"/>
					<Vertex X="62791" Y="79570" Z="0"/>
					<Vertex X="63076" Y="79570" Z="0"/>
					<Vertex X="63360" Y="79399" Z="0"/>
					<Vertex X="63587" Y="79399" Z="0"/>
					<Vertex X="63815" Y="79342" Z="0"/>
					<Vertex X="64156" Y="79228" Z="0"/>
					<Vertex X="64441" Y="79228" Z="0"/>
					<Vertex X="64611" Y="79172" Z="0"/>
					<Vertex X="64896" Y="79058" Z="0"/>
					<Vertex X="65180" Y="79001" Z="0"/>
					<Vertex X="65351" Y="78887" Z="0"/>
					<Vertex X="65578" Y="78830" Z="0"/>
					<Vertex X="65976" Y="78660" Z="0"/>
					<Vertex X="66204" Y="78489" Z="0"/>
					<Vertex X="66431" Y="78318" Z="0"/>
					<Vertex X="66716" Y="78148" Z="0"/>
					<Vertex X="67057" Y="77977" Z="0"/>
					<Vertex X="67227" Y="77807" Z="0"/>
					<Vertex X="67569" Y="77522" Z="0"/>
					<Vertex X="67739" Y="77352" Z="0"/>
					<Vertex X="67967" Y="77181" Z="0"/>
					<Vertex X="68251" Y="77010" Z="0"/>
					<Vertex X="68479" Y="76783" Z="0"/>
					<Vertex X="68649" Y="76612" Z="0"/>
					<Vertex X="68877" Y="76442" Z="0"/>
					<Vertex X="69048" Y="76157" Z="0"/>
					<Vertex X="69218" Y="75930" Z="0"/>
					<Vertex X="69389" Y="75759" Z="0"/>
					<Vertex X="69503" Y="75588" Z="0"/>
					<Vertex X="69730" Y="75475" Z="0"/>
					<Vertex X="69901" Y="75247" Z="0"/>
					<Vertex X="69958" Y="75076" Z="0"/>
					<Vertex X="70128" Y="74906" Z="0"/>
					<Vertex X="70299" Y="74621" Z="0"/>
					<Vertex X="70469" Y="74451" Z="0"/>
					<Vertex X="70583" Y="74280" Z="0"/>
					<Vertex X="70754" Y="74053" Z="0"/>
					<Vertex X="70811" Y="73768" Z="0"/>
					<Vertex X="70924" Y="73598" Z="0"/>
					<Vertex X="70981" Y="73256" Z="0"/>
					<Vertex X="70981" Y="73029" Z="0"/>
					<Vertex X="71038" Y="72745" Z="0"/>
					<Vertex X="71152" Y="72403" Z="0"/>
					<Vertex X="71152" Y="72176" Z="0"/>
					<Vertex X="71152" Y="71835" Z="0"/>
					<Vertex X="71152" Y="71550" Z="0"/>
					<Vertex X="71152" Y="71209" Z="0"/>
					<Vertex X="71038" Y="70981" Z="0"/>
					<Vertex X="71038" Y="70697" Z="0"/>
					<Vertex X="71038" Y="70356" Z="0"/>
					<Vertex X="71038" Y="70128" Z="0"/>
					<Vertex X="70981" Y="69673" Z="0"/>
					<Vertex X="70924" Y="69446" Z="0"/>
					<Vertex X="70811" Y="69104" Z="0"/>
					<Vertex X="70754" Y="68763" Z="0"/>
					<Vertex X="70583" Y="68479" Z="0"/>
					<Vertex X="70469" Y="68138" Z="0"/>
					<Vertex X="70299" Y="67967" Z="0"/>
					<Vertex X="70185" Y="67739" Z="0"/>
					<Vertex X="70014" Y="67398" Z="0"/>
					<Vertex X="69958" Y="67114" Z="0"/>
					<Vertex X="69901" Y="66943" Z="0"/>
					<Vertex X="69730" Y="66545" Z="0"/>
					<Vertex X="69503" Y="66261" Z="0"/>
					<Vertex X="69446" Y="65919" Z="0"/>
					<Vertex X="69389" Y="65578" Z="0"/>
					<Vertex X="69218" Y="65351" Z="0"/>
					<Vertex X="69048" Y="64953" Z="0"/>
					<Vertex X="68877" Y="64668" Z="0"/>
					<Vertex X="68649" Y="64327" Z="0"/>
					<Vertex X="68479" Y="64099" Z="0"/>
					<Vertex X="68308" Y="63815" Z="0"/>
					<Vertex X="67967" Y="63474" Z="0"/>
					<Vertex X="67739" Y="63303" Z="0"/>
					<Vertex X="67569" Y="63019" Z="0"/>
					<Vertex X="67114" Y="62791" Z="0"/>
					<Vertex X="66943" Y="62564" Z="0"/>
					<Vertex X="66659" Y="62279" Z="0"/>
					<Vertex X="66431" Y="61995" Z="0"/>
					<Vertex X="66147" Y="61767" Z="0"/>
					<Vertex X="65976" Y="61540" Z="0"/>
					<Vertex X="65806" Y="61312" Z="0"/>
					<Vertex X="65521" Y="61085" Z="0"/>
					<Vertex X="65351" Y="60857" Z="0"/>
					<Vertex X="65180" Y="60573" Z="0"/>
					<Vertex X="65123" Y="60346" Z="0"/>
					<Vertex X="65009" Y="60004" Z="0"/>
					<Vertex X="64896" Y="59834" Z="0"/>
					<Vertex X="64782" Y="59549" Z="0"/>
					<Vertex X="64668" Y="59265" Z="0"/>
					<Vertex X="64611" Y="59094" Z="0"/>
					<Vertex X="64441" Y="58753" Z="0"/>
					<Vertex X="64270" Y="58582" Z="0"/>
					<Vertex X="64042" Y="58298" Z="0"/>
					<Vertex X="63872" Y="58014" Z="0"/>
					<Vertex X="63701" Y="57786" Z="0"/>
					<Vertex X="63587" Y="57502" Z="0"/>
					<Vertex X="63303" Y="57331" Z="0"/>
					<Vertex X="63132" Y="56990" Z="0"/>
					<Vertex X="62905" Y="56705" Z="0"/>
					<Vertex X="62621" Y="56478" Z="0"/>
					<Vertex X="62336" Y="56194" Z="0"/>
					<Vertex X="62166" Y="56023" Z="0"/>
					<Vertex X="61938" Y="55795" Z="0"/>
					<Vertex X="61710" Y="55568" Z="0"/>
					<Vertex X="61426" Y="55284" Z="0"/>
					<Vertex X="61255" Y="54999" Z="0"/>
					<Vertex X="61085" Y="54715" Z="0"/>
					<Vertex X="60744" Y="54374" Z="0"/>
					<Vertex X="60573" Y="54146" Z="0"/>
					<Vertex X="60289" Y="53862" Z="0"/>
					<Vertex X="60175" Y="53634" Z="0"/>
					<Vertex X="59890" Y="53407" Z="0"/>
					<Vertex X="59663" Y="53179" Z="0"/>
					<Vertex X="59379" Y="52781" Z="0"/>
					<Vertex X="59037" Y="52554" Z="0"/>
					<Vertex X="58867" Y="52383" Z="0"/>
					<Vertex X="58525" Y="52099" Z="0"/>
					<Vertex X="58355" Y="51871" Z="0"/>
					<Vertex X="58014" Y="51587" Z="0"/>
					<Vertex X="57729" Y="51359" Z="0"/>
					<Vertex X="57445" Y="51132" Z="0"/>
					<Vertex X="57274" Y="50847" Z="0"/>
					<Vertex X="56819" Y="50563" Z="0"/>
					<Vertex X="56592" Y="50335" Z="0"/>
					<Vertex X="56194" Y="50108" Z="0"/>
					<Vertex X="55966" Y="49880" Z="0"/>
					<Vertex X="55568" Y="49653" Z="0"/>
					<Vertex X="55283" Y="49368" Z="0"/>
					<Vertex X="54828" Y="49255" Z="0"/>
					<Vertex X="54601" Y="48970" Z="0"/>
					<Vertex X="54260" Y="48686" Z="0"/>
					<Vertex X="54032" Y="48629" Z="0"/>
					<Vertex X="53577" Y="48402" Z="0"/>
					<Vertex X="53122" Y="48117" Z="0"/>
					<Vertex X="52838" Y="48003" Z="0"/>
					<Vertex X="52497" Y="47776" Z="0"/>
					<Vertex X="52212" Y="47662" Z="0"/>
					<Vertex X="51871" Y="47435" Z="0"/>
					<Vertex X="51700" Y="47264" Z="0"/>
					<Vertex X="51416" Y="47093" Z="0"/>
					<Vertex X="51302" Y="46923" Z="0"/>
					<Vertex X="51132" Y="46695" Z="0"/>
					<Vertex X="50961" Y="46411" Z="0"/>
					<Vertex X="50847" Y="46297" Z="0"/>
					<Vertex X="50790" Y="46127" Z="0"/>
					<Vertex X="50620" Y="45956" Z="0"/>
					<Vertex X="50506" Y="45728" Z="0"/>
					<Vertex X="50449" Y="45615" Z="0"/>
					<Vertex X="50335" Y="45387" Z="0"/>
					<Vertex X="50222" Y="45273" Z="0"/>
					<Vertex X="50165" Y="45103" Z="0"/>
					<Vertex X="50051" Y="44932" Z="0"/>
					<Vertex X="49937" Y="44762" Z="0"/>
					<Vertex X="49823" Y="44591" Z="0"/>
					<Vertex X="49767" Y="44534" Z="0"/>
					<Vertex X="49653" Y="44363" Z="0"/>
					<Vertex X="49596" Y="44250" Z="0"/>
					<Vertex X="49368" Y="44136" Z="0"/>
					<Vertex X="49255" Y="43908" Z="0"/>
					<Vertex X="49141" Y="43851" Z="0"/>
					<Vertex X="48970" Y="43681" Z="0"/>
					<Vertex X="48913" Y="43567" Z="0"/>
					<Vertex X="48686" Y="43510" Z="0"/>
					<Vertex X="48515" Y="43340" Z="0"/>
					<Vertex X="48401" Y="43169" Z="0"/>
					<Vertex X="48231" Y="43055" Z="0"/>
					<Vertex X="48060" Y="42998" Z="0"/>
					<Vertex X="47833" Y="42828" Z="0"/>
					<Vertex X="47605" Y="42714" Z="0"/>
					<Vertex X="47435" Y="42600" Z="0"/>
					<Vertex X="47264" Y="42373" Z="0"/>
					<Vertex X="46980" Y="42202" Z="0"/>
					<Vertex X="46866" Y="42031" Z="0"/>
					<Vertex X="46581" Y="41918" Z="0"/>
					<Vertex X="46525" Y="41804" Z="0"/>
					<Vertex X="46240" Y="41633" Z="0"/>
					<Vertex X="45899" Y="41463" Z="0"/>
					<Vertex X="45728" Y="41349" Z="0"/>
					<Vertex X="45558" Y="41178" Z="0"/>
					<Vertex X="45273" Y="41065" Z="0"/>
					<Vertex X="45103" Y="40951" Z="0"/>
					<Vertex X="44875" Y="40780" Z="0"/>
					<Vertex X="44705" Y="40610" Z="0"/>
					<Vertex X="44534" Y="40496" Z="0"/>
					<Vertex X="44193" Y="40325" Z="0"/>
					<Vertex X="44022" Y="40268" Z="0"/>
					<Vertex X="43738" Y="40098" Z="0"/>
					<Vertex X="43510" Y="39927" Z="0"/>
					<Vertex X="43340" Y="39813" Z="0"/>
					<Vertex X="43055" Y="39643" Z="0"/>
					<Vertex X="42828" Y="39586" Z="0"/>
					<Vertex X="42543" Y="39472" Z="0"/>
					<Vertex X="42316" Y="39415" Z="0"/>
					<Vertex X="41974" Y="39301" Z="0"/>
					<Vertex X="41633" Y="39245" Z="0"/>
					<Vertex X="41463" Y="39131" Z="0"/>
					<Vertex X="41178" Y="39131" Z="0"/>
					<Vertex X="40837" Y="39074" Z="0"/>
					<Vertex X="40666" Y="38960" Z="0"/>
					<Vertex X="40439" Y="38903" Z="0"/>
					<Vertex X="40098" Y="38790" Z="0"/>
					<Vertex X="39813" Y="38790" Z="0"/>
					<Vertex X="39643" Y="38733" Z="0"/>
					<Vertex X="39415" Y="38733" Z="0"/>
					<Vertex X="39244" Y="38619" Z="0"/>
					<Vertex X="39074" Y="38619" Z="0"/>
					<Vertex X="38733" Y="38619" Z="0"/>
					<Vertex X="38448" Y="38619" Z="0"/>
					<Vertex X="38278" Y="38619" Z="0"/>
					<Vertex X="38050" Y="38619" Z="0"/>
					<Vertex X="37766" Y="38733" Z="0"/>
					<Vertex X="37424" Y="38733" Z="0"/>
					<Vertex X="37254" Y="38790" Z="0"/>
					<Vertex X="36913" Y="38790" Z="0"/>
					<Vertex X="36685" Y="38903" Z="0"/>
					<Vertex X="36344" Y="38960" Z="0"/>
					<Vertex X="36059" Y="38960" Z="0"/>
					<Vertex X="35889" Y="39074" Z="0"/>
					<Vertex X="35661" Y="39074" Z="0"/>
					<Vertex X="35377" Y="39131" Z="0"/>
					<Vertex X="35149" Y="39245" Z="0"/>
					<Vertex X="34979" Y="39245" Z="0"/>
					<Vertex X="34694" Y="39301" Z="0"/>
					<Vertex X="34637" Y="39301" Z="0"/>
					<Vertex X="34353" Y="39415" Z="0"/>
					<Vertex X="34182" Y="39415" Z="0"/>
					<Vertex X="34012" Y="39472" Z="0"/>
					<Vertex X="33841" Y="39472" Z="0"/>
					<Vertex X="33671" Y="39586" Z="0"/>
					<Vertex X="33500" Y="39643" Z="0"/>
					<Vertex X="33272" Y="39756" Z="0"/>
					<Vertex X="33102" Y="39813" Z="0"/>
					<Vertex X="32931" Y="39984" Z="0"/>
					<Vertex X="32761" Y="39984" Z="0"/>
					<Vertex X="32647" Y="40155" Z="0"/>
					<Vertex X="32476" Y="40268" Z="0"/>
					<Vertex X="32419" Y="40268" Z="0"/>
					<Vertex X="32306" Y="40325" Z="0"/>
					<Vertex X="32306" Y="40439" Z="0"/>
					<Vertex X="32249" Y="40496" Z="0"/>
					<Vertex X="32135" Y="40610" Z="0"/>
					<Vertex X="32078" Y="40666" Z="0"/>
					<Vertex X="31907" Y="40780" Z="0"/>
					<Vertex X="31794" Y="40837" Z="0"/>
					<Vertex X="31737" Y="41065" Z="0"/>
					<Vertex X="31566" Y="41121" Z="0"/>
					<Vertex X="31452" Y="41292" Z="0"/>
					<Vertex X="31396" Y="41349" Z="0"/>
					<Vertex X="31396" Y="41463" Z="0"/>
					<Vertex X="31282" Y="41633" Z="0"/>
					<Vertex X="31225" Y="41804" Z="0"/>
					<Vertex X="31225" Y="41861" Z="0"/>
					<Vertex X="31225" Y="42145" Z="0"/>
					<Vertex X="31282" Y="42316" Z="0"/>
					<Vertex X="31282" Y="42373" Z="0"/>
					<Vertex X="31396" Y="42543" Z="0"/>
					<Vertex X="31452" Y="42657" Z="0"/>
					<Vertex X="31452" Y="42828" Z="0"/>
					<Vertex X="31452" Y="42885" Z="0"/>
					<Vertex X="31452" Y="43055" Z="0"/>
					<Vertex X="31566" Y="43226" Z="0"/>
					<Vertex X="31452" Y="43340" Z="0"/>
					<Vertex X="31452" Y="43510" Z="0"/>
					<Vertex X="31396" Y="43681" Z="0"/>
					<Vertex X="31282" Y="43851" Z="0"/>
					<Vertex X="31111" Y="44079" Z="0"/>
					<Vertex X="31054" Y="44307" Z="0"/>
					<Vertex X="30941" Y="44420" Z="0"/>
					<Vertex X="30884" Y="44705" Z="0"/>
					<Vertex X="30770" Y="44875" Z="0"/>
					<Vertex X="30713" Y="45103" Z="0"/>
					<Vertex X="30599" Y="45273" Z="0"/>
					<Vertex X="30542" Y="45444" Z="0"/>
					<Vertex X="30429" Y="45558" Z="0"/>
					<Vertex X="30372" Y="45615" Z="0"/>
					<Vertex X="30258" Y="45615" Z="0"/>
					<Vertex X="30201" Y="45728" Z="0"/>
					<Vertex X="30087" Y="45785" Z="0"/>
					<Vertex X="29860" Y="45785" Z="0"/>
					<Vertex X="29689" Y="45785" Z="0"/>
					<Vertex X="29519" Y="45899" Z="0"/>
					<Vertex X="29348" Y="45899" Z="0"/>
					<Vertex X="29234" Y="45899" Z="0"/>
					<Vertex X="28893" Y="45899" Z="0"/>
					<Vertex X="28836" Y="45956" Z="0"/>
					<Vertex X="28552" Y="45956" Z="0"/>
					<Vertex X="28381" Y="46127" Z="0"/>
					<Vertex X="28154" Y="46240" Z="0"/>
					<Vertex X="27812" Y="46297" Z="0"/>
					<Vertex X="27528" Y="46411" Z="0"/>
					<Vertex X="27300" Y="46582" Z="0"/>
					<Vertex X="27016" Y="46638" Z="0"/>
					<Vertex X="26789" Y="46638" Z="0"/>
					<Vertex X="26618" Y="46752" Z="0"/>
					<Vertex X="26334" Y="46866" Z="0"/>
					<Vertex X="26106" Y="46923" Z="0"/>
					<Vertex X="25935" Y="46923" Z="0"/>
					<Vertex X="25765" Y="46923" Z="0"/>
					<Vertex X="25480" Y="46923" Z="0"/>
					<Vertex X="25424" Y="46923" Z="0"/>
					<Vertex X="25253" Y="46866" Z="0"/>
					<Vertex X="24969" Y="46752" Z="0"/>
					<Vertex X="24741" Y="46752" Z="0"/>
					<Vertex X="24457" Y="46638" Z="0"/>
					<Vertex X="24115" Y="46638" Z="0"/>
					<Vertex X="23888" Y="46638" Z="0"/>
					<Vertex X="23547" Y="46638" Z="0"/>
					<Vertex X="23262" Y="46638" Z="0"/>
					<Vertex X="22921" Y="46638" Z="0"/>
					<Vertex X="22523" Y="46638" Z="0"/>
					<Vertex X="22182" Y="46752" Z="0"/>
					<Vertex X="21840" Y="46866" Z="0"/>
					<Vertex X="21385" Y="46923" Z="0"/>
					<Vertex X="21158" Y="46980" Z="0"/>
					<Vertex X="20817" Y="47093" Z="0"/>
					<Vertex X="20362" Y="47150" Z="0"/>
					<Vertex X="20191" Y="47264" Z="0"/>
					<Vertex X="19963" Y="47435" Z="0"/>
					<Vertex X="19793" Y="47605" Z="0"/>
					<Vertex X="19679" Y="47662" Z="0"/>
					<Vertex X="19622" Y="47776" Z="0"/>
					<Vertex X="19622" Y="47833" Z="0"/>
					<Vertex X="19508" Y="47833" Z="0"/>
					<Vertex X="19452" Y="47833" Z="0"/>
					<Vertex X="19281" Y="47776" Z="0"/>
					<Vertex X="18997" Y="47662" Z="0"/>
					<Vertex X="18598" Y="47662" Z="0"/>
					<Vertex X="18257" Y="47605" Z="0"/>
					<Vertex X="17916" Y="47492" Z="0"/>
					<Vertex X="17631" Y="47321" Z="0"/>
					<Vertex X="17461" Y="47264" Z="0"/>
					<Vertex X="17120" Y="47093" Z="0"/>
					<Vertex X="16721" Y="46923" Z="0"/>
					<Vertex X="16437" Y="46752" Z="0"/>
					<Vertex X="16266" Y="46582" Z="0"/>
					<Vertex X="16039" Y="46411" Z="0"/>
					<Vertex X="15755" Y="46240" Z="0"/>
					<Vertex X="15527" Y="46070" Z="0"/>
					<Vertex X="15356" Y="45899" Z="0"/>
					<Vertex X="15072" Y="45785" Z="0"/>
					<Vertex X="14731" Y="45558" Z="0"/>
					<Vertex X="14560" Y="45444" Z="0"/>
					<Vertex X="14390" Y="45273" Z="0"/>
					<Vertex X="14162" Y="45103" Z="0"/>
					<Vertex X="13991" Y="45046" Z="0"/>
					<Vertex X="13707" Y="44932" Z="0"/>
					<Vertex X="13366" Y="44762" Z="0"/>
					<Vertex X="13195" Y="44762" Z="0"/>
					<Vertex X="12854" Y="44762" Z="0"/>
					<Vertex X="12626" Y="44762" Z="0"/>
					<Vertex X="12342" Y="44875" Z="0"/>
					<Vertex X="12115" Y="44932" Z="0"/>
					<Vertex X="11830" Y="44932" Z="0"/>
					<Vertex X="11489" Y="45103" Z="0"/>
					<Vertex X="11318" Y="45217" Z="0"/>
					<Vertex X="11091" Y="45387" Z="0"/>
					<Vertex X="10806" Y="45615" Z="0"/>
					<Vertex X="10636" Y="45785" Z="0"/>
					<Vertex X="10465" Y="45956" Z="0"/>
					<Vertex X="10408" Y="46297" Z="0"/>
					<Vertex X="10294" Y="46582" Z="0"/>
					<Vertex X="10238" Y="46752" Z="0"/>
					<Vertex X="10124" Y="46866" Z="0"/>
					<Vertex X="10067" Y="46923" Z="0"/>
					<Vertex X="10067" Y="46980" Z="0"/>
					<Vertex X="9896" Y="46923" Z="0"/>
					<Vertex X="9726" Y="46866" Z="0"/>
					<Vertex X="9441" Y="46752" Z="0"/>
					<Vertex X="9214" Y="46582" Z="0"/>
					<Vertex X="8873" Y="46468" Z="0"/>
					<Vertex X="8418" Y="46297" Z="0"/>
					<Vertex X="8019" Y="46240" Z="0"/>
					<Vertex X="7678" Y="46127" Z="0"/>
					<Vertex X="7223" Y="45956" Z="0"/>
					<Vertex X="6882" Y="45899" Z="0"/>
					<Vertex X="6654" Y="45785" Z="0"/>
					<Vertex X="6370" Y="45728" Z="0"/>
					<Vertex X="6199" Y="45615" Z="0"/>
					<Vertex X="5972" Y="45558" Z="0"/>
					<Vertex X="5688" Y="45558" Z="0"/>
					<Vertex X="5460" Y="45387" Z="0"/>
					<Vertex X="5289" Y="45273" Z="0"/>
					<Vertex X="5005" Y="45217" Z="0"/>
					<Vertex X="4834" Y="45217" Z="0"/>
					<Vertex X="4664" Y="45046" Z="0"/>
					<Vertex X="4493" Y="44932" Z="0"/>
					<Vertex X="4322" Y="44932" Z="0"/>
					<Vertex X="4266" Y="44875" Z="0"/>
					<Vertex X="4095" Y="44875" Z="0"/>
					<Vertex X="3981" Y="44875" Z="0"/>
					<Vertex X="3924" Y="44875" Z="0"/>
					<Vertex X="3811" Y="44875" Z="0"/>
					<Vertex X="3754" Y="44875" Z="0"/>
					<Vertex X="3640" Y="44875" Z="0"/>
					<Vertex X="3640" Y="44762" Z="0"/>
					<Vertex X="3640" Y="44875" Z="0"/>
					<Vertex X="3583" Y="44875" Z="0"/>
					<Vertex X="3242" Y="44932" Z="0"/>
				</Vertices>
			</Region>
		</Regions>
		<Plots/>
	</Annotation>
</Annotations>
