<Annotations MicronsPerPixel="0.252200">
	<Annotation Id="1" Name="" ReadOnly="0" NameReadOnly="0" LineColorReadOnly="0" Incremental="0" Type="4" LineColor="16776960" Visible="1" Selected="1" MarkupImagePath="" MacroName="">
		<Attributes/>
		<Regions>
			<RegionAttributeHeaders>
				<AttributeHeader Id="9999" Name="Region" ColumnWidth="-1"/>
				<AttributeHeader Id="9997" Name="Length" ColumnWidth="-1"/>
				<AttributeHeader Id="9996" Name="Area" ColumnWidth="-1"/>
				<AttributeHeader Id="9998" Name="Text" ColumnWidth="-1"/>
			</RegionAttributeHeaders>
			<Region Id="1" Type="0" Zoom="0.017998" Selected="1" ImageLocation="" ImageFocus="-1" Length="216538.3" Area="2253299875.5" LengthMicrons="54611.0" AreaMicrons="143320778.1" Text="" NegativeROA="0" InputRegionId="0" Analyze="1" DisplayId="1">
				<Attributes/>
				<Vertices>
					<Vertex X="9694" Y="33763" Z="0"/>
					<Vertex X="5728" Y="35415" Z="0"/>
					<Vertex X="5397" Y="35911" Z="0"/>
					<Vertex X="5232" Y="36186" Z="0"/>
					<Vertex X="5067" Y="36407" Z="0"/>
					<Vertex X="4902" Y="36682" Z="0"/>
					<Vertex X="4736" Y="36902" Z="0"/>
					<Vertex X="4626" Y="37233" Z="0"/>
					<Vertex X="4461" Y="37563" Z="0"/>
					<Vertex X="4296" Y="38059" Z="0"/>
					<Vertex X="4131" Y="38390" Z="0"/>
					<Vertex X="4076" Y="38720" Z="0"/>
					<Vertex X="3965" Y="39050" Z="0"/>
					<Vertex X="3910" Y="39381" Z="0"/>
					<Vertex X="3800" Y="39766" Z="0"/>
					<Vertex X="3800" Y="40042" Z="0"/>
					<Vertex X="3745" Y="40317" Z="0"/>
					<Vertex X="3745" Y="40648" Z="0"/>
					<Vertex X="3635" Y="40978" Z="0"/>
					<Vertex X="3635" Y="41309" Z="0"/>
					<Vertex X="3635" Y="41639" Z="0"/>
					<Vertex X="3580" Y="41970" Z="0"/>
					<Vertex X="3580" Y="42190" Z="0"/>
					<Vertex X="3580" Y="42520" Z="0"/>
					<Vertex X="3580" Y="43016" Z="0"/>
					<Vertex X="3580" Y="43347" Z="0"/>
					<Vertex X="3580" Y="43677" Z="0"/>
					<Vertex X="3580" Y="44118" Z="0"/>
					<Vertex X="3580" Y="44448" Z="0"/>
					<Vertex X="3580" Y="44779" Z="0"/>
					<Vertex X="3580" Y="45164" Z="0"/>
					<Vertex X="3580" Y="45660" Z="0"/>
					<Vertex X="3580" Y="45990" Z="0"/>
					<Vertex X="3580" Y="46321" Z="0"/>
					<Vertex X="3580" Y="46651" Z="0"/>
					<Vertex X="3580" Y="46982" Z="0"/>
					<Vertex X="3580" Y="47312" Z="0"/>
					<Vertex X="3580" Y="47643" Z="0"/>
					<Vertex X="3580" Y="47918" Z="0"/>
					<Vertex X="3580" Y="48249" Z="0"/>
					<Vertex X="3580" Y="48579" Z="0"/>
					<Vertex X="3580" Y="49075" Z="0"/>
					<Vertex X="3580" Y="49405" Z="0"/>
					<Vertex X="3580" Y="49736" Z="0"/>
					<Vertex X="3470" Y="50231" Z="0"/>
					<Vertex X="3470" Y="50562" Z="0"/>
					<Vertex X="3470" Y="50892" Z="0"/>
					<Vertex X="3470" Y="51333" Z="0"/>
					<Vertex X="3470" Y="51718" Z="0"/>
					<Vertex X="3415" Y="52049" Z="0"/>
					<Vertex X="3304" Y="52434" Z="0"/>
					<Vertex X="3304" Y="53040" Z="0"/>
					<Vertex X="3249" Y="53371" Z="0"/>
					<Vertex X="3249" Y="53811" Z="0"/>
					<Vertex X="3139" Y="54087" Z="0"/>
					<Vertex X="3084" Y="54417" Z="0"/>
					<Vertex X="3084" Y="54858" Z="0"/>
					<Vertex X="2974" Y="55243" Z="0"/>
					<Vertex X="2974" Y="55574" Z="0"/>
					<Vertex X="2919" Y="56015" Z="0"/>
					<Vertex X="2809" Y="56565" Z="0"/>
					<Vertex X="2754" Y="56896" Z="0"/>
					<Vertex X="2754" Y="57281" Z="0"/>
					<Vertex X="2643" Y="57557" Z="0"/>
					<Vertex X="2643" Y="57832" Z="0"/>
					<Vertex X="2588" Y="58163" Z="0"/>
					<Vertex X="2478" Y="58548" Z="0"/>
					<Vertex X="2478" Y="58879" Z="0"/>
					<Vertex X="2423" Y="59319" Z="0"/>
					<Vertex X="2313" Y="59650" Z="0"/>
					<Vertex X="2313" Y="60200" Z="0"/>
					<Vertex X="2258" Y="60531" Z="0"/>
					<Vertex X="2258" Y="60972" Z="0"/>
					<Vertex X="2148" Y="61357" Z="0"/>
					<Vertex X="2148" Y="61798" Z="0"/>
					<Vertex X="2148" Y="62514" Z="0"/>
					<Vertex X="2148" Y="62954" Z="0"/>
					<Vertex X="2148" Y="63340" Z="0"/>
					<Vertex X="2148" Y="63836" Z="0"/>
					<Vertex X="2093" Y="64331" Z="0"/>
					<Vertex X="2093" Y="64772" Z="0"/>
					<Vertex X="2093" Y="65102" Z="0"/>
					<Vertex X="2093" Y="65488" Z="0"/>
					<Vertex X="2093" Y="65929" Z="0"/>
					<Vertex X="2148" Y="66259" Z="0"/>
					<Vertex X="2148" Y="66590" Z="0"/>
					<Vertex X="2148" Y="67030" Z="0"/>
					<Vertex X="2148" Y="67306" Z="0"/>
					<Vertex X="2148" Y="67856" Z="0"/>
					<Vertex X="2148" Y="68077" Z="0"/>
					<Vertex X="2148" Y="68407" Z="0"/>
					<Vertex X="2258" Y="68738" Z="0"/>
					<Vertex X="2258" Y="68958" Z="0"/>
					<Vertex X="2258" Y="69288" Z="0"/>
					<Vertex X="2258" Y="69564" Z="0"/>
					<Vertex X="2258" Y="69894" Z="0"/>
					<Vertex X="2258" Y="70115" Z="0"/>
					<Vertex X="2258" Y="70390" Z="0"/>
					<Vertex X="2258" Y="70610" Z="0"/>
					<Vertex X="2313" Y="70886" Z="0"/>
					<Vertex X="2313" Y="71106" Z="0"/>
					<Vertex X="2423" Y="71381" Z="0"/>
					<Vertex X="2478" Y="71712" Z="0"/>
					<Vertex X="2588" Y="71877" Z="0"/>
					<Vertex X="2643" Y="72097" Z="0"/>
					<Vertex X="2809" Y="72263" Z="0"/>
					<Vertex X="2919" Y="72428" Z="0"/>
					<Vertex X="3084" Y="72703" Z="0"/>
					<Vertex X="3249" Y="72868" Z="0"/>
					<Vertex X="3415" Y="72924" Z="0"/>
					<Vertex X="3635" Y="73089" Z="0"/>
					<Vertex X="3800" Y="73254" Z="0"/>
					<Vertex X="3965" Y="73254" Z="0"/>
					<Vertex X="4241" Y="73364" Z="0"/>
					<Vertex X="4406" Y="73419" Z="0"/>
					<Vertex X="4736" Y="73419" Z="0"/>
					<Vertex X="4957" Y="73529" Z="0"/>
					<Vertex X="5232" Y="73529" Z="0"/>
					<Vertex X="5452" Y="73529" Z="0"/>
					<Vertex X="5728" Y="73529" Z="0"/>
					<Vertex X="5893" Y="73529" Z="0"/>
					<Vertex X="6224" Y="73529" Z="0"/>
					<Vertex X="6444" Y="73419" Z="0"/>
					<Vertex X="6719" Y="73364" Z="0"/>
					<Vertex X="6885" Y="73364" Z="0"/>
					<Vertex X="7105" Y="73199" Z="0"/>
					<Vertex X="7380" Y="73089" Z="0"/>
					<Vertex X="7545" Y="73034" Z="0"/>
					<Vertex X="7766" Y="72868" Z="0"/>
					<Vertex X="8041" Y="72703" Z="0"/>
					<Vertex X="8261" Y="72538" Z="0"/>
					<Vertex X="8592" Y="72373" Z="0"/>
					<Vertex X="9033" Y="72097" Z="0"/>
					<Vertex X="9363" Y="72042" Z="0"/>
					<Vertex X="9749" Y="71877" Z="0"/>
					<Vertex X="10079" Y="71767" Z="0"/>
					<Vertex X="10410" Y="71767" Z="0"/>
					<Vertex X="10740" Y="71767" Z="0"/>
					<Vertex X="11181" Y="71767" Z="0"/>
					<Vertex X="11401" Y="71877" Z="0"/>
					<Vertex X="11731" Y="71932" Z="0"/>
					<Vertex X="12062" Y="72042" Z="0"/>
					<Vertex X="12392" Y="72097" Z="0"/>
					<Vertex X="12723" Y="72208" Z="0"/>
					<Vertex X="13053" Y="72428" Z="0"/>
					<Vertex X="13329" Y="72593" Z="0"/>
					<Vertex X="13549" Y="72813" Z="0"/>
					<Vertex X="13714" Y="72924" Z="0"/>
					<Vertex X="13990" Y="73089" Z="0"/>
					<Vertex X="14155" Y="73364" Z="0"/>
					<Vertex X="14320" Y="73529" Z="0"/>
					<Vertex X="14651" Y="73750" Z="0"/>
					<Vertex X="14981" Y="73915" Z="0"/>
					<Vertex X="15201" Y="74080" Z="0"/>
					<Vertex X="15477" Y="74190" Z="0"/>
					<Vertex X="15807" Y="74245" Z="0"/>
					<Vertex X="16138" Y="74356" Z="0"/>
					<Vertex X="16358" Y="74411" Z="0"/>
					<Vertex X="16688" Y="74411" Z="0"/>
					<Vertex X="17019" Y="74521" Z="0"/>
					<Vertex X="17515" Y="74576" Z="0"/>
					<Vertex X="17845" Y="74576" Z="0"/>
					<Vertex X="18120" Y="74686" Z="0"/>
					<Vertex X="18451" Y="74741" Z="0"/>
					<Vertex X="18892" Y="74851" Z="0"/>
					<Vertex X="19112" Y="74851" Z="0"/>
					<Vertex X="19442" Y="74906" Z="0"/>
					<Vertex X="19663" Y="74906" Z="0"/>
					<Vertex X="19938" Y="75017" Z="0"/>
					<Vertex X="20158" Y="75017" Z="0"/>
					<Vertex X="20599" Y="75017" Z="0"/>
					<Vertex X="20819" Y="75017" Z="0"/>
					<Vertex X="21095" Y="75072" Z="0"/>
					<Vertex X="21425" Y="75072" Z="0"/>
					<Vertex X="21645" Y="75182" Z="0"/>
					<Vertex X="21921" Y="75182" Z="0"/>
					<Vertex X="22141" Y="75237" Z="0"/>
					<Vertex X="22472" Y="75347" Z="0"/>
					<Vertex X="22747" Y="75402" Z="0"/>
					<Vertex X="23078" Y="75567" Z="0"/>
					<Vertex X="23463" Y="75733" Z="0"/>
					<Vertex X="23738" Y="75898" Z="0"/>
					<Vertex X="24069" Y="76063" Z="0"/>
					<Vertex X="24399" Y="76173" Z="0"/>
					<Vertex X="24620" Y="76338" Z="0"/>
					<Vertex X="24895" Y="76393" Z="0"/>
					<Vertex X="25281" Y="76504" Z="0"/>
					<Vertex X="25666" Y="76559" Z="0"/>
					<Vertex X="25886" Y="76559" Z="0"/>
					<Vertex X="26327" Y="76669" Z="0"/>
					<Vertex X="26547" Y="76669" Z="0"/>
					<Vertex X="26768" Y="76669" Z="0"/>
					<Vertex X="27043" Y="76559" Z="0"/>
					<Vertex X="27374" Y="76559" Z="0"/>
					<Vertex X="27594" Y="76504" Z="0"/>
					<Vertex X="28035" Y="76504" Z="0"/>
					<Vertex X="28255" Y="76504" Z="0"/>
					<Vertex X="28530" Y="76504" Z="0"/>
					<Vertex X="28751" Y="76504" Z="0"/>
					<Vertex X="28916" Y="76559" Z="0"/>
					<Vertex X="29191" Y="76669" Z="0"/>
					<Vertex X="29522" Y="76669" Z="0"/>
					<Vertex X="29742" Y="76834" Z="0"/>
					<Vertex X="30128" Y="76889" Z="0"/>
					<Vertex X="30348" Y="77054" Z="0"/>
					<Vertex X="30568" Y="77165" Z="0"/>
					<Vertex X="30788" Y="77330" Z="0"/>
					<Vertex X="31009" Y="77385" Z="0"/>
					<Vertex X="31174" Y="77550" Z="0"/>
					<Vertex X="31394" Y="77660" Z="0"/>
					<Vertex X="31670" Y="77715" Z="0"/>
					<Vertex X="31835" Y="77881" Z="0"/>
					<Vertex X="32165" Y="77991" Z="0"/>
					<Vertex X="32551" Y="78046" Z="0"/>
					<Vertex X="32881" Y="78046" Z="0"/>
					<Vertex X="33157" Y="78046" Z="0"/>
					<Vertex X="33377" Y="78156" Z="0"/>
					<Vertex X="33763" Y="78156" Z="0"/>
					<Vertex X="33983" Y="78156" Z="0"/>
					<Vertex X="34203" Y="78046" Z="0"/>
					<Vertex X="34479" Y="78046" Z="0"/>
					<Vertex X="34699" Y="77991" Z="0"/>
					<Vertex X="34974" Y="77881" Z="0"/>
					<Vertex X="35250" Y="77715" Z="0"/>
					<Vertex X="35635" Y="77550" Z="0"/>
					<Vertex X="35966" Y="77495" Z="0"/>
					<Vertex X="36186" Y="77385" Z="0"/>
					<Vertex X="36462" Y="77330" Z="0"/>
					<Vertex X="36792" Y="77220" Z="0"/>
					<Vertex X="37012" Y="77165" Z="0"/>
					<Vertex X="37343" Y="77054" Z="0"/>
					<Vertex X="37618" Y="77054" Z="0"/>
					<Vertex X="37949" Y="77054" Z="0"/>
					<Vertex X="38169" Y="77054" Z="0"/>
					<Vertex X="38444" Y="77165" Z="0"/>
					<Vertex X="38665" Y="77165" Z="0"/>
					<Vertex X="38940" Y="77220" Z="0"/>
					<Vertex X="39105" Y="77220" Z="0"/>
					<Vertex X="39436" Y="77330" Z="0"/>
					<Vertex X="39876" Y="77385" Z="0"/>
					<Vertex X="40152" Y="77385" Z="0"/>
					<Vertex X="40427" Y="77385" Z="0"/>
					<Vertex X="40758" Y="77495" Z="0"/>
					<Vertex X="40978" Y="77495" Z="0"/>
					<Vertex X="41363" Y="77385" Z="0"/>
					<Vertex X="41804" Y="77385" Z="0"/>
					<Vertex X="42135" Y="77330" Z="0"/>
					<Vertex X="42465" Y="77330" Z="0"/>
					<Vertex X="42851" Y="77220" Z="0"/>
					<Vertex X="43126" Y="77165" Z="0"/>
					<Vertex X="43512" Y="77054" Z="0"/>
					<Vertex X="43732" Y="77054" Z="0"/>
					<Vertex X="44117" Y="76999" Z="0"/>
					<Vertex X="44393" Y="76889" Z="0"/>
					<Vertex X="44668" Y="76889" Z="0"/>
					<Vertex X="44888" Y="76889" Z="0"/>
					<Vertex X="45054" Y="76834" Z="0"/>
					<Vertex X="45329" Y="76834" Z="0"/>
					<Vertex X="45604" Y="76724" Z="0"/>
					<Vertex X="45825" Y="76724" Z="0"/>
					<Vertex X="46045" Y="76669" Z="0"/>
					<Vertex X="46265" Y="76559" Z="0"/>
					<Vertex X="46486" Y="76504" Z="0"/>
					<Vertex X="46816" Y="76338" Z="0"/>
					<Vertex X="47037" Y="76228" Z="0"/>
					<Vertex X="47202" Y="76228" Z="0"/>
					<Vertex X="47367" Y="76063" Z="0"/>
					<Vertex X="47642" Y="76063" Z="0"/>
					<Vertex X="47753" Y="76008" Z="0"/>
					<Vertex X="47918" Y="75898" Z="0"/>
					<Vertex X="48138" Y="75898" Z="0"/>
					<Vertex X="48303" Y="75898" Z="0"/>
					<Vertex X="48358" Y="75898" Z="0"/>
					<Vertex X="48524" Y="75843" Z="0"/>
					<Vertex X="48854" Y="75843" Z="0"/>
					<Vertex X="49130" Y="75843" Z="0"/>
					<Vertex X="49350" Y="75843" Z="0"/>
					<Vertex X="49625" Y="75843" Z="0"/>
					<Vertex X="50011" Y="75843" Z="0"/>
					<Vertex X="50286" Y="75733" Z="0"/>
					<Vertex X="50562" Y="75733" Z="0"/>
					<Vertex X="51002" Y="75567" Z="0"/>
					<Vertex X="51333" Y="75402" Z="0"/>
					<Vertex X="51608" Y="75347" Z="0"/>
					<Vertex X="51938" Y="75182" Z="0"/>
					<Vertex X="52159" Y="75017" Z="0"/>
					<Vertex X="52379" Y="74851" Z="0"/>
					<Vertex X="52599" Y="74686" Z="0"/>
					<Vertex X="52820" Y="74411" Z="0"/>
					<Vertex X="52985" Y="74245" Z="0"/>
					<Vertex X="53150" Y="74080" Z="0"/>
					<Vertex X="53426" Y="73860" Z="0"/>
					<Vertex X="53536" Y="73695" Z="0"/>
					<Vertex X="53866" Y="73419" Z="0"/>
					<Vertex X="54087" Y="73254" Z="0"/>
					<Vertex X="54252" Y="73089" Z="0"/>
					<Vertex X="54417" Y="72924" Z="0"/>
					<Vertex X="54582" Y="72813" Z="0"/>
					<Vertex X="54747" Y="72593" Z="0"/>
					<Vertex X="54913" Y="72373" Z="0"/>
					<Vertex X="55023" Y="72097" Z="0"/>
					<Vertex X="55188" Y="71877" Z="0"/>
					<Vertex X="55353" Y="71712" Z="0"/>
					<Vertex X="55463" Y="71547" Z="0"/>
					<Vertex X="55739" Y="71216" Z="0"/>
					<Vertex X="55794" Y="70941" Z="0"/>
					<Vertex X="55959" Y="70720" Z="0"/>
					<Vertex X="56124" Y="70555" Z="0"/>
					<Vertex X="56290" Y="70390" Z="0"/>
					<Vertex X="56510" Y="70059" Z="0"/>
					<Vertex X="56785" Y="69949" Z="0"/>
					<Vertex X="56951" Y="69784" Z="0"/>
					<Vertex X="57226" Y="69619" Z="0"/>
					<Vertex X="57391" Y="69564" Z="0"/>
					<Vertex X="57612" Y="69454" Z="0"/>
					<Vertex X="57887" Y="69399" Z="0"/>
					<Vertex X="58272" Y="69288" Z="0"/>
					<Vertex X="58438" Y="69233" Z="0"/>
					<Vertex X="58713" Y="69123" Z="0"/>
					<Vertex X="58933" Y="69068" Z="0"/>
					<Vertex X="59154" Y="68958" Z="0"/>
					<Vertex X="59594" Y="68738" Z="0"/>
					<Vertex X="59815" Y="68572" Z="0"/>
					<Vertex X="60035" Y="68407" Z="0"/>
					<Vertex X="60255" Y="68242" Z="0"/>
					<Vertex X="60421" Y="68077" Z="0"/>
					<Vertex X="60586" Y="67856" Z="0"/>
					<Vertex X="60916" Y="67471" Z="0"/>
					<Vertex X="61081" Y="67250" Z="0"/>
					<Vertex X="61247" Y="67030" Z="0"/>
					<Vertex X="61412" Y="66810" Z="0"/>
					<Vertex X="61522" Y="66590" Z="0"/>
					<Vertex X="61742" Y="66259" Z="0"/>
					<Vertex X="61853" Y="66094" Z="0"/>
					<Vertex X="61908" Y="65818" Z="0"/>
					<Vertex X="62018" Y="65598" Z="0"/>
					<Vertex X="62073" Y="65268" Z="0"/>
					<Vertex X="62128" Y="64992" Z="0"/>
					<Vertex X="62238" Y="64772" Z="0"/>
					<Vertex X="62348" Y="64607" Z="0"/>
					<Vertex X="62403" Y="64331" Z="0"/>
					<Vertex X="62569" Y="64111" Z="0"/>
					<Vertex X="62734" Y="63725" Z="0"/>
					<Vertex X="62899" Y="63450" Z="0"/>
					<Vertex X="63174" Y="63175" Z="0"/>
					<Vertex X="63340" Y="62954" Z="0"/>
					<Vertex X="63505" Y="62624" Z="0"/>
					<Vertex X="63615" Y="62459" Z="0"/>
					<Vertex X="63946" Y="62073" Z="0"/>
					<Vertex X="64111" Y="61853" Z="0"/>
					<Vertex X="64496" Y="61522" Z="0"/>
					<Vertex X="64662" Y="61302" Z="0"/>
					<Vertex X="64882" Y="61137" Z="0"/>
					<Vertex X="65047" Y="61027" Z="0"/>
					<Vertex X="65102" Y="60861" Z="0"/>
					<Vertex X="65212" Y="60806" Z="0"/>
					<Vertex X="65322" Y="60641" Z="0"/>
					<Vertex X="65322" Y="60586" Z="0"/>
					<Vertex X="65322" Y="60476" Z="0"/>
					<Vertex X="65212" Y="60421" Z="0"/>
					<Vertex X="65212" Y="60311" Z="0"/>
					<Vertex X="65212" Y="60145" Z="0"/>
					<Vertex X="65212" Y="59980" Z="0"/>
					<Vertex X="65322" Y="59650" Z="0"/>
					<Vertex X="65378" Y="59484" Z="0"/>
					<Vertex X="65433" Y="59264" Z="0"/>
					<Vertex X="65598" Y="59044" Z="0"/>
					<Vertex X="65708" Y="58934" Z="0"/>
					<Vertex X="65983" Y="58658" Z="0"/>
					<Vertex X="66204" Y="58548" Z="0"/>
					<Vertex X="66369" Y="58438" Z="0"/>
					<Vertex X="66589" Y="58328" Z="0"/>
					<Vertex X="66810" Y="58218" Z="0"/>
					<Vertex X="67030" Y="58218" Z="0"/>
					<Vertex X="67250" Y="58163" Z="0"/>
					<Vertex X="67636" Y="58163" Z="0"/>
					<Vertex X="67856" Y="58163" Z="0"/>
					<Vertex X="68076" Y="58218" Z="0"/>
					<Vertex X="68352" Y="58328" Z="0"/>
					<Vertex X="68517" Y="58493" Z="0"/>
					<Vertex X="68737" Y="58658" Z="0"/>
					<Vertex X="68958" Y="58824" Z="0"/>
					<Vertex X="69123" Y="58934" Z="0"/>
					<Vertex X="69288" Y="58989" Z="0"/>
					<Vertex X="69453" Y="59154" Z="0"/>
					<Vertex X="69674" Y="59154" Z="0"/>
					<Vertex X="70059" Y="59264" Z="0"/>
					<Vertex X="70335" Y="59319" Z="0"/>
					<Vertex X="70665" Y="59319" Z="0"/>
					<Vertex X="70940" Y="59319" Z="0"/>
					<Vertex X="71161" Y="59264" Z="0"/>
					<Vertex X="71656" Y="59264" Z="0"/>
					<Vertex X="71877" Y="59154" Z="0"/>
					<Vertex X="72097" Y="59044" Z="0"/>
					<Vertex X="72262" Y="58989" Z="0"/>
					<Vertex X="72428" Y="58934" Z="0"/>
					<Vertex X="72483" Y="58658" Z="0"/>
					<Vertex X="72483" Y="58548" Z="0"/>
					<Vertex X="72538" Y="58328" Z="0"/>
					<Vertex X="72538" Y="58108" Z="0"/>
					<Vertex X="72538" Y="57832" Z="0"/>
					<Vertex X="72648" Y="57557" Z="0"/>
					<Vertex X="72648" Y="57336" Z="0"/>
					<Vertex X="72648" Y="57006" Z="0"/>
					<Vertex X="72648" Y="56731" Z="0"/>
					<Vertex X="72648" Y="56455" Z="0"/>
					<Vertex X="72648" Y="56070" Z="0"/>
					<Vertex X="72538" Y="55849" Z="0"/>
					<Vertex X="72538" Y="55519" Z="0"/>
					<Vertex X="72483" Y="55023" Z="0"/>
					<Vertex X="72483" Y="54693" Z="0"/>
					<Vertex X="72483" Y="54362" Z="0"/>
					<Vertex X="72428" Y="53977" Z="0"/>
					<Vertex X="72428" Y="53591" Z="0"/>
					<Vertex X="72317" Y="53206" Z="0"/>
					<Vertex X="72317" Y="52655" Z="0"/>
					<Vertex X="72262" Y="52214" Z="0"/>
					<Vertex X="72152" Y="51884" Z="0"/>
					<Vertex X="72152" Y="51553" Z="0"/>
					<Vertex X="72097" Y="51002" Z="0"/>
					<Vertex X="72097" Y="50617" Z="0"/>
					<Vertex X="71987" Y="50397" Z="0"/>
					<Vertex X="71877" Y="49901" Z="0"/>
					<Vertex X="71822" Y="49570" Z="0"/>
					<Vertex X="71712" Y="49075" Z="0"/>
					<Vertex X="71656" Y="48744" Z="0"/>
					<Vertex X="71656" Y="48304" Z="0"/>
					<Vertex X="71546" Y="47808" Z="0"/>
					<Vertex X="71546" Y="47477" Z="0"/>
					<Vertex X="71491" Y="47147" Z="0"/>
					<Vertex X="71491" Y="46872" Z="0"/>
					<Vertex X="71491" Y="46431" Z="0"/>
					<Vertex X="71491" Y="46156" Z="0"/>
					<Vertex X="71491" Y="45825" Z="0"/>
					<Vertex X="71491" Y="45660" Z="0"/>
					<Vertex X="71491" Y="45440" Z="0"/>
					<Vertex X="71546" Y="45109" Z="0"/>
					<Vertex X="71656" Y="44944" Z="0"/>
					<Vertex X="71712" Y="44779" Z="0"/>
					<Vertex X="71877" Y="44668" Z="0"/>
					<Vertex X="71987" Y="44503" Z="0"/>
					<Vertex X="72262" Y="44393" Z="0"/>
					<Vertex X="72317" Y="44283" Z="0"/>
					<Vertex X="72483" Y="44173" Z="0"/>
					<Vertex X="72538" Y="44007" Z="0"/>
					<Vertex X="72648" Y="43952" Z="0"/>
					<Vertex X="72758" Y="43787" Z="0"/>
					<Vertex X="72813" Y="43677" Z="0"/>
					<Vertex X="72923" Y="43512" Z="0"/>
					<Vertex X="72923" Y="43347" Z="0"/>
					<Vertex X="72923" Y="43291" Z="0"/>
					<Vertex X="72923" Y="43126" Z="0"/>
					<Vertex X="72923" Y="43016" Z="0"/>
					<Vertex X="72813" Y="42796" Z="0"/>
					<Vertex X="72813" Y="42520" Z="0"/>
					<Vertex X="72758" Y="42355" Z="0"/>
					<Vertex X="72648" Y="42190" Z="0"/>
					<Vertex X="72483" Y="41970" Z="0"/>
					<Vertex X="72317" Y="41694" Z="0"/>
					<Vertex X="72152" Y="41529" Z="0"/>
					<Vertex X="71987" Y="41474" Z="0"/>
					<Vertex X="71712" Y="41254" Z="0"/>
					<Vertex X="71491" Y="41143" Z="0"/>
					<Vertex X="71326" Y="40978" Z="0"/>
					<Vertex X="70996" Y="40813" Z="0"/>
					<Vertex X="70830" Y="40703" Z="0"/>
					<Vertex X="70610" Y="40648" Z="0"/>
					<Vertex X="70169" Y="40482" Z="0"/>
					<Vertex X="69949" Y="40482" Z="0"/>
					<Vertex X="69564" Y="40372" Z="0"/>
					<Vertex X="69178" Y="40317" Z="0"/>
					<Vertex X="68958" Y="40317" Z="0"/>
					<Vertex X="68572" Y="40317" Z="0"/>
					<Vertex X="68187" Y="40317" Z="0"/>
					<Vertex X="67966" Y="40317" Z="0"/>
					<Vertex X="67801" Y="40317" Z="0"/>
					<Vertex X="67526" Y="40262" Z="0"/>
					<Vertex X="67195" Y="40152" Z="0"/>
					<Vertex X="67030" Y="40042" Z="0"/>
					<Vertex X="66810" Y="39987" Z="0"/>
					<Vertex X="66589" Y="39877" Z="0"/>
					<Vertex X="66369" Y="39766" Z="0"/>
					<Vertex X="66149" Y="39656" Z="0"/>
					<Vertex X="65873" Y="39546" Z="0"/>
					<Vertex X="65433" Y="39436" Z="0"/>
					<Vertex X="65212" Y="39326" Z="0"/>
					<Vertex X="64882" Y="39216" Z="0"/>
					<Vertex X="64662" Y="39161" Z="0"/>
					<Vertex X="64221" Y="39050" Z="0"/>
					<Vertex X="63946" Y="38995" Z="0"/>
					<Vertex X="63725" Y="38995" Z="0"/>
					<Vertex X="63340" Y="38940" Z="0"/>
					<Vertex X="63009" Y="38830" Z="0"/>
					<Vertex X="62624" Y="38830" Z="0"/>
					<Vertex X="62403" Y="38830" Z="0"/>
					<Vertex X="62018" Y="38775" Z="0"/>
					<Vertex X="61742" Y="38775" Z="0"/>
					<Vertex X="61412" Y="38665" Z="0"/>
					<Vertex X="60971" Y="38665" Z="0"/>
					<Vertex X="60641" Y="38610" Z="0"/>
					<Vertex X="60421" Y="38610" Z="0"/>
					<Vertex X="60090" Y="38610" Z="0"/>
					<Vertex X="59649" Y="38500" Z="0"/>
					<Vertex X="59374" Y="38500" Z="0"/>
					<Vertex X="59044" Y="38500" Z="0"/>
					<Vertex X="58603" Y="38500" Z="0"/>
					<Vertex X="58328" Y="38390" Z="0"/>
					<Vertex X="57997" Y="38390" Z="0"/>
					<Vertex X="57612" Y="38390" Z="0"/>
					<Vertex X="57391" Y="38390" Z="0"/>
					<Vertex X="57116" Y="38390" Z="0"/>
					<Vertex X="56951" Y="38390" Z="0"/>
					<Vertex X="56620" Y="38390" Z="0"/>
					<Vertex X="56400" Y="38500" Z="0"/>
					<Vertex X="56235" Y="38500" Z="0"/>
					<Vertex X="55904" Y="38610" Z="0"/>
					<Vertex X="55629" Y="38665" Z="0"/>
					<Vertex X="55353" Y="38775" Z="0"/>
					<Vertex X="55188" Y="38830" Z="0"/>
					<Vertex X="55023" Y="38940" Z="0"/>
					<Vertex X="54913" Y="39050" Z="0"/>
					<Vertex X="54803" Y="39216" Z="0"/>
					<Vertex X="54747" Y="39326" Z="0"/>
					<Vertex X="54582" Y="39436" Z="0"/>
					<Vertex X="54417" Y="39546" Z="0"/>
					<Vertex X="54252" Y="39656" Z="0"/>
					<Vertex X="54087" Y="39766" Z="0"/>
					<Vertex X="53811" Y="39877" Z="0"/>
					<Vertex X="53646" Y="39987" Z="0"/>
					<Vertex X="53481" Y="40042" Z="0"/>
					<Vertex X="53150" Y="40262" Z="0"/>
					<Vertex X="52930" Y="40317" Z="0"/>
					<Vertex X="52599" Y="40482" Z="0"/>
					<Vertex X="52324" Y="40593" Z="0"/>
					<Vertex X="51938" Y="40703" Z="0"/>
					<Vertex X="51773" Y="40813" Z="0"/>
					<Vertex X="51498" Y="40813" Z="0"/>
					<Vertex X="51112" Y="40978" Z="0"/>
					<Vertex X="50727" Y="41033" Z="0"/>
					<Vertex X="50506" Y="41143" Z="0"/>
					<Vertex X="50176" Y="41143" Z="0"/>
					<Vertex X="49956" Y="41254" Z="0"/>
					<Vertex X="49680" Y="41254" Z="0"/>
					<Vertex X="49405" Y="41254" Z="0"/>
					<Vertex X="49240" Y="41309" Z="0"/>
					<Vertex X="48964" Y="41309" Z="0"/>
					<Vertex X="48799" Y="41309" Z="0"/>
					<Vertex X="48524" Y="41309" Z="0"/>
					<Vertex X="48469" Y="41309" Z="0"/>
					<Vertex X="48303" Y="41309" Z="0"/>
					<Vertex X="48138" Y="41364" Z="0"/>
					<Vertex X="47918" Y="41474" Z="0"/>
					<Vertex X="47863" Y="41474" Z="0"/>
					<Vertex X="47753" Y="41529" Z="0"/>
					<Vertex X="47697" Y="41639" Z="0"/>
					<Vertex X="47642" Y="41694" Z="0"/>
					<Vertex X="47532" Y="41915" Z="0"/>
					<Vertex X="47367" Y="42025" Z="0"/>
					<Vertex X="47202" Y="42135" Z="0"/>
					<Vertex X="47037" Y="42190" Z="0"/>
					<Vertex X="46981" Y="42300" Z="0"/>
					<Vertex X="46871" Y="42465" Z="0"/>
					<Vertex X="46816" Y="42520" Z="0"/>
					<Vertex X="46816" Y="42631" Z="0"/>
					<Vertex X="46706" Y="42796" Z="0"/>
					<Vertex X="46651" Y="42851" Z="0"/>
					<Vertex X="46651" Y="43126" Z="0"/>
					<Vertex X="46651" Y="43291" Z="0"/>
					<Vertex X="46651" Y="43347" Z="0"/>
					<Vertex X="46651" Y="43512" Z="0"/>
					<Vertex X="46651" Y="43622" Z="0"/>
					<Vertex X="46651" Y="43787" Z="0"/>
					<Vertex X="46651" Y="43842" Z="0"/>
					<Vertex X="46651" Y="43952" Z="0"/>
					<Vertex X="46651" Y="44007" Z="0"/>
					<Vertex X="46541" Y="44118" Z="0"/>
					<Vertex X="46541" Y="44173" Z="0"/>
					<Vertex X="46486" Y="44173" Z="0"/>
					<Vertex X="46486" Y="44283" Z="0"/>
					<Vertex X="46376" Y="44393" Z="0"/>
					<Vertex X="46210" Y="44503" Z="0"/>
					<Vertex X="46155" Y="44613" Z="0"/>
					<Vertex X="45990" Y="44779" Z="0"/>
					<Vertex X="45825" Y="44834" Z="0"/>
					<Vertex X="45715" Y="44944" Z="0"/>
					<Vertex X="45549" Y="44944" Z="0"/>
					<Vertex X="45494" Y="44999" Z="0"/>
					<Vertex X="45384" Y="44999" Z="0"/>
					<Vertex X="45219" Y="45109" Z="0"/>
					<Vertex X="45054" Y="45109" Z="0"/>
					<Vertex X="44888" Y="45219" Z="0"/>
					<Vertex X="44778" Y="45219" Z="0"/>
					<Vertex X="44668" Y="45274" Z="0"/>
					<Vertex X="44448" Y="45274" Z="0"/>
					<Vertex X="44228" Y="45274" Z="0"/>
					<Vertex X="44062" Y="45329" Z="0"/>
					<Vertex X="43732" Y="45329" Z="0"/>
					<Vertex X="43567" Y="45329" Z="0"/>
					<Vertex X="43401" Y="45329" Z="0"/>
					<Vertex X="43071" Y="45274" Z="0"/>
					<Vertex X="42906" Y="45274" Z="0"/>
					<Vertex X="42630" Y="45274" Z="0"/>
					<Vertex X="42465" Y="45274" Z="0"/>
					<Vertex X="42245" Y="45219" Z="0"/>
					<Vertex X="42024" Y="45219" Z="0"/>
					<Vertex X="41749" Y="45219" Z="0"/>
					<Vertex X="41584" Y="45219" Z="0"/>
					<Vertex X="41363" Y="45274" Z="0"/>
					<Vertex X="41143" Y="45329" Z="0"/>
					<Vertex X="40978" Y="45440" Z="0"/>
					<Vertex X="40813" Y="45605" Z="0"/>
					<Vertex X="40758" Y="45770" Z="0"/>
					<Vertex X="40537" Y="46045" Z="0"/>
					<Vertex X="40427" Y="46156" Z="0"/>
					<Vertex X="40152" Y="46431" Z="0"/>
					<Vertex X="40097" Y="46596" Z="0"/>
					<Vertex X="39876" Y="46761" Z="0"/>
					<Vertex X="39656" Y="46872" Z="0"/>
					<Vertex X="39491" Y="47037" Z="0"/>
					<Vertex X="39271" Y="47092" Z="0"/>
					<Vertex X="39105" Y="47147" Z="0"/>
					<Vertex X="38940" Y="47147" Z="0"/>
					<Vertex X="38499" Y="47257" Z="0"/>
					<Vertex X="38334" Y="47257" Z="0"/>
					<Vertex X="37949" Y="47257" Z="0"/>
					<Vertex X="37673" Y="47257" Z="0"/>
					<Vertex X="37343" Y="47147" Z="0"/>
					<Vertex X="37178" Y="47092" Z="0"/>
					<Vertex X="36847" Y="46927" Z="0"/>
					<Vertex X="36682" Y="46872" Z="0"/>
					<Vertex X="36462" Y="46761" Z="0"/>
					<Vertex X="36186" Y="46596" Z="0"/>
					<Vertex X="36076" Y="46431" Z="0"/>
					<Vertex X="35801" Y="46156" Z="0"/>
					<Vertex X="35635" Y="46045" Z="0"/>
					<Vertex X="35360" Y="45770" Z="0"/>
					<Vertex X="35195" Y="45605" Z="0"/>
					<Vertex X="35029" Y="45440" Z="0"/>
					<Vertex X="34809" Y="45164" Z="0"/>
					<Vertex X="34644" Y="44944" Z="0"/>
					<Vertex X="34369" Y="44668" Z="0"/>
					<Vertex X="34148" Y="44448" Z="0"/>
					<Vertex X="33873" Y="44118" Z="0"/>
					<Vertex X="33708" Y="43952" Z="0"/>
					<Vertex X="33487" Y="43622" Z="0"/>
					<Vertex X="33322" Y="43457" Z="0"/>
					<Vertex X="33157" Y="43291" Z="0"/>
					<Vertex X="32826" Y="43016" Z="0"/>
					<Vertex X="32661" Y="42906" Z="0"/>
					<Vertex X="32386" Y="42686" Z="0"/>
					<Vertex X="32165" Y="42520" Z="0"/>
					<Vertex X="31890" Y="42355" Z="0"/>
					<Vertex X="31670" Y="42300" Z="0"/>
					<Vertex X="31339" Y="42135" Z="0"/>
					<Vertex X="31064" Y="42025" Z="0"/>
					<Vertex X="30678" Y="41970" Z="0"/>
					<Vertex X="30238" Y="41859" Z="0"/>
					<Vertex X="29907" Y="41859" Z="0"/>
					<Vertex X="29356" Y="41804" Z="0"/>
					<Vertex X="28916" Y="41859" Z="0"/>
					<Vertex X="28585" Y="41859" Z="0"/>
					<Vertex X="28255" Y="41970" Z="0"/>
					<Vertex X="28035" Y="41970" Z="0"/>
					<Vertex X="27704" Y="42025" Z="0"/>
					<Vertex X="27374" Y="42135" Z="0"/>
					<Vertex X="27208" Y="42135" Z="0"/>
					<Vertex X="27043" Y="42025" Z="0"/>
					<Vertex X="26933" Y="41970" Z="0"/>
					<Vertex X="26768" Y="41804" Z="0"/>
					<Vertex X="26713" Y="41639" Z="0"/>
					<Vertex X="26547" Y="41364" Z="0"/>
					<Vertex X="26382" Y="41033" Z="0"/>
					<Vertex X="26217" Y="40868" Z="0"/>
					<Vertex X="26052" Y="40648" Z="0"/>
					<Vertex X="25776" Y="40317" Z="0"/>
					<Vertex X="25611" Y="39987" Z="0"/>
					<Vertex X="25556" Y="39822" Z="0"/>
					<Vertex X="25281" Y="39546" Z="0"/>
					<Vertex X="25115" Y="39381" Z="0"/>
					<Vertex X="24950" Y="39050" Z="0"/>
					<Vertex X="24895" Y="38885" Z="0"/>
					<Vertex X="24620" Y="38555" Z="0"/>
					<Vertex X="24399" Y="38500" Z="0"/>
					<Vertex X="24069" Y="38224" Z="0"/>
					<Vertex X="23794" Y="38059" Z="0"/>
					<Vertex X="23573" Y="37894" Z="0"/>
					<Vertex X="23243" Y="37673" Z="0"/>
					<Vertex X="23078" Y="37508" Z="0"/>
					<Vertex X="22637" Y="37233" Z="0"/>
					<Vertex X="22417" Y="37068" Z="0"/>
					<Vertex X="21976" Y="36847" Z="0"/>
					<Vertex X="21756" Y="36737" Z="0"/>
					<Vertex X="21425" Y="36517" Z="0"/>
					<Vertex X="21150" Y="36352" Z="0"/>
					<Vertex X="20819" Y="36186" Z="0"/>
					<Vertex X="20599" Y="36021" Z="0"/>
					<Vertex X="20269" Y="35856" Z="0"/>
					<Vertex X="19993" Y="35691" Z="0"/>
					<Vertex X="19663" Y="35525" Z="0"/>
					<Vertex X="19442" Y="35415" Z="0"/>
					<Vertex X="19002" Y="35360" Z="0"/>
					<Vertex X="18781" Y="35360" Z="0"/>
					<Vertex X="18341" Y="35250" Z="0"/>
					<Vertex X="17955" Y="35250" Z="0"/>
					<Vertex X="17680" Y="35250" Z="0"/>
					<Vertex X="17349" Y="35250" Z="0"/>
					<Vertex X="16964" Y="35250" Z="0"/>
					<Vertex X="16633" Y="35250" Z="0"/>
					<Vertex X="16193" Y="35360" Z="0"/>
					<Vertex X="15862" Y="35415" Z="0"/>
					<Vertex X="15477" Y="35415" Z="0"/>
					<Vertex X="15036" Y="35525" Z="0"/>
					<Vertex X="14816" Y="35525" Z="0"/>
					<Vertex X="14485" Y="35581" Z="0"/>
					<Vertex X="14045" Y="35581" Z="0"/>
					<Vertex X="13879" Y="35691" Z="0"/>
					<Vertex X="13549" Y="35746" Z="0"/>
					<Vertex X="13329" Y="35856" Z="0"/>
					<Vertex X="13053" Y="36021" Z="0"/>
					<Vertex X="12833" Y="36076" Z="0"/>
					<Vertex X="12668" Y="36076" Z="0"/>
					<Vertex X="12392" Y="36186" Z="0"/>
					<Vertex X="12337" Y="36186" Z="0"/>
					<Vertex X="12062" Y="36076" Z="0"/>
					<Vertex X="11897" Y="36021" Z="0"/>
					<Vertex X="11731" Y="35911" Z="0"/>
					<Vertex X="11566" Y="35746" Z="0"/>
					<Vertex X="11401" Y="35581" Z="0"/>
					<Vertex X="11236" Y="35415" Z="0"/>
					<Vertex X="11070" Y="35250" Z="0"/>
					<Vertex X="10905" Y="35085" Z="0"/>
					<Vertex X="10740" Y="34920" Z="0"/>
					<Vertex X="10685" Y="34865" Z="0"/>
					<Vertex X="10520" Y="34699" Z="0"/>
					<Vertex X="10410" Y="34699" Z="0"/>
					<Vertex X="10244" Y="34589" Z="0"/>
					<Vertex X="10189" Y="34534" Z="0"/>
					<Vertex X="10079" Y="34424" Z="0"/>
					<Vertex X="10024" Y="34369" Z="0"/>
					<Vertex X="9914" Y="34369" Z="0"/>
					<Vertex X="9914" Y="34259" Z="0"/>
					<Vertex X="9859" Y="34259" Z="0"/>
					<Vertex X="9859" Y="34204" Z="0"/>
					<Vertex X="9749" Y="34093" Z="0"/>
					<Vertex X="9749" Y="34038" Z="0"/>
					<Vertex X="9749" Y="33928" Z="0"/>
					<Vertex X="9694" Y="33873" Z="0"/>
					<Vertex X="9859" Y="33708" Z="0"/>
					<Vertex X="9749" Y="33763" Z="0"/>
					<Vertex X="9694" Y="33763" Z="0"/>
					<Vertex X="9694" Y="33763" Z="0"/>
				</Vertices>
			</Region>
		</Regions>
		<Plots/>
	</Annotation>
</Annotations>
