<Annotations MicronsPerPixel="0.252200">
	<Annotation Id="1" Name="" ReadOnly="0" NameReadOnly="0" LineColorReadOnly="0" Incremental="0" Type="4" LineColor="65535" Visible="1" Selected="1" MarkupImagePath="" MacroName="">
		<Attributes/>
		<Regions>
			<RegionAttributeHeaders>
				<AttributeHeader Id="9999" Name="Region" ColumnWidth="-1"/>
				<AttributeHeader Id="9997" Name="Length" ColumnWidth="-1"/>
				<AttributeHeader Id="9996" Name="Area" ColumnWidth="-1"/>
				<AttributeHeader Id="9998" Name="Text" ColumnWidth="-1"/>
			</RegionAttributeHeaders>
			<Region Id="1" Type="0" Zoom="0.015391" Selected="0" ImageLocation="" ImageFocus="-1" Length="148418.7" Area="1197668220.5" LengthMicrons="37431.2" AreaMicrons="76177495.5" Text="" NegativeROA="0" InputRegionId="0" Analyze="1" DisplayId="1">
				<Attributes/>
				<Vertices>
					<Vertex X="56356" Y="61315" Z="0"/>
					<Vertex X="56163" Y="61251" Z="0"/>
					<Vertex X="55841" Y="61122" Z="0"/>
					<Vertex X="55519" Y="60993" Z="0"/>
					<Vertex X="55262" Y="60929" Z="0"/>
					<Vertex X="55004" Y="60864" Z="0"/>
					<Vertex X="54682" Y="60736" Z="0"/>
					<Vertex X="54295" Y="60542" Z="0"/>
					<Vertex X="54038" Y="60414" Z="0"/>
					<Vertex X="53716" Y="60349" Z="0"/>
					<Vertex X="53523" Y="60285" Z="0"/>
					<Vertex X="53136" Y="60156" Z="0"/>
					<Vertex X="52943" Y="60027" Z="0"/>
					<Vertex X="52556" Y="59963" Z="0"/>
					<Vertex X="52299" Y="59898" Z="0"/>
					<Vertex X="51977" Y="59834" Z="0"/>
					<Vertex X="51655" Y="59770" Z="0"/>
					<Vertex X="51268" Y="59576" Z="0"/>
					<Vertex X="51011" Y="59576" Z="0"/>
					<Vertex X="50624" Y="59448" Z="0"/>
					<Vertex X="50302" Y="59448" Z="0"/>
					<Vertex X="49916" Y="59383" Z="0"/>
					<Vertex X="49658" Y="59383" Z="0"/>
					<Vertex X="49336" Y="59383" Z="0"/>
					<Vertex X="48885" Y="59254" Z="0"/>
					<Vertex X="48563" Y="59190" Z="0"/>
					<Vertex X="48370" Y="59190" Z="0"/>
					<Vertex X="48112" Y="59061" Z="0"/>
					<Vertex X="47919" Y="59061" Z="0"/>
					<Vertex X="47597" Y="58997" Z="0"/>
					<Vertex X="47404" Y="58997" Z="0"/>
					<Vertex X="47146" Y="58997" Z="0"/>
					<Vertex X="46953" Y="58997" Z="0"/>
					<Vertex X="46631" Y="58997" Z="0"/>
					<Vertex X="46438" Y="58868" Z="0"/>
					<Vertex X="46180" Y="58868" Z="0"/>
					<Vertex X="45987" Y="58868" Z="0"/>
					<Vertex X="45794" Y="58868" Z="0"/>
					<Vertex X="45407" Y="58868" Z="0"/>
					<Vertex X="45214" Y="58997" Z="0"/>
					<Vertex X="45085" Y="58997" Z="0"/>
					<Vertex X="44828" Y="58997" Z="0"/>
					<Vertex X="44634" Y="59061" Z="0"/>
					<Vertex X="44312" Y="59190" Z="0"/>
					<Vertex X="44119" Y="59254" Z="0"/>
					<Vertex X="43926" Y="59383" Z="0"/>
					<Vertex X="43733" Y="59448" Z="0"/>
					<Vertex X="43475" Y="59576" Z="0"/>
					<Vertex X="43153" Y="59834" Z="0"/>
					<Vertex X="42895" Y="59963" Z="0"/>
					<Vertex X="42573" Y="60156" Z="0"/>
					<Vertex X="42187" Y="60349" Z="0"/>
					<Vertex X="41929" Y="60542" Z="0"/>
					<Vertex X="41736" Y="60736" Z="0"/>
					<Vertex X="41350" Y="61058" Z="0"/>
					<Vertex X="41028" Y="61186" Z="0"/>
					<Vertex X="40770" Y="61380" Z="0"/>
					<Vertex X="40448" Y="61573" Z="0"/>
					<Vertex X="40190" Y="61895" Z="0"/>
					<Vertex X="39868" Y="62088" Z="0"/>
					<Vertex X="39675" Y="62281" Z="0"/>
					<Vertex X="39417" Y="62475" Z="0"/>
					<Vertex X="39224" Y="62668" Z="0"/>
					<Vertex X="39031" Y="62925" Z="0"/>
					<Vertex X="38838" Y="63119" Z="0"/>
					<Vertex X="38516" Y="63312" Z="0"/>
					<Vertex X="38258" Y="63698" Z="0"/>
					<Vertex X="38129" Y="63956" Z="0"/>
					<Vertex X="37872" Y="64278" Z="0"/>
					<Vertex X="37747" Y="64373" Z="0"/>
					<Vertex X="36617" Y="65305" Z="0"/>
					<Vertex X="36201" Y="65721" Z="0"/>
					<Vertex X="35963" Y="65959" Z="0"/>
					<Vertex X="35824" Y="66098" Z="0"/>
					<Vertex X="35646" Y="66316" Z="0"/>
					<Vertex X="35547" Y="66435" Z="0"/>
					<Vertex X="35428" Y="66574" Z="0"/>
					<Vertex X="35349" Y="66693" Z="0"/>
					<Vertex X="35289" Y="66792" Z="0"/>
					<Vertex X="35249" Y="66871" Z="0"/>
					<Vertex X="35230" Y="66931" Z="0"/>
					<Vertex X="35230" Y="66990" Z="0"/>
					<Vertex X="35170" Y="67149" Z="0"/>
					<Vertex X="35130" Y="67287" Z="0"/>
					<Vertex X="35071" Y="67446" Z="0"/>
					<Vertex X="35011" Y="67624" Z="0"/>
					<Vertex X="34992" Y="67803" Z="0"/>
					<Vertex X="34952" Y="67942" Z="0"/>
					<Vertex X="34932" Y="68100" Z="0"/>
					<Vertex X="34893" Y="68239" Z="0"/>
					<Vertex X="34873" Y="68418" Z="0"/>
					<Vertex X="34873" Y="68556" Z="0"/>
					<Vertex X="34873" Y="68755" Z="0"/>
					<Vertex X="34833" Y="68873" Z="0"/>
					<Vertex X="34833" Y="69052" Z="0"/>
					<Vertex X="34833" Y="69171" Z="0"/>
					<Vertex X="34833" Y="69369" Z="0"/>
					<Vertex X="34813" Y="69548" Z="0"/>
					<Vertex X="34813" Y="69706" Z="0"/>
					<Vertex X="34813" Y="69885" Z="0"/>
					<Vertex X="34813" Y="70004" Z="0"/>
					<Vertex X="34774" Y="70182" Z="0"/>
					<Vertex X="34774" Y="70301" Z="0"/>
					<Vertex X="34754" Y="70479" Z="0"/>
					<Vertex X="34714" Y="70658" Z="0"/>
					<Vertex X="34714" Y="70777" Z="0"/>
					<Vertex X="34694" Y="70955" Z="0"/>
					<Vertex X="34655" Y="71074" Z="0"/>
					<Vertex X="34655" Y="71272" Z="0"/>
					<Vertex X="34635" Y="71391" Z="0"/>
					<Vertex X="34635" Y="71570" Z="0"/>
					<Vertex X="34595" Y="71689" Z="0"/>
					<Vertex X="34595" Y="71867" Z="0"/>
					<Vertex X="34595" Y="72046" Z="0"/>
					<Vertex X="34595" Y="72165" Z="0"/>
					<Vertex X="34575" Y="72343" Z="0"/>
					<Vertex X="34575" Y="72462" Z="0"/>
					<Vertex X="34575" Y="72640" Z="0"/>
					<Vertex X="34575" Y="72759" Z="0"/>
					<Vertex X="34575" Y="72918" Z="0"/>
					<Vertex X="34595" Y="73096" Z="0"/>
					<Vertex X="34595" Y="73215" Z="0"/>
					<Vertex X="34635" Y="73354" Z="0"/>
					<Vertex X="34655" Y="73532" Z="0"/>
					<Vertex X="34694" Y="73691" Z="0"/>
					<Vertex X="34754" Y="73870" Z="0"/>
					<Vertex X="34774" Y="74048" Z="0"/>
					<Vertex X="34813" Y="74147" Z="0"/>
					<Vertex X="34833" Y="74306" Z="0"/>
					<Vertex X="34873" Y="74425" Z="0"/>
					<Vertex X="34893" Y="74583" Z="0"/>
					<Vertex X="34932" Y="74702" Z="0"/>
					<Vertex X="34992" Y="74881" Z="0"/>
					<Vertex X="35011" Y="75000" Z="0"/>
					<Vertex X="35071" Y="75178" Z="0"/>
					<Vertex X="35111" Y="75257" Z="0"/>
					<Vertex X="35130" Y="75436" Z="0"/>
					<Vertex X="35190" Y="75614" Z="0"/>
					<Vertex X="35230" Y="75733" Z="0"/>
					<Vertex X="35249" Y="75912" Z="0"/>
					<Vertex X="35289" Y="76070" Z="0"/>
					<Vertex X="35309" Y="76249" Z="0"/>
					<Vertex X="35309" Y="76427" Z="0"/>
					<Vertex X="35309" Y="76625" Z="0"/>
					<Vertex X="35309" Y="76744" Z="0"/>
					<Vertex X="35309" Y="76903" Z="0"/>
					<Vertex X="35309" Y="77081" Z="0"/>
					<Vertex X="35309" Y="77200" Z="0"/>
					<Vertex X="35289" Y="77339" Z="0"/>
					<Vertex X="35289" Y="77438" Z="0"/>
					<Vertex X="35249" Y="77557" Z="0"/>
					<Vertex X="35230" Y="77636" Z="0"/>
					<Vertex X="35190" Y="77696" Z="0"/>
					<Vertex X="35170" Y="77755" Z="0"/>
					<Vertex X="35170" Y="77815" Z="0"/>
					<Vertex X="35111" Y="77874" Z="0"/>
					<Vertex X="35071" Y="77934" Z="0"/>
					<Vertex X="35051" Y="77993" Z="0"/>
					<Vertex X="35011" Y="78073" Z="0"/>
					<Vertex X="34952" Y="78172" Z="0"/>
					<Vertex X="34932" Y="78231" Z="0"/>
					<Vertex X="34873" Y="78350" Z="0"/>
					<Vertex X="34833" Y="78469" Z="0"/>
					<Vertex X="34813" Y="78568" Z="0"/>
					<Vertex X="34714" Y="78707" Z="0"/>
					<Vertex X="34694" Y="78806" Z="0"/>
					<Vertex X="34635" Y="78945" Z="0"/>
					<Vertex X="34575" Y="79044" Z="0"/>
					<Vertex X="34516" Y="79163" Z="0"/>
					<Vertex X="34456" Y="79322" Z="0"/>
					<Vertex X="34417" Y="79401" Z="0"/>
					<Vertex X="34357" Y="79520" Z="0"/>
					<Vertex X="34337" Y="79599" Z="0"/>
					<Vertex X="34278" Y="79758" Z="0"/>
					<Vertex X="34238" Y="79837" Z="0"/>
					<Vertex X="34218" Y="79996" Z="0"/>
					<Vertex X="34159" Y="80115" Z="0"/>
					<Vertex X="34119" Y="80214" Z="0"/>
					<Vertex X="34060" Y="80313" Z="0"/>
					<Vertex X="34040" Y="80412" Z="0"/>
					<Vertex X="33981" Y="80531" Z="0"/>
					<Vertex X="33941" Y="80650" Z="0"/>
					<Vertex X="33881" Y="80729" Z="0"/>
					<Vertex X="33822" Y="80848" Z="0"/>
					<Vertex X="33802" Y="80947" Z="0"/>
					<Vertex X="33743" Y="81086" Z="0"/>
					<Vertex X="33703" Y="81185" Z="0"/>
					<Vertex X="33644" Y="81324" Z="0"/>
					<Vertex X="33624" Y="81443" Z="0"/>
					<Vertex X="33584" Y="81542" Z="0"/>
					<Vertex X="33525" Y="81661" Z="0"/>
					<Vertex X="33465" Y="81800" Z="0"/>
					<Vertex X="33445" Y="81919" Z="0"/>
					<Vertex X="33406" Y="81978" Z="0"/>
					<Vertex X="33346" Y="82157" Z="0"/>
					<Vertex X="33287" Y="82315" Z="0"/>
					<Vertex X="33267" Y="82434" Z="0"/>
					<Vertex X="33227" Y="82573" Z="0"/>
					<Vertex X="33168" Y="82751" Z="0"/>
					<Vertex X="33168" Y="82910" Z="0"/>
					<Vertex X="33148" Y="83029" Z="0"/>
					<Vertex X="33108" Y="83168" Z="0"/>
					<Vertex X="33029" Y="83683" Z="0"/>
					<Vertex X="32989" Y="83802" Z="0"/>
					<Vertex X="32969" Y="83921" Z="0"/>
					<Vertex X="32969" Y="84020" Z="0"/>
					<Vertex X="32910" Y="84119" Z="0"/>
					<Vertex X="32850" Y="84238" Z="0"/>
					<Vertex X="32791" Y="84337" Z="0"/>
					<Vertex X="32692" Y="84456" Z="0"/>
					<Vertex X="32672" Y="84516" Z="0"/>
					<Vertex X="32573" Y="84635" Z="0"/>
					<Vertex X="32494" Y="84714" Z="0"/>
					<Vertex X="32434" Y="84833" Z="0"/>
					<Vertex X="32375" Y="84912" Z="0"/>
					<Vertex X="32276" Y="85011" Z="0"/>
					<Vertex X="32196" Y="85130" Z="0"/>
					<Vertex X="32137" Y="85249" Z="0"/>
					<Vertex X="31998" Y="85230" Z="0"/>
					<Vertex X="30432" Y="85547" Z="0"/>
					<Vertex X="30313" Y="85745" Z="0"/>
					<Vertex X="30214" Y="85844" Z="0"/>
					<Vertex X="30154" Y="85904" Z="0"/>
					<Vertex X="30095" Y="86023" Z="0"/>
					<Vertex X="30016" Y="86181" Z="0"/>
					<Vertex X="29976" Y="86300" Z="0"/>
					<Vertex X="29917" Y="86419" Z="0"/>
					<Vertex X="29837" Y="86618" Z="0"/>
					<Vertex X="29778" Y="86737" Z="0"/>
					<Vertex X="29718" Y="86895" Z="0"/>
					<Vertex X="29659" Y="87133" Z="0"/>
					<Vertex X="29619" Y="87272" Z="0"/>
					<Vertex X="29619" Y="87430" Z="0"/>
					<Vertex X="29599" Y="87668" Z="0"/>
					<Vertex X="29619" Y="87807" Z="0"/>
					<Vertex X="29619" Y="87986" Z="0"/>
					<Vertex X="29679" Y="88243" Z="0"/>
					<Vertex X="29718" Y="88382" Z="0"/>
					<Vertex X="29738" Y="88560" Z="0"/>
					<Vertex X="29798" Y="88798" Z="0"/>
					<Vertex X="29837" Y="88937" Z="0"/>
					<Vertex X="29857" Y="89135" Z="0"/>
					<Vertex X="29897" Y="89274" Z="0"/>
					<Vertex X="29956" Y="89512" Z="0"/>
					<Vertex X="29976" Y="89651" Z="0"/>
					<Vertex X="30035" Y="89809" Z="0"/>
					<Vertex X="30135" Y="90028" Z="0"/>
					<Vertex X="30194" Y="90127" Z="0"/>
					<Vertex X="30273" Y="90345" Z="0"/>
					<Vertex X="30333" Y="90484" Z="0"/>
					<Vertex X="30392" Y="90602" Z="0"/>
					<Vertex X="30491" Y="90821" Z="0"/>
					<Vertex X="30571" Y="90940" Z="0"/>
					<Vertex X="30630" Y="91019" Z="0"/>
					<Vertex X="30729" Y="91138" Z="0"/>
					<Vertex X="30848" Y="91316" Z="0"/>
					<Vertex X="30928" Y="91455" Z="0"/>
					<Vertex X="31047" Y="91614" Z="0"/>
					<Vertex X="31146" Y="91752" Z="0"/>
					<Vertex X="31205" Y="91852" Z="0"/>
					<Vertex X="31324" Y="92050" Z="0"/>
					<Vertex X="31384" Y="92129" Z="0"/>
					<Vertex X="31443" Y="92248" Z="0"/>
					<Vertex X="31463" Y="92347" Z="0"/>
					<Vertex X="31562" Y="92486" Z="0"/>
					<Vertex X="31622" Y="92545" Z="0"/>
					<Vertex X="31701" Y="92645" Z="0"/>
					<Vertex X="31760" Y="92684" Z="0"/>
					<Vertex X="31800" Y="92724" Z="0"/>
					<Vertex X="31879" Y="92783" Z="0"/>
					<Vertex X="31939" Y="92803" Z="0"/>
					<Vertex X="32038" Y="92843" Z="0"/>
					<Vertex X="32058" Y="92843" Z="0"/>
					<Vertex X="32157" Y="92863" Z="0"/>
					<Vertex X="32216" Y="92863" Z="0"/>
					<Vertex X="32276" Y="92902" Z="0"/>
					<Vertex X="32335" Y="92902" Z="0"/>
					<Vertex X="32415" Y="92902" Z="0"/>
					<Vertex X="32454" Y="92902" Z="0"/>
					<Vertex X="32514" Y="92942" Z="0"/>
					<Vertex X="32534" Y="92942" Z="0"/>
					<Vertex X="32633" Y="92942" Z="0"/>
					<Vertex X="32652" Y="92942" Z="0"/>
					<Vertex X="32712" Y="92942" Z="0"/>
					<Vertex X="32771" Y="92962" Z="0"/>
					<Vertex X="32831" Y="92962" Z="0"/>
					<Vertex X="32871" Y="92982" Z="0"/>
					<Vertex X="32950" Y="92982" Z="0"/>
					<Vertex X="32989" Y="93021" Z="0"/>
					<Vertex X="33049" Y="93021" Z="0"/>
					<Vertex X="33108" Y="93041" Z="0"/>
					<Vertex X="33168" Y="93041" Z="0"/>
					<Vertex X="33227" Y="93081" Z="0"/>
					<Vertex X="33287" Y="93081" Z="0"/>
					<Vertex X="33366" Y="93101" Z="0"/>
					<Vertex X="33426" Y="93101" Z="0"/>
					<Vertex X="33525" Y="93140" Z="0"/>
					<Vertex X="33584" Y="93140" Z="0"/>
					<Vertex X="33723" Y="93140" Z="0"/>
					<Vertex X="33783" Y="93140" Z="0"/>
					<Vertex X="33941" Y="93140" Z="0"/>
					<Vertex X="34020" Y="93140" Z="0"/>
					<Vertex X="34159" Y="93160" Z="0"/>
					<Vertex X="34318" Y="93160" Z="0"/>
					<Vertex X="34437" Y="93160" Z="0"/>
					<Vertex X="34556" Y="93160" Z="0"/>
					<Vertex X="34774" Y="93200" Z="0"/>
					<Vertex X="34913" Y="93200" Z="0"/>
					<Vertex X="35071" Y="93200" Z="0"/>
					<Vertex X="35269" Y="93200" Z="0"/>
					<Vertex X="35388" Y="93200" Z="0"/>
					<Vertex X="35606" Y="93160" Z="0"/>
					<Vertex X="35725" Y="93160" Z="0"/>
					<Vertex X="35844" Y="93160" Z="0"/>
					<Vertex X="35963" Y="93160" Z="0"/>
					<Vertex X="36142" Y="93140" Z="0"/>
					<Vertex X="36261" Y="93140" Z="0"/>
					<Vertex X="36380" Y="93140" Z="0"/>
					<Vertex X="36558" Y="93140" Z="0"/>
					<Vertex X="36697" Y="93140" Z="0"/>
					<Vertex X="36816" Y="93140" Z="0"/>
					<Vertex X="37034" Y="93101" Z="0"/>
					<Vertex X="37173" Y="93101" Z="0"/>
					<Vertex X="37331" Y="93101" Z="0"/>
					<Vertex X="37530" Y="93101" Z="0"/>
					<Vertex X="37688" Y="93101" Z="0"/>
					<Vertex X="37827" Y="93101" Z="0"/>
					<Vertex X="38045" Y="93101" Z="0"/>
					<Vertex X="38204" Y="93101" Z="0"/>
					<Vertex X="38442" Y="93140" Z="0"/>
					<Vertex X="38580" Y="93140" Z="0"/>
					<Vertex X="38838" Y="93140" Z="0"/>
					<Vertex X="38997" Y="93160" Z="0"/>
					<Vertex X="39175" Y="93160" Z="0"/>
					<Vertex X="39413" Y="93160" Z="0"/>
					<Vertex X="39591" Y="93200" Z="0"/>
					<Vertex X="39730" Y="93200" Z="0"/>
					<Vertex X="40008" Y="93200" Z="0"/>
					<Vertex X="40147" Y="93200" Z="0"/>
					<Vertex X="40345" Y="93200" Z="0"/>
					<Vertex X="40603" Y="93160" Z="0"/>
					<Vertex X="40741" Y="93160" Z="0"/>
					<Vertex X="40920" Y="93160" Z="0"/>
					<Vertex X="41158" Y="93160" Z="0"/>
					<Vertex X="41336" Y="93160" Z="0"/>
					<Vertex X="41514" Y="93140" Z="0"/>
					<Vertex X="41792" Y="93140" Z="0"/>
					<Vertex X="41951" Y="93140" Z="0"/>
					<Vertex X="42208" Y="93140" Z="0"/>
					<Vertex X="42387" Y="93140" Z="0"/>
					<Vertex X="42565" Y="93140" Z="0"/>
					<Vertex X="42744" Y="93101" Z="0"/>
					<Vertex X="43021" Y="93101" Z="0"/>
					<Vertex X="43180" Y="93101" Z="0"/>
					<Vertex X="43477" Y="93101" Z="0"/>
					<Vertex X="43695" Y="93101" Z="0"/>
					<Vertex X="43973" Y="93101" Z="0"/>
					<Vertex X="44171" Y="93101" Z="0"/>
					<Vertex X="44449" Y="93101" Z="0"/>
					<Vertex X="44627" Y="93101" Z="0"/>
					<Vertex X="44806" Y="93101" Z="0"/>
					<Vertex X="45083" Y="93101" Z="0"/>
					<Vertex X="45281" Y="93101" Z="0"/>
					<Vertex X="45519" Y="93101" Z="0"/>
					<Vertex X="45658" Y="93140" Z="0"/>
					<Vertex X="45817" Y="93140" Z="0"/>
					<Vertex X="46055" Y="93140" Z="0"/>
					<Vertex X="46213" Y="93140" Z="0"/>
					<Vertex X="46491" Y="93140" Z="0"/>
					<Vertex X="46629" Y="93140" Z="0"/>
					<Vertex X="46828" Y="93140" Z="0"/>
					<Vertex X="47085" Y="93140" Z="0"/>
					<Vertex X="47224" Y="93140" Z="0"/>
					<Vertex X="47422" Y="93140" Z="0"/>
					<Vertex X="47680" Y="93101" Z="0"/>
					<Vertex X="47859" Y="93101" Z="0"/>
					<Vertex X="48037" Y="93101" Z="0"/>
					<Vertex X="48295" Y="93101" Z="0"/>
					<Vertex X="48453" Y="93101" Z="0"/>
					<Vertex X="48612" Y="93101" Z="0"/>
					<Vertex X="48830" Y="93101" Z="0"/>
					<Vertex X="48989" Y="93101" Z="0"/>
					<Vertex X="49147" Y="93140" Z="0"/>
					<Vertex X="49346" Y="93140" Z="0"/>
					<Vertex X="49504" Y="93160" Z="0"/>
					<Vertex X="49643" Y="93160" Z="0"/>
					<Vertex X="49881" Y="93160" Z="0"/>
					<Vertex X="50039" Y="93200" Z="0"/>
					<Vertex X="50337" Y="93200" Z="0"/>
					<Vertex X="50575" Y="93200" Z="0"/>
					<Vertex X="50753" Y="93200" Z="0"/>
					<Vertex X="50912" Y="93200" Z="0"/>
					<Vertex X="51170" Y="93200" Z="0"/>
					<Vertex X="51368" Y="93160" Z="0"/>
					<Vertex X="51546" Y="93160" Z="0"/>
					<Vertex X="51824" Y="93160" Z="0"/>
					<Vertex X="51982" Y="93160" Z="0"/>
					<Vertex X="52240" Y="93140" Z="0"/>
					<Vertex X="52399" Y="93140" Z="0"/>
					<Vertex X="52637" Y="93101" Z="0"/>
					<Vertex X="52855" Y="93101" Z="0"/>
					<Vertex X="53073" Y="93101" Z="0"/>
					<Vertex X="53172" Y="93101" Z="0"/>
					<Vertex X="53311" Y="93101" Z="0"/>
					<Vertex X="53469" Y="93081" Z="0"/>
					<Vertex X="53648" Y="93081" Z="0"/>
					<Vertex X="53846" Y="93041" Z="0"/>
					<Vertex X="54005" Y="93021" Z="0"/>
					<Vertex X="54104" Y="93021" Z="0"/>
					<Vertex X="54183" Y="93021" Z="0"/>
					<Vertex X="54342" Y="92982" Z="0"/>
					<Vertex X="54441" Y="92962" Z="0"/>
					<Vertex X="54540" Y="92942" Z="0"/>
					<Vertex X="54698" Y="92902" Z="0"/>
					<Vertex X="54778" Y="92863" Z="0"/>
					<Vertex X="54917" Y="92803" Z="0"/>
					<Vertex X="55055" Y="92744" Z="0"/>
					<Vertex X="55154" Y="92724" Z="0"/>
					<Vertex X="55254" Y="92664" Z="0"/>
					<Vertex X="55373" Y="92605" Z="0"/>
					<Vertex X="55531" Y="92506" Z="0"/>
					<Vertex X="55650" Y="92446" Z="0"/>
					<Vertex X="55749" Y="92387" Z="0"/>
					<Vertex X="55908" Y="92268" Z="0"/>
					<Vertex X="56106" Y="92189" Z="0"/>
					<Vertex X="56245" Y="92089" Z="0"/>
					<Vertex X="56443" Y="92010" Z="0"/>
					<Vertex X="56602" Y="91911" Z="0"/>
					<Vertex X="56840" Y="91792" Z="0"/>
					<Vertex X="56978" Y="91713" Z="0"/>
					<Vertex X="57137" Y="91614" Z="0"/>
					<Vertex X="57315" Y="91495" Z="0"/>
					<Vertex X="57454" Y="91415" Z="0"/>
					<Vertex X="57613" Y="91316" Z="0"/>
					<Vertex X="57811" Y="91177" Z="0"/>
					<Vertex X="57970" Y="91078" Z="0"/>
					<Vertex X="58148" Y="90959" Z="0"/>
					<Vertex X="58346" Y="90821" Z="0"/>
					<Vertex X="58525" Y="90741" Z="0"/>
					<Vertex X="58783" Y="90583" Z="0"/>
					<Vertex X="58921" Y="90484" Z="0"/>
					<Vertex X="59100" Y="90365" Z="0"/>
					<Vertex X="59338" Y="90226" Z="0"/>
					<Vertex X="59476" Y="90127" Z="0"/>
					<Vertex X="59595" Y="90047" Z="0"/>
					<Vertex X="59774" Y="89889" Z="0"/>
					<Vertex X="59893" Y="89809" Z="0"/>
					<Vertex X="60051" Y="89671" Z="0"/>
					<Vertex X="60170" Y="89572" Z="0"/>
					<Vertex X="60309" Y="89433" Z="0"/>
					<Vertex X="60408" Y="89334" Z="0"/>
					<Vertex X="60527" Y="89215" Z="0"/>
					<Vertex X="60587" Y="89096" Z="0"/>
					<Vertex X="60706" Y="88977" Z="0"/>
					<Vertex X="60765" Y="88878" Z="0"/>
					<Vertex X="60844" Y="88779" Z="0"/>
					<Vertex X="60963" Y="88620" Z="0"/>
					<Vertex X="61082" Y="88501" Z="0"/>
					<Vertex X="61241" Y="88323" Z="0"/>
					<Vertex X="61419" Y="88144" Z="0"/>
					<Vertex X="61538" Y="88025" Z="0"/>
					<Vertex X="61677" Y="87807" Z="0"/>
					<Vertex X="61776" Y="87688" Z="0"/>
					<Vertex X="61955" Y="87490" Z="0"/>
					<Vertex X="62093" Y="87331" Z="0"/>
					<Vertex X="62252" Y="87153" Z="0"/>
					<Vertex X="62490" Y="86915" Z="0"/>
					<Vertex X="62668" Y="86737" Z="0"/>
					<Vertex X="62926" Y="86479" Z="0"/>
					<Vertex X="63085" Y="86340" Z="0"/>
					<Vertex X="63223" Y="86142" Z="0"/>
					<Vertex X="63402" Y="85904" Z="0"/>
					<Vertex X="63560" Y="85765" Z="0"/>
					<Vertex X="63699" Y="85606" Z="0"/>
					<Vertex X="63937" Y="85388" Z="0"/>
					<Vertex X="64215" Y="85170" Z="0"/>
					<Vertex X="64413" Y="85012" Z="0"/>
					<Vertex X="64591" Y="84893" Z="0"/>
					<Vertex X="64829" Y="84694" Z="0"/>
					<Vertex X="65047" Y="84576" Z="0"/>
					<Vertex X="65226" Y="84457" Z="0"/>
					<Vertex X="65484" Y="84338" Z="0"/>
					<Vertex X="65602" Y="84258" Z="0"/>
					<Vertex X="65702" Y="84179" Z="0"/>
					<Vertex X="65662" Y="84159" Z="0"/>
					<Vertex X="65438" Y="84115" Z="0"/>
					<Vertex X="65760" Y="83729" Z="0"/>
					<Vertex X="66082" Y="83665" Z="0"/>
					<Vertex X="66404" Y="83471" Z="0"/>
					<Vertex X="66597" Y="83214" Z="0"/>
					<Vertex X="66855" Y="83085" Z="0"/>
					<Vertex X="67177" Y="82827" Z="0"/>
					<Vertex X="67434" Y="82763" Z="0"/>
					<Vertex X="67821" Y="82570" Z="0"/>
					<Vertex X="68207" Y="82376" Z="0"/>
					<Vertex X="68529" Y="82248" Z="0"/>
					<Vertex X="68787" Y="82183" Z="0"/>
					<Vertex X="68980" Y="82119" Z="0"/>
					<Vertex X="69367" Y="81990" Z="0"/>
					<Vertex X="69753" Y="81797" Z="0"/>
					<Vertex X="70075" Y="81732" Z="0"/>
					<Vertex X="70333" Y="81539" Z="0"/>
					<Vertex X="70719" Y="81410" Z="0"/>
					<Vertex X="70977" Y="81281" Z="0"/>
					<Vertex X="71428" Y="81217" Z="0"/>
					<Vertex X="71685" Y="81024" Z="0"/>
					<Vertex X="72007" Y="80895" Z="0"/>
					<Vertex X="72265" Y="80831" Z="0"/>
					<Vertex X="72458" Y="80702" Z="0"/>
					<Vertex X="72845" Y="80573" Z="0"/>
					<Vertex X="73038" Y="80444" Z="0"/>
					<Vertex X="73360" Y="80251" Z="0"/>
					<Vertex X="73553" Y="80122" Z="0"/>
					<Vertex X="73746" Y="79929" Z="0"/>
					<Vertex X="74004" Y="79800" Z="0"/>
					<Vertex X="74197" Y="79671" Z="0"/>
					<Vertex X="74455" Y="79478" Z="0"/>
					<Vertex X="74564" Y="79501" Z="0"/>
					<Vertex X="75932" Y="78728" Z="0"/>
					<Vertex X="76586" Y="78430" Z="0"/>
					<Vertex X="76923" Y="78272" Z="0"/>
					<Vertex X="77240" Y="78153" Z="0"/>
					<Vertex X="77538" Y="78054" Z="0"/>
					<Vertex X="77756" Y="77954" Z="0"/>
					<Vertex X="78033" Y="77835" Z="0"/>
					<Vertex X="78271" Y="77756" Z="0"/>
					<Vertex X="78430" Y="77677" Z="0"/>
					<Vertex X="78648" Y="77598" Z="0"/>
					<Vertex X="78846" Y="77538" Z="0"/>
					<Vertex X="78965" Y="77479" Z="0"/>
					<Vertex X="79124" Y="77459" Z="0"/>
					<Vertex X="79262" Y="77419" Z="0"/>
					<Vertex X="79421" Y="77379" Z="0"/>
					<Vertex X="79520" Y="77360" Z="0"/>
					<Vertex X="79699" Y="77300" Z="0"/>
					<Vertex X="79778" Y="77261" Z="0"/>
					<Vertex X="79937" Y="77201" Z="0"/>
					<Vertex X="80056" Y="77181" Z="0"/>
					<Vertex X="80194" Y="77122" Z="0"/>
					<Vertex X="80313" Y="77062" Z="0"/>
					<Vertex X="80373" Y="77023" Z="0"/>
					<Vertex X="80472" Y="76963" Z="0"/>
					<Vertex X="80551" Y="76943" Z="0"/>
					<Vertex X="80611" Y="76904" Z="0"/>
					<Vertex X="80670" Y="76864" Z="0"/>
					<Vertex X="80730" Y="76864" Z="0"/>
					<Vertex X="80829" Y="76785" Z="0"/>
					<Vertex X="80908" Y="76765" Z="0"/>
					<Vertex X="80967" Y="76725" Z="0"/>
					<Vertex X="81086" Y="76666" Z="0"/>
					<Vertex X="81186" Y="76646" Z="0"/>
					<Vertex X="81245" Y="76626" Z="0"/>
					<Vertex X="81305" Y="76567" Z="0"/>
					<Vertex X="81324" Y="76487" Z="0"/>
					<Vertex X="81384" Y="76467" Z="0"/>
					<Vertex X="81443" Y="76408" Z="0"/>
					<Vertex X="81503" Y="76349" Z="0"/>
					<Vertex X="81542" Y="76269" Z="0"/>
					<Vertex X="81562" Y="76190" Z="0"/>
					<Vertex X="81602" Y="76111" Z="0"/>
					<Vertex X="81602" Y="76031" Z="0"/>
					<Vertex X="81622" Y="75972" Z="0"/>
					<Vertex X="81622" Y="75873" Z="0"/>
					<Vertex X="81622" Y="75813" Z="0"/>
					<Vertex X="81622" Y="75694" Z="0"/>
					<Vertex X="81602" Y="75575" Z="0"/>
					<Vertex X="81562" Y="75476" Z="0"/>
					<Vertex X="81542" Y="75337" Z="0"/>
					<Vertex X="81463" Y="75179" Z="0"/>
					<Vertex X="81404" Y="75040" Z="0"/>
					<Vertex X="81344" Y="74921" Z="0"/>
					<Vertex X="81245" Y="74802" Z="0"/>
					<Vertex X="81146" Y="74624" Z="0"/>
					<Vertex X="81067" Y="74485" Z="0"/>
					<Vertex X="80967" Y="74346" Z="0"/>
					<Vertex X="80908" Y="74207" Z="0"/>
					<Vertex X="80868" Y="74029" Z="0"/>
					<Vertex X="80849" Y="73910" Z="0"/>
					<Vertex X="80849" Y="73771" Z="0"/>
					<Vertex X="80849" Y="73613" Z="0"/>
					<Vertex X="80868" Y="73513" Z="0"/>
					<Vertex X="80908" Y="73395" Z="0"/>
					<Vertex X="80928" Y="73295" Z="0"/>
					<Vertex X="80967" Y="73196" Z="0"/>
					<Vertex X="81007" Y="73077" Z="0"/>
					<Vertex X="81027" Y="72919" Z="0"/>
					<Vertex X="81067" Y="72780" Z="0"/>
					<Vertex X="81086" Y="72661" Z="0"/>
					<Vertex X="81126" Y="72483" Z="0"/>
					<Vertex X="81126" Y="72304" Z="0"/>
					<Vertex X="81126" Y="72126" Z="0"/>
					<Vertex X="81126" Y="72007" Z="0"/>
					<Vertex X="81126" Y="71828" Z="0"/>
					<Vertex X="81146" Y="71690" Z="0"/>
					<Vertex X="81146" Y="71590" Z="0"/>
					<Vertex X="81146" Y="71432" Z="0"/>
					<Vertex X="81146" Y="71293" Z="0"/>
					<Vertex X="81146" Y="71194" Z="0"/>
					<Vertex X="81146" Y="71055" Z="0"/>
					<Vertex X="81186" Y="70897" Z="0"/>
					<Vertex X="81146" Y="70817" Z="0"/>
					<Vertex X="81146" Y="70698" Z="0"/>
					<Vertex X="81126" Y="70540" Z="0"/>
					<Vertex X="81126" Y="70480" Z="0"/>
					<Vertex X="81086" Y="70361" Z="0"/>
					<Vertex X="81086" Y="70242" Z="0"/>
					<Vertex X="81067" Y="70163" Z="0"/>
					<Vertex X="81027" Y="70004" Z="0"/>
					<Vertex X="81007" Y="69905" Z="0"/>
					<Vertex X="80967" Y="69766" Z="0"/>
					<Vertex X="80928" Y="69687" Z="0"/>
					<Vertex X="80908" Y="69568" Z="0"/>
					<Vertex X="80849" Y="69429" Z="0"/>
					<Vertex X="80789" Y="69310" Z="0"/>
					<Vertex X="80730" Y="69152" Z="0"/>
					<Vertex X="80710" Y="69053" Z="0"/>
					<Vertex X="80611" Y="68914" Z="0"/>
					<Vertex X="80591" Y="68736" Z="0"/>
					<Vertex X="80492" Y="68577" Z="0"/>
					<Vertex X="80452" Y="68498" Z="0"/>
					<Vertex X="80373" Y="68339" Z="0"/>
					<Vertex X="80313" Y="68200" Z="0"/>
					<Vertex X="80254" Y="68101" Z="0"/>
					<Vertex X="80194" Y="67982" Z="0"/>
					<Vertex X="80135" Y="67863" Z="0"/>
					<Vertex X="80095" Y="67784" Z="0"/>
					<Vertex X="80036" Y="67665" Z="0"/>
					<Vertex X="79976" Y="67546" Z="0"/>
					<Vertex X="79956" Y="67427" Z="0"/>
					<Vertex X="79917" Y="67368" Z="0"/>
					<Vertex X="79857" Y="67249" Z="0"/>
					<Vertex X="79837" Y="67149" Z="0"/>
					<Vertex X="79778" Y="67070" Z="0"/>
					<Vertex X="79738" Y="66971" Z="0"/>
					<Vertex X="79679" Y="66892" Z="0"/>
					<Vertex X="79600" Y="66793" Z="0"/>
					<Vertex X="79500" Y="66674" Z="0"/>
					<Vertex X="79441" Y="66654" Z="0"/>
					<Vertex X="79362" Y="66555" Z="0"/>
					<Vertex X="79243" Y="66475" Z="0"/>
					<Vertex X="79183" Y="66436" Z="0"/>
					<Vertex X="79084" Y="66356" Z="0"/>
					<Vertex X="79005" Y="66297" Z="0"/>
					<Vertex X="78886" Y="66238" Z="0"/>
					<Vertex X="78826" Y="66198" Z="0"/>
					<Vertex X="78648" Y="66138" Z="0"/>
					<Vertex X="78588" Y="66138" Z="0"/>
					<Vertex X="78469" Y="66119" Z="0"/>
					<Vertex X="78351" Y="66119" Z="0"/>
					<Vertex X="78251" Y="66119" Z="0"/>
					<Vertex X="78132" Y="66119" Z="0"/>
					<Vertex X="78053" Y="66138" Z="0"/>
					<Vertex X="77895" Y="66178" Z="0"/>
					<Vertex X="77756" Y="66198" Z="0"/>
					<Vertex X="77637" Y="66238" Z="0"/>
					<Vertex X="77538" Y="66238" Z="0"/>
					<Vertex X="77478" Y="66238" Z="0"/>
					<Vertex X="77419" Y="66198" Z="0"/>
					<Vertex X="77359" Y="66178" Z="0"/>
					<Vertex X="77300" Y="66119" Z="0"/>
					<Vertex X="77220" Y="66059" Z="0"/>
					<Vertex X="77181" Y="66019" Z="0"/>
					<Vertex X="77161" Y="65900" Z="0"/>
					<Vertex X="77121" Y="65782" Z="0"/>
					<Vertex X="77102" Y="65722" Z="0"/>
					<Vertex X="77042" Y="65583" Z="0"/>
					<Vertex X="76983" Y="65464" Z="0"/>
					<Vertex X="76943" Y="65345" Z="0"/>
					<Vertex X="76883" Y="65226" Z="0"/>
					<Vertex X="76864" Y="65107" Z="0"/>
					<Vertex X="76824" Y="64988" Z="0"/>
					<Vertex X="76804" Y="64929" Z="0"/>
					<Vertex X="76804" Y="64810" Z="0"/>
					<Vertex X="76764" Y="64691" Z="0"/>
					<Vertex X="76764" Y="64592" Z="0"/>
					<Vertex X="76745" Y="64513" Z="0"/>
					<Vertex X="76745" Y="64414" Z="0"/>
					<Vertex X="76705" Y="64354" Z="0"/>
					<Vertex X="76705" Y="64334" Z="0"/>
					<Vertex X="76745" Y="64295" Z="0"/>
					<Vertex X="76745" Y="64275" Z="0"/>
					<Vertex X="76775" Y="64234" Z="0"/>
					<Vertex X="76745" Y="64185" Z="0"/>
					<Vertex X="76715" Y="64106" Z="0"/>
					<Vertex X="76686" Y="64066" Z="0"/>
					<Vertex X="76656" Y="64016" Z="0"/>
					<Vertex X="76626" Y="63967" Z="0"/>
					<Vertex X="76587" Y="63888" Z="0"/>
					<Vertex X="76557" Y="63848" Z="0"/>
					<Vertex X="76507" Y="63788" Z="0"/>
					<Vertex X="76438" Y="63709" Z="0"/>
					<Vertex X="76408" Y="63660" Z="0"/>
					<Vertex X="76349" Y="63600" Z="0"/>
					<Vertex X="76299" Y="63560" Z="0"/>
					<Vertex X="76210" Y="63481" Z="0"/>
					<Vertex X="76150" Y="63441" Z="0"/>
					<Vertex X="76061" Y="63382" Z="0"/>
					<Vertex X="76002" Y="63342" Z="0"/>
					<Vertex X="75942" Y="63293" Z="0"/>
					<Vertex X="75903" Y="63253" Z="0"/>
					<Vertex X="75793" Y="63204" Z="0"/>
					<Vertex X="75734" Y="63154" Z="0"/>
					<Vertex X="75665" Y="63124" Z="0"/>
					<Vertex X="75605" Y="63104" Z="0"/>
					<Vertex X="75496" Y="63055" Z="0"/>
					<Vertex X="75437" Y="63025" Z="0"/>
					<Vertex X="75367" Y="62995" Z="0"/>
					<Vertex X="75308" Y="62966" Z="0"/>
					<Vertex X="75199" Y="62936" Z="0"/>
					<Vertex X="75139" Y="62906" Z="0"/>
					<Vertex X="75070" Y="62896" Z="0"/>
					<Vertex X="74961" Y="62847" Z="0"/>
					<Vertex X="74891" Y="62837" Z="0"/>
					<Vertex X="74812" Y="62817" Z="0"/>
					<Vertex X="74743" Y="62807" Z="0"/>
					<Vertex X="74634" Y="62777" Z="0"/>
					<Vertex X="74564" Y="62757" Z="0"/>
					<Vertex X="74475" Y="62748" Z="0"/>
					<Vertex X="74396" Y="62728" Z="0"/>
					<Vertex X="74277" Y="62698" Z="0"/>
					<Vertex X="74188" Y="62698" Z="0"/>
					<Vertex X="74098" Y="62678" Z="0"/>
					<Vertex X="74029" Y="62668" Z="0"/>
					<Vertex X="73910" Y="62658" Z="0"/>
					<Vertex X="73831" Y="62658" Z="0"/>
					<Vertex X="73742" Y="62658" Z="0"/>
					<Vertex X="73652" Y="62658" Z="0"/>
					<Vertex X="73523" Y="62658" Z="0"/>
					<Vertex X="73434" Y="62668" Z="0"/>
					<Vertex X="73325" Y="62668" Z="0"/>
					<Vertex X="73246" Y="62698" Z="0"/>
					<Vertex X="73077" Y="62728" Z="0"/>
					<Vertex X="72978" Y="62757" Z="0"/>
					<Vertex X="72810" Y="62787" Z="0"/>
					<Vertex X="72711" Y="62817" Z="0"/>
					<Vertex X="72522" Y="62876" Z="0"/>
					<Vertex X="72403" Y="62926" Z="0"/>
					<Vertex X="72284" Y="62966" Z="0"/>
					<Vertex X="72116" Y="63025" Z="0"/>
					<Vertex X="71997" Y="63075" Z="0"/>
					<Vertex X="71809" Y="63124" Z="0"/>
					<Vertex X="71700" Y="63174" Z="0"/>
					<Vertex X="71581" Y="63213" Z="0"/>
					<Vertex X="71392" Y="63283" Z="0"/>
					<Vertex X="71273" Y="63322" Z="0"/>
					<Vertex X="71164" Y="63372" Z="0"/>
					<Vertex X="70976" Y="63441" Z="0"/>
					<Vertex X="70857" Y="63481" Z="0"/>
					<Vertex X="70738" Y="63531" Z="0"/>
					<Vertex X="70609" Y="63590" Z="0"/>
					<Vertex X="70431" Y="63679" Z="0"/>
					<Vertex X="70312" Y="63739" Z="0"/>
					<Vertex X="70193" Y="63798" Z="0"/>
					<Vertex X="70014" Y="63888" Z="0"/>
					<Vertex X="69895" Y="63967" Z="0"/>
					<Vertex X="69776" Y="64016" Z="0"/>
					<Vertex X="69677" Y="64096" Z="0"/>
					<Vertex X="69509" Y="64195" Z="0"/>
					<Vertex X="69390" Y="64274" Z="0"/>
					<Vertex X="69271" Y="64344" Z="0"/>
					<Vertex X="69152" Y="64423" Z="0"/>
					<Vertex X="68983" Y="64562" Z="0"/>
					<Vertex X="68884" Y="64631" Z="0"/>
					<Vertex X="68775" Y="64700" Z="0"/>
					<Vertex X="68636" Y="64829" Z="0"/>
					<Vertex X="68537" Y="64899" Z="0"/>
					<Vertex X="68438" Y="64988" Z="0"/>
					<Vertex X="68319" Y="65107" Z="0"/>
					<Vertex X="68220" Y="65196" Z="0"/>
					<Vertex X="68131" Y="65285" Z="0"/>
					<Vertex X="67992" Y="65384" Z="0"/>
					<Vertex X="67923" Y="65464" Z="0"/>
					<Vertex X="67834" Y="65553" Z="0"/>
					<Vertex X="67754" Y="65622" Z="0"/>
					<Vertex X="67635" Y="65741" Z="0"/>
					<Vertex X="67546" Y="65830" Z="0"/>
					<Vertex X="67457" Y="65910" Z="0"/>
					<Vertex X="67387" Y="65979" Z="0"/>
					<Vertex X="67249" Y="66098" Z="0"/>
					<Vertex X="67169" Y="66177" Z="0"/>
					<Vertex X="67100" Y="66247" Z="0"/>
					<Vertex X="67031" Y="66316" Z="0"/>
					<Vertex X="66922" Y="66395" Z="0"/>
					<Vertex X="66852" Y="66445" Z="0"/>
					<Vertex X="66773" Y="66504" Z="0"/>
					<Vertex X="66654" Y="66564" Z="0"/>
					<Vertex X="66585" Y="66614" Z="0"/>
					<Vertex X="66505" Y="66633" Z="0"/>
					<Vertex X="66426" Y="66663" Z="0"/>
					<Vertex X="66327" Y="66713" Z="0"/>
					<Vertex X="66257" Y="66742" Z="0"/>
					<Vertex X="66129" Y="66762" Z="0"/>
					<Vertex X="66059" Y="66782" Z="0"/>
					<Vertex X="65990" Y="66782" Z="0"/>
					<Vertex X="65861" Y="66802" Z="0"/>
					<Vertex X="65811" Y="66802" Z="0"/>
					<Vertex X="65732" Y="66782" Z="0"/>
					<Vertex X="65633" Y="66762" Z="0"/>
					<Vertex X="65554" Y="66742" Z="0"/>
					<Vertex X="65494" Y="66713" Z="0"/>
					<Vertex X="65405" Y="66683" Z="0"/>
					<Vertex X="65345" Y="66633" Z="0"/>
					<Vertex X="65286" Y="66594" Z="0"/>
					<Vertex X="65246" Y="66544" Z="0"/>
					<Vertex X="65207" Y="66514" Z="0"/>
					<Vertex X="65167" Y="66445" Z="0"/>
					<Vertex X="65147" Y="66395" Z="0"/>
					<Vertex X="65117" Y="66366" Z="0"/>
					<Vertex X="65078" Y="66316" Z="0"/>
					<Vertex X="65058" Y="66267" Z="0"/>
					<Vertex X="65048" Y="66217" Z="0"/>
					<Vertex X="65018" Y="66167" Z="0"/>
					<Vertex X="64998" Y="66118" Z="0"/>
					<Vertex X="64979" Y="66068" Z="0"/>
					<Vertex X="64939" Y="66029" Z="0"/>
					<Vertex X="64909" Y="65979" Z="0"/>
					<Vertex X="64880" Y="65949" Z="0"/>
					<Vertex X="64850" Y="65920" Z="0"/>
					<Vertex X="64830" Y="65850" Z="0"/>
					<Vertex X="64790" Y="65821" Z="0"/>
					<Vertex X="64751" Y="65771" Z="0"/>
					<Vertex X="64691" Y="65721" Z="0"/>
					<Vertex X="64661" Y="65682" Z="0"/>
					<Vertex X="64612" Y="65652" Z="0"/>
					<Vertex X="64572" Y="65622" Z="0"/>
					<Vertex X="64513" Y="65583" Z="0"/>
					<Vertex X="64463" Y="65533" Z="0"/>
					<Vertex X="64424" Y="65503" Z="0"/>
					<Vertex X="64334" Y="65474" Z="0"/>
					<Vertex X="64275" Y="65444" Z="0"/>
					<Vertex X="64225" Y="65434" Z="0"/>
					<Vertex X="64156" Y="65404" Z="0"/>
					<Vertex X="64067" Y="65374" Z="0"/>
					<Vertex X="64007" Y="65345" Z="0"/>
					<Vertex X="63948" Y="65315" Z="0"/>
					<Vertex X="63868" Y="65285" Z="0"/>
					<Vertex X="63769" Y="65236" Z="0"/>
					<Vertex X="63690" Y="65206" Z="0"/>
					<Vertex X="63631" Y="65176" Z="0"/>
					<Vertex X="63531" Y="65137" Z="0"/>
					<Vertex X="63442" Y="65107" Z="0"/>
					<Vertex X="63333" Y="65077" Z="0"/>
					<Vertex X="63264" Y="65047" Z="0"/>
					<Vertex X="63155" Y="65018" Z="0"/>
					<Vertex X="63085" Y="64988" Z="0"/>
					<Vertex X="63006" Y="64958" Z="0"/>
					<Vertex X="62907" Y="64899" Z="0"/>
					<Vertex X="62847" Y="64859" Z="0"/>
					<Vertex X="62768" Y="64809" Z="0"/>
					<Vertex X="62699" Y="64720" Z="0"/>
					<Vertex X="62649" Y="64661" Z="0"/>
					<Vertex X="62610" Y="64601" Z="0"/>
					<Vertex X="62530" Y="64482" Z="0"/>
					<Vertex X="62491" Y="64423" Z="0"/>
					<Vertex X="62411" Y="64304" Z="0"/>
					<Vertex X="62372" Y="64244" Z="0"/>
					<Vertex X="62292" Y="64135" Z="0"/>
					<Vertex X="62233" Y="64076" Z="0"/>
					<Vertex X="62193" Y="64036" Z="0"/>
					<Vertex X="62114" Y="63947" Z="0"/>
					<Vertex X="62074" Y="63888" Z="0"/>
					<Vertex X="61985" Y="63808" Z="0"/>
					<Vertex X="61926" Y="63769" Z="0"/>
					<Vertex X="61866" Y="63709" Z="0"/>
					<Vertex X="61757" Y="63650" Z="0"/>
					<Vertex X="61698" Y="63600" Z="0"/>
					<Vertex X="61598" Y="63541" Z="0"/>
					<Vertex X="61509" Y="63511" Z="0"/>
					<Vertex X="61430" Y="63501" Z="0"/>
					<Vertex X="61311" Y="63451" Z="0"/>
					<Vertex X="61222" Y="63422" Z="0"/>
					<Vertex X="61133" Y="63412" Z="0"/>
					<Vertex X="61014" Y="63382" Z="0"/>
					<Vertex X="60914" Y="63362" Z="0"/>
					<Vertex X="60835" Y="63352" Z="0"/>
					<Vertex X="60706" Y="63332" Z="0"/>
					<Vertex X="60617" Y="63322" Z="0"/>
					<Vertex X="60528" Y="63303" Z="0"/>
					<Vertex X="60389" Y="63273" Z="0"/>
					<Vertex X="60300" Y="63263" Z="0"/>
					<Vertex X="60211" Y="63243" Z="0"/>
					<Vertex X="60082" Y="63233" Z="0"/>
					<Vertex X="59993" Y="63213" Z="0"/>
					<Vertex X="59883" Y="63204" Z="0"/>
					<Vertex X="59735" Y="63174" Z="0"/>
					<Vertex X="59646" Y="63144" Z="0"/>
					<Vertex X="59546" Y="63114" Z="0"/>
					<Vertex X="59398" Y="63065" Z="0"/>
					<Vertex X="59309" Y="63025" Z="0"/>
					<Vertex X="59200" Y="62995" Z="0"/>
					<Vertex X="59041" Y="62936" Z="0"/>
					<Vertex X="58952" Y="62886" Z="0"/>
					<Vertex X="58803" Y="62817" Z="0"/>
					<Vertex X="58714" Y="62767" Z="0"/>
					<Vertex X="58565" Y="62708" Z="0"/>
					<Vertex X="58476" Y="62648" Z="0"/>
					<Vertex X="58367" Y="62609" Z="0"/>
					<Vertex X="58248" Y="62529" Z="0"/>
					<Vertex X="58159" Y="62470" Z="0"/>
					<Vertex X="58069" Y="62430" Z="0"/>
					<Vertex X="57941" Y="62351" Z="0"/>
					<Vertex X="57851" Y="62311" Z="0"/>
					<Vertex X="57762" Y="62262" Z="0"/>
					<Vertex X="57643" Y="62202" Z="0"/>
					<Vertex X="57564" Y="62163" Z="0"/>
					<Vertex X="57495" Y="62113" Z="0"/>
					<Vertex X="57376" Y="62044" Z="0"/>
					<Vertex X="57296" Y="62004" Z="0"/>
					<Vertex X="57197" Y="61935" Z="0"/>
					<Vertex X="57138" Y="61905" Z="0"/>
					<Vertex X="57078" Y="61865" Z="0"/>
					<Vertex X="56989" Y="61806" Z="0"/>
					<Vertex X="56939" Y="61776" Z="0"/>
					<Vertex X="56880" Y="61746" Z="0"/>
					<Vertex X="56840" Y="61697" Z="0"/>
					<Vertex X="56781" Y="61667" Z="0"/>
					<Vertex X="56731" Y="61637" Z="0"/>
					<Vertex X="56672" Y="61608" Z="0"/>
					<Vertex X="56642" Y="61578" Z="0"/>
					<Vertex X="56612" Y="61568" Z="0"/>
					<Vertex X="56573" Y="61538" Z="0"/>
					<Vertex X="56543" Y="61508" Z="0"/>
					<Vertex X="56493" Y="61489" Z="0"/>
					<Vertex X="56464" Y="61479" Z="0"/>
					<Vertex X="56454" Y="61459" Z="0"/>
					<Vertex X="56434" Y="61429" Z="0"/>
					<Vertex X="56434" Y="61419" Z="0"/>
					<Vertex X="56424" Y="61390" Z="0"/>
					<Vertex X="56356" Y="61315" Z="0"/>
				</Vertices>
			</Region>
			<Region Id="2" Type="0" Zoom="0.015391" Selected="0" ImageLocation="" ImageFocus="-1" Length="72595.4" Area="206453921.0" LengthMicrons="18308.6" AreaMicrons="13131468.6" Text="" NegativeROA="0" InputRegionId="0" Analyze="1" DisplayId="2">
				<Attributes/>
				<Vertices>
					<Vertex X="111296" Y="74519" Z="0"/>
					<Vertex X="106916" Y="72329" Z="0"/>
					<Vertex X="106658" Y="72200" Z="0"/>
					<Vertex X="106465" Y="72136" Z="0"/>
					<Vertex X="106143" Y="72136" Z="0"/>
					<Vertex X="105950" Y="72136" Z="0"/>
					<Vertex X="105757" Y="72136" Z="0"/>
					<Vertex X="105692" Y="72136" Z="0"/>
					<Vertex X="105563" Y="72136" Z="0"/>
					<Vertex X="105370" Y="72200" Z="0"/>
					<Vertex X="105306" Y="72329" Z="0"/>
					<Vertex X="105177" Y="72458" Z="0"/>
					<Vertex X="104984" Y="72522" Z="0"/>
					<Vertex X="104790" Y="72587" Z="0"/>
					<Vertex X="104726" Y="72715" Z="0"/>
					<Vertex X="104533" Y="72715" Z="0"/>
					<Vertex X="104340" Y="72715" Z="0"/>
					<Vertex X="104211" Y="72715" Z="0"/>
					<Vertex X="104146" Y="72715" Z="0"/>
					<Vertex X="103953" Y="72587" Z="0"/>
					<Vertex X="103760" Y="72587" Z="0"/>
					<Vertex X="103631" Y="72587" Z="0"/>
					<Vertex X="103567" Y="72522" Z="0"/>
					<Vertex X="103567" Y="72458" Z="0"/>
					<Vertex X="103438" Y="72458" Z="0"/>
					<Vertex X="103374" Y="72329" Z="0"/>
					<Vertex X="103180" Y="72329" Z="0"/>
					<Vertex X="102987" Y="72200" Z="0"/>
					<Vertex X="102858" Y="72200" Z="0"/>
					<Vertex X="102601" Y="72136" Z="0"/>
					<Vertex X="102407" Y="72136" Z="0"/>
					<Vertex X="101892" Y="72136" Z="0"/>
					<Vertex X="101635" Y="72136" Z="0"/>
					<Vertex X="101441" Y="72200" Z="0"/>
					<Vertex X="101248" Y="72200" Z="0"/>
					<Vertex X="101055" Y="72329" Z="0"/>
					<Vertex X="100926" Y="72458" Z="0"/>
					<Vertex X="100733" Y="72522" Z="0"/>
					<Vertex X="100668" Y="72587" Z="0"/>
					<Vertex X="100475" Y="72715" Z="0"/>
					<Vertex X="100282" Y="72780" Z="0"/>
					<Vertex X="100153" Y="72780" Z="0"/>
					<Vertex X="99960" Y="72780" Z="0"/>
					<Vertex X="99831" Y="72780" Z="0"/>
					<Vertex X="99574" Y="72780" Z="0"/>
					<Vertex X="99380" Y="72780" Z="0"/>
					<Vertex X="99316" Y="72715" Z="0"/>
					<Vertex X="98994" Y="72587" Z="0"/>
					<Vertex X="98801" Y="72587" Z="0"/>
					<Vertex X="98736" Y="72522" Z="0"/>
					<Vertex X="98543" Y="72458" Z="0"/>
					<Vertex X="98350" Y="72329" Z="0"/>
					<Vertex X="98285" Y="72200" Z="0"/>
					<Vertex X="98092" Y="72007" Z="0"/>
					<Vertex X="97835" Y="71942" Z="0"/>
					<Vertex X="97770" Y="71814" Z="0"/>
					<Vertex X="97577" Y="71749" Z="0"/>
					<Vertex X="97384" Y="71556" Z="0"/>
					<Vertex X="97255" Y="71556" Z="0"/>
					<Vertex X="97190" Y="71427" Z="0"/>
					<Vertex X="96997" Y="71363" Z="0"/>
					<Vertex X="96804" Y="71234" Z="0"/>
					<Vertex X="96675" Y="71234" Z="0"/>
					<Vertex X="96611" Y="71170" Z="0"/>
					<Vertex X="96418" Y="71041" Z="0"/>
					<Vertex X="96224" Y="71041" Z="0"/>
					<Vertex X="96031" Y="70976" Z="0"/>
					<Vertex X="95838" Y="70976" Z="0"/>
					<Vertex X="95645" Y="70976" Z="0"/>
					<Vertex X="95516" Y="70848" Z="0"/>
					<Vertex X="95323" Y="70848" Z="0"/>
					<Vertex X="95129" Y="70976" Z="0"/>
					<Vertex X="95065" Y="70976" Z="0"/>
					<Vertex X="94936" Y="70976" Z="0"/>
					<Vertex X="94872" Y="71041" Z="0"/>
					<Vertex X="94679" Y="71170" Z="0"/>
					<Vertex X="94614" Y="71234" Z="0"/>
					<Vertex X="94357" Y="71363" Z="0"/>
					<Vertex X="94163" Y="71427" Z="0"/>
					<Vertex X="94163" Y="71556" Z="0"/>
					<Vertex X="93970" Y="71556" Z="0"/>
					<Vertex X="93906" Y="71556" Z="0"/>
					<Vertex X="93777" Y="71556" Z="0"/>
					<Vertex X="93712" Y="71556" Z="0"/>
					<Vertex X="93584" Y="71427" Z="0"/>
					<Vertex X="93519" Y="71363" Z="0"/>
					<Vertex X="93455" Y="71234" Z="0"/>
					<Vertex X="93326" Y="71234" Z="0"/>
					<Vertex X="93133" Y="71041" Z="0"/>
					<Vertex X="93068" Y="71041" Z="0"/>
					<Vertex X="92940" Y="70976" Z="0"/>
					<Vertex X="92875" Y="70848" Z="0"/>
					<Vertex X="92746" Y="70783" Z="0"/>
					<Vertex X="92682" Y="70654" Z="0"/>
					<Vertex X="92489" Y="70590" Z="0"/>
					<Vertex X="92360" Y="70525" Z="0"/>
					<Vertex X="92167" Y="70525" Z="0"/>
					<Vertex X="91973" Y="70397" Z="0"/>
					<Vertex X="91780" Y="70268" Z="0"/>
					<Vertex X="91716" Y="70203" Z="0"/>
					<Vertex X="91458" Y="70203" Z="0"/>
					<Vertex X="91201" Y="70075" Z="0"/>
					<Vertex X="91136" Y="70010" Z="0"/>
					<Vertex X="90814" Y="70010" Z="0"/>
					<Vertex X="90750" Y="69881" Z="0"/>
					<Vertex X="90428" Y="69817" Z="0"/>
					<Vertex X="90235" Y="69817" Z="0"/>
					<Vertex X="90106" Y="69817" Z="0"/>
					<Vertex X="89977" Y="69688" Z="0"/>
					<Vertex X="89784" Y="69688" Z="0"/>
					<Vertex X="89655" Y="69688" Z="0"/>
					<Vertex X="89462" Y="69688" Z="0"/>
					<Vertex X="89397" Y="69688" Z="0"/>
					<Vertex X="89204" Y="69688" Z="0"/>
					<Vertex X="89075" Y="69817" Z="0"/>
					<Vertex X="89011" Y="69817" Z="0"/>
					<Vertex X="88882" Y="69881" Z="0"/>
					<Vertex X="88753" Y="70010" Z="0"/>
					<Vertex X="88689" Y="70075" Z="0"/>
					<Vertex X="88560" Y="70203" Z="0"/>
					<Vertex X="88560" Y="70268" Z="0"/>
					<Vertex X="88560" Y="70525" Z="0"/>
					<Vertex X="88560" Y="70590" Z="0"/>
					<Vertex X="88560" Y="70783" Z="0"/>
					<Vertex X="88560" Y="70976" Z="0"/>
					<Vertex X="88689" Y="71170" Z="0"/>
					<Vertex X="88689" Y="71234" Z="0"/>
					<Vertex X="88753" Y="71363" Z="0"/>
					<Vertex X="88882" Y="71556" Z="0"/>
					<Vertex X="89011" Y="71749" Z="0"/>
					<Vertex X="89075" Y="71814" Z="0"/>
					<Vertex X="89268" Y="71942" Z="0"/>
					<Vertex X="89462" Y="72136" Z="0"/>
					<Vertex X="89590" Y="72200" Z="0"/>
					<Vertex X="89784" Y="72329" Z="0"/>
					<Vertex X="89977" Y="72458" Z="0"/>
					<Vertex X="90106" Y="72522" Z="0"/>
					<Vertex X="90235" Y="72587" Z="0"/>
					<Vertex X="90492" Y="72715" Z="0"/>
					<Vertex X="90750" Y="72715" Z="0"/>
					<Vertex X="90814" Y="72780" Z="0"/>
					<Vertex X="91007" Y="72909" Z="0"/>
					<Vertex X="91136" Y="72973" Z="0"/>
					<Vertex X="91201" Y="73102" Z="0"/>
					<Vertex X="91329" Y="73295" Z="0"/>
					<Vertex X="91394" Y="73488" Z="0"/>
					<Vertex X="91394" Y="73553" Z="0"/>
					<Vertex X="91394" Y="73810" Z="0"/>
					<Vertex X="91394" Y="74068" Z="0"/>
					<Vertex X="91329" Y="74261" Z="0"/>
					<Vertex X="91329" Y="74454" Z="0"/>
					<Vertex X="91201" Y="74519" Z="0"/>
					<Vertex X="91136" Y="74776" Z="0"/>
					<Vertex X="90943" Y="74970" Z="0"/>
					<Vertex X="90750" Y="74970" Z="0"/>
					<Vertex X="90621" Y="75034" Z="0"/>
					<Vertex X="90428" Y="75098" Z="0"/>
					<Vertex X="90106" Y="75098" Z="0"/>
					<Vertex X="89848" Y="75227" Z="0"/>
					<Vertex X="89655" Y="75356" Z="0"/>
					<Vertex X="89462" Y="75356" Z="0"/>
					<Vertex X="89204" Y="75420" Z="0"/>
					<Vertex X="89011" Y="75485" Z="0"/>
					<Vertex X="88882" Y="75614" Z="0"/>
					<Vertex X="88560" Y="75807" Z="0"/>
					<Vertex X="88496" Y="75936" Z="0"/>
					<Vertex X="88302" Y="76000" Z="0"/>
					<Vertex X="88109" Y="76193" Z="0"/>
					<Vertex X="87916" Y="76387" Z="0"/>
					<Vertex X="87723" Y="76451" Z="0"/>
					<Vertex X="87658" Y="76580" Z="0"/>
					<Vertex X="87465" Y="76773" Z="0"/>
					<Vertex X="87336" Y="76902" Z="0"/>
					<Vertex X="87143" Y="77031" Z="0"/>
					<Vertex X="87014" Y="77224" Z="0"/>
					<Vertex X="86950" Y="77417" Z="0"/>
					<Vertex X="86757" Y="77675" Z="0"/>
					<Vertex X="86628" Y="77803" Z="0"/>
					<Vertex X="86563" Y="78126" Z="0"/>
					<Vertex X="86499" Y="78319" Z="0"/>
					<Vertex X="86370" Y="78512" Z="0"/>
					<Vertex X="86306" Y="78705" Z="0"/>
					<Vertex X="86177" Y="78898" Z="0"/>
					<Vertex X="86048" Y="78963" Z="0"/>
					<Vertex X="86048" Y="79220" Z="0"/>
					<Vertex X="86048" Y="79349" Z="0"/>
					<Vertex X="86048" Y="79607" Z="0"/>
					<Vertex X="86177" Y="79671" Z="0"/>
					<Vertex X="86177" Y="79800" Z="0"/>
					<Vertex X="86306" Y="79929" Z="0"/>
					<Vertex X="86370" Y="80122" Z="0"/>
					<Vertex X="86370" Y="80251" Z="0"/>
					<Vertex X="86499" Y="80444" Z="0"/>
					<Vertex X="86563" Y="80573" Z="0"/>
					<Vertex X="86563" Y="80637" Z="0"/>
					<Vertex X="86628" Y="80702" Z="0"/>
					<Vertex X="86757" Y="80831" Z="0"/>
					<Vertex X="86821" Y="80831" Z="0"/>
					<Vertex X="86950" Y="80895" Z="0"/>
					<Vertex X="87014" Y="81024" Z="0"/>
					<Vertex X="87272" Y="81217" Z="0"/>
					<Vertex X="87336" Y="81281" Z="0"/>
					<Vertex X="87465" Y="81281" Z="0"/>
					<Vertex X="87529" Y="81410" Z="0"/>
					<Vertex X="87723" Y="81539" Z="0"/>
					<Vertex X="87916" Y="81603" Z="0"/>
					<Vertex X="88109" Y="81732" Z="0"/>
					<Vertex X="88302" Y="81732" Z="0"/>
					<Vertex X="88496" Y="81797" Z="0"/>
					<Vertex X="88689" Y="81797" Z="0"/>
					<Vertex X="88882" Y="81861" Z="0"/>
					<Vertex X="89075" Y="81861" Z="0"/>
					<Vertex X="89204" Y="81861" Z="0"/>
					<Vertex X="89397" Y="81990" Z="0"/>
					<Vertex X="89655" Y="81990" Z="0"/>
					<Vertex X="89848" Y="81990" Z="0"/>
					<Vertex X="90041" Y="82119" Z="0"/>
					<Vertex X="90299" Y="82119" Z="0"/>
					<Vertex X="90492" Y="82119" Z="0"/>
					<Vertex X="90750" Y="82119" Z="0"/>
					<Vertex X="91136" Y="81990" Z="0"/>
					<Vertex X="91394" Y="81990" Z="0"/>
					<Vertex X="91716" Y="81861" Z="0"/>
					<Vertex X="92038" Y="81732" Z="0"/>
					<Vertex X="92360" Y="81603" Z="0"/>
					<Vertex X="92553" Y="81539" Z="0"/>
					<Vertex X="92940" Y="81281" Z="0"/>
					<Vertex X="93133" Y="81217" Z="0"/>
					<Vertex X="93519" Y="81088" Z="0"/>
					<Vertex X="93777" Y="81024" Z="0"/>
					<Vertex X="94163" Y="80895" Z="0"/>
					<Vertex X="94485" Y="80831" Z="0"/>
					<Vertex X="94807" Y="80831" Z="0"/>
					<Vertex X="95129" Y="80702" Z="0"/>
					<Vertex X="95451" Y="80702" Z="0"/>
					<Vertex X="95709" Y="80637" Z="0"/>
					<Vertex X="96031" Y="80573" Z="0"/>
					<Vertex X="96546" Y="80444" Z="0"/>
					<Vertex X="96804" Y="80444" Z="0"/>
					<Vertex X="97190" Y="80315" Z="0"/>
					<Vertex X="97448" Y="80251" Z="0"/>
					<Vertex X="97835" Y="80251" Z="0"/>
					<Vertex X="98350" Y="80251" Z="0"/>
					<Vertex X="98736" Y="80122" Z="0"/>
					<Vertex X="98929" Y="80251" Z="0"/>
					<Vertex X="99380" Y="80251" Z="0"/>
					<Vertex X="99574" Y="80251" Z="0"/>
					<Vertex X="99896" Y="80315" Z="0"/>
					<Vertex X="100089" Y="80444" Z="0"/>
					<Vertex X="100475" Y="80573" Z="0"/>
					<Vertex X="100668" Y="80573" Z="0"/>
					<Vertex X="100862" Y="80702" Z="0"/>
					<Vertex X="100926" Y="80831" Z="0"/>
					<Vertex X="101248" Y="80895" Z="0"/>
					<Vertex X="101312" Y="81024" Z="0"/>
					<Vertex X="101441" Y="81088" Z="0"/>
					<Vertex X="101699" Y="81217" Z="0"/>
					<Vertex X="101828" Y="81281" Z="0"/>
					<Vertex X="101892" Y="81410" Z="0"/>
					<Vertex X="102021" Y="81410" Z="0"/>
					<Vertex X="102279" Y="81539" Z="0"/>
					<Vertex X="102472" Y="81603" Z="0"/>
					<Vertex X="102665" Y="81732" Z="0"/>
					<Vertex X="103051" Y="81732" Z="0"/>
					<Vertex X="103374" Y="81732" Z="0"/>
					<Vertex X="103760" Y="81797" Z="0"/>
					<Vertex X="104018" Y="81797" Z="0"/>
					<Vertex X="104340" Y="81797" Z="0"/>
					<Vertex X="104726" Y="81861" Z="0"/>
					<Vertex X="104984" Y="81861" Z="0"/>
					<Vertex X="105370" Y="81861" Z="0"/>
					<Vertex X="105692" Y="81861" Z="0"/>
					<Vertex X="105950" Y="81861" Z="0"/>
					<Vertex X="106272" Y="81861" Z="0"/>
					<Vertex X="106658" Y="81861" Z="0"/>
					<Vertex X="106916" Y="81797" Z="0"/>
					<Vertex X="107238" Y="81797" Z="0"/>
					<Vertex X="107496" Y="81732" Z="0"/>
					<Vertex X="107818" Y="81732" Z="0"/>
					<Vertex X="107882" Y="81732" Z="0"/>
					<Vertex X="108075" Y="81603" Z="0"/>
					<Vertex X="108204" Y="81603" Z="0"/>
					<Vertex X="108397" Y="81539" Z="0"/>
					<Vertex X="108462" Y="81410" Z="0"/>
					<Vertex X="108590" Y="81281" Z="0"/>
					<Vertex X="108655" Y="81217" Z="0"/>
					<Vertex X="108655" Y="81024" Z="0"/>
					<Vertex X="108784" Y="80895" Z="0"/>
					<Vertex X="108848" Y="80637" Z="0"/>
					<Vertex X="108977" Y="80573" Z="0"/>
					<Vertex X="109041" Y="80122" Z="0"/>
					<Vertex X="109170" Y="79929" Z="0"/>
					<Vertex X="109235" Y="79800" Z="0"/>
					<Vertex X="109235" Y="79607" Z="0"/>
					<Vertex X="109363" Y="79349" Z="0"/>
					<Vertex X="109428" Y="79220" Z="0"/>
					<Vertex X="109557" Y="78898" Z="0"/>
					<Vertex X="109621" Y="78834" Z="0"/>
					<Vertex X="109750" Y="78641" Z="0"/>
					<Vertex X="109814" Y="78383" Z="0"/>
					<Vertex X="109943" Y="78126" Z="0"/>
					<Vertex X="110007" Y="77932" Z="0"/>
					<Vertex X="110136" Y="77675" Z="0"/>
					<Vertex X="110201" Y="77353" Z="0"/>
					<Vertex X="110329" Y="77224" Z="0"/>
					<Vertex X="110394" Y="77031" Z="0"/>
					<Vertex X="110523" Y="76902" Z="0"/>
					<Vertex X="110523" Y="76773" Z="0"/>
					<Vertex X="110587" Y="76580" Z="0"/>
					<Vertex X="110716" Y="76451" Z="0"/>
					<Vertex X="110780" Y="76387" Z="0"/>
					<Vertex X="110780" Y="76193" Z="0"/>
					<Vertex X="110909" Y="76064" Z="0"/>
					<Vertex X="110909" Y="76000" Z="0"/>
					<Vertex X="110974" Y="75807" Z="0"/>
					<Vertex X="111102" Y="75742" Z="0"/>
					<Vertex X="111102" Y="75614" Z="0"/>
					<Vertex X="111102" Y="75485" Z="0"/>
					<Vertex X="111167" Y="75420" Z="0"/>
					<Vertex X="111167" Y="75356" Z="0"/>
					<Vertex X="111296" Y="75227" Z="0"/>
					<Vertex X="111296" Y="75098" Z="0"/>
					<Vertex X="111296" Y="75034" Z="0"/>
					<Vertex X="111360" Y="74970" Z="0"/>
					<Vertex X="111360" Y="74841" Z="0"/>
					<Vertex X="111360" Y="74776" Z="0"/>
					<Vertex X="111360" Y="74648" Z="0"/>
					<Vertex X="111296" Y="74648" Z="0"/>
					<Vertex X="111360" Y="74648" Z="0"/>
					<Vertex X="111360" Y="74519" Z="0"/>
					<Vertex X="111296" Y="74519" Z="0"/>
				</Vertices>
			</Region>
			<Region Id="3" Type="0" Zoom="0.050000" Selected="0" ImageLocation="" ImageFocus="-1" Length="14477.4" Area="9415852.5" LengthMicrons="3651.2" AreaMicrons="598893.8" Text="" NegativeROA="0" InputRegionId="0" Analyze="1" DisplayId="3">
				<Attributes/>
				<Vertices>
					<Vertex X="86281" Y="69885" Z="0"/>
					<Vertex X="85151" Y="70777" Z="0"/>
					<Vertex X="84972" Y="70975" Z="0"/>
					<Vertex X="84853" Y="71114" Z="0"/>
					<Vertex X="84734" Y="71293" Z="0"/>
					<Vertex X="84576" Y="71471" Z="0"/>
					<Vertex X="84496" Y="71590" Z="0"/>
					<Vertex X="84377" Y="71828" Z="0"/>
					<Vertex X="84278" Y="71986" Z="0"/>
					<Vertex X="84159" Y="72205" Z="0"/>
					<Vertex X="84100" Y="72363" Z="0"/>
					<Vertex X="84001" Y="72601" Z="0"/>
					<Vertex X="83921" Y="72799" Z="0"/>
					<Vertex X="83842" Y="73017" Z="0"/>
					<Vertex X="83803" Y="73196" Z="0"/>
					<Vertex X="83743" Y="73473" Z="0"/>
					<Vertex X="83723" Y="73612" Z="0"/>
					<Vertex X="83703" Y="73870" Z="0"/>
					<Vertex X="83664" Y="74009" Z="0"/>
					<Vertex X="83624" Y="74247" Z="0"/>
					<Vertex X="83624" Y="74366" Z="0"/>
					<Vertex X="83624" Y="74504" Z="0"/>
					<Vertex X="83624" Y="74703" Z="0"/>
					<Vertex X="83624" Y="74782" Z="0"/>
					<Vertex X="83624" Y="74921" Z="0"/>
					<Vertex X="83664" Y="75040" Z="0"/>
					<Vertex X="83703" Y="75218" Z="0"/>
					<Vertex X="83743" Y="75317" Z="0"/>
					<Vertex X="83803" Y="75436" Z="0"/>
					<Vertex X="83842" Y="75496" Z="0"/>
					<Vertex X="83902" Y="75595" Z="0"/>
					<Vertex X="83961" Y="75674" Z="0"/>
					<Vertex X="84080" Y="75753" Z="0"/>
					<Vertex X="84140" Y="75793" Z="0"/>
					<Vertex X="84239" Y="75852" Z="0"/>
					<Vertex X="84278" Y="75892" Z="0"/>
					<Vertex X="84338" Y="75892" Z="0"/>
					<Vertex X="84397" Y="75892" Z="0"/>
					<Vertex X="84496" Y="75892" Z="0"/>
					<Vertex X="84576" Y="75813" Z="0"/>
					<Vertex X="84734" Y="75753" Z="0"/>
					<Vertex X="84814" Y="75733" Z="0"/>
					<Vertex X="84933" Y="75674" Z="0"/>
					<Vertex X="85032" Y="75615" Z="0"/>
					<Vertex X="85151" Y="75496" Z="0"/>
					<Vertex X="85230" Y="75377" Z="0"/>
					<Vertex X="85349" Y="75178" Z="0"/>
					<Vertex X="85448" Y="75020" Z="0"/>
					<Vertex X="85508" Y="74802" Z="0"/>
					<Vertex X="85527" Y="74703" Z="0"/>
					<Vertex X="85567" Y="74484" Z="0"/>
					<Vertex X="85607" Y="74326" Z="0"/>
					<Vertex X="85607" Y="74128" Z="0"/>
					<Vertex X="85607" Y="73969" Z="0"/>
					<Vertex X="85607" Y="73731" Z="0"/>
					<Vertex X="85607" Y="73592" Z="0"/>
					<Vertex X="85607" Y="73473" Z="0"/>
					<Vertex X="85607" Y="73255" Z="0"/>
					<Vertex X="85607" Y="73156" Z="0"/>
					<Vertex X="85626" Y="72998" Z="0"/>
					<Vertex X="85646" Y="72799" Z="0"/>
					<Vertex X="85686" Y="72601" Z="0"/>
					<Vertex X="85706" Y="72502" Z="0"/>
					<Vertex X="85745" Y="72343" Z="0"/>
					<Vertex X="85805" Y="72224" Z="0"/>
					<Vertex X="85825" Y="72105" Z="0"/>
					<Vertex X="85944" Y="71947" Z="0"/>
					<Vertex X="86043" Y="71808" Z="0"/>
					<Vertex X="86102" Y="71709" Z="0"/>
					<Vertex X="86162" Y="71649" Z="0"/>
					<Vertex X="86221" Y="71610" Z="0"/>
					<Vertex X="86281" Y="71511" Z="0"/>
					<Vertex X="86340" Y="71412" Z="0"/>
					<Vertex X="86439" Y="71312" Z="0"/>
					<Vertex X="86479" Y="71213" Z="0"/>
					<Vertex X="86538" Y="71094" Z="0"/>
					<Vertex X="86578" Y="71035" Z="0"/>
					<Vertex X="86578" Y="70975" Z="0"/>
					<Vertex X="86598" Y="70936" Z="0"/>
					<Vertex X="86638" Y="70876" Z="0"/>
					<Vertex X="86638" Y="70817" Z="0"/>
					<Vertex X="86677" Y="70757" Z="0"/>
					<Vertex X="86697" Y="70718" Z="0"/>
					<Vertex X="86697" Y="70618" Z="0"/>
					<Vertex X="86697" Y="70579" Z="0"/>
					<Vertex X="86697" Y="70519" Z="0"/>
					<Vertex X="86697" Y="70500" Z="0"/>
					<Vertex X="86697" Y="70440" Z="0"/>
					<Vertex X="86697" Y="70420" Z="0"/>
					<Vertex X="86657" Y="70381" Z="0"/>
					<Vertex X="86657" Y="70341" Z="0"/>
					<Vertex X="86638" Y="70281" Z="0"/>
					<Vertex X="86638" Y="70262" Z="0"/>
					<Vertex X="86638" Y="70202" Z="0"/>
					<Vertex X="86598" Y="70162" Z="0"/>
					<Vertex X="86578" Y="70143" Z="0"/>
					<Vertex X="86538" Y="70103" Z="0"/>
					<Vertex X="86519" Y="70044" Z="0"/>
					<Vertex X="86519" Y="70024" Z="0"/>
					<Vertex X="86479" Y="69984" Z="0"/>
					<Vertex X="86479" Y="69964" Z="0"/>
					<Vertex X="86459" Y="69925" Z="0"/>
					<Vertex X="86419" Y="69925" Z="0"/>
					<Vertex X="86419" Y="69905" Z="0"/>
					<Vertex X="86419" Y="69905" Z="0"/>
					<Vertex X="86400" Y="69905" Z="0"/>
					<Vertex X="86281" Y="69885" Z="0"/>
				</Vertices>
			</Region>
			<Region Id="4" Type="0" Zoom="0.050000" Selected="1" ImageLocation="" ImageFocus="-1" Length="21460.1" Area="22788914.5" LengthMicrons="5412.2" AreaMicrons="1449485.3" Text="" NegativeROA="0" InputRegionId="0" Analyze="1" DisplayId="4">
				<Attributes/>
				<Vertices>
					<Vertex X="103212" Y="65920" Z="0"/>
					<Vertex X="103450" Y="66000" Z="0"/>
					<Vertex X="103569" Y="66099" Z="0"/>
					<Vertex X="103668" Y="66218" Z="0"/>
					<Vertex X="103668" Y="66297" Z="0"/>
					<Vertex X="103668" Y="66396" Z="0"/>
					<Vertex X="103628" Y="66515" Z="0"/>
					<Vertex X="103628" Y="66594" Z="0"/>
					<Vertex X="103628" Y="66694" Z="0"/>
					<Vertex X="103628" Y="66773" Z="0"/>
					<Vertex X="103628" Y="66872" Z="0"/>
					<Vertex X="103668" Y="66971" Z="0"/>
					<Vertex X="103688" Y="67011" Z="0"/>
					<Vertex X="103707" Y="67050" Z="0"/>
					<Vertex X="103767" Y="67110" Z="0"/>
					<Vertex X="103846" Y="67169" Z="0"/>
					<Vertex X="103906" Y="67169" Z="0"/>
					<Vertex X="103985" Y="67229" Z="0"/>
					<Vertex X="104044" Y="67229" Z="0"/>
					<Vertex X="104104" Y="67268" Z="0"/>
					<Vertex X="104243" Y="67288" Z="0"/>
					<Vertex X="104342" Y="67288" Z="0"/>
					<Vertex X="104461" Y="67308" Z="0"/>
					<Vertex X="104580" Y="67308" Z="0"/>
					<Vertex X="104718" Y="67348" Z="0"/>
					<Vertex X="104877" Y="67387" Z="0"/>
					<Vertex X="104976" Y="67387" Z="0"/>
					<Vertex X="105115" Y="67407" Z="0"/>
					<Vertex X="105214" Y="67447" Z="0"/>
					<Vertex X="105373" Y="67467" Z="0"/>
					<Vertex X="105472" Y="67487" Z="0"/>
					<Vertex X="105630" Y="67487" Z="0"/>
					<Vertex X="105749" Y="67526" Z="0"/>
					<Vertex X="105829" Y="67526" Z="0"/>
					<Vertex X="105987" Y="67526" Z="0"/>
					<Vertex X="106106" Y="67526" Z="0"/>
					<Vertex X="106245" Y="67467" Z="0"/>
					<Vertex X="106364" Y="67447" Z="0"/>
					<Vertex X="106523" Y="67387" Z="0"/>
					<Vertex X="106642" Y="67348" Z="0"/>
					<Vertex X="106840" Y="67308" Z="0"/>
					<Vertex X="106959" Y="67268" Z="0"/>
					<Vertex X="107137" Y="67229" Z="0"/>
					<Vertex X="107236" Y="67229" Z="0"/>
					<Vertex X="107276" Y="67268" Z="0"/>
					<Vertex X="107375" Y="67288" Z="0"/>
					<Vertex X="107454" Y="67348" Z="0"/>
					<Vertex X="107514" Y="67387" Z="0"/>
					<Vertex X="107613" Y="67447" Z="0"/>
					<Vertex X="107672" Y="67487" Z="0"/>
					<Vertex X="107791" Y="67526" Z="0"/>
					<Vertex X="107891" Y="67526" Z="0"/>
					<Vertex X="108049" Y="67526" Z="0"/>
					<Vertex X="108188" Y="67546" Z="0"/>
					<Vertex X="108267" Y="67546" Z="0"/>
					<Vertex X="108426" Y="67526" Z="0"/>
					<Vertex X="108565" Y="67526" Z="0"/>
					<Vertex X="108664" Y="67487" Z="0"/>
					<Vertex X="108743" Y="67467" Z="0"/>
					<Vertex X="108842" Y="67407" Z="0"/>
					<Vertex X="108882" Y="67348" Z="0"/>
					<Vertex X="108961" Y="67288" Z="0"/>
					<Vertex X="108961" Y="67229" Z="0"/>
					<Vertex X="108981" Y="67169" Z="0"/>
					<Vertex X="108981" Y="67070" Z="0"/>
					<Vertex X="108981" Y="67011" Z="0"/>
					<Vertex X="108981" Y="66892" Z="0"/>
					<Vertex X="108961" Y="66812" Z="0"/>
					<Vertex X="108921" Y="66753" Z="0"/>
					<Vertex X="108882" Y="66594" Z="0"/>
					<Vertex X="108862" Y="66535" Z="0"/>
					<Vertex X="108842" Y="66396" Z="0"/>
					<Vertex X="108783" Y="66297" Z="0"/>
					<Vertex X="108723" Y="66218" Z="0"/>
					<Vertex X="108525" Y="66079" Z="0"/>
					<Vertex X="108426" Y="65980" Z="0"/>
					<Vertex X="108267" Y="65861" Z="0"/>
					<Vertex X="108148" Y="65801" Z="0"/>
					<Vertex X="107930" Y="65702" Z="0"/>
					<Vertex X="107811" Y="65623" Z="0"/>
					<Vertex X="107672" Y="65563" Z="0"/>
					<Vertex X="107454" Y="65484" Z="0"/>
					<Vertex X="107316" Y="65405" Z="0"/>
					<Vertex X="107117" Y="65326" Z="0"/>
					<Vertex X="106979" Y="65266" Z="0"/>
					<Vertex X="106840" Y="65207" Z="0"/>
					<Vertex X="106661" Y="65088" Z="0"/>
					<Vertex X="106483" Y="64989" Z="0"/>
					<Vertex X="106384" Y="64909" Z="0"/>
					<Vertex X="106245" Y="64790" Z="0"/>
					<Vertex X="106126" Y="64691" Z="0"/>
					<Vertex X="106007" Y="64572" Z="0"/>
					<Vertex X="105908" Y="64513" Z="0"/>
					<Vertex X="105789" Y="64394" Z="0"/>
					<Vertex X="105749" Y="64334" Z="0"/>
					<Vertex X="105690" Y="64195" Z="0"/>
					<Vertex X="105650" Y="64136" Z="0"/>
					<Vertex X="105650" Y="64037" Z="0"/>
					<Vertex X="105630" Y="63958" Z="0"/>
					<Vertex X="105591" Y="63898" Z="0"/>
					<Vertex X="105591" Y="63799" Z="0"/>
					<Vertex X="105591" Y="63779" Z="0"/>
					<Vertex X="105591" Y="63720" Z="0"/>
					<Vertex X="105591" Y="63680" Z="0"/>
					<Vertex X="105591" Y="63660" Z="0"/>
					<Vertex X="105591" Y="63621" Z="0"/>
					<Vertex X="105571" Y="63601" Z="0"/>
					<Vertex X="105571" Y="63561" Z="0"/>
					<Vertex X="105531" Y="63541" Z="0"/>
					<Vertex X="105531" Y="63521" Z="0"/>
					<Vertex X="105511" Y="63482" Z="0"/>
					<Vertex X="105472" Y="63442" Z="0"/>
					<Vertex X="105452" Y="63422" Z="0"/>
					<Vertex X="105452" Y="63402" Z="0"/>
					<Vertex X="105373" Y="63402" Z="0"/>
					<Vertex X="105353" Y="63363" Z="0"/>
					<Vertex X="105313" Y="63323" Z="0"/>
					<Vertex X="105254" Y="63303" Z="0"/>
					<Vertex X="105234" Y="63264" Z="0"/>
					<Vertex X="105174" Y="63244" Z="0"/>
					<Vertex X="105155" Y="63224" Z="0"/>
					<Vertex X="105095" Y="63184" Z="0"/>
					<Vertex X="104996" Y="63125" Z="0"/>
					<Vertex X="104877" Y="63065" Z="0"/>
					<Vertex X="104818" Y="63026" Z="0"/>
					<Vertex X="104699" Y="62966" Z="0"/>
					<Vertex X="104639" Y="62927" Z="0"/>
					<Vertex X="104560" Y="62887" Z="0"/>
					<Vertex X="104461" Y="62828" Z="0"/>
					<Vertex X="104381" Y="62808" Z="0"/>
					<Vertex X="104243" Y="62768" Z="0"/>
					<Vertex X="104183" Y="62728" Z="0"/>
					<Vertex X="104104" Y="62709" Z="0"/>
					<Vertex X="104025" Y="62689" Z="0"/>
					<Vertex X="103965" Y="62649" Z="0"/>
					<Vertex X="103906" Y="62649" Z="0"/>
					<Vertex X="103767" Y="62629" Z="0"/>
					<Vertex X="103688" Y="62629" Z="0"/>
					<Vertex X="103569" Y="62590" Z="0"/>
					<Vertex X="103469" Y="62550" Z="0"/>
					<Vertex X="103351" Y="62550" Z="0"/>
					<Vertex X="103271" Y="62550" Z="0"/>
					<Vertex X="103172" Y="62530" Z="0"/>
					<Vertex X="103053" Y="62530" Z="0"/>
					<Vertex X="102934" Y="62530" Z="0"/>
					<Vertex X="102855" Y="62530" Z="0"/>
					<Vertex X="102736" Y="62530" Z="0"/>
					<Vertex X="102676" Y="62530" Z="0"/>
					<Vertex X="102557" Y="62550" Z="0"/>
					<Vertex X="102498" Y="62590" Z="0"/>
					<Vertex X="102379" Y="62609" Z="0"/>
					<Vertex X="102320" Y="62649" Z="0"/>
					<Vertex X="102260" Y="62709" Z="0"/>
					<Vertex X="102201" Y="62728" Z="0"/>
					<Vertex X="102082" Y="62788" Z="0"/>
					<Vertex X="102042" Y="62847" Z="0"/>
					<Vertex X="101983" Y="62907" Z="0"/>
					<Vertex X="101903" Y="63006" Z="0"/>
					<Vertex X="101804" Y="63085" Z="0"/>
					<Vertex X="101745" Y="63184" Z="0"/>
					<Vertex X="101665" Y="63244" Z="0"/>
					<Vertex X="101606" Y="63323" Z="0"/>
					<Vertex X="101546" Y="63383" Z="0"/>
					<Vertex X="101487" Y="63482" Z="0"/>
					<Vertex X="101427" Y="63541" Z="0"/>
					<Vertex X="101368" Y="63660" Z="0"/>
					<Vertex X="101328" Y="63720" Z="0"/>
					<Vertex X="101308" Y="63799" Z="0"/>
					<Vertex X="101249" Y="63918" Z="0"/>
					<Vertex X="101209" Y="63997" Z="0"/>
					<Vertex X="101190" Y="64077" Z="0"/>
					<Vertex X="101150" Y="64156" Z="0"/>
					<Vertex X="101130" Y="64255" Z="0"/>
					<Vertex X="101130" Y="64334" Z="0"/>
					<Vertex X="101110" Y="64433" Z="0"/>
					<Vertex X="101110" Y="64493" Z="0"/>
					<Vertex X="101110" Y="64513" Z="0"/>
					<Vertex X="101110" Y="64612" Z="0"/>
					<Vertex X="101130" Y="64671" Z="0"/>
					<Vertex X="101130" Y="64751" Z="0"/>
					<Vertex X="101130" Y="64810" Z="0"/>
					<Vertex X="101130" Y="64889" Z="0"/>
					<Vertex X="101130" Y="64969" Z="0"/>
					<Vertex X="101130" Y="65028" Z="0"/>
					<Vertex X="101150" Y="65107" Z="0"/>
					<Vertex X="101150" Y="65187" Z="0"/>
					<Vertex X="101209" Y="65266" Z="0"/>
					<Vertex X="101209" Y="65286" Z="0"/>
					<Vertex X="101249" Y="65345" Z="0"/>
					<Vertex X="101308" Y="65405" Z="0"/>
					<Vertex X="101328" Y="65444" Z="0"/>
					<Vertex X="101427" Y="65504" Z="0"/>
					<Vertex X="101447" Y="65524" Z="0"/>
					<Vertex X="101546" Y="65583" Z="0"/>
					<Vertex X="101606" Y="65623" Z="0"/>
					<Vertex X="101665" Y="65643" Z="0"/>
					<Vertex X="101745" Y="65702" Z="0"/>
					<Vertex X="101844" Y="65742" Z="0"/>
					<Vertex X="101903" Y="65742" Z="0"/>
					<Vertex X="101963" Y="65782" Z="0"/>
					<Vertex X="102062" Y="65801" Z="0"/>
					<Vertex X="102141" Y="65801" Z="0"/>
					<Vertex X="102201" Y="65841" Z="0"/>
					<Vertex X="102300" Y="65861" Z="0"/>
					<Vertex X="102359" Y="65861" Z="0"/>
					<Vertex X="102439" Y="65881" Z="0"/>
					<Vertex X="102498" Y="65881" Z="0"/>
					<Vertex X="102557" Y="65920" Z="0"/>
					<Vertex X="102617" Y="65920" Z="0"/>
					<Vertex X="102676" Y="65940" Z="0"/>
					<Vertex X="102736" Y="65940" Z="0"/>
					<Vertex X="102795" Y="65940" Z="0"/>
					<Vertex X="102835" Y="65940" Z="0"/>
					<Vertex X="102895" Y="65940" Z="0"/>
					<Vertex X="102914" Y="65940" Z="0"/>
					<Vertex X="102934" Y="65940" Z="0"/>
					<Vertex X="102974" Y="65940" Z="0"/>
					<Vertex X="103033" Y="65940" Z="0"/>
					<Vertex X="103093" Y="65940" Z="0"/>
					<Vertex X="103152" Y="65940" Z="0"/>
					<Vertex X="103172" Y="65940" Z="0"/>
					<Vertex X="103212" Y="65920" Z="0"/>
				</Vertices>
			</Region>
		</Regions>
		<Plots/>
	</Annotation>
</Annotations>
