WSI_ID,MSI-H Prediction
training_data_01,1
training_data_02,0
training_data_03,0
training_data_04,0
training_data_05,1
training_data_06,1
training_data_07,0
training_data_08,0
training_data_09,0
training_data_10,0
training_data_11,0
training_data_12,1
training_data_13,0
training_data_14,0
training_data_15,0
training_data_16,0
training_data_17,0
training_data_18,0
training_data_19,0
training_data_20,1
training_data_21,0
training_data_22,0
training_data_23,0
training_data_24,1
training_data_25,0
training_data_26,0
training_data_27,0
training_data_28,0
training_data_29,0
training_data_30,1
training_data_31,0
training_data_32,1
training_data_33,0
training_data_34,1
training_data_35,0
training_data_36,0
training_data_37,0
training_data_38,0
training_data_39,0
training_data_40,0
training_data_41,0
training_data_42,1
training_data_43,0
training_data_44,1
training_data_45,0
training_data_46,0
training_data_47,1
